{
  "name": "Barracks and Storage [20x19]",
  "navigation": false,
  "navOrder": 0,
  "navName": "",
  "background": {
    "src": "fa_battlemaps/Maps/2022/December/fa_wec-barracks-and-storage/Maps/BarracksandStorageBG.webp",
    "scaleX": 1,
    "scaleY": 1,
    "offsetX": 0,
    "offsetY": 0,
    "rotation": 0,
    "tint": "#ffffff",
    "anchorX": 0,
    "anchorY": 0,
    "fit": "fill",
    "alphaThreshold": 0
  },
  "foreground": "fa_battlemaps/Maps/2022/December/fa_wec-barracks-and-storage/Maps/BarracksandStorageFG.webp",
  "foregroundElevation": 20,
  "thumb": "modules/fa-battlemaps/assets/scenes/njEdXuuzvYzbAfoh-thumb.webp",
  "width": 2000,
  "height": 1900,
  "padding": 0.25,
  "initial": {
    "x": null,
    "y": null,
    "scale": null
  },
  "backgroundColor": "#000000",
  "grid": {
    "type": 1,
    "size": 100,
    "color": "#000000",
    "alpha": 0.2,
    "distance": 5,
    "units": "ft",
    "style": "solidLines",
    "thickness": 1
  },
  "tokenVision": true,
  "drawings": [],
  "tokens": [],
  "lights": [
    {
      "x": 900,
      "y": 1300,
      "rotation": 0,
      "walls": true,
      "vision": false,
      "config": {
        "alpha": 0.5,
        "angle": 360,
        "bright": 19.39,
        "color": "#ff9500",
        "coloration": 1,
        "dim": 38.79,
        "attenuation": 0.5,
        "luminosity": 0.5,
        "saturation": 0,
        "contrast": 0,
        "shadows": 0,
        "animation": {
          "type": "torch",
          "speed": 4,
          "intensity": 3,
          "reverse": false
        },
        "darkness": {
          "min": 0,
          "max": 1
        },
        "negative": false,
        "priority": 0
      },
      "hidden": false,
      "flags": {
        "tagger": {
          "tags": [
            "clight"
          ]
        }
      },
      "_id": "DNYBOguUwsoRTExM",
      "elevation": 0,
      "_key": "!scenes.lights!njEdXuuzvYzbAfoh.DNYBOguUwsoRTExM"
    }
  ],
  "notes": [],
  "sounds": [
    {
      "path": "fa_battlemaps/Audio/fire-loop.ogg",
      "x": 900,
      "y": 1300,
      "radius": 30,
      "easing": true,
      "walls": true,
      "volume": 0.5,
      "darkness": {
        "min": 0,
        "max": 1
      },
      "flags": {
        "tagger": {
          "tags": [
            "clight"
          ]
        }
      },
      "repeat": false,
      "hidden": false,
      "_id": "zN1RzXkbmG4SsYUw",
      "elevation": 0,
      "effects": {
        "base": {
          "intensity": 5
        },
        "muffled": {
          "intensity": 5
        }
      },
      "_key": "!scenes.sounds!njEdXuuzvYzbAfoh.zN1RzXkbmG4SsYUw"
    },
    {
      "path": "fa_battlemaps/Audio/CaveAmbience.ogg",
      "x": 1500,
      "y": 1300,
      "radius": 73.85,
      "easing": false,
      "walls": false,
      "volume": 0.3,
      "darkness": {
        "min": 0,
        "max": 1
      },
      "flags": {
        "tagger": {
          "tags": ""
        }
      },
      "_id": "enhlS0Tr4R2jTji1",
      "repeat": false,
      "hidden": false,
      "elevation": 0,
      "effects": {
        "base": {
          "intensity": 5
        },
        "muffled": {
          "intensity": 5
        }
      },
      "_key": "!scenes.sounds!njEdXuuzvYzbAfoh.enhlS0Tr4R2jTji1"
    }
  ],
  "templates": [],
  "tiles": [
    {
      "texture": {
        "src": "fa_battlemaps/Maps/2022/December/fa_wec-barracks-and-storage/Tiles/SouthBarracksLight.webp",
        "scaleX": 1,
        "scaleY": 1,
        "offsetX": 0,
        "offsetY": 0,
        "rotation": 0,
        "tint": "#ffffff",
        "anchorX": 0.5,
        "anchorY": 0.5,
        "fit": "fill",
        "alphaThreshold": 0.75
      },
      "x": 600,
      "y": 600,
      "width": 600,
      "height": 1200,
      "_id": "AP47Msz9qeRwafRs",
      "rotation": 0,
      "alpha": 1,
      "hidden": false,
      "locked": false,
      "occlusion": {
        "mode": 0,
        "alpha": 1
      },
      "video": {
        "loop": true,
        "autoplay": true,
        "volume": 0
      },
      "flags": {
        "monks-active-tiles": {
          "name": "",
          "active": false,
          "record": false,
          "restriction": "all",
          "controlled": "all",
          "trigger": [
            ""
          ],
          "allowpaused": false,
          "usealpha": false,
          "pointer": false,
          "vision": false,
          "pertoken": false,
          "minrequired": 0,
          "cooldown": null,
          "chance": 50,
          "fileindex": -1,
          "actions": [],
          "files": []
        },
        "tagger": {
          "tags": [
            "ltile"
          ]
        }
      },
      "sort": 3,
      "restrictions": {
        "light": false,
        "weather": false
      },
      "elevation": 0,
      "_key": "!scenes.tiles!njEdXuuzvYzbAfoh.AP47Msz9qeRwafRs"
    },
    {
      "texture": {
        "src": "fa_battlemaps/Maps/2022/December/fa_wec-barracks-and-storage/Tiles/BarracksDoorNorth.webp",
        "scaleX": 1,
        "scaleY": 1,
        "offsetX": 0,
        "offsetY": 0,
        "rotation": 0,
        "tint": "#ffffff",
        "anchorX": 0.5,
        "anchorY": 0.5,
        "fit": "fill",
        "alphaThreshold": 0.75
      },
      "width": 300,
      "height": 300,
      "_id": "IvrI6LzqKWQ1zdHj",
      "rotation": 0,
      "alpha": 0,
      "hidden": false,
      "locked": true,
      "occlusion": {
        "mode": 0,
        "alpha": 1
      },
      "video": {
        "loop": true,
        "autoplay": true,
        "volume": 0
      },
      "flags": {
        "tagger": {
          "tags": [
            "SouthBarracksNorthDoor"
          ]
        },
        "monks-active-tiles": {
          "active": true,
          "record": false,
          "restriction": "all",
          "controlled": "all",
          "trigger": [
            "manual"
          ],
          "allowpaused": false,
          "usealpha": false,
          "pointer": false,
          "pertoken": false,
          "minrequired": 0,
          "chance": 100,
          "fileindex": 0,
          "actions": [
            {
              "action": "alter",
              "data": {
                "entity": {
                  "id": "tagger:southbarracksdoortopwall",
                  "match": "all",
                  "scene": "_active",
                  "name": "<i class=\"fas fa-tag fa-sm\"></i> southbarracksdoortopwall"
                },
                "attribute": "move",
                "value": "={{entity.move}} == 0 ? 20 : 0",
                "chatMessage": false,
                "rollmode": "roll"
              },
              "id": "fR5ZgcnkuSljF1em"
            },
            {
              "action": "alter",
              "data": {
                "entity": {
                  "id": "tagger:southbarracksdoortopwall",
                  "match": "all",
                  "scene": "_active",
                  "name": "<i class=\"fas fa-tag fa-sm\"></i> southbarracksdoortopwall"
                },
                "attribute": "sight",
                "value": "={{entity.sight}} == 0 ? 20 : 0",
                "chatMessage": false,
                "rollmode": "roll"
              },
              "id": "h1h6k9Fj0nbnGRaQ"
            },
            {
              "action": "alter",
              "data": {
                "entity": {
                  "id": "tagger:southbarracksdoortopwall",
                  "match": "all",
                  "scene": "_active",
                  "name": "<i class=\"fas fa-tag fa-sm\"></i> southbarracksdoortopwall"
                },
                "attribute": "light",
                "value": "={{entity.light}} == 0 ? 20 : 0",
                "chatMessage": false,
                "rollmode": "roll"
              },
              "id": "aX9ji9QNrrnGNLgd"
            },
            {
              "action": "alter",
              "data": {
                "entity": {
                  "id": "tile",
                  "name": "This Tile"
                },
                "attribute": "alpha",
                "value": "={{entity.alpha}} == 0 ? 1 : 0",
                "chatMessage": false,
                "rollmode": "roll"
              },
              "id": "TUlNypuhzyxmC0Y3"
            }
          ],
          "files": [],
          "name": "",
          "vision": false,
          "cooldown": null
        }
      },
      "x": 500,
      "y": 900,
      "sort": 6,
      "restrictions": {
        "light": false,
        "weather": false
      },
      "elevation": 0,
      "_key": "!scenes.tiles!njEdXuuzvYzbAfoh.IvrI6LzqKWQ1zdHj"
    },
    {
      "texture": {
        "src": "fa_battlemaps/Maps/2022/December/fa_waveechocave/Tiles/StorageDoor.webp",
        "scaleX": 1,
        "scaleY": 1,
        "offsetX": 0,
        "offsetY": 0,
        "rotation": 0,
        "tint": "#ffffff",
        "anchorX": 0.5,
        "anchorY": 0.5,
        "fit": "fill",
        "alphaThreshold": 0.75
      },
      "width": 300,
      "height": 300,
      "_id": "8JaooESyhgt7IOlG",
      "rotation": 0,
      "alpha": 1,
      "hidden": false,
      "locked": true,
      "occlusion": {
        "mode": 0,
        "alpha": 1
      },
      "video": {
        "loop": true,
        "autoplay": true,
        "volume": 0
      },
      "flags": {
        "tagger": {
          "tags": ""
        },
        "monks-active-tiles": {
          "active": true,
          "record": false,
          "restriction": "all",
          "controlled": "all",
          "trigger": [
            "manual"
          ],
          "allowpaused": false,
          "usealpha": false,
          "pointer": false,
          "pertoken": false,
          "minrequired": 0,
          "chance": 100,
          "fileindex": 0,
          "actions": [
            {
              "action": "alter",
              "data": {
                "entity": {
                  "id": "tagger:storagedoorwall",
                  "match": "all",
                  "scene": "_active",
                  "name": "<i class=\"fas fa-tag fa-sm\"></i> storagedoorwall"
                },
                "attribute": "move",
                "value": "={{entity.move}} == 0 ? 20 : 0",
                "chatMessage": false,
                "rollmode": "roll"
              },
              "id": "d8Cbl8Fmbd0SzKwP"
            },
            {
              "action": "alter",
              "data": {
                "entity": {
                  "id": "tagger:storagedoorwall",
                  "match": "all",
                  "scene": "_active",
                  "name": "<i class=\"fas fa-tag fa-sm\"></i> storagedoorwall"
                },
                "attribute": "sight",
                "value": "={{entity.sight}} == 0 ? 20 : 0",
                "chatMessage": false,
                "rollmode": "roll"
              },
              "id": "95ziJKzdu28dtxkq"
            },
            {
              "action": "alter",
              "data": {
                "entity": {
                  "id": "tagger:storagedoorwall",
                  "match": "all",
                  "scene": "_active",
                  "name": "<i class=\"fas fa-tag fa-sm\"></i> storagedoorwall"
                },
                "attribute": "light",
                "value": "={{entity.light}} == 0 ? 20 : 0",
                "chatMessage": false,
                "rollmode": "roll"
              },
              "id": "9vYbxe7Yq8sicNwx"
            },
            {
              "action": "alter",
              "data": {
                "entity": {
                  "id": "tile",
                  "name": "This Tile"
                },
                "attribute": "alpha",
                "value": "={{entity.alpha}} == 0 ? 1 : 0",
                "chatMessage": false,
                "rollmode": "roll"
              },
              "id": "5snOc3gJ5JKlTXtj"
            }
          ],
          "files": [
            {
              "id": "v0xHM2ausgji0epU",
              "name": "fa_battlemaps/Maps/2022/December/fa_waveechocave/Tiles/StorageDoor.webp",
              "selected": true
            }
          ]
        }
      },
      "x": 1900,
      "y": 1000,
      "sort": 5,
      "restrictions": {
        "light": false,
        "weather": false
      },
      "elevation": 0,
      "_key": "!scenes.tiles!njEdXuuzvYzbAfoh.8JaooESyhgt7IOlG"
    },
    {
      "texture": {
        "src": "fa_battlemaps/Maps/2022/December/fa_waveechocave/Tiles/BarracksDoorSouth.webp",
        "scaleX": 1,
        "scaleY": 1,
        "offsetX": 0,
        "offsetY": 0,
        "rotation": 0,
        "tint": "#ffffff",
        "anchorX": 0.5,
        "anchorY": 0.5,
        "fit": "fill",
        "alphaThreshold": 0.75
      },
      "width": 300,
      "height": 300,
      "_id": "faVF3kKDYMQaBoF4",
      "rotation": 0,
      "alpha": 0,
      "hidden": false,
      "locked": true,
      "occlusion": {
        "mode": 0,
        "alpha": 1
      },
      "video": {
        "loop": true,
        "autoplay": true,
        "volume": 0
      },
      "flags": {
        "tagger": {
          "tags": [
            "SouthBarracksSouthDoor"
          ]
        },
        "monks-active-tiles": {
          "active": true,
          "record": false,
          "restriction": "all",
          "controlled": "all",
          "trigger": [
            "",
            "manual"
          ],
          "allowpaused": false,
          "usealpha": false,
          "pointer": false,
          "pertoken": false,
          "minrequired": 0,
          "chance": 100,
          "fileindex": 0,
          "actions": [
            {
              "action": "alter",
              "data": {
                "entity": {
                  "id": "tagger:southbarracksbottomdoorwall",
                  "match": "all",
                  "scene": "_active",
                  "name": "<i class=\"fas fa-tag fa-sm\"></i> southbarracksbottomdoorwall"
                },
                "attribute": "move",
                "value": "={{entity.move}} == 0 ? 20 : 0",
                "chatMessage": false,
                "rollmode": "roll"
              },
              "id": "xS1YO4getcX9mOfW"
            },
            {
              "action": "alter",
              "data": {
                "entity": {
                  "id": "tagger:southbarracksbottomdoorwall",
                  "match": "all",
                  "scene": "_active",
                  "name": "<i class=\"fas fa-tag fa-sm\"></i> southbarracksbottomdoorwall"
                },
                "attribute": "sight",
                "value": "={{entity.sight}} == 0 ? 20 : 0",
                "chatMessage": false,
                "rollmode": "roll"
              },
              "id": "WtwGHZgole4GB1a8"
            },
            {
              "action": "alter",
              "data": {
                "entity": {
                  "id": "tagger:southbarracksbottomdoorwall",
                  "match": "all",
                  "scene": "_active",
                  "name": "<i class=\"fas fa-tag fa-sm\"></i> southbarracksbottomdoorwall"
                },
                "attribute": "light",
                "value": "={{entity.light}} == 0 ? 20 : 0",
                "chatMessage": false,
                "rollmode": "roll"
              },
              "id": "AqsuKaRMZe2urJLS"
            },
            {
              "action": "alter",
              "data": {
                "entity": {
                  "id": "tile",
                  "name": "This Tile"
                },
                "attribute": "alpha",
                "value": "={{entity.alpha}} == 0 ? 1 : 0",
                "chatMessage": false,
                "rollmode": "roll"
              },
              "id": "6ZWV3beFnzoomwmr"
            }
          ],
          "files": [
            {
              "id": "aikmYehoavnhW5M6",
              "name": "fa_battlemaps/Maps/2022/December/fa_waveechocave/Tiles/BarracksDoorSouth.webp",
              "selected": true
            }
          ]
        }
      },
      "x": 800,
      "y": 1600,
      "sort": 4,
      "restrictions": {
        "light": false,
        "weather": false
      },
      "elevation": 0,
      "_key": "!scenes.tiles!njEdXuuzvYzbAfoh.faVF3kKDYMQaBoF4"
    },
    {
      "texture": {
        "src": "modules/fa-battlemaps/images/Transparent.webp",
        "scaleX": 1,
        "scaleY": 1,
        "offsetX": 0,
        "offsetY": 0,
        "rotation": 0,
        "tint": "#ffffff",
        "anchorX": 0.5,
        "anchorY": 0.5,
        "fit": "fill",
        "alphaThreshold": 0.75
      },
      "width": 50,
      "height": 50,
      "_id": "lyysq29AfVJrVAih",
      "rotation": 0,
      "alpha": 1,
      "hidden": false,
      "locked": false,
      "occlusion": {
        "mode": 1,
        "alpha": 1
      },
      "video": {
        "loop": true,
        "autoplay": true,
        "volume": 0
      },
      "flags": {
        "tagger": {
          "tags": [
            "lighttrigger"
          ]
        },
        "monks-active-tiles": {
          "active": true,
          "record": false,
          "restriction": "all",
          "controlled": "gm",
          "trigger": [
            "",
            "dblclick"
          ],
          "allowpaused": false,
          "usealpha": false,
          "pointer": true,
          "pertoken": false,
          "minrequired": 0,
          "chance": 100,
          "fileindex": 0,
          "actions": [
            {
              "action": "playsound",
              "data": {
                "audiofile": "fa_battlemaps/Audio/flameblowout.ogg",
                "audiofor": "all",
                "volume": 0.2,
                "loop": false,
                "fade": 0.25,
                "scenerestrict": false,
                "prevent": true
              },
              "id": "V0OsQOAmewIUDAnP"
            },
            {
              "action": "activate",
              "data": {
                "entity": {
                  "id": "tagger:clight",
                  "match": "all",
                  "scene": "_active",
                  "name": "<i class=\"fas fa-tag fa-sm\"></i> clight"
                },
                "activate": "toggle"
              },
              "id": "EyUPmYYGhm2NX4sR"
            },
            {
              "action": "alter",
              "data": {
                "entity": {
                  "id": "tagger:ltile",
                  "match": "all",
                  "scene": "_active",
                  "name": "<i class=\"fas fa-tag fa-sm\"></i> ltile"
                },
                "attribute": "alpha",
                "value": "={{entity.alpha}} == 0 ? 1 : 0",
                "chatMessage": false,
                "rollmode": "roll",
                "collection": "tokens"
              },
              "id": "GYa1CEqjAEo8mz36"
            },
            {
              "action": "alter",
              "data": {
                "entity": {
                  "id": "tagger:animation",
                  "match": "all",
                  "scene": "_active",
                  "name": "<i class=\"fas fa-tag fa-sm\"></i> animation"
                },
                "attribute": "alpha",
                "value": "={{entity.alpha}} == 0 ? 1 : 0",
                "chatMessage": false,
                "rollmode": "roll",
                "collection": "tokens"
              },
              "id": "gAS6QK1YfSm5mZ4K"
            }
          ],
          "files": [],
          "name": "",
          "vision": false,
          "cooldown": null
        }
      },
      "x": 874,
      "y": 1275,
      "elevation": 20,
      "sort": 103,
      "restrictions": {
        "light": false,
        "weather": false
      },
      "_key": "!scenes.tiles!njEdXuuzvYzbAfoh.lyysq29AfVJrVAih"
    },
    {
      "texture": {
        "src": "modules/fa-battlemaps/images/Swing_Indicator_A1_White_1x1.png",
        "scaleX": -1,
        "scaleY": 1,
        "offsetX": 0,
        "offsetY": 0,
        "rotation": 0,
        "tint": "#ffffff",
        "anchorX": 0.5,
        "anchorY": 0.5,
        "fit": "fill",
        "alphaThreshold": 0.75
      },
      "x": 900,
      "y": 1700,
      "width": 100,
      "height": 100,
      "_id": "lmUqrMz3ecRIdoXB",
      "rotation": 180,
      "alpha": 1,
      "hidden": true,
      "locked": false,
      "occlusion": {
        "mode": 0,
        "alpha": 1
      },
      "video": {
        "loop": true,
        "autoplay": true,
        "volume": 0
      },
      "flags": {
        "tagger": {
          "tags": ""
        },
        "monks-active-tiles": {
          "active": true,
          "record": false,
          "restriction": "all",
          "controlled": "gm",
          "trigger": [
            "dblclick"
          ],
          "allowpaused": false,
          "usealpha": false,
          "pointer": false,
          "pertoken": false,
          "minrequired": 0,
          "chance": 100,
          "fileindex": -1,
          "actions": [],
          "files": []
        }
      },
      "sort": 9,
      "restrictions": {
        "light": false,
        "weather": false
      },
      "elevation": 0,
      "_key": "!scenes.tiles!njEdXuuzvYzbAfoh.lmUqrMz3ecRIdoXB"
    },
    {
      "texture": {
        "src": "modules/fa-battlemaps/images/Swing_Indicator_A1_White_1x1.png",
        "scaleX": -1,
        "scaleY": 1,
        "offsetX": 0,
        "offsetY": 0,
        "rotation": 0,
        "tint": "#ffffff",
        "anchorX": 0.5,
        "anchorY": 0.5,
        "fit": "fill",
        "alphaThreshold": 0.75
      },
      "x": 2000,
      "y": 1100,
      "width": 100,
      "height": 100,
      "rotation": 180,
      "alpha": 1,
      "hidden": true,
      "locked": false,
      "occlusion": {
        "mode": 0,
        "alpha": 1
      },
      "video": {
        "loop": true,
        "autoplay": true,
        "volume": 0
      },
      "flags": {
        "tagger": {
          "tags": ""
        },
        "monks-active-tiles": {
          "active": true,
          "record": false,
          "restriction": "all",
          "controlled": "gm",
          "trigger": [
            "dblclick"
          ],
          "allowpaused": false,
          "usealpha": false,
          "pointer": false,
          "pertoken": false,
          "minrequired": 0,
          "chance": 100,
          "fileindex": -1,
          "actions": [],
          "files": []
        }
      },
      "_id": "3F9C35NiE2d0HutD",
      "sort": 8,
      "restrictions": {
        "light": false,
        "weather": false
      },
      "elevation": 0,
      "_key": "!scenes.tiles!njEdXuuzvYzbAfoh.3F9C35NiE2d0HutD"
    },
    {
      "texture": {
        "src": "modules/fa-battlemaps/images/Swing_Indicator_A1_White_1x1.png",
        "scaleX": 1,
        "scaleY": 1,
        "offsetX": 0,
        "offsetY": 0,
        "rotation": 0,
        "tint": "#ffffff",
        "anchorX": 0.5,
        "anchorY": 0.5,
        "fit": "fill",
        "alphaThreshold": 0.75
      },
      "x": 600,
      "y": 1000,
      "width": 100,
      "height": 100,
      "rotation": 270,
      "alpha": 1,
      "hidden": true,
      "locked": true,
      "occlusion": {
        "mode": 0,
        "alpha": 1
      },
      "video": {
        "loop": true,
        "autoplay": true,
        "volume": 0
      },
      "flags": {
        "tagger": {},
        "monks-active-tiles": {
          "active": true,
          "record": false,
          "restriction": "all",
          "controlled": "gm",
          "trigger": [
            "dblclick"
          ],
          "allowpaused": false,
          "usealpha": false,
          "pointer": false,
          "pertoken": false,
          "minrequired": 0,
          "chance": 100,
          "fileindex": 0,
          "actions": [],
          "files": [],
          "name": "",
          "vision": false,
          "cooldown": null
        }
      },
      "_id": "Z4cCFTcZJiTA8UdH",
      "sort": 7,
      "restrictions": {
        "light": false,
        "weather": false
      },
      "elevation": 0,
      "_key": "!scenes.tiles!njEdXuuzvYzbAfoh.Z4cCFTcZJiTA8UdH"
    },
    {
      "texture": {
        "src": "modules/fa-battlemaps/images/SmallScroll.png",
        "scaleX": 1,
        "scaleY": 1,
        "offsetX": 0,
        "offsetY": 0,
        "rotation": 0,
        "tint": "#ffffff",
        "anchorX": 0.5,
        "anchorY": 0.5,
        "fit": "fill",
        "alphaThreshold": 0.75
      },
      "x": 2500,
      "y": 500,
      "width": 300,
      "height": 100,
      "_id": "cvMF8nIORvCEdgny",
      "rotation": 0,
      "alpha": 1,
      "hidden": false,
      "locked": false,
      "occlusion": {
        "mode": 0,
        "alpha": 1
      },
      "video": {
        "loop": true,
        "autoplay": true,
        "volume": 0
      },
      "flags": {},
      "sort": 1,
      "restrictions": {
        "light": false,
        "weather": false
      },
      "elevation": 0,
      "_key": "!scenes.tiles!njEdXuuzvYzbAfoh.cvMF8nIORvCEdgny"
    },
    {
      "texture": {
        "src": "modules/fa-battlemaps/images/AnimationsText.png",
        "scaleX": 1,
        "scaleY": 1,
        "offsetX": 0,
        "offsetY": 0,
        "rotation": 0,
        "tint": "#890101",
        "anchorX": 0.5,
        "anchorY": 0.5,
        "fit": "fill",
        "alphaThreshold": 0.75
      },
      "width": 300,
      "height": 50,
      "_id": "d9WZPzLpxmcAXWWE",
      "rotation": 0,
      "alpha": 1,
      "hidden": false,
      "locked": true,
      "occlusion": {
        "mode": 0,
        "alpha": 1
      },
      "video": {
        "loop": true,
        "autoplay": true,
        "volume": 0
      },
      "flags": {
        "tagger": {},
        "monks-active-tiles": {
          "active": true,
          "record": false,
          "restriction": "all",
          "controlled": "gm",
          "trigger": [
            "dblclick"
          ],
          "allowpaused": false,
          "usealpha": false,
          "pointer": true,
          "pertoken": false,
          "minrequired": 0,
          "chance": 100,
          "fileindex": 0,
          "actions": [
            {
              "action": "alter",
              "data": {
                "entity": {
                  "id": "tile",
                  "name": "This Tile"
                },
                "attribute": "texture.tint",
                "value": "='{{entity.texture.tint}}' == '#000000' ? '#890101' : '#000000'",
                "chatMessage": false,
                "rollmode": "roll"
              },
              "id": "fvLp0ljjW6MzvkyP"
            },
            {
              "action": "tileimage",
              "data": {
                "entity": {
                  "id": "tagger:animation",
                  "match": "all",
                  "scene": "_active",
                  "name": "<i class=\"fas fa-tag fa-sm\"></i> animation"
                },
                "select": "next",
                "transition": "none",
                "speed": 1,
                "loop": 1
              },
              "id": "E1mIlGeoHkKxFNyu"
            },
            {
              "action": "playanimation",
              "data": {
                "entity": {
                  "id": "tagger:animation",
                  "match": "all",
                  "scene": "_active",
                  "name": "<i class=\"fas fa-tag fa-sm\"></i> animation"
                },
                "play": "start",
                "animatefor": "all"
              },
              "id": "XCIeetk0uQ77qyxJ"
            }
          ],
          "files": [],
          "name": "",
          "vision": false,
          "cooldown": null
        }
      },
      "x": 2500,
      "y": 524,
      "sort": 2,
      "restrictions": {
        "light": false,
        "weather": false
      },
      "elevation": 0,
      "_key": "!scenes.tiles!njEdXuuzvYzbAfoh.d9WZPzLpxmcAXWWE"
    },
    {
      "texture": {
        "src": "modules/fa-battlemaps/images/Transparent.webp",
        "scaleX": 1,
        "scaleY": 1,
        "offsetX": 0,
        "offsetY": 0,
        "rotation": 0,
        "tint": "#ffffff",
        "anchorX": 0.5,
        "anchorY": 0.5,
        "fit": "fill",
        "alphaThreshold": 0.75
      },
      "width": 200,
      "height": 200,
      "_id": "TQs81mEeWvxWfy5E",
      "rotation": 0,
      "alpha": 1,
      "hidden": false,
      "locked": false,
      "occlusion": {
        "mode": 0,
        "alpha": 1
      },
      "video": {
        "loop": true,
        "autoplay": true,
        "volume": 0
      },
      "flags": {
        "tagger": {
          "tags": [
            "animation"
          ]
        },
        "monks-active-tiles": {
          "active": false,
          "record": false,
          "restriction": "all",
          "controlled": "gm",
          "trigger": [
            ""
          ],
          "allowpaused": false,
          "usealpha": false,
          "pointer": false,
          "pertoken": false,
          "minrequired": 0,
          "chance": 100,
          "fileindex": 1,
          "actions": [],
          "files": [
            {
              "id": "nIqJ557MxaDNkchm",
              "name": "fa_battlemaps/Animations/Fire_Brazier_A1_01.webm",
              "selected": false
            },
            {
              "id": "siydlVY8vsBHFjIl",
              "name": "modules/fa-battlemaps/images/Transparent.webp",
              "selected": false
            }
          ]
        }
      },
      "x": 804,
      "y": 1188,
      "sort": 10,
      "restrictions": {
        "light": false,
        "weather": false
      },
      "elevation": 0,
      "_key": "!scenes.tiles!njEdXuuzvYzbAfoh.TQs81mEeWvxWfy5E"
    }
  ],
  "walls": [
    {
      "_id": "8IPek0XBwbKDV2Ky",
      "c": [
        500,
        1956,
        713,
        1975
      ],
      "light": 20,
      "move": 20,
      "sight": 20,
      "sound": 20,
      "dir": 0,
      "door": 0,
      "ds": 0,
      "flags": {},
      "threshold": {
        "light": null,
        "sight": null,
        "sound": null,
        "attenuation": false
      },
      "_key": "!scenes.walls!njEdXuuzvYzbAfoh.8IPek0XBwbKDV2Ky"
    },
    {
      "_id": "g18jJ6uzUptw3XDh",
      "c": [
        500,
        2400,
        500,
        500
      ],
      "light": 20,
      "move": 20,
      "sight": 20,
      "sound": 20,
      "dir": 0,
      "door": 0,
      "ds": 0,
      "flags": {},
      "threshold": {
        "light": null,
        "sight": null,
        "sound": null,
        "attenuation": false
      },
      "_key": "!scenes.walls!njEdXuuzvYzbAfoh.g18jJ6uzUptw3XDh"
    },
    {
      "_id": "AQpiGGUzMZbP6Aai",
      "c": [
        500,
        500,
        2500,
        500
      ],
      "light": 20,
      "move": 20,
      "sight": 20,
      "sound": 20,
      "dir": 0,
      "door": 0,
      "ds": 0,
      "flags": {},
      "threshold": {
        "light": null,
        "sight": null,
        "sound": null,
        "attenuation": false
      },
      "_key": "!scenes.walls!njEdXuuzvYzbAfoh.AQpiGGUzMZbP6Aai"
    },
    {
      "_id": "uFua5v7WmtS1xOTC",
      "c": [
        2500,
        500,
        2500,
        2400
      ],
      "light": 20,
      "move": 20,
      "sight": 20,
      "sound": 20,
      "dir": 0,
      "door": 0,
      "ds": 0,
      "flags": {},
      "threshold": {
        "light": null,
        "sight": null,
        "sound": null,
        "attenuation": false
      },
      "_key": "!scenes.walls!njEdXuuzvYzbAfoh.uFua5v7WmtS1xOTC"
    },
    {
      "_id": "l3DcwOMpAzNUia7z",
      "c": [
        2500,
        2400,
        500,
        2400
      ],
      "light": 20,
      "move": 20,
      "sight": 20,
      "sound": 20,
      "dir": 0,
      "door": 0,
      "ds": 0,
      "flags": {},
      "threshold": {
        "light": null,
        "sight": null,
        "sound": null,
        "attenuation": false
      },
      "_key": "!scenes.walls!njEdXuuzvYzbAfoh.l3DcwOMpAzNUia7z"
    },
    {
      "_id": "KPNuYHfoYFJxTBgo",
      "c": [
        725,
        2400,
        719,
        2331
      ],
      "light": 20,
      "move": 20,
      "sight": 20,
      "sound": 20,
      "dir": 0,
      "door": 0,
      "ds": 0,
      "flags": {},
      "threshold": {
        "light": null,
        "sight": null,
        "sound": null,
        "attenuation": false
      },
      "_key": "!scenes.walls!njEdXuuzvYzbAfoh.KPNuYHfoYFJxTBgo"
    },
    {
      "_id": "PT5gwYdjGMkhWgtm",
      "c": [
        719,
        2331,
        763,
        2313
      ],
      "light": 20,
      "move": 20,
      "sight": 20,
      "sound": 20,
      "dir": 0,
      "door": 0,
      "ds": 0,
      "flags": {},
      "threshold": {
        "light": null,
        "sight": null,
        "sound": null,
        "attenuation": false
      },
      "_key": "!scenes.walls!njEdXuuzvYzbAfoh.PT5gwYdjGMkhWgtm"
    },
    {
      "_id": "36shSWZG2Us5oPNI",
      "c": [
        763,
        2313,
        769,
        2244
      ],
      "light": 20,
      "move": 20,
      "sight": 20,
      "sound": 20,
      "dir": 0,
      "door": 0,
      "ds": 0,
      "flags": {},
      "threshold": {
        "light": null,
        "sight": null,
        "sound": null,
        "attenuation": false
      },
      "_key": "!scenes.walls!njEdXuuzvYzbAfoh.36shSWZG2Us5oPNI"
    },
    {
      "_id": "gEBacI6wlLmaubAK",
      "c": [
        769,
        2244,
        675,
        2231
      ],
      "light": 20,
      "move": 20,
      "sight": 20,
      "sound": 20,
      "dir": 0,
      "door": 0,
      "ds": 0,
      "flags": {},
      "threshold": {
        "light": null,
        "sight": null,
        "sound": null,
        "attenuation": false
      },
      "_key": "!scenes.walls!njEdXuuzvYzbAfoh.gEBacI6wlLmaubAK"
    },
    {
      "_id": "xHqjmMwJoR5MH00d",
      "c": [
        675,
        2231,
        500,
        2238
      ],
      "light": 20,
      "move": 20,
      "sight": 20,
      "sound": 20,
      "dir": 0,
      "door": 0,
      "ds": 0,
      "flags": {},
      "threshold": {
        "light": null,
        "sight": null,
        "sound": null,
        "attenuation": false
      },
      "_key": "!scenes.walls!njEdXuuzvYzbAfoh.xHqjmMwJoR5MH00d"
    },
    {
      "_id": "nDS8qsPrnSjBM7Ud",
      "c": [
        713,
        1975,
        769,
        1963
      ],
      "light": 20,
      "move": 20,
      "sight": 20,
      "sound": 20,
      "dir": 0,
      "door": 0,
      "ds": 0,
      "flags": {},
      "threshold": {
        "light": null,
        "sight": null,
        "sound": null,
        "attenuation": false
      },
      "_key": "!scenes.walls!njEdXuuzvYzbAfoh.nDS8qsPrnSjBM7Ud"
    },
    {
      "_id": "7ofSoPwCFgjNCuXX",
      "c": [
        769,
        1963,
        775,
        1800
      ],
      "light": 20,
      "move": 20,
      "sight": 20,
      "sound": 20,
      "dir": 0,
      "door": 0,
      "ds": 0,
      "flags": {},
      "threshold": {
        "light": null,
        "sight": null,
        "sound": null,
        "attenuation": false
      },
      "_key": "!scenes.walls!njEdXuuzvYzbAfoh.7ofSoPwCFgjNCuXX"
    },
    {
      "_id": "rUxHhXC8gDJa2Uh2",
      "c": [
        775,
        1800,
        600,
        1800
      ],
      "light": 20,
      "move": 20,
      "sight": 20,
      "sound": 20,
      "dir": 0,
      "door": 0,
      "ds": 0,
      "flags": {},
      "threshold": {
        "light": null,
        "sight": null,
        "sound": null,
        "attenuation": false
      },
      "_key": "!scenes.walls!njEdXuuzvYzbAfoh.rUxHhXC8gDJa2Uh2"
    },
    {
      "_id": "HoT8WN6HinB5Id8U",
      "c": [
        600,
        1800,
        601,
        1094
      ],
      "light": 20,
      "move": 20,
      "sight": 20,
      "sound": 20,
      "dir": 0,
      "door": 0,
      "ds": 0,
      "flags": {},
      "threshold": {
        "light": null,
        "sight": null,
        "sound": null,
        "attenuation": false
      },
      "_key": "!scenes.walls!njEdXuuzvYzbAfoh.HoT8WN6HinB5Id8U"
    },
    {
      "_id": "HnGkCPbDbbmvUqCC",
      "c": [
        775,
        1800,
        900,
        1800
      ],
      "light": 20,
      "move": 20,
      "sight": 20,
      "sound": 20,
      "dir": 0,
      "door": 0,
      "ds": 0,
      "flags": {},
      "threshold": {
        "light": null,
        "sight": null,
        "sound": null,
        "attenuation": false
      },
      "_key": "!scenes.walls!njEdXuuzvYzbAfoh.HnGkCPbDbbmvUqCC"
    },
    {
      "_id": "K2Cuq275OmMMB67x",
      "c": [
        900,
        1800,
        1000,
        1800
      ],
      "light": 20,
      "move": 20,
      "sight": 20,
      "sound": 20,
      "dir": 0,
      "door": 1,
      "ds": 0,
      "flags": {
        "tagger": {
          "tags": ""
        },
        "monks-active-tiles": {
          "entity": {
            "id": "Scene.njEdXuuzvYzbAfoh.Tile.faVF3kKDYMQaBoF4",
            "name": "Tile: faVF3kKDYMQaBoF4"
          },
          "open": true,
          "close": true,
          "lock": false,
          "checklock": false,
          "secret": false
        }
      },
      "threshold": {
        "light": null,
        "sight": null,
        "sound": null,
        "attenuation": false
      },
      "doorSound": "stoneBasic",
      "_key": "!scenes.walls!njEdXuuzvYzbAfoh.K2Cuq275OmMMB67x"
    },
    {
      "_id": "NJ6tD293slECH1uC",
      "c": [
        1000,
        1800,
        1200,
        1800
      ],
      "light": 20,
      "move": 20,
      "sight": 20,
      "sound": 20,
      "dir": 0,
      "door": 0,
      "ds": 0,
      "flags": {},
      "threshold": {
        "light": null,
        "sight": null,
        "sound": null,
        "attenuation": false
      },
      "_key": "!scenes.walls!njEdXuuzvYzbAfoh.NJ6tD293slECH1uC"
    },
    {
      "_id": "VKNI6P9iV6pXBEZd",
      "c": [
        1200,
        1800,
        1206,
        806
      ],
      "light": 20,
      "move": 20,
      "sight": 20,
      "sound": 20,
      "dir": 0,
      "door": 0,
      "ds": 0,
      "flags": {},
      "threshold": {
        "light": null,
        "sight": null,
        "sound": null,
        "attenuation": false
      },
      "_key": "!scenes.walls!njEdXuuzvYzbAfoh.VKNI6P9iV6pXBEZd"
    },
    {
      "_id": "TCyLahw8vQCIMq4b",
      "c": [
        1206,
        806,
        800,
        800
      ],
      "light": 20,
      "move": 20,
      "sight": 20,
      "sound": 20,
      "dir": 0,
      "door": 0,
      "ds": 0,
      "flags": {},
      "threshold": {
        "light": null,
        "sight": null,
        "sound": null,
        "attenuation": false
      },
      "_key": "!scenes.walls!njEdXuuzvYzbAfoh.TCyLahw8vQCIMq4b"
    },
    {
      "_id": "FguXz0GQWWwhIKP1",
      "c": [
        800,
        800,
        800,
        600
      ],
      "light": 20,
      "move": 20,
      "sight": 20,
      "sound": 20,
      "dir": 0,
      "door": 0,
      "ds": 0,
      "flags": {},
      "threshold": {
        "light": null,
        "sight": null,
        "sound": null,
        "attenuation": false
      },
      "_key": "!scenes.walls!njEdXuuzvYzbAfoh.FguXz0GQWWwhIKP1"
    },
    {
      "_id": "LUwcjuE8oTMtt0fR",
      "c": [
        800,
        600,
        600,
        594
      ],
      "light": 20,
      "move": 20,
      "sight": 20,
      "sound": 20,
      "dir": 0,
      "door": 0,
      "ds": 0,
      "flags": {},
      "threshold": {
        "light": null,
        "sight": null,
        "sound": null,
        "attenuation": false
      },
      "_key": "!scenes.walls!njEdXuuzvYzbAfoh.LUwcjuE8oTMtt0fR"
    },
    {
      "_id": "v5wZ1qTYpsttDGV0",
      "c": [
        600,
        594,
        600,
        994
      ],
      "light": 20,
      "move": 20,
      "sight": 20,
      "sound": 20,
      "dir": 0,
      "door": 0,
      "ds": 0,
      "flags": {},
      "threshold": {
        "light": null,
        "sight": null,
        "sound": null,
        "attenuation": false
      },
      "_key": "!scenes.walls!njEdXuuzvYzbAfoh.v5wZ1qTYpsttDGV0"
    },
    {
      "_id": "FmbUnmpmAb9GlgAq",
      "c": [
        600,
        994,
        601,
        1094
      ],
      "light": 20,
      "move": 20,
      "sight": 20,
      "sound": 20,
      "dir": 0,
      "door": 1,
      "ds": 0,
      "flags": {
        "tagger": {
          "tags": ""
        },
        "monks-active-tiles": {
          "entity": {
            "id": "Scene.njEdXuuzvYzbAfoh.Tile.IvrI6LzqKWQ1zdHj",
            "name": "Tile: IvrI6LzqKWQ1zdHj"
          },
          "open": true,
          "close": true,
          "lock": false,
          "checklock": false,
          "secret": false
        }
      },
      "threshold": {
        "light": null,
        "sight": null,
        "sound": null,
        "attenuation": false
      },
      "doorSound": "stoneBasic",
      "_key": "!scenes.walls!njEdXuuzvYzbAfoh.FmbUnmpmAb9GlgAq"
    },
    {
      "_id": "826IbL3hnUVODnrt",
      "c": [
        600,
        963,
        500,
        981
      ],
      "light": 20,
      "move": 20,
      "sight": 20,
      "sound": 20,
      "dir": 0,
      "door": 0,
      "ds": 0,
      "flags": {},
      "threshold": {
        "light": null,
        "sight": null,
        "sound": null,
        "attenuation": false
      },
      "_key": "!scenes.walls!njEdXuuzvYzbAfoh.826IbL3hnUVODnrt"
    },
    {
      "_id": "JOCuCAgxoI8xTQFc",
      "c": [
        600,
        1244,
        500,
        1250
      ],
      "light": 20,
      "move": 20,
      "sight": 20,
      "sound": 20,
      "dir": 0,
      "door": 0,
      "ds": 0,
      "flags": {},
      "threshold": {
        "light": null,
        "sight": null,
        "sound": null,
        "attenuation": false
      },
      "_key": "!scenes.walls!njEdXuuzvYzbAfoh.JOCuCAgxoI8xTQFc"
    },
    {
      "_id": "L343Rt8UafPUXxBI",
      "c": [
        1031,
        1800,
        1031,
        1956
      ],
      "light": 20,
      "move": 20,
      "sight": 20,
      "sound": 20,
      "dir": 0,
      "door": 0,
      "ds": 0,
      "flags": {},
      "threshold": {
        "light": null,
        "sight": null,
        "sound": null,
        "attenuation": false
      },
      "_key": "!scenes.walls!njEdXuuzvYzbAfoh.L343Rt8UafPUXxBI"
    },
    {
      "_id": "qmWkmLdfNwYmIHDL",
      "c": [
        1031,
        1956,
        1069,
        1969
      ],
      "light": 20,
      "move": 20,
      "sight": 20,
      "sound": 20,
      "dir": 0,
      "door": 0,
      "ds": 0,
      "flags": {},
      "threshold": {
        "light": null,
        "sight": null,
        "sound": null,
        "attenuation": false
      },
      "_key": "!scenes.walls!njEdXuuzvYzbAfoh.qmWkmLdfNwYmIHDL"
    },
    {
      "_id": "PTR2eVFiraa4DMau",
      "c": [
        1069,
        1969,
        1356,
        1956
      ],
      "light": 20,
      "move": 20,
      "sight": 20,
      "sound": 20,
      "dir": 0,
      "door": 0,
      "ds": 0,
      "flags": {},
      "threshold": {
        "light": null,
        "sight": null,
        "sound": null,
        "attenuation": false
      },
      "_key": "!scenes.walls!njEdXuuzvYzbAfoh.PTR2eVFiraa4DMau"
    },
    {
      "_id": "gkeHz6rP3dpNa0Ft",
      "c": [
        1356,
        1956,
        1369,
        1894
      ],
      "light": 20,
      "move": 20,
      "sight": 20,
      "sound": 20,
      "dir": 0,
      "door": 0,
      "ds": 0,
      "flags": {},
      "threshold": {
        "light": null,
        "sight": null,
        "sound": null,
        "attenuation": false
      },
      "_key": "!scenes.walls!njEdXuuzvYzbAfoh.gkeHz6rP3dpNa0Ft"
    },
    {
      "_id": "UobYQ5kSCpEiIOHs",
      "c": [
        1369,
        1894,
        1356,
        1781
      ],
      "light": 20,
      "move": 20,
      "sight": 20,
      "sound": 20,
      "dir": 0,
      "door": 0,
      "ds": 0,
      "flags": {},
      "threshold": {
        "light": null,
        "sight": null,
        "sound": null,
        "attenuation": false
      },
      "_key": "!scenes.walls!njEdXuuzvYzbAfoh.UobYQ5kSCpEiIOHs"
    },
    {
      "_id": "HCdYCv3JBBm1GXM5",
      "c": [
        1356,
        1781,
        1381,
        1606
      ],
      "light": 20,
      "move": 20,
      "sight": 20,
      "sound": 20,
      "dir": 0,
      "door": 0,
      "ds": 0,
      "flags": {},
      "threshold": {
        "light": null,
        "sight": null,
        "sound": null,
        "attenuation": false
      },
      "_key": "!scenes.walls!njEdXuuzvYzbAfoh.HCdYCv3JBBm1GXM5"
    },
    {
      "_id": "mjj8DO1pfzx1qRyJ",
      "c": [
        1381,
        1606,
        1363,
        1550
      ],
      "light": 20,
      "move": 20,
      "sight": 20,
      "sound": 20,
      "dir": 0,
      "door": 0,
      "ds": 0,
      "flags": {},
      "threshold": {
        "light": null,
        "sight": null,
        "sound": null,
        "attenuation": false
      },
      "_key": "!scenes.walls!njEdXuuzvYzbAfoh.mjj8DO1pfzx1qRyJ"
    },
    {
      "_id": "tTs0cPVwH9b3fHrM",
      "c": [
        1363,
        1550,
        1381,
        1400
      ],
      "light": 20,
      "move": 20,
      "sight": 20,
      "sound": 20,
      "dir": 0,
      "door": 0,
      "ds": 0,
      "flags": {},
      "threshold": {
        "light": null,
        "sight": null,
        "sound": null,
        "attenuation": false
      },
      "_key": "!scenes.walls!njEdXuuzvYzbAfoh.tTs0cPVwH9b3fHrM"
    },
    {
      "_id": "nLoRDiK7QjYtJbi1",
      "c": [
        1381,
        1400,
        1363,
        1356
      ],
      "light": 20,
      "move": 20,
      "sight": 20,
      "sound": 20,
      "dir": 0,
      "door": 0,
      "ds": 0,
      "flags": {},
      "threshold": {
        "light": null,
        "sight": null,
        "sound": null,
        "attenuation": false
      },
      "_key": "!scenes.walls!njEdXuuzvYzbAfoh.nLoRDiK7QjYtJbi1"
    },
    {
      "_id": "DHoRcomUcYymiIfw",
      "c": [
        1363,
        1356,
        1375,
        763
      ],
      "light": 20,
      "move": 20,
      "sight": 20,
      "sound": 20,
      "dir": 0,
      "door": 0,
      "ds": 0,
      "flags": {},
      "threshold": {
        "light": null,
        "sight": null,
        "sound": null,
        "attenuation": false
      },
      "_key": "!scenes.walls!njEdXuuzvYzbAfoh.DHoRcomUcYymiIfw"
    },
    {
      "_id": "vNhizYdSycdPxHrY",
      "c": [
        1375,
        763,
        1319,
        588
      ],
      "light": 20,
      "move": 20,
      "sight": 20,
      "sound": 20,
      "dir": 0,
      "door": 0,
      "ds": 0,
      "flags": {},
      "threshold": {
        "light": null,
        "sight": null,
        "sound": null,
        "attenuation": false
      },
      "_key": "!scenes.walls!njEdXuuzvYzbAfoh.vNhizYdSycdPxHrY"
    },
    {
      "_id": "0ji7eHWmoil0tjis",
      "c": [
        1319,
        588,
        1269,
        575
      ],
      "light": 20,
      "move": 20,
      "sight": 20,
      "sound": 20,
      "dir": 0,
      "door": 0,
      "ds": 0,
      "flags": {},
      "threshold": {
        "light": null,
        "sight": null,
        "sound": null,
        "attenuation": false
      },
      "_key": "!scenes.walls!njEdXuuzvYzbAfoh.0ji7eHWmoil0tjis"
    },
    {
      "_id": "UgY4oW3ONooNxPZs",
      "c": [
        1269,
        575,
        1169,
        625
      ],
      "light": 20,
      "move": 20,
      "sight": 20,
      "sound": 20,
      "dir": 0,
      "door": 0,
      "ds": 0,
      "flags": {},
      "threshold": {
        "light": null,
        "sight": null,
        "sound": null,
        "attenuation": false
      },
      "_key": "!scenes.walls!njEdXuuzvYzbAfoh.UgY4oW3ONooNxPZs"
    },
    {
      "_id": "9LhExQ1MvYtt9r5s",
      "c": [
        1169,
        625,
        1013,
        581
      ],
      "light": 20,
      "move": 20,
      "sight": 20,
      "sound": 20,
      "dir": 0,
      "door": 0,
      "ds": 0,
      "flags": {},
      "threshold": {
        "light": null,
        "sight": null,
        "sound": null,
        "attenuation": false
      },
      "_key": "!scenes.walls!njEdXuuzvYzbAfoh.9LhExQ1MvYtt9r5s"
    },
    {
      "_id": "Ny9GxkkWhpmprc93",
      "c": [
        1013,
        581,
        975,
        531
      ],
      "light": 20,
      "move": 20,
      "sight": 20,
      "sound": 20,
      "dir": 0,
      "door": 0,
      "ds": 0,
      "flags": {},
      "threshold": {
        "light": null,
        "sight": null,
        "sound": null,
        "attenuation": false
      },
      "_key": "!scenes.walls!njEdXuuzvYzbAfoh.Ny9GxkkWhpmprc93"
    },
    {
      "_id": "fZoY6EtJxxHg0Vja",
      "c": [
        975,
        531,
        850,
        500
      ],
      "light": 20,
      "move": 20,
      "sight": 20,
      "sound": 20,
      "dir": 0,
      "door": 0,
      "ds": 0,
      "flags": {},
      "threshold": {
        "light": null,
        "sight": null,
        "sound": null,
        "attenuation": false
      },
      "_key": "!scenes.walls!njEdXuuzvYzbAfoh.fZoY6EtJxxHg0Vja"
    },
    {
      "_id": "7kYJ324BB7DuVoEG",
      "c": [
        1731,
        500,
        1656,
        613
      ],
      "light": 20,
      "move": 20,
      "sight": 20,
      "sound": 20,
      "dir": 0,
      "door": 0,
      "ds": 0,
      "flags": {},
      "threshold": {
        "light": null,
        "sight": null,
        "sound": null,
        "attenuation": false
      },
      "_key": "!scenes.walls!njEdXuuzvYzbAfoh.7kYJ324BB7DuVoEG"
    },
    {
      "_id": "w3fsmszn5KZtQNzz",
      "c": [
        1656,
        613,
        1625,
        788
      ],
      "light": 20,
      "move": 20,
      "sight": 20,
      "sound": 20,
      "dir": 0,
      "door": 0,
      "ds": 0,
      "flags": {},
      "threshold": {
        "light": null,
        "sight": null,
        "sound": null,
        "attenuation": false
      },
      "_key": "!scenes.walls!njEdXuuzvYzbAfoh.w3fsmszn5KZtQNzz"
    },
    {
      "_id": "ySnyAoUkgCIZmVUE",
      "c": [
        1625,
        788,
        1631,
        888
      ],
      "light": 20,
      "move": 20,
      "sight": 20,
      "sound": 20,
      "dir": 0,
      "door": 0,
      "ds": 0,
      "flags": {},
      "threshold": {
        "light": null,
        "sight": null,
        "sound": null,
        "attenuation": false
      },
      "_key": "!scenes.walls!njEdXuuzvYzbAfoh.ySnyAoUkgCIZmVUE"
    },
    {
      "_id": "4Mv5rAbQP7RmRQ76",
      "c": [
        1631,
        888,
        1631,
        1075
      ],
      "light": 20,
      "move": 20,
      "sight": 20,
      "sound": 20,
      "dir": 0,
      "door": 0,
      "ds": 0,
      "flags": {},
      "threshold": {
        "light": null,
        "sight": null,
        "sound": null,
        "attenuation": false
      },
      "_key": "!scenes.walls!njEdXuuzvYzbAfoh.4Mv5rAbQP7RmRQ76"
    },
    {
      "_id": "OreHEgjdp2am0iQa",
      "c": [
        1631,
        1075,
        1625,
        1375
      ],
      "light": 20,
      "move": 20,
      "sight": 20,
      "sound": 20,
      "dir": 0,
      "door": 0,
      "ds": 0,
      "flags": {},
      "threshold": {
        "light": null,
        "sight": null,
        "sound": null,
        "attenuation": false
      },
      "_key": "!scenes.walls!njEdXuuzvYzbAfoh.OreHEgjdp2am0iQa"
    },
    {
      "_id": "8pEPIH4PR3nCYYBX",
      "c": [
        1625,
        1375,
        1681,
        1388
      ],
      "light": 20,
      "move": 20,
      "sight": 20,
      "sound": 20,
      "dir": 0,
      "door": 0,
      "ds": 0,
      "flags": {},
      "threshold": {
        "light": null,
        "sight": null,
        "sound": null,
        "attenuation": false
      },
      "_key": "!scenes.walls!njEdXuuzvYzbAfoh.8pEPIH4PR3nCYYBX"
    },
    {
      "_id": "yVzxSNI4S1AR7CAa",
      "c": [
        1681,
        1388,
        1713,
        1363
      ],
      "light": 20,
      "move": 20,
      "sight": 20,
      "sound": 20,
      "dir": 0,
      "door": 0,
      "ds": 0,
      "flags": {},
      "threshold": {
        "light": null,
        "sight": null,
        "sound": null,
        "attenuation": false
      },
      "_key": "!scenes.walls!njEdXuuzvYzbAfoh.yVzxSNI4S1AR7CAa"
    },
    {
      "_id": "uFIAY4WZu9sbCs2Y",
      "c": [
        1713,
        1363,
        1788,
        1350
      ],
      "light": 20,
      "move": 20,
      "sight": 20,
      "sound": 20,
      "dir": 0,
      "door": 0,
      "ds": 0,
      "flags": {},
      "threshold": {
        "light": null,
        "sight": null,
        "sound": null,
        "attenuation": false
      },
      "_key": "!scenes.walls!njEdXuuzvYzbAfoh.uFIAY4WZu9sbCs2Y"
    },
    {
      "_id": "ok8l0oTl8Bmjg7h5",
      "c": [
        1788,
        1350,
        1806,
        1331
      ],
      "light": 20,
      "move": 20,
      "sight": 20,
      "sound": 20,
      "dir": 0,
      "door": 0,
      "ds": 0,
      "flags": {},
      "threshold": {
        "light": null,
        "sight": null,
        "sound": null,
        "attenuation": false
      },
      "_key": "!scenes.walls!njEdXuuzvYzbAfoh.ok8l0oTl8Bmjg7h5"
    },
    {
      "_id": "lsZqyJ6VsUbNa7NG",
      "c": [
        1806,
        1331,
        1806,
        600
      ],
      "light": 20,
      "move": 20,
      "sight": 20,
      "sound": 20,
      "dir": 0,
      "door": 0,
      "ds": 0,
      "flags": {},
      "threshold": {
        "light": null,
        "sight": null,
        "sound": null,
        "attenuation": false
      },
      "_key": "!scenes.walls!njEdXuuzvYzbAfoh.lsZqyJ6VsUbNa7NG"
    },
    {
      "_id": "VGxx1ji5wXPKoCAw",
      "c": [
        1806,
        600,
        2394,
        606
      ],
      "light": 20,
      "move": 20,
      "sight": 20,
      "sound": 20,
      "dir": 0,
      "door": 0,
      "ds": 0,
      "flags": {},
      "threshold": {
        "light": null,
        "sight": null,
        "sound": null,
        "attenuation": false
      },
      "_key": "!scenes.walls!njEdXuuzvYzbAfoh.VGxx1ji5wXPKoCAw"
    },
    {
      "_id": "fWHJIEfBtVThF8y3",
      "c": [
        2394,
        606,
        2400,
        1200
      ],
      "light": 20,
      "move": 20,
      "sight": 20,
      "sound": 20,
      "dir": 0,
      "door": 0,
      "ds": 0,
      "flags": {},
      "threshold": {
        "light": null,
        "sight": null,
        "sound": null,
        "attenuation": false
      },
      "_key": "!scenes.walls!njEdXuuzvYzbAfoh.fWHJIEfBtVThF8y3"
    },
    {
      "_id": "kn7lPKX8qDM7ZOoI",
      "c": [
        2400,
        1200,
        2100,
        1200
      ],
      "light": 20,
      "move": 20,
      "sight": 20,
      "sound": 20,
      "dir": 0,
      "door": 0,
      "ds": 0,
      "flags": {},
      "threshold": {
        "light": null,
        "sight": null,
        "sound": null,
        "attenuation": false
      },
      "_key": "!scenes.walls!njEdXuuzvYzbAfoh.kn7lPKX8qDM7ZOoI"
    },
    {
      "_id": "Ff1J0PdOGULToCKl",
      "c": [
        2100,
        1200,
        2000,
        1200
      ],
      "light": 20,
      "move": 20,
      "sight": 20,
      "sound": 20,
      "dir": 0,
      "door": 1,
      "ds": 1,
      "flags": {
        "tagger": {
          "tags": ""
        },
        "monks-active-tiles": {
          "entity": {
            "id": "Scene.njEdXuuzvYzbAfoh.Tile.8JaooESyhgt7IOlG",
            "name": "Tile: 8JaooESyhgt7IOlG"
          },
          "open": true,
          "close": true,
          "lock": false,
          "checklock": false,
          "secret": false
        }
      },
      "threshold": {
        "light": null,
        "sight": null,
        "sound": null,
        "attenuation": false
      },
      "doorSound": "stoneBasic",
      "_key": "!scenes.walls!njEdXuuzvYzbAfoh.Ff1J0PdOGULToCKl"
    },
    {
      "_id": "bmvkKhfgkPRdZ63l",
      "c": [
        2000,
        1200,
        1806,
        1200
      ],
      "light": 20,
      "move": 20,
      "sight": 20,
      "sound": 20,
      "dir": 0,
      "door": 0,
      "ds": 0,
      "flags": {},
      "threshold": {
        "light": null,
        "sight": null,
        "sound": null,
        "attenuation": false
      },
      "_key": "!scenes.walls!njEdXuuzvYzbAfoh.bmvkKhfgkPRdZ63l"
    },
    {
      "_id": "0ZMnCaGsDFEFeS7A",
      "c": [
        2400,
        1200,
        2400,
        1244
      ],
      "light": 20,
      "move": 20,
      "sight": 20,
      "sound": 20,
      "dir": 0,
      "door": 0,
      "ds": 0,
      "flags": {},
      "threshold": {
        "light": null,
        "sight": null,
        "sound": null,
        "attenuation": false
      },
      "_key": "!scenes.walls!njEdXuuzvYzbAfoh.0ZMnCaGsDFEFeS7A"
    },
    {
      "_id": "guVtcQtBVjhocN3g",
      "c": [
        2400,
        1244,
        2413,
        1269
      ],
      "light": 20,
      "move": 20,
      "sight": 20,
      "sound": 20,
      "dir": 0,
      "door": 0,
      "ds": 0,
      "flags": {},
      "threshold": {
        "light": null,
        "sight": null,
        "sound": null,
        "attenuation": false
      },
      "_key": "!scenes.walls!njEdXuuzvYzbAfoh.guVtcQtBVjhocN3g"
    },
    {
      "_id": "DnCswTuwEJIQjBu9",
      "c": [
        2413,
        1269,
        2388,
        1319
      ],
      "light": 20,
      "move": 20,
      "sight": 20,
      "sound": 20,
      "dir": 0,
      "door": 0,
      "ds": 0,
      "flags": {},
      "threshold": {
        "light": null,
        "sight": null,
        "sound": null,
        "attenuation": false
      },
      "_key": "!scenes.walls!njEdXuuzvYzbAfoh.DnCswTuwEJIQjBu9"
    },
    {
      "_id": "MqneLJyKEETuedo3",
      "c": [
        2388,
        1319,
        2313,
        1338
      ],
      "light": 20,
      "move": 20,
      "sight": 20,
      "sound": 20,
      "dir": 0,
      "door": 0,
      "ds": 0,
      "flags": {},
      "threshold": {
        "light": null,
        "sight": null,
        "sound": null,
        "attenuation": false
      },
      "_key": "!scenes.walls!njEdXuuzvYzbAfoh.MqneLJyKEETuedo3"
    },
    {
      "_id": "UyHOU1OXrlOBJzZe",
      "c": [
        2313,
        1338,
        2281,
        1381
      ],
      "light": 20,
      "move": 20,
      "sight": 20,
      "sound": 20,
      "dir": 0,
      "door": 0,
      "ds": 0,
      "flags": {},
      "threshold": {
        "light": null,
        "sight": null,
        "sound": null,
        "attenuation": false
      },
      "_key": "!scenes.walls!njEdXuuzvYzbAfoh.UyHOU1OXrlOBJzZe"
    },
    {
      "_id": "gNDay6l6XsPlmtKs",
      "c": [
        2281,
        1381,
        2288,
        1425
      ],
      "light": 20,
      "move": 20,
      "sight": 20,
      "sound": 20,
      "dir": 0,
      "door": 0,
      "ds": 0,
      "flags": {},
      "threshold": {
        "light": null,
        "sight": null,
        "sound": null,
        "attenuation": false
      },
      "_key": "!scenes.walls!njEdXuuzvYzbAfoh.gNDay6l6XsPlmtKs"
    },
    {
      "_id": "cUoGY0Ci7PgXYGEn",
      "c": [
        2288,
        1425,
        2338,
        1488
      ],
      "light": 20,
      "move": 20,
      "sight": 20,
      "sound": 20,
      "dir": 0,
      "door": 0,
      "ds": 0,
      "flags": {},
      "threshold": {
        "light": null,
        "sight": null,
        "sound": null,
        "attenuation": false
      },
      "_key": "!scenes.walls!njEdXuuzvYzbAfoh.cUoGY0Ci7PgXYGEn"
    },
    {
      "_id": "aJGomcbLqIBr6IfJ",
      "c": [
        2338,
        1488,
        2313,
        1563
      ],
      "light": 20,
      "move": 20,
      "sight": 20,
      "sound": 20,
      "dir": 0,
      "door": 0,
      "ds": 0,
      "flags": {},
      "threshold": {
        "light": null,
        "sight": null,
        "sound": null,
        "attenuation": false
      },
      "_key": "!scenes.walls!njEdXuuzvYzbAfoh.aJGomcbLqIBr6IfJ"
    },
    {
      "_id": "NuRcMLPkXop6bWUL",
      "c": [
        2313,
        1563,
        2244,
        1569
      ],
      "light": 20,
      "move": 20,
      "sight": 20,
      "sound": 20,
      "dir": 0,
      "door": 0,
      "ds": 0,
      "flags": {},
      "threshold": {
        "light": null,
        "sight": null,
        "sound": null,
        "attenuation": false
      },
      "_key": "!scenes.walls!njEdXuuzvYzbAfoh.NuRcMLPkXop6bWUL"
    },
    {
      "_id": "yIjFye1euLtg3TxI",
      "c": [
        2244,
        1569,
        2225,
        1613
      ],
      "light": 20,
      "move": 20,
      "sight": 20,
      "sound": 20,
      "dir": 0,
      "door": 0,
      "ds": 0,
      "flags": {},
      "threshold": {
        "light": null,
        "sight": null,
        "sound": null,
        "attenuation": false
      },
      "_key": "!scenes.walls!njEdXuuzvYzbAfoh.yIjFye1euLtg3TxI"
    },
    {
      "_id": "g8K36A78HglUdSZb",
      "c": [
        2225,
        1613,
        2131,
        1644
      ],
      "light": 20,
      "move": 20,
      "sight": 20,
      "sound": 20,
      "dir": 0,
      "door": 0,
      "ds": 0,
      "flags": {},
      "threshold": {
        "light": null,
        "sight": null,
        "sound": null,
        "attenuation": false
      },
      "_key": "!scenes.walls!njEdXuuzvYzbAfoh.g8K36A78HglUdSZb"
    },
    {
      "_id": "ueHVD2RewyUqtExD",
      "c": [
        2131,
        1644,
        2125,
        1706
      ],
      "light": 20,
      "move": 20,
      "sight": 20,
      "sound": 20,
      "dir": 0,
      "door": 0,
      "ds": 0,
      "flags": {},
      "threshold": {
        "light": null,
        "sight": null,
        "sound": null,
        "attenuation": false
      },
      "_key": "!scenes.walls!njEdXuuzvYzbAfoh.ueHVD2RewyUqtExD"
    },
    {
      "_id": "uveDFiI0mvKgrwjf",
      "c": [
        2125,
        1706,
        2175,
        1781
      ],
      "light": 20,
      "move": 20,
      "sight": 20,
      "sound": 20,
      "dir": 0,
      "door": 0,
      "ds": 0,
      "flags": {},
      "threshold": {
        "light": null,
        "sight": null,
        "sound": null,
        "attenuation": false
      },
      "_key": "!scenes.walls!njEdXuuzvYzbAfoh.uveDFiI0mvKgrwjf"
    },
    {
      "_id": "SmMuNjrSUHeeSqua",
      "c": [
        2175,
        1781,
        2144,
        1813
      ],
      "light": 20,
      "move": 20,
      "sight": 20,
      "sound": 20,
      "dir": 0,
      "door": 0,
      "ds": 0,
      "flags": {},
      "threshold": {
        "light": null,
        "sight": null,
        "sound": null,
        "attenuation": false
      },
      "_key": "!scenes.walls!njEdXuuzvYzbAfoh.SmMuNjrSUHeeSqua"
    },
    {
      "_id": "JGsTy931EpGb5KZ3",
      "c": [
        2144,
        1813,
        2050,
        1800
      ],
      "light": 20,
      "move": 20,
      "sight": 20,
      "sound": 20,
      "dir": 0,
      "door": 0,
      "ds": 0,
      "flags": {},
      "threshold": {
        "light": null,
        "sight": null,
        "sound": null,
        "attenuation": false
      },
      "_key": "!scenes.walls!njEdXuuzvYzbAfoh.JGsTy931EpGb5KZ3"
    },
    {
      "_id": "UrGcSQyTDukXzz92",
      "c": [
        2050,
        1800,
        1806,
        1800
      ],
      "light": 20,
      "move": 20,
      "sight": 20,
      "sound": 20,
      "dir": 0,
      "door": 0,
      "ds": 0,
      "flags": {},
      "threshold": {
        "light": null,
        "sight": null,
        "sound": null,
        "attenuation": false
      },
      "_key": "!scenes.walls!njEdXuuzvYzbAfoh.UrGcSQyTDukXzz92"
    },
    {
      "_id": "sT0Gk1cuzslUrp5S",
      "c": [
        1806,
        1800,
        1800,
        1650
      ],
      "light": 20,
      "move": 20,
      "sight": 20,
      "sound": 20,
      "dir": 0,
      "door": 0,
      "ds": 0,
      "flags": {},
      "threshold": {
        "light": null,
        "sight": null,
        "sound": null,
        "attenuation": false
      },
      "_key": "!scenes.walls!njEdXuuzvYzbAfoh.sT0Gk1cuzslUrp5S"
    },
    {
      "_id": "CSBVMxzgXIvyqg5p",
      "c": [
        1800,
        1650,
        1763,
        1631
      ],
      "light": 20,
      "move": 20,
      "sight": 20,
      "sound": 20,
      "dir": 0,
      "door": 0,
      "ds": 0,
      "flags": {},
      "threshold": {
        "light": null,
        "sight": null,
        "sound": null,
        "attenuation": false
      },
      "_key": "!scenes.walls!njEdXuuzvYzbAfoh.CSBVMxzgXIvyqg5p"
    },
    {
      "_id": "TRu0jRp4j9AUA7fR",
      "c": [
        1763,
        1631,
        1631,
        1625
      ],
      "light": 20,
      "move": 20,
      "sight": 20,
      "sound": 20,
      "dir": 0,
      "door": 0,
      "ds": 0,
      "flags": {},
      "threshold": {
        "light": null,
        "sight": null,
        "sound": null,
        "attenuation": false
      },
      "_key": "!scenes.walls!njEdXuuzvYzbAfoh.TRu0jRp4j9AUA7fR"
    },
    {
      "_id": "kNXzAY9il1usq8DU",
      "c": [
        1631,
        1625,
        1644,
        1956
      ],
      "light": 20,
      "move": 20,
      "sight": 20,
      "sound": 20,
      "dir": 0,
      "door": 0,
      "ds": 0,
      "flags": {},
      "threshold": {
        "light": null,
        "sight": null,
        "sound": null,
        "attenuation": false
      },
      "_key": "!scenes.walls!njEdXuuzvYzbAfoh.kNXzAY9il1usq8DU"
    },
    {
      "_id": "oqDVNSS15CM1dfpg",
      "c": [
        1644,
        1956,
        1800,
        1956
      ],
      "light": 20,
      "move": 20,
      "sight": 20,
      "sound": 20,
      "dir": 0,
      "door": 0,
      "ds": 0,
      "flags": {},
      "threshold": {
        "light": null,
        "sight": null,
        "sound": null,
        "attenuation": false
      },
      "_key": "!scenes.walls!njEdXuuzvYzbAfoh.oqDVNSS15CM1dfpg"
    },
    {
      "_id": "aRCB7JzywmQPIM3s",
      "c": [
        1800,
        1956,
        2013,
        1994
      ],
      "light": 20,
      "move": 20,
      "sight": 20,
      "sound": 20,
      "dir": 0,
      "door": 0,
      "ds": 0,
      "flags": {},
      "threshold": {
        "light": null,
        "sight": null,
        "sound": null,
        "attenuation": false
      },
      "_key": "!scenes.walls!njEdXuuzvYzbAfoh.aRCB7JzywmQPIM3s"
    },
    {
      "_id": "Yz1cGkq746BVYBjm",
      "c": [
        2013,
        1994,
        2031,
        2044
      ],
      "light": 20,
      "move": 20,
      "sight": 20,
      "sound": 20,
      "dir": 0,
      "door": 0,
      "ds": 0,
      "flags": {},
      "threshold": {
        "light": null,
        "sight": null,
        "sound": null,
        "attenuation": false
      },
      "_key": "!scenes.walls!njEdXuuzvYzbAfoh.Yz1cGkq746BVYBjm"
    },
    {
      "_id": "1vmRRboieXlobCfC",
      "c": [
        2031,
        2044,
        1969,
        2119
      ],
      "light": 20,
      "move": 20,
      "sight": 20,
      "sound": 20,
      "dir": 0,
      "door": 0,
      "ds": 0,
      "flags": {},
      "threshold": {
        "light": null,
        "sight": null,
        "sound": null,
        "attenuation": false
      },
      "_key": "!scenes.walls!njEdXuuzvYzbAfoh.1vmRRboieXlobCfC"
    },
    {
      "_id": "RMM590MDe7uSQWfm",
      "c": [
        1969,
        2119,
        1963,
        2150
      ],
      "light": 20,
      "move": 20,
      "sight": 20,
      "sound": 20,
      "dir": 0,
      "door": 0,
      "ds": 0,
      "flags": {},
      "threshold": {
        "light": null,
        "sight": null,
        "sound": null,
        "attenuation": false
      },
      "_key": "!scenes.walls!njEdXuuzvYzbAfoh.RMM590MDe7uSQWfm"
    },
    {
      "_id": "GZB8bkR3nSebzSaB",
      "c": [
        1963,
        2150,
        1925,
        2169
      ],
      "light": 20,
      "move": 20,
      "sight": 20,
      "sound": 20,
      "dir": 0,
      "door": 0,
      "ds": 0,
      "flags": {},
      "threshold": {
        "light": null,
        "sight": null,
        "sound": null,
        "attenuation": false
      },
      "_key": "!scenes.walls!njEdXuuzvYzbAfoh.GZB8bkR3nSebzSaB"
    },
    {
      "_id": "8jLK2VF4Z1sLztFj",
      "c": [
        1925,
        2169,
        1919,
        2206
      ],
      "light": 20,
      "move": 20,
      "sight": 20,
      "sound": 20,
      "dir": 0,
      "door": 0,
      "ds": 0,
      "flags": {},
      "threshold": {
        "light": null,
        "sight": null,
        "sound": null,
        "attenuation": false
      },
      "_key": "!scenes.walls!njEdXuuzvYzbAfoh.8jLK2VF4Z1sLztFj"
    },
    {
      "_id": "z086QAQlawCCuHiY",
      "c": [
        1919,
        2206,
        1838,
        2213
      ],
      "light": 20,
      "move": 20,
      "sight": 20,
      "sound": 20,
      "dir": 0,
      "door": 0,
      "ds": 0,
      "flags": {},
      "threshold": {
        "light": null,
        "sight": null,
        "sound": null,
        "attenuation": false
      },
      "_key": "!scenes.walls!njEdXuuzvYzbAfoh.z086QAQlawCCuHiY"
    },
    {
      "_id": "RM1v98XypyWEuk4q",
      "c": [
        1838,
        2213,
        1788,
        2238
      ],
      "light": 20,
      "move": 20,
      "sight": 20,
      "sound": 20,
      "dir": 0,
      "door": 0,
      "ds": 0,
      "flags": {},
      "threshold": {
        "light": null,
        "sight": null,
        "sound": null,
        "attenuation": false
      },
      "_key": "!scenes.walls!njEdXuuzvYzbAfoh.RM1v98XypyWEuk4q"
    },
    {
      "_id": "4x303pVfjnPS3y3Z",
      "c": [
        1788,
        2238,
        1331,
        2231
      ],
      "light": 20,
      "move": 20,
      "sight": 20,
      "sound": 20,
      "dir": 0,
      "door": 0,
      "ds": 0,
      "flags": {},
      "threshold": {
        "light": null,
        "sight": null,
        "sound": null,
        "attenuation": false
      },
      "_key": "!scenes.walls!njEdXuuzvYzbAfoh.4x303pVfjnPS3y3Z"
    },
    {
      "_id": "fHlbehrXV1KY5Yl1",
      "c": [
        1331,
        2231,
        1281,
        2250
      ],
      "light": 20,
      "move": 20,
      "sight": 20,
      "sound": 20,
      "dir": 0,
      "door": 0,
      "ds": 0,
      "flags": {},
      "threshold": {
        "light": null,
        "sight": null,
        "sound": null,
        "attenuation": false
      },
      "_key": "!scenes.walls!njEdXuuzvYzbAfoh.fHlbehrXV1KY5Yl1"
    },
    {
      "_id": "R90B5hcsxclIEBCs",
      "c": [
        1281,
        2250,
        1200,
        2225
      ],
      "light": 20,
      "move": 20,
      "sight": 20,
      "sound": 20,
      "dir": 0,
      "door": 0,
      "ds": 0,
      "flags": {},
      "threshold": {
        "light": null,
        "sight": null,
        "sound": null,
        "attenuation": false
      },
      "_key": "!scenes.walls!njEdXuuzvYzbAfoh.R90B5hcsxclIEBCs"
    },
    {
      "_id": "eBkOYzFfTzubW4n5",
      "c": [
        1200,
        2225,
        1088,
        2238
      ],
      "light": 20,
      "move": 20,
      "sight": 20,
      "sound": 20,
      "dir": 0,
      "door": 0,
      "ds": 0,
      "flags": {},
      "threshold": {
        "light": null,
        "sight": null,
        "sound": null,
        "attenuation": false
      },
      "_key": "!scenes.walls!njEdXuuzvYzbAfoh.eBkOYzFfTzubW4n5"
    },
    {
      "_id": "nwkWU5gL7HArNwhz",
      "c": [
        1088,
        2238,
        1031,
        2269
      ],
      "light": 20,
      "move": 20,
      "sight": 20,
      "sound": 20,
      "dir": 0,
      "door": 0,
      "ds": 0,
      "flags": {},
      "threshold": {
        "light": null,
        "sight": null,
        "sound": null,
        "attenuation": false
      },
      "_key": "!scenes.walls!njEdXuuzvYzbAfoh.nwkWU5gL7HArNwhz"
    },
    {
      "_id": "6jCTOGmzYY46ElaR",
      "c": [
        1031,
        2269,
        1038,
        2319
      ],
      "light": 20,
      "move": 20,
      "sight": 20,
      "sound": 20,
      "dir": 0,
      "door": 0,
      "ds": 0,
      "flags": {},
      "threshold": {
        "light": null,
        "sight": null,
        "sound": null,
        "attenuation": false
      },
      "_key": "!scenes.walls!njEdXuuzvYzbAfoh.6jCTOGmzYY46ElaR"
    },
    {
      "_id": "ZCzHj0rd1nVa39Nv",
      "c": [
        1038,
        2319,
        1075,
        2400
      ],
      "light": 20,
      "move": 20,
      "sight": 20,
      "sound": 20,
      "dir": 0,
      "door": 0,
      "ds": 0,
      "flags": {},
      "threshold": {
        "light": null,
        "sight": null,
        "sound": null,
        "attenuation": false
      },
      "_key": "!scenes.walls!njEdXuuzvYzbAfoh.ZCzHj0rd1nVa39Nv"
    },
    {
      "_id": "rSTqWOP1cs4A00aZ",
      "c": [
        601,
        1094,
        691,
        1094
      ],
      "light": 0,
      "move": 0,
      "sight": 0,
      "sound": 20,
      "dir": 0,
      "door": 0,
      "ds": 0,
      "flags": {
        "tagger": {
          "tags": [
            "southbarracksdoortopwall"
          ]
        },
        "monks-active-tiles": {
          "entity": {},
          "open": false,
          "close": false,
          "lock": false,
          "checklock": false,
          "secret": false
        }
      },
      "threshold": {
        "light": null,
        "sight": null,
        "sound": null,
        "attenuation": false
      },
      "_key": "!scenes.walls!njEdXuuzvYzbAfoh.rSTqWOP1cs4A00aZ"
    },
    {
      "_id": "62r6aA6hOdOudzKT",
      "c": [
        900,
        1800,
        900,
        1700
      ],
      "light": 0,
      "move": 0,
      "sight": 0,
      "sound": 20,
      "dir": 0,
      "door": 0,
      "ds": 0,
      "flags": {
        "tagger": {
          "tags": [
            "southbarracksbottomdoorwall"
          ]
        },
        "monks-active-tiles": {
          "entity": {},
          "open": false,
          "close": false,
          "lock": false,
          "checklock": false,
          "secret": false
        }
      },
      "threshold": {
        "light": null,
        "sight": null,
        "sound": null,
        "attenuation": false
      },
      "_key": "!scenes.walls!njEdXuuzvYzbAfoh.62r6aA6hOdOudzKT"
    },
    {
      "_id": "RX0qRFOo38waMsPS",
      "c": [
        2000,
        1200,
        2000,
        1112
      ],
      "light": 20,
      "move": 20,
      "sight": 20,
      "sound": 20,
      "dir": 0,
      "door": 0,
      "ds": 0,
      "flags": {
        "tagger": {
          "tags": [
            "storagedoorwall"
          ]
        },
        "monks-active-tiles": {
          "entity": {},
          "open": false,
          "close": false,
          "lock": false,
          "checklock": false,
          "secret": false
        }
      },
      "threshold": {
        "light": null,
        "sight": null,
        "sound": null,
        "attenuation": false
      },
      "_key": "!scenes.walls!njEdXuuzvYzbAfoh.RX0qRFOo38waMsPS"
    }
  ],
  "playlist": null,
  "playlistSound": null,
  "journal": null,
  "journalEntryPage": null,
  "weather": "",
  "flags": {},
  "_stats": {
    "systemId": "dnd5e",
    "systemVersion": "2.4.1",
    "coreVersion": "12.330",
    "createdTime": 1670367704610,
    "modifiedTime": 1723946803705,
    "lastModifiedBy": "dnd5ebuilder0000",
    "compendiumSource": "Compendium.fa-battlemaps.maps.njEdXuuzvYzbAfoh",
    "duplicateSource": null
  },
  "_id": "njEdXuuzvYzbAfoh",
  "active": false,
  "folder": null,
  "sort": 0,
  "ownership": {
    "default": 0
  },
  "regions": [],
  "environment": {
    "globalLight": {
      "luminosity": 0,
      "enabled": false,
      "darkness": {
        "max": 1,
        "min": 0
      },
      "alpha": 0.5,
      "bright": false,
      "color": null,
      "coloration": 1,
      "saturation": 0,
      "contrast": 0,
      "shadows": 0
    },
    "darknessLevel": 0,
    "darknessLock": false,
    "cycle": true,
    "base": {
      "hue": 0,
      "intensity": 0,
      "luminosity": 0,
      "saturation": 0,
      "shadows": 0
    },
    "dark": {
      "hue": 0.7138888888888889,
      "intensity": 0,
      "luminosity": -0.25,
      "saturation": 0,
      "shadows": 0
    }
  },
  "fog": {
    "exploration": true,
    "reset": 1670367704608,
    "overlay": null,
    "colors": {
      "explored": null,
      "unexplored": null
    }
  },
  "_key": "!scenes!njEdXuuzvYzbAfoh"
}
