{
  "name": "Booming Cavern [25x28]",
  "navigation": false,
  "navOrder": 0,
  "navName": "",
  "background": {
    "src": null,
    "scaleX": 1,
    "scaleY": 1,
    "offsetX": 0,
    "offsetY": 0,
    "rotation": 0,
    "tint": "#ffffff",
    "anchorX": 0,
    "anchorY": 0,
    "fit": "fill",
    "alphaThreshold": 0
  },
  "foreground": null,
  "foregroundElevation": 20,
  "thumb": "modules/fa-battlemaps/assets/scenes/WwUqeRIh3eAAc0f0-thumb.webp",
  "width": 2500,
  "height": 2800,
  "padding": 0.25,
  "initial": {
    "x": 2326,
    "y": 2072,
    "scale": 0.39619715625000007
  },
  "backgroundColor": "#000000",
  "grid": {
    "type": 1,
    "size": 100,
    "color": "#000000",
    "alpha": 0.2,
    "distance": 5,
    "units": "ft",
    "style": "solidLines",
    "thickness": 1
  },
  "tokenVision": true,
  "drawings": [],
  "tokens": [],
  "lights": [],
  "notes": [],
  "sounds": [
    {
      "path": "fa_battlemaps/Audio/waveecho.ogg",
      "x": 1950,
      "y": 2100,
      "radius": 99.68,
      "easing": false,
      "walls": false,
      "volume": 0.25,
      "darkness": {
        "min": 0,
        "max": 1
      },
      "flags": {
        "tagger": {
          "tags": ""
        }
      },
      "_id": "HNGIUnyuhcsEZW9t",
      "repeat": false,
      "hidden": false,
      "elevation": 0,
      "effects": {
        "base": {
          "intensity": 5
        },
        "muffled": {
          "intensity": 5
        }
      },
      "_key": "!scenes.sounds!WwUqeRIh3eAAc0f0.HNGIUnyuhcsEZW9t"
    }
  ],
  "templates": [],
  "tiles": [
    {
      "texture": {
        "src": "fa_battlemaps/Maps/2022/December/fa_wec_booming-cavern/Maps/AltBoomingCavernBG.webp",
        "scaleX": 1,
        "scaleY": 1,
        "offsetX": 0,
        "offsetY": 0,
        "rotation": 0,
        "tint": "#ffffff",
        "anchorX": 0.5,
        "anchorY": 0.5,
        "fit": "fill",
        "alphaThreshold": 0.75
      },
      "x": 700,
      "y": 700,
      "width": 2500,
      "height": 2800,
      "_id": "O1aQ4rLUZdCiVplX",
      "rotation": 0,
      "alpha": 1,
      "hidden": false,
      "locked": true,
      "occlusion": {
        "mode": 0,
        "alpha": 1
      },
      "video": {
        "loop": true,
        "autoplay": true,
        "volume": 0
      },
      "flags": {
        "tagger": {
          "tags": [
            "map"
          ]
        },
        "monks-active-tiles": {
          "active": true,
          "record": false,
          "restriction": "all",
          "controlled": "gm",
          "trigger": [
            "dblclick"
          ],
          "allowpaused": false,
          "usealpha": false,
          "pointer": false,
          "pertoken": false,
          "minrequired": 0,
          "chance": 100,
          "fileindex": 1,
          "actions": [],
          "files": [
            {
              "id": "nyQhjm8dMAsi0sON",
              "name": "fa_battlemaps/Maps/2022/December/fa_wec_booming-cavern/Maps/BoomingCavernBG.webp",
              "selected": true
            },
            {
              "id": "onMu0dLkGw790DRB",
              "name": "fa_battlemaps/Maps/2022/December/fa_wec_booming-cavern/Maps/AltBoomingCavernBG.webp",
              "selected": false
            }
          ]
        }
      },
      "sort": 3,
      "restrictions": {
        "light": false,
        "weather": false
      },
      "elevation": 0,
      "_key": "!scenes.tiles!WwUqeRIh3eAAc0f0.O1aQ4rLUZdCiVplX"
    },
    {
      "texture": {
        "src": "fa_battlemaps/Maps/2022/December/fa_wec_booming-cavern/Maps/AltBoomingCavernFG.webp",
        "scaleX": 1,
        "scaleY": 1,
        "offsetX": 0,
        "offsetY": 0,
        "rotation": 0,
        "tint": "#ffffff",
        "anchorX": 0.5,
        "anchorY": 0.5,
        "fit": "fill",
        "alphaThreshold": 0.75
      },
      "x": 700,
      "y": 700,
      "width": 2500,
      "height": 2800,
      "_id": "Ga2FZptjX25OirXk",
      "rotation": 0,
      "alpha": 1,
      "hidden": false,
      "locked": true,
      "occlusion": {
        "mode": 0,
        "alpha": 1
      },
      "video": {
        "loop": true,
        "autoplay": true,
        "volume": 0
      },
      "flags": {
        "tagger": {
          "tags": [
            "map"
          ]
        },
        "monks-active-tiles": {
          "active": true,
          "record": false,
          "restriction": "all",
          "controlled": "gm",
          "trigger": [
            "dblclick"
          ],
          "allowpaused": false,
          "usealpha": false,
          "pointer": false,
          "pertoken": false,
          "minrequired": 0,
          "chance": 100,
          "fileindex": 1,
          "actions": [],
          "files": [
            {
              "id": "18I8X4RhIiANETbj",
              "name": "fa_battlemaps/Maps/2022/December/fa_wec_booming-cavern/Maps/BoomingCavernFG.webp",
              "selected": false
            },
            {
              "id": "fvGrVuWrB3jrj8QA",
              "name": "fa_battlemaps/Maps/2022/December/fa_wec_booming-cavern/Maps/AltBoomingCavernFG.webp",
              "selected": true
            }
          ]
        }
      },
      "elevation": 20,
      "sort": 100,
      "restrictions": {
        "light": false,
        "weather": false
      },
      "_key": "!scenes.tiles!WwUqeRIh3eAAc0f0.Ga2FZptjX25OirXk"
    },
    {
      "texture": {
        "src": "modules/fa-battlemaps/images/SmallScroll.png",
        "scaleX": 1,
        "scaleY": 1,
        "offsetX": 0,
        "offsetY": 0,
        "rotation": 0,
        "tint": "#ffffff",
        "anchorX": 0.5,
        "anchorY": 0.5,
        "fit": "fill",
        "alphaThreshold": 0.75
      },
      "x": 3200,
      "y": 700,
      "width": 350,
      "height": 150,
      "_id": "JKDNe2q0JkHH7X8o",
      "rotation": 0,
      "alpha": 1,
      "hidden": false,
      "locked": true,
      "occlusion": {
        "mode": 0,
        "alpha": 1
      },
      "video": {
        "loop": true,
        "autoplay": true,
        "volume": 0
      },
      "flags": {},
      "sort": 1,
      "restrictions": {
        "light": false,
        "weather": false
      },
      "elevation": 0,
      "_key": "!scenes.tiles!WwUqeRIh3eAAc0f0.JKDNe2q0JkHH7X8o"
    },
    {
      "texture": {
        "src": "fa_battlemaps/Maps/2022/December/fa_wec-caveentrance/Text/Alternate.webp",
        "scaleX": 1,
        "scaleY": 1,
        "offsetX": 0,
        "offsetY": 0,
        "rotation": 0,
        "tint": "#890101",
        "anchorX": 0.5,
        "anchorY": 0.5,
        "fit": "fill",
        "alphaThreshold": 0.75
      },
      "width": 300,
      "height": 50,
      "_id": "m5T8NUTCwF9lVoXM",
      "rotation": 0,
      "alpha": 1,
      "hidden": false,
      "locked": true,
      "occlusion": {
        "mode": 0,
        "alpha": 1
      },
      "video": {
        "loop": true,
        "autoplay": true,
        "volume": 0
      },
      "flags": {
        "tagger": {},
        "monks-active-tiles": {
          "active": true,
          "record": false,
          "restriction": "all",
          "controlled": "gm",
          "trigger": [
            "dblclick"
          ],
          "allowpaused": false,
          "usealpha": false,
          "pointer": false,
          "pertoken": false,
          "minrequired": 0,
          "chance": 100,
          "fileindex": 0,
          "actions": [
            {
              "action": "alter",
              "data": {
                "entity": {
                  "id": "tile",
                  "name": "This Tile"
                },
                "attribute": "texture.tint",
                "value": "='{{entity.texture.tint}}' == '#000000' ? '#890101' : '#000000'",
                "chatMessage": false,
                "rollmode": "roll"
              },
              "id": "ixNwRVtN7pLL1KOA"
            },
            {
              "action": "tileimage",
              "data": {
                "entity": {
                  "id": "tagger:map",
                  "match": "all",
                  "scene": "_active",
                  "name": "<i class=\"fas fa-tag fa-sm\"></i> map"
                },
                "select": "next",
                "transition": "none",
                "speed": 1,
                "loop": 1
              },
              "id": "vpHTM8nj9JMpS8iP"
            },
            {
              "action": "alter",
              "data": {
                "entity": {
                  "id": "tagger:wall",
                  "match": "all",
                  "scene": "_active",
                  "name": "<i class=\"fas fa-tag fa-sm\"></i> wall"
                },
                "attribute": "move",
                "value": "={{entity.move}} == 0 ? 20 : 0",
                "chatMessage": false,
                "rollmode": "roll"
              },
              "id": "neCJcUNq7h5MP4Hd"
            },
            {
              "action": "alter",
              "data": {
                "entity": {
                  "id": "tagger:wall",
                  "match": "all",
                  "scene": "_active",
                  "name": "<i class=\"fas fa-tag fa-sm\"></i> wall"
                },
                "attribute": "sight",
                "value": "={{entity.sight}} == 0 ? 20 : 0",
                "chatMessage": false,
                "rollmode": "roll"
              },
              "id": "fmSyfLLz1Ki5cLAw"
            },
            {
              "action": "alter",
              "data": {
                "entity": {
                  "id": "tagger:wall",
                  "match": "all",
                  "scene": "_active",
                  "name": "<i class=\"fas fa-tag fa-sm\"></i> wall"
                },
                "attribute": "light",
                "value": "={{entity.light}} == 0 ? 20 : 0",
                "chatMessage": false,
                "rollmode": "roll"
              },
              "id": "a7Md0b0ltfl0QvJu"
            }
          ],
          "files": [],
          "name": "",
          "vision": false,
          "cooldown": null
        }
      },
      "x": 3225,
      "y": 752,
      "sort": 2,
      "restrictions": {
        "light": false,
        "weather": false
      },
      "elevation": 0,
      "_key": "!scenes.tiles!WwUqeRIh3eAAc0f0.m5T8NUTCwF9lVoXM"
    }
  ],
  "walls": [
    {
      "_id": "mOKvGIwg2fmFLfUc",
      "c": [
        2575,
        3500,
        2662,
        3387
      ],
      "light": 20,
      "move": 20,
      "sight": 20,
      "sound": 20,
      "dir": 0,
      "door": 0,
      "ds": 0,
      "flags": {},
      "threshold": {
        "light": null,
        "sight": null,
        "sound": null,
        "attenuation": false
      },
      "_key": "!scenes.walls!WwUqeRIh3eAAc0f0.mOKvGIwg2fmFLfUc"
    },
    {
      "_id": "cFtuxxohx9skWXxU",
      "c": [
        2662,
        3387,
        2725,
        3350
      ],
      "light": 20,
      "move": 20,
      "sight": 20,
      "sound": 20,
      "dir": 0,
      "door": 0,
      "ds": 0,
      "flags": {},
      "threshold": {
        "light": null,
        "sight": null,
        "sound": null,
        "attenuation": false
      },
      "_key": "!scenes.walls!WwUqeRIh3eAAc0f0.cFtuxxohx9skWXxU"
    },
    {
      "_id": "NbtfmyglJIIhtXlB",
      "c": [
        2725,
        3350,
        2750,
        3187
      ],
      "light": 20,
      "move": 20,
      "sight": 20,
      "sound": 20,
      "dir": 0,
      "door": 0,
      "ds": 0,
      "flags": {},
      "threshold": {
        "light": null,
        "sight": null,
        "sound": null,
        "attenuation": false
      },
      "_key": "!scenes.walls!WwUqeRIh3eAAc0f0.NbtfmyglJIIhtXlB"
    },
    {
      "_id": "2p4AXH3jCEdJ3JaY",
      "c": [
        2750,
        3187,
        2700,
        3175
      ],
      "light": 20,
      "move": 20,
      "sight": 20,
      "sound": 20,
      "dir": 0,
      "door": 0,
      "ds": 0,
      "flags": {},
      "threshold": {
        "light": null,
        "sight": null,
        "sound": null,
        "attenuation": false
      },
      "_key": "!scenes.walls!WwUqeRIh3eAAc0f0.2p4AXH3jCEdJ3JaY"
    },
    {
      "_id": "5yhUjc2qyNkvfblx",
      "c": [
        2700,
        3175,
        2600,
        3187
      ],
      "light": 20,
      "move": 20,
      "sight": 20,
      "sound": 20,
      "dir": 0,
      "door": 0,
      "ds": 0,
      "flags": {},
      "threshold": {
        "light": null,
        "sight": null,
        "sound": null,
        "attenuation": false
      },
      "_key": "!scenes.walls!WwUqeRIh3eAAc0f0.5yhUjc2qyNkvfblx"
    },
    {
      "_id": "YPlkTwFjQo0DjDOd",
      "c": [
        2600,
        3187,
        2537,
        3150
      ],
      "light": 20,
      "move": 20,
      "sight": 20,
      "sound": 20,
      "dir": 0,
      "door": 0,
      "ds": 0,
      "flags": {},
      "threshold": {
        "light": null,
        "sight": null,
        "sound": null,
        "attenuation": false
      },
      "_key": "!scenes.walls!WwUqeRIh3eAAc0f0.YPlkTwFjQo0DjDOd"
    },
    {
      "_id": "cR04idjX1cVrXSqw",
      "c": [
        2537,
        3150,
        2450,
        3175
      ],
      "light": 20,
      "move": 20,
      "sight": 20,
      "sound": 20,
      "dir": 0,
      "door": 0,
      "ds": 0,
      "flags": {},
      "threshold": {
        "light": null,
        "sight": null,
        "sound": null,
        "attenuation": false
      },
      "_key": "!scenes.walls!WwUqeRIh3eAAc0f0.cR04idjX1cVrXSqw"
    },
    {
      "_id": "4Tmi9H5X9nXCSWwp",
      "c": [
        2450,
        3175,
        2312,
        3112
      ],
      "light": 20,
      "move": 20,
      "sight": 20,
      "sound": 20,
      "dir": 0,
      "door": 0,
      "ds": 0,
      "flags": {},
      "threshold": {
        "light": null,
        "sight": null,
        "sound": null,
        "attenuation": false
      },
      "_key": "!scenes.walls!WwUqeRIh3eAAc0f0.4Tmi9H5X9nXCSWwp"
    },
    {
      "_id": "ou47ie4q8sGIrKg8",
      "c": [
        2312,
        3112,
        2262,
        3137
      ],
      "light": 20,
      "move": 20,
      "sight": 20,
      "sound": 20,
      "dir": 0,
      "door": 0,
      "ds": 0,
      "flags": {},
      "threshold": {
        "light": null,
        "sight": null,
        "sound": null,
        "attenuation": false
      },
      "_key": "!scenes.walls!WwUqeRIh3eAAc0f0.ou47ie4q8sGIrKg8"
    },
    {
      "_id": "ahWHpeEzPeerNwXs",
      "c": [
        2262,
        3137,
        2137,
        3100
      ],
      "light": 20,
      "move": 20,
      "sight": 20,
      "sound": 20,
      "dir": 0,
      "door": 0,
      "ds": 0,
      "flags": {},
      "threshold": {
        "light": null,
        "sight": null,
        "sound": null,
        "attenuation": false
      },
      "_key": "!scenes.walls!WwUqeRIh3eAAc0f0.ahWHpeEzPeerNwXs"
    },
    {
      "_id": "Fm2ReD7gPgO79fhM",
      "c": [
        2137,
        3100,
        2062,
        3137
      ],
      "light": 20,
      "move": 20,
      "sight": 20,
      "sound": 20,
      "dir": 0,
      "door": 0,
      "ds": 0,
      "flags": {},
      "threshold": {
        "light": null,
        "sight": null,
        "sound": null,
        "attenuation": false
      },
      "_key": "!scenes.walls!WwUqeRIh3eAAc0f0.Fm2ReD7gPgO79fhM"
    },
    {
      "_id": "DnbttGWz3F4hIWRv",
      "c": [
        2062,
        3137,
        2000,
        3137
      ],
      "light": 20,
      "move": 20,
      "sight": 20,
      "sound": 20,
      "dir": 0,
      "door": 0,
      "ds": 0,
      "flags": {},
      "threshold": {
        "light": null,
        "sight": null,
        "sound": null,
        "attenuation": false
      },
      "_key": "!scenes.walls!WwUqeRIh3eAAc0f0.DnbttGWz3F4hIWRv"
    },
    {
      "_id": "JutQgltOtpPucTMV",
      "c": [
        2000,
        3137,
        1712,
        3450
      ],
      "light": 20,
      "move": 20,
      "sight": 20,
      "sound": 20,
      "dir": 0,
      "door": 0,
      "ds": 0,
      "flags": {},
      "threshold": {
        "light": null,
        "sight": null,
        "sound": null,
        "attenuation": false
      },
      "_key": "!scenes.walls!WwUqeRIh3eAAc0f0.JutQgltOtpPucTMV"
    },
    {
      "_id": "ItSgSBSrvcZiNreF",
      "c": [
        1712,
        3450,
        1637,
        3475
      ],
      "light": 20,
      "move": 20,
      "sight": 20,
      "sound": 20,
      "dir": 0,
      "door": 0,
      "ds": 0,
      "flags": {},
      "threshold": {
        "light": null,
        "sight": null,
        "sound": null,
        "attenuation": false
      },
      "_key": "!scenes.walls!WwUqeRIh3eAAc0f0.ItSgSBSrvcZiNreF"
    },
    {
      "_id": "e3WDQkHfHr0GIfkr",
      "c": [
        1637,
        3475,
        1525,
        3387
      ],
      "light": 20,
      "move": 20,
      "sight": 20,
      "sound": 20,
      "dir": 0,
      "door": 0,
      "ds": 0,
      "flags": {},
      "threshold": {
        "light": null,
        "sight": null,
        "sound": null,
        "attenuation": false
      },
      "_key": "!scenes.walls!WwUqeRIh3eAAc0f0.e3WDQkHfHr0GIfkr"
    },
    {
      "_id": "6dO1CLjVQTqqY8dN",
      "c": [
        1525,
        3387,
        1475,
        3300
      ],
      "light": 20,
      "move": 20,
      "sight": 20,
      "sound": 20,
      "dir": 0,
      "door": 0,
      "ds": 0,
      "flags": {},
      "threshold": {
        "light": null,
        "sight": null,
        "sound": null,
        "attenuation": false
      },
      "_key": "!scenes.walls!WwUqeRIh3eAAc0f0.6dO1CLjVQTqqY8dN"
    },
    {
      "_id": "KYOmNZG2zvI4rzFe",
      "c": [
        1475,
        3300,
        1500,
        3237
      ],
      "light": 20,
      "move": 20,
      "sight": 20,
      "sound": 20,
      "dir": 0,
      "door": 0,
      "ds": 0,
      "flags": {},
      "threshold": {
        "light": null,
        "sight": null,
        "sound": null,
        "attenuation": false
      },
      "_key": "!scenes.walls!WwUqeRIh3eAAc0f0.KYOmNZG2zvI4rzFe"
    },
    {
      "_id": "7klLGff9UJnJgIsl",
      "c": [
        1500,
        3237,
        1662,
        3075
      ],
      "light": 20,
      "move": 20,
      "sight": 20,
      "sound": 20,
      "dir": 0,
      "door": 0,
      "ds": 0,
      "flags": {},
      "threshold": {
        "light": null,
        "sight": null,
        "sound": null,
        "attenuation": false
      },
      "_key": "!scenes.walls!WwUqeRIh3eAAc0f0.7klLGff9UJnJgIsl"
    },
    {
      "_id": "eb88cnAQcsHODUju",
      "c": [
        1662,
        3075,
        1650,
        3025
      ],
      "light": 20,
      "move": 20,
      "sight": 20,
      "sound": 20,
      "dir": 0,
      "door": 0,
      "ds": 0,
      "flags": {},
      "threshold": {
        "light": null,
        "sight": null,
        "sound": null,
        "attenuation": false
      },
      "_key": "!scenes.walls!WwUqeRIh3eAAc0f0.eb88cnAQcsHODUju"
    },
    {
      "_id": "14012RqSfb7ahpaw",
      "c": [
        1650,
        3025,
        1587,
        2962
      ],
      "light": 20,
      "move": 20,
      "sight": 20,
      "sound": 20,
      "dir": 0,
      "door": 0,
      "ds": 0,
      "flags": {},
      "threshold": {
        "light": null,
        "sight": null,
        "sound": null,
        "attenuation": false
      },
      "_key": "!scenes.walls!WwUqeRIh3eAAc0f0.14012RqSfb7ahpaw"
    },
    {
      "_id": "8CMd1RiwaoEOGxgv",
      "c": [
        1587,
        2962,
        1487,
        2925
      ],
      "light": 20,
      "move": 20,
      "sight": 20,
      "sound": 20,
      "dir": 0,
      "door": 0,
      "ds": 0,
      "flags": {},
      "threshold": {
        "light": null,
        "sight": null,
        "sound": null,
        "attenuation": false
      },
      "_key": "!scenes.walls!WwUqeRIh3eAAc0f0.8CMd1RiwaoEOGxgv"
    },
    {
      "_id": "qqjFgYIEyw6dCExt",
      "c": [
        1487,
        2925,
        1375,
        2800
      ],
      "light": 20,
      "move": 20,
      "sight": 20,
      "sound": 20,
      "dir": 0,
      "door": 0,
      "ds": 0,
      "flags": {},
      "threshold": {
        "light": null,
        "sight": null,
        "sound": null,
        "attenuation": false
      },
      "_key": "!scenes.walls!WwUqeRIh3eAAc0f0.qqjFgYIEyw6dCExt"
    },
    {
      "_id": "F6KJDH1NYPMV5Gui",
      "c": [
        1375,
        2800,
        1337,
        2700
      ],
      "light": 20,
      "move": 20,
      "sight": 20,
      "sound": 20,
      "dir": 0,
      "door": 0,
      "ds": 0,
      "flags": {},
      "threshold": {
        "light": null,
        "sight": null,
        "sound": null,
        "attenuation": false
      },
      "_key": "!scenes.walls!WwUqeRIh3eAAc0f0.F6KJDH1NYPMV5Gui"
    },
    {
      "_id": "6KIfijKVd5rBrdMS",
      "c": [
        1337,
        2700,
        1250,
        2625
      ],
      "light": 20,
      "move": 20,
      "sight": 20,
      "sound": 20,
      "dir": 0,
      "door": 0,
      "ds": 0,
      "flags": {},
      "threshold": {
        "light": null,
        "sight": null,
        "sound": null,
        "attenuation": false
      },
      "_key": "!scenes.walls!WwUqeRIh3eAAc0f0.6KIfijKVd5rBrdMS"
    },
    {
      "_id": "VpXWsY5Kx24R2JRl",
      "c": [
        1250,
        2625,
        1212,
        2600
      ],
      "light": 20,
      "move": 20,
      "sight": 20,
      "sound": 20,
      "dir": 0,
      "door": 0,
      "ds": 0,
      "flags": {},
      "threshold": {
        "light": null,
        "sight": null,
        "sound": null,
        "attenuation": false
      },
      "_key": "!scenes.walls!WwUqeRIh3eAAc0f0.VpXWsY5Kx24R2JRl"
    },
    {
      "_id": "AaMtM3zOuRpbobMX",
      "c": [
        1212,
        2600,
        1175,
        2437
      ],
      "light": 20,
      "move": 20,
      "sight": 20,
      "sound": 20,
      "dir": 0,
      "door": 0,
      "ds": 0,
      "flags": {},
      "threshold": {
        "light": null,
        "sight": null,
        "sound": null,
        "attenuation": false
      },
      "_key": "!scenes.walls!WwUqeRIh3eAAc0f0.AaMtM3zOuRpbobMX"
    },
    {
      "_id": "omVA3blNeTi9wnRR",
      "c": [
        1175,
        2437,
        1237,
        2375
      ],
      "light": 20,
      "move": 20,
      "sight": 20,
      "sound": 20,
      "dir": 0,
      "door": 0,
      "ds": 0,
      "flags": {},
      "threshold": {
        "light": null,
        "sight": null,
        "sound": null,
        "attenuation": false
      },
      "_key": "!scenes.walls!WwUqeRIh3eAAc0f0.omVA3blNeTi9wnRR"
    },
    {
      "_id": "6eRyKkNvWbF8kVGZ",
      "c": [
        1237,
        2375,
        1262,
        2300
      ],
      "light": 20,
      "move": 20,
      "sight": 20,
      "sound": 20,
      "dir": 0,
      "door": 0,
      "ds": 0,
      "flags": {},
      "threshold": {
        "light": null,
        "sight": null,
        "sound": null,
        "attenuation": false
      },
      "_key": "!scenes.walls!WwUqeRIh3eAAc0f0.6eRyKkNvWbF8kVGZ"
    },
    {
      "_id": "lnua6gtGDmIKWDo1",
      "c": [
        1262,
        2300,
        1237,
        2262
      ],
      "light": 20,
      "move": 20,
      "sight": 20,
      "sound": 20,
      "dir": 0,
      "door": 0,
      "ds": 0,
      "flags": {},
      "threshold": {
        "light": null,
        "sight": null,
        "sound": null,
        "attenuation": false
      },
      "_key": "!scenes.walls!WwUqeRIh3eAAc0f0.lnua6gtGDmIKWDo1"
    },
    {
      "_id": "WW3D5kD3QFv54vKz",
      "c": [
        1237,
        2262,
        1200,
        2275
      ],
      "light": 20,
      "move": 20,
      "sight": 20,
      "sound": 20,
      "dir": 0,
      "door": 0,
      "ds": 0,
      "flags": {},
      "threshold": {
        "light": null,
        "sight": null,
        "sound": null,
        "attenuation": false
      },
      "_key": "!scenes.walls!WwUqeRIh3eAAc0f0.WW3D5kD3QFv54vKz"
    },
    {
      "_id": "1ER5AERszjwatvgm",
      "c": [
        1200,
        2275,
        1075,
        2137
      ],
      "light": 20,
      "move": 20,
      "sight": 20,
      "sound": 20,
      "dir": 0,
      "door": 0,
      "ds": 0,
      "flags": {},
      "threshold": {
        "light": null,
        "sight": null,
        "sound": null,
        "attenuation": false
      },
      "_key": "!scenes.walls!WwUqeRIh3eAAc0f0.1ER5AERszjwatvgm"
    },
    {
      "_id": "ZlzIj366C1u4FZAB",
      "c": [
        1075,
        2137,
        1000,
        2087
      ],
      "light": 20,
      "move": 20,
      "sight": 20,
      "sound": 20,
      "dir": 0,
      "door": 0,
      "ds": 0,
      "flags": {},
      "threshold": {
        "light": null,
        "sight": null,
        "sound": null,
        "attenuation": false
      },
      "_key": "!scenes.walls!WwUqeRIh3eAAc0f0.ZlzIj366C1u4FZAB"
    },
    {
      "_id": "h79SZmppxfhsD1XB",
      "c": [
        1000,
        2087,
        962,
        1937
      ],
      "light": 20,
      "move": 20,
      "sight": 20,
      "sound": 20,
      "dir": 0,
      "door": 0,
      "ds": 0,
      "flags": {},
      "threshold": {
        "light": null,
        "sight": null,
        "sound": null,
        "attenuation": false
      },
      "_key": "!scenes.walls!WwUqeRIh3eAAc0f0.h79SZmppxfhsD1XB"
    },
    {
      "_id": "YGTI1MkDh8MmzpgI",
      "c": [
        962,
        1937,
        862,
        1925
      ],
      "light": 20,
      "move": 20,
      "sight": 20,
      "sound": 20,
      "dir": 0,
      "door": 0,
      "ds": 0,
      "flags": {},
      "threshold": {
        "light": null,
        "sight": null,
        "sound": null,
        "attenuation": false
      },
      "_key": "!scenes.walls!WwUqeRIh3eAAc0f0.YGTI1MkDh8MmzpgI"
    },
    {
      "_id": "ndfMEhz4Svrn2up7",
      "c": [
        862,
        1925,
        812,
        1875
      ],
      "light": 20,
      "move": 20,
      "sight": 20,
      "sound": 20,
      "dir": 0,
      "door": 0,
      "ds": 0,
      "flags": {},
      "threshold": {
        "light": null,
        "sight": null,
        "sound": null,
        "attenuation": false
      },
      "_key": "!scenes.walls!WwUqeRIh3eAAc0f0.ndfMEhz4Svrn2up7"
    },
    {
      "_id": "Tgk4ArkGR4XmaIsS",
      "c": [
        812,
        1875,
        700,
        1875
      ],
      "light": 20,
      "move": 20,
      "sight": 20,
      "sound": 20,
      "dir": 0,
      "door": 0,
      "ds": 0,
      "flags": {},
      "threshold": {
        "light": null,
        "sight": null,
        "sound": null,
        "attenuation": false
      },
      "_key": "!scenes.walls!WwUqeRIh3eAAc0f0.Tgk4ArkGR4XmaIsS"
    },
    {
      "_id": "glE4FEEK3lHywBSl",
      "c": [
        700,
        1350,
        762,
        1400
      ],
      "light": 20,
      "move": 20,
      "sight": 20,
      "sound": 20,
      "dir": 0,
      "door": 0,
      "ds": 0,
      "flags": {},
      "threshold": {
        "light": null,
        "sight": null,
        "sound": null,
        "attenuation": false
      },
      "_key": "!scenes.walls!WwUqeRIh3eAAc0f0.glE4FEEK3lHywBSl"
    },
    {
      "_id": "RXgMMdFaubFymgfb",
      "c": [
        762,
        1400,
        787,
        1537
      ],
      "light": 20,
      "move": 20,
      "sight": 20,
      "sound": 20,
      "dir": 0,
      "door": 0,
      "ds": 0,
      "flags": {},
      "threshold": {
        "light": null,
        "sight": null,
        "sound": null,
        "attenuation": false
      },
      "_key": "!scenes.walls!WwUqeRIh3eAAc0f0.RXgMMdFaubFymgfb"
    },
    {
      "_id": "uzSvBuq8KtJBsGtZ",
      "c": [
        787,
        1537,
        887,
        1637
      ],
      "light": 20,
      "move": 20,
      "sight": 20,
      "sound": 20,
      "dir": 0,
      "door": 0,
      "ds": 0,
      "flags": {},
      "threshold": {
        "light": null,
        "sight": null,
        "sound": null,
        "attenuation": false
      },
      "_key": "!scenes.walls!WwUqeRIh3eAAc0f0.uzSvBuq8KtJBsGtZ"
    },
    {
      "_id": "qPYxcIaLcHhD58Rt",
      "c": [
        887,
        1637,
        1100,
        1687
      ],
      "light": 20,
      "move": 20,
      "sight": 20,
      "sound": 20,
      "dir": 0,
      "door": 0,
      "ds": 0,
      "flags": {},
      "threshold": {
        "light": null,
        "sight": null,
        "sound": null,
        "attenuation": false
      },
      "_key": "!scenes.walls!WwUqeRIh3eAAc0f0.qPYxcIaLcHhD58Rt"
    },
    {
      "_id": "aFUAwKS1DbPdfpwg",
      "c": [
        1100,
        1687,
        1262,
        1612
      ],
      "light": 20,
      "move": 20,
      "sight": 20,
      "sound": 20,
      "dir": 0,
      "door": 0,
      "ds": 0,
      "flags": {},
      "threshold": {
        "light": null,
        "sight": null,
        "sound": null,
        "attenuation": false
      },
      "_key": "!scenes.walls!WwUqeRIh3eAAc0f0.aFUAwKS1DbPdfpwg"
    },
    {
      "_id": "ttim4cwtEMAFRppQ",
      "c": [
        1262,
        1612,
        1337,
        1600
      ],
      "light": 20,
      "move": 20,
      "sight": 20,
      "sound": 20,
      "dir": 0,
      "door": 0,
      "ds": 0,
      "flags": {},
      "threshold": {
        "light": null,
        "sight": null,
        "sound": null,
        "attenuation": false
      },
      "_key": "!scenes.walls!WwUqeRIh3eAAc0f0.ttim4cwtEMAFRppQ"
    },
    {
      "_id": "aEuGngeiziQMGCM7",
      "c": [
        1337,
        1600,
        1425,
        1675
      ],
      "light": 20,
      "move": 20,
      "sight": 20,
      "sound": 20,
      "dir": 0,
      "door": 0,
      "ds": 0,
      "flags": {},
      "threshold": {
        "light": null,
        "sight": null,
        "sound": null,
        "attenuation": false
      },
      "_key": "!scenes.walls!WwUqeRIh3eAAc0f0.aEuGngeiziQMGCM7"
    },
    {
      "_id": "Y591rPoWr1KqBwKb",
      "c": [
        1425,
        1675,
        1500,
        1625
      ],
      "light": 20,
      "move": 20,
      "sight": 20,
      "sound": 20,
      "dir": 0,
      "door": 0,
      "ds": 0,
      "flags": {},
      "threshold": {
        "light": null,
        "sight": null,
        "sound": null,
        "attenuation": false
      },
      "_key": "!scenes.walls!WwUqeRIh3eAAc0f0.Y591rPoWr1KqBwKb"
    },
    {
      "_id": "DtJbXe9ntZPKyxFH",
      "c": [
        1500,
        1625,
        1675,
        1587
      ],
      "light": 20,
      "move": 20,
      "sight": 20,
      "sound": 20,
      "dir": 0,
      "door": 0,
      "ds": 0,
      "flags": {},
      "threshold": {
        "light": null,
        "sight": null,
        "sound": null,
        "attenuation": false
      },
      "_key": "!scenes.walls!WwUqeRIh3eAAc0f0.DtJbXe9ntZPKyxFH"
    },
    {
      "_id": "4LzGnHomguF84UVu",
      "c": [
        1675,
        1587,
        1700,
        1525
      ],
      "light": 20,
      "move": 20,
      "sight": 20,
      "sound": 20,
      "dir": 0,
      "door": 0,
      "ds": 0,
      "flags": {},
      "threshold": {
        "light": null,
        "sight": null,
        "sound": null,
        "attenuation": false
      },
      "_key": "!scenes.walls!WwUqeRIh3eAAc0f0.4LzGnHomguF84UVu"
    },
    {
      "_id": "l0F7MaZdoiP57dZ1",
      "c": [
        1700,
        1525,
        1825,
        1487
      ],
      "light": 20,
      "move": 20,
      "sight": 20,
      "sound": 20,
      "dir": 0,
      "door": 0,
      "ds": 0,
      "flags": {},
      "threshold": {
        "light": null,
        "sight": null,
        "sound": null,
        "attenuation": false
      },
      "_key": "!scenes.walls!WwUqeRIh3eAAc0f0.l0F7MaZdoiP57dZ1"
    },
    {
      "_id": "bVwse9mN90vYFh8x",
      "c": [
        1825,
        1487,
        1862,
        1387
      ],
      "light": 20,
      "move": 20,
      "sight": 20,
      "sound": 20,
      "dir": 0,
      "door": 0,
      "ds": 0,
      "flags": {},
      "threshold": {
        "light": null,
        "sight": null,
        "sound": null,
        "attenuation": false
      },
      "_key": "!scenes.walls!WwUqeRIh3eAAc0f0.bVwse9mN90vYFh8x"
    },
    {
      "_id": "8Lmzn0mJhN3fCgdR",
      "c": [
        1862,
        1387,
        2012,
        1200
      ],
      "light": 20,
      "move": 20,
      "sight": 20,
      "sound": 20,
      "dir": 0,
      "door": 0,
      "ds": 0,
      "flags": {},
      "threshold": {
        "light": null,
        "sight": null,
        "sound": null,
        "attenuation": false
      },
      "_key": "!scenes.walls!WwUqeRIh3eAAc0f0.8Lmzn0mJhN3fCgdR"
    },
    {
      "_id": "UuSycsFhhU9oQ3qr",
      "c": [
        2012,
        1200,
        1950,
        1137
      ],
      "light": 20,
      "move": 20,
      "sight": 20,
      "sound": 20,
      "dir": 0,
      "door": 0,
      "ds": 0,
      "flags": {},
      "threshold": {
        "light": null,
        "sight": null,
        "sound": null,
        "attenuation": false
      },
      "_key": "!scenes.walls!WwUqeRIh3eAAc0f0.UuSycsFhhU9oQ3qr"
    },
    {
      "_id": "u3bmSxT2a7hfOvrF",
      "c": [
        1950,
        1137,
        1825,
        1050
      ],
      "light": 20,
      "move": 20,
      "sight": 20,
      "sound": 20,
      "dir": 0,
      "door": 0,
      "ds": 0,
      "flags": {},
      "threshold": {
        "light": null,
        "sight": null,
        "sound": null,
        "attenuation": false
      },
      "_key": "!scenes.walls!WwUqeRIh3eAAc0f0.u3bmSxT2a7hfOvrF"
    },
    {
      "_id": "7XyJhdw941ur2xZG",
      "c": [
        1825,
        1050,
        1737,
        1062
      ],
      "light": 20,
      "move": 20,
      "sight": 20,
      "sound": 20,
      "dir": 0,
      "door": 0,
      "ds": 0,
      "flags": {},
      "threshold": {
        "light": null,
        "sight": null,
        "sound": null,
        "attenuation": false
      },
      "_key": "!scenes.walls!WwUqeRIh3eAAc0f0.7XyJhdw941ur2xZG"
    },
    {
      "_id": "oJSw9B8uUTAhOQ9a",
      "c": [
        1737,
        1062,
        1637,
        1025
      ],
      "light": 20,
      "move": 20,
      "sight": 20,
      "sound": 20,
      "dir": 0,
      "door": 0,
      "ds": 0,
      "flags": {},
      "threshold": {
        "light": null,
        "sight": null,
        "sound": null,
        "attenuation": false
      },
      "_key": "!scenes.walls!WwUqeRIh3eAAc0f0.oJSw9B8uUTAhOQ9a"
    },
    {
      "_id": "0MEob1LnUFNysLQy",
      "c": [
        1637,
        1025,
        1587,
        975
      ],
      "light": 20,
      "move": 20,
      "sight": 20,
      "sound": 20,
      "dir": 0,
      "door": 0,
      "ds": 0,
      "flags": {},
      "threshold": {
        "light": null,
        "sight": null,
        "sound": null,
        "attenuation": false
      },
      "_key": "!scenes.walls!WwUqeRIh3eAAc0f0.0MEob1LnUFNysLQy"
    },
    {
      "_id": "73ZP23CPoGaBpCsE",
      "c": [
        1587,
        975,
        1562,
        912
      ],
      "light": 20,
      "move": 20,
      "sight": 20,
      "sound": 20,
      "dir": 0,
      "door": 0,
      "ds": 0,
      "flags": {},
      "threshold": {
        "light": null,
        "sight": null,
        "sound": null,
        "attenuation": false
      },
      "_key": "!scenes.walls!WwUqeRIh3eAAc0f0.73ZP23CPoGaBpCsE"
    },
    {
      "_id": "aKAKQos0JAAA0nT0",
      "c": [
        1562,
        912,
        1487,
        825
      ],
      "light": 20,
      "move": 20,
      "sight": 20,
      "sound": 20,
      "dir": 0,
      "door": 0,
      "ds": 0,
      "flags": {},
      "threshold": {
        "light": null,
        "sight": null,
        "sound": null,
        "attenuation": false
      },
      "_key": "!scenes.walls!WwUqeRIh3eAAc0f0.aKAKQos0JAAA0nT0"
    },
    {
      "_id": "Ygm4vQR7ao9tQLeO",
      "c": [
        1487,
        825,
        1475,
        700
      ],
      "light": 20,
      "move": 20,
      "sight": 20,
      "sound": 20,
      "dir": 0,
      "door": 0,
      "ds": 0,
      "flags": {},
      "threshold": {
        "light": null,
        "sight": null,
        "sound": null,
        "attenuation": false
      },
      "_key": "!scenes.walls!WwUqeRIh3eAAc0f0.Ygm4vQR7ao9tQLeO"
    },
    {
      "_id": "OpZsrvjs2HQW1SXc",
      "c": [
        2700,
        1400,
        2562,
        1375
      ],
      "light": 20,
      "move": 20,
      "sight": 20,
      "sound": 20,
      "dir": 0,
      "door": 0,
      "ds": 0,
      "flags": {},
      "threshold": {
        "light": null,
        "sight": null,
        "sound": null,
        "attenuation": false
      },
      "_key": "!scenes.walls!WwUqeRIh3eAAc0f0.OpZsrvjs2HQW1SXc"
    },
    {
      "_id": "jsqAb1dOZVf3kTBM",
      "c": [
        2562,
        1375,
        2512,
        1425
      ],
      "light": 20,
      "move": 20,
      "sight": 20,
      "sound": 20,
      "dir": 0,
      "door": 0,
      "ds": 0,
      "flags": {},
      "threshold": {
        "light": null,
        "sight": null,
        "sound": null,
        "attenuation": false
      },
      "_key": "!scenes.walls!WwUqeRIh3eAAc0f0.jsqAb1dOZVf3kTBM"
    },
    {
      "_id": "hnM1ZuoR0EUGabez",
      "c": [
        2512,
        1425,
        2425,
        1475
      ],
      "light": 20,
      "move": 20,
      "sight": 20,
      "sound": 20,
      "dir": 0,
      "door": 0,
      "ds": 0,
      "flags": {},
      "threshold": {
        "light": null,
        "sight": null,
        "sound": null,
        "attenuation": false
      },
      "_key": "!scenes.walls!WwUqeRIh3eAAc0f0.hnM1ZuoR0EUGabez"
    },
    {
      "_id": "MNnwh833JJRzCcuM",
      "c": [
        2425,
        1475,
        2312,
        1487
      ],
      "light": 20,
      "move": 20,
      "sight": 20,
      "sound": 20,
      "dir": 0,
      "door": 0,
      "ds": 0,
      "flags": {},
      "threshold": {
        "light": null,
        "sight": null,
        "sound": null,
        "attenuation": false
      },
      "_key": "!scenes.walls!WwUqeRIh3eAAc0f0.MNnwh833JJRzCcuM"
    },
    {
      "_id": "SVdiALgQzhBrMTcN",
      "c": [
        2312,
        1487,
        2250,
        1575
      ],
      "light": 20,
      "move": 20,
      "sight": 20,
      "sound": 20,
      "dir": 0,
      "door": 0,
      "ds": 0,
      "flags": {},
      "threshold": {
        "light": null,
        "sight": null,
        "sound": null,
        "attenuation": false
      },
      "_key": "!scenes.walls!WwUqeRIh3eAAc0f0.SVdiALgQzhBrMTcN"
    },
    {
      "_id": "RW8XXWwDL6eF0AFy",
      "c": [
        2250,
        1575,
        2287,
        1737
      ],
      "light": 20,
      "move": 20,
      "sight": 20,
      "sound": 20,
      "dir": 0,
      "door": 0,
      "ds": 0,
      "flags": {},
      "threshold": {
        "light": null,
        "sight": null,
        "sound": null,
        "attenuation": false
      },
      "_key": "!scenes.walls!WwUqeRIh3eAAc0f0.RW8XXWwDL6eF0AFy"
    },
    {
      "_id": "F1PiuyueTtc3d4o6",
      "c": [
        2287,
        1737,
        2275,
        1850
      ],
      "light": 20,
      "move": 20,
      "sight": 20,
      "sound": 20,
      "dir": 0,
      "door": 0,
      "ds": 0,
      "flags": {},
      "threshold": {
        "light": null,
        "sight": null,
        "sound": null,
        "attenuation": false
      },
      "_key": "!scenes.walls!WwUqeRIh3eAAc0f0.F1PiuyueTtc3d4o6"
    },
    {
      "_id": "cVLPGBYVMyXhHj6G",
      "c": [
        2275,
        1850,
        2262,
        1937
      ],
      "light": 20,
      "move": 20,
      "sight": 20,
      "sound": 20,
      "dir": 0,
      "door": 0,
      "ds": 0,
      "flags": {},
      "threshold": {
        "light": null,
        "sight": null,
        "sound": null,
        "attenuation": false
      },
      "_key": "!scenes.walls!WwUqeRIh3eAAc0f0.cVLPGBYVMyXhHj6G"
    },
    {
      "_id": "VF9CsrRZqVqVeDSH",
      "c": [
        2262,
        1937,
        2300,
        2012
      ],
      "light": 20,
      "move": 20,
      "sight": 20,
      "sound": 20,
      "dir": 0,
      "door": 0,
      "ds": 0,
      "flags": {},
      "threshold": {
        "light": null,
        "sight": null,
        "sound": null,
        "attenuation": false
      },
      "_key": "!scenes.walls!WwUqeRIh3eAAc0f0.VF9CsrRZqVqVeDSH"
    },
    {
      "_id": "hioK16sdJrntwdUu",
      "c": [
        2300,
        2012,
        2400,
        1937
      ],
      "light": 20,
      "move": 20,
      "sight": 20,
      "sound": 20,
      "dir": 0,
      "door": 0,
      "ds": 0,
      "flags": {},
      "threshold": {
        "light": null,
        "sight": null,
        "sound": null,
        "attenuation": false
      },
      "_key": "!scenes.walls!WwUqeRIh3eAAc0f0.hioK16sdJrntwdUu"
    },
    {
      "_id": "Zud5qQtXLyjq4SZ4",
      "c": [
        2400,
        1937,
        2375,
        1850
      ],
      "light": 20,
      "move": 20,
      "sight": 20,
      "sound": 20,
      "dir": 0,
      "door": 0,
      "ds": 0,
      "flags": {},
      "threshold": {
        "light": null,
        "sight": null,
        "sound": null,
        "attenuation": false
      },
      "_key": "!scenes.walls!WwUqeRIh3eAAc0f0.Zud5qQtXLyjq4SZ4"
    },
    {
      "_id": "EEX2NMU7VNpPXRXn",
      "c": [
        2375,
        1850,
        2400,
        1737
      ],
      "light": 20,
      "move": 20,
      "sight": 20,
      "sound": 20,
      "dir": 0,
      "door": 0,
      "ds": 0,
      "flags": {},
      "threshold": {
        "light": null,
        "sight": null,
        "sound": null,
        "attenuation": false
      },
      "_key": "!scenes.walls!WwUqeRIh3eAAc0f0.EEX2NMU7VNpPXRXn"
    },
    {
      "_id": "pgfPXDISo4mXVxc0",
      "c": [
        2400,
        1737,
        2537,
        1587
      ],
      "light": 20,
      "move": 20,
      "sight": 20,
      "sound": 20,
      "dir": 0,
      "door": 0,
      "ds": 0,
      "flags": {},
      "threshold": {
        "light": null,
        "sight": null,
        "sound": null,
        "attenuation": false
      },
      "_key": "!scenes.walls!WwUqeRIh3eAAc0f0.pgfPXDISo4mXVxc0"
    },
    {
      "_id": "GJSovj1MJD4DzZkI",
      "c": [
        2537,
        1587,
        2550,
        1500
      ],
      "light": 20,
      "move": 20,
      "sight": 20,
      "sound": 20,
      "dir": 0,
      "door": 0,
      "ds": 0,
      "flags": {},
      "threshold": {
        "light": null,
        "sight": null,
        "sound": null,
        "attenuation": false
      },
      "_key": "!scenes.walls!WwUqeRIh3eAAc0f0.GJSovj1MJD4DzZkI"
    },
    {
      "_id": "xpmCgW5APQkUHl9N",
      "c": [
        2550,
        1500,
        2700,
        1400
      ],
      "light": 20,
      "move": 20,
      "sight": 20,
      "sound": 20,
      "dir": 0,
      "door": 0,
      "ds": 0,
      "flags": {},
      "threshold": {
        "light": null,
        "sight": null,
        "sound": null,
        "attenuation": false
      },
      "_key": "!scenes.walls!WwUqeRIh3eAAc0f0.xpmCgW5APQkUHl9N"
    },
    {
      "_id": "pWTQg4OVs67ZkWfs",
      "c": [
        3200,
        2012,
        3087,
        2037
      ],
      "light": 20,
      "move": 20,
      "sight": 20,
      "sound": 20,
      "dir": 0,
      "door": 0,
      "ds": 0,
      "flags": {},
      "threshold": {
        "light": null,
        "sight": null,
        "sound": null,
        "attenuation": false
      },
      "_key": "!scenes.walls!WwUqeRIh3eAAc0f0.pWTQg4OVs67ZkWfs"
    },
    {
      "_id": "jIcempyLqZkPhTG4",
      "c": [
        3087,
        2037,
        2900,
        1900
      ],
      "light": 20,
      "move": 20,
      "sight": 20,
      "sound": 20,
      "dir": 0,
      "door": 0,
      "ds": 0,
      "flags": {},
      "threshold": {
        "light": null,
        "sight": null,
        "sound": null,
        "attenuation": false
      },
      "_key": "!scenes.walls!WwUqeRIh3eAAc0f0.jIcempyLqZkPhTG4"
    },
    {
      "_id": "9wcmTnrHdXZqkQkv",
      "c": [
        2900,
        1900,
        2875,
        1800
      ],
      "light": 20,
      "move": 20,
      "sight": 20,
      "sound": 20,
      "dir": 0,
      "door": 0,
      "ds": 0,
      "flags": {},
      "threshold": {
        "light": null,
        "sight": null,
        "sound": null,
        "attenuation": false
      },
      "_key": "!scenes.walls!WwUqeRIh3eAAc0f0.9wcmTnrHdXZqkQkv"
    },
    {
      "_id": "wyengI4R746E9xHA",
      "c": [
        2875,
        1800,
        2837,
        1775
      ],
      "light": 20,
      "move": 20,
      "sight": 20,
      "sound": 20,
      "dir": 0,
      "door": 0,
      "ds": 0,
      "flags": {},
      "threshold": {
        "light": null,
        "sight": null,
        "sound": null,
        "attenuation": false
      },
      "_key": "!scenes.walls!WwUqeRIh3eAAc0f0.wyengI4R746E9xHA"
    },
    {
      "_id": "tD9yO8IJQ8pFO42x",
      "c": [
        2837,
        1775,
        2825,
        1687
      ],
      "light": 20,
      "move": 20,
      "sight": 20,
      "sound": 20,
      "dir": 0,
      "door": 0,
      "ds": 0,
      "flags": {},
      "threshold": {
        "light": null,
        "sight": null,
        "sound": null,
        "attenuation": false
      },
      "_key": "!scenes.walls!WwUqeRIh3eAAc0f0.tD9yO8IJQ8pFO42x"
    },
    {
      "_id": "7oz4B75U5TaKeMap",
      "c": [
        2825,
        1687,
        2775,
        1700
      ],
      "light": 20,
      "move": 20,
      "sight": 20,
      "sound": 20,
      "dir": 0,
      "door": 0,
      "ds": 0,
      "flags": {},
      "threshold": {
        "light": null,
        "sight": null,
        "sound": null,
        "attenuation": false
      },
      "_key": "!scenes.walls!WwUqeRIh3eAAc0f0.7oz4B75U5TaKeMap"
    },
    {
      "_id": "ylfuUX7cKaDhuxwO",
      "c": [
        2775,
        1700,
        2750,
        1787
      ],
      "light": 20,
      "move": 20,
      "sight": 20,
      "sound": 20,
      "dir": 0,
      "door": 0,
      "ds": 0,
      "flags": {},
      "threshold": {
        "light": null,
        "sight": null,
        "sound": null,
        "attenuation": false
      },
      "_key": "!scenes.walls!WwUqeRIh3eAAc0f0.ylfuUX7cKaDhuxwO"
    },
    {
      "_id": "XqErnQ0f3wY8fF5j",
      "c": [
        2750,
        1787,
        2700,
        1862
      ],
      "light": 20,
      "move": 20,
      "sight": 20,
      "sound": 20,
      "dir": 0,
      "door": 0,
      "ds": 0,
      "flags": {},
      "threshold": {
        "light": null,
        "sight": null,
        "sound": null,
        "attenuation": false
      },
      "_key": "!scenes.walls!WwUqeRIh3eAAc0f0.XqErnQ0f3wY8fF5j"
    },
    {
      "_id": "l228jQOrDHqV2hMe",
      "c": [
        2700,
        1862,
        2687,
        1912
      ],
      "light": 20,
      "move": 20,
      "sight": 20,
      "sound": 20,
      "dir": 0,
      "door": 0,
      "ds": 0,
      "flags": {},
      "threshold": {
        "light": null,
        "sight": null,
        "sound": null,
        "attenuation": false
      },
      "_key": "!scenes.walls!WwUqeRIh3eAAc0f0.l228jQOrDHqV2hMe"
    },
    {
      "_id": "213h3hbGtfb4dGx3",
      "c": [
        2687,
        1912,
        2750,
        2000
      ],
      "light": 20,
      "move": 20,
      "sight": 20,
      "sound": 20,
      "dir": 0,
      "door": 0,
      "ds": 0,
      "flags": {},
      "threshold": {
        "light": null,
        "sight": null,
        "sound": null,
        "attenuation": false
      },
      "_key": "!scenes.walls!WwUqeRIh3eAAc0f0.213h3hbGtfb4dGx3"
    },
    {
      "_id": "yJ859GVDC5txP6b5",
      "c": [
        2750,
        2000,
        2712,
        2150
      ],
      "light": 20,
      "move": 20,
      "sight": 20,
      "sound": 20,
      "dir": 0,
      "door": 0,
      "ds": 0,
      "flags": {},
      "threshold": {
        "light": null,
        "sight": null,
        "sound": null,
        "attenuation": false
      },
      "_key": "!scenes.walls!WwUqeRIh3eAAc0f0.yJ859GVDC5txP6b5"
    },
    {
      "_id": "Uve1nlH2AsUi2SJ6",
      "c": [
        2712,
        2150,
        2625,
        2175
      ],
      "light": 20,
      "move": 20,
      "sight": 20,
      "sound": 20,
      "dir": 0,
      "door": 0,
      "ds": 0,
      "flags": {},
      "threshold": {
        "light": null,
        "sight": null,
        "sound": null,
        "attenuation": false
      },
      "_key": "!scenes.walls!WwUqeRIh3eAAc0f0.Uve1nlH2AsUi2SJ6"
    },
    {
      "_id": "kg3zRKXd05WCuL0S",
      "c": [
        2625,
        2175,
        2650,
        2262
      ],
      "light": 20,
      "move": 20,
      "sight": 20,
      "sound": 20,
      "dir": 0,
      "door": 0,
      "ds": 0,
      "flags": {},
      "threshold": {
        "light": null,
        "sight": null,
        "sound": null,
        "attenuation": false
      },
      "_key": "!scenes.walls!WwUqeRIh3eAAc0f0.kg3zRKXd05WCuL0S"
    },
    {
      "_id": "7TW5od2uC43jWXJY",
      "c": [
        2650,
        2262,
        2587,
        2362
      ],
      "light": 20,
      "move": 20,
      "sight": 20,
      "sound": 20,
      "dir": 0,
      "door": 0,
      "ds": 0,
      "flags": {},
      "threshold": {
        "light": null,
        "sight": null,
        "sound": null,
        "attenuation": false
      },
      "_key": "!scenes.walls!WwUqeRIh3eAAc0f0.7TW5od2uC43jWXJY"
    },
    {
      "_id": "4bosbTRkCi5jO5aD",
      "c": [
        2587,
        2362,
        2537,
        2387
      ],
      "light": 20,
      "move": 20,
      "sight": 20,
      "sound": 20,
      "dir": 0,
      "door": 0,
      "ds": 0,
      "flags": {},
      "threshold": {
        "light": null,
        "sight": null,
        "sound": null,
        "attenuation": false
      },
      "_key": "!scenes.walls!WwUqeRIh3eAAc0f0.4bosbTRkCi5jO5aD"
    },
    {
      "_id": "kjKoRrv33jI2HJfN",
      "c": [
        2537,
        2387,
        2512,
        2375
      ],
      "light": 20,
      "move": 20,
      "sight": 20,
      "sound": 20,
      "dir": 0,
      "door": 0,
      "ds": 0,
      "flags": {},
      "threshold": {
        "light": null,
        "sight": null,
        "sound": null,
        "attenuation": false
      },
      "_key": "!scenes.walls!WwUqeRIh3eAAc0f0.kjKoRrv33jI2HJfN"
    },
    {
      "_id": "1LNugotLI3QNrDAx",
      "c": [
        2512,
        2375,
        2475,
        2425
      ],
      "light": 20,
      "move": 20,
      "sight": 20,
      "sound": 20,
      "dir": 0,
      "door": 0,
      "ds": 0,
      "flags": {},
      "threshold": {
        "light": null,
        "sight": null,
        "sound": null,
        "attenuation": false
      },
      "_key": "!scenes.walls!WwUqeRIh3eAAc0f0.1LNugotLI3QNrDAx"
    },
    {
      "_id": "A65HMxcA3dQmYlKi",
      "c": [
        2475,
        2425,
        2500,
        2525
      ],
      "light": 20,
      "move": 20,
      "sight": 20,
      "sound": 20,
      "dir": 0,
      "door": 0,
      "ds": 0,
      "flags": {},
      "threshold": {
        "light": null,
        "sight": null,
        "sound": null,
        "attenuation": false
      },
      "_key": "!scenes.walls!WwUqeRIh3eAAc0f0.A65HMxcA3dQmYlKi"
    },
    {
      "_id": "Bb8qe8qeMMFNNg5J",
      "c": [
        2500,
        2525,
        2487,
        2575
      ],
      "light": 20,
      "move": 20,
      "sight": 20,
      "sound": 20,
      "dir": 0,
      "door": 0,
      "ds": 0,
      "flags": {},
      "threshold": {
        "light": null,
        "sight": null,
        "sound": null,
        "attenuation": false
      },
      "_key": "!scenes.walls!WwUqeRIh3eAAc0f0.Bb8qe8qeMMFNNg5J"
    },
    {
      "_id": "oI92AZlVIaU109NI",
      "c": [
        2487,
        2575,
        2550,
        2612
      ],
      "light": 20,
      "move": 20,
      "sight": 20,
      "sound": 20,
      "dir": 0,
      "door": 0,
      "ds": 0,
      "flags": {},
      "threshold": {
        "light": null,
        "sight": null,
        "sound": null,
        "attenuation": false
      },
      "_key": "!scenes.walls!WwUqeRIh3eAAc0f0.oI92AZlVIaU109NI"
    },
    {
      "_id": "9O3Amt6WnqWRoPwQ",
      "c": [
        2550,
        2612,
        2575,
        2675
      ],
      "light": 20,
      "move": 20,
      "sight": 20,
      "sound": 20,
      "dir": 0,
      "door": 0,
      "ds": 0,
      "flags": {},
      "threshold": {
        "light": null,
        "sight": null,
        "sound": null,
        "attenuation": false
      },
      "_key": "!scenes.walls!WwUqeRIh3eAAc0f0.9O3Amt6WnqWRoPwQ"
    },
    {
      "_id": "22aJ0sZ1NjlCU9Ho",
      "c": [
        2575,
        2675,
        2575,
        2775
      ],
      "light": 20,
      "move": 20,
      "sight": 20,
      "sound": 20,
      "dir": 0,
      "door": 0,
      "ds": 0,
      "flags": {},
      "threshold": {
        "light": null,
        "sight": null,
        "sound": null,
        "attenuation": false
      },
      "_key": "!scenes.walls!WwUqeRIh3eAAc0f0.22aJ0sZ1NjlCU9Ho"
    },
    {
      "_id": "ymUteyS5Yj7aYpLw",
      "c": [
        2575,
        2775,
        2625,
        2825
      ],
      "light": 20,
      "move": 20,
      "sight": 20,
      "sound": 20,
      "dir": 0,
      "door": 0,
      "ds": 0,
      "flags": {},
      "threshold": {
        "light": null,
        "sight": null,
        "sound": null,
        "attenuation": false
      },
      "_key": "!scenes.walls!WwUqeRIh3eAAc0f0.ymUteyS5Yj7aYpLw"
    },
    {
      "_id": "M6QnWQ7YQGGOK6kq",
      "c": [
        2625,
        2825,
        2687,
        2887
      ],
      "light": 20,
      "move": 20,
      "sight": 20,
      "sound": 20,
      "dir": 0,
      "door": 0,
      "ds": 0,
      "flags": {},
      "threshold": {
        "light": null,
        "sight": null,
        "sound": null,
        "attenuation": false
      },
      "_key": "!scenes.walls!WwUqeRIh3eAAc0f0.M6QnWQ7YQGGOK6kq"
    },
    {
      "_id": "d0DAFmotJUhBwhL7",
      "c": [
        2687,
        2887,
        2725,
        2887
      ],
      "light": 20,
      "move": 20,
      "sight": 20,
      "sound": 20,
      "dir": 0,
      "door": 0,
      "ds": 0,
      "flags": {},
      "threshold": {
        "light": null,
        "sight": null,
        "sound": null,
        "attenuation": false
      },
      "_key": "!scenes.walls!WwUqeRIh3eAAc0f0.d0DAFmotJUhBwhL7"
    },
    {
      "_id": "zsqe92qwgO3dDDZT",
      "c": [
        2725,
        2887,
        2762,
        2862
      ],
      "light": 20,
      "move": 20,
      "sight": 20,
      "sound": 20,
      "dir": 0,
      "door": 0,
      "ds": 0,
      "flags": {},
      "threshold": {
        "light": null,
        "sight": null,
        "sound": null,
        "attenuation": false
      },
      "_key": "!scenes.walls!WwUqeRIh3eAAc0f0.zsqe92qwgO3dDDZT"
    },
    {
      "_id": "uAaGAjfhtm9BAIjk",
      "c": [
        2762,
        2862,
        2875,
        2875
      ],
      "light": 20,
      "move": 20,
      "sight": 20,
      "sound": 20,
      "dir": 0,
      "door": 0,
      "ds": 0,
      "flags": {},
      "threshold": {
        "light": null,
        "sight": null,
        "sound": null,
        "attenuation": false
      },
      "_key": "!scenes.walls!WwUqeRIh3eAAc0f0.uAaGAjfhtm9BAIjk"
    },
    {
      "_id": "yvlI1Qa2Ph2Zp9Pg",
      "c": [
        2875,
        2875,
        2900,
        2912
      ],
      "light": 20,
      "move": 20,
      "sight": 20,
      "sound": 20,
      "dir": 0,
      "door": 0,
      "ds": 0,
      "flags": {},
      "threshold": {
        "light": null,
        "sight": null,
        "sound": null,
        "attenuation": false
      },
      "_key": "!scenes.walls!WwUqeRIh3eAAc0f0.yvlI1Qa2Ph2Zp9Pg"
    },
    {
      "_id": "KtVXVUTYzQMsQD89",
      "c": [
        2900,
        2912,
        2925,
        2937
      ],
      "light": 20,
      "move": 20,
      "sight": 20,
      "sound": 20,
      "dir": 0,
      "door": 0,
      "ds": 0,
      "flags": {},
      "threshold": {
        "light": null,
        "sight": null,
        "sound": null,
        "attenuation": false
      },
      "_key": "!scenes.walls!WwUqeRIh3eAAc0f0.KtVXVUTYzQMsQD89"
    },
    {
      "_id": "qhJWQk3UveUDDLwk",
      "c": [
        2925,
        2937,
        3000,
        2962
      ],
      "light": 20,
      "move": 20,
      "sight": 20,
      "sound": 20,
      "dir": 0,
      "door": 0,
      "ds": 0,
      "flags": {},
      "threshold": {
        "light": null,
        "sight": null,
        "sound": null,
        "attenuation": false
      },
      "_key": "!scenes.walls!WwUqeRIh3eAAc0f0.qhJWQk3UveUDDLwk"
    },
    {
      "_id": "3OuNpCGnDxHvJlbj",
      "c": [
        3000,
        2962,
        3012,
        3037
      ],
      "light": 20,
      "move": 20,
      "sight": 20,
      "sound": 20,
      "dir": 0,
      "door": 0,
      "ds": 0,
      "flags": {},
      "threshold": {
        "light": null,
        "sight": null,
        "sound": null,
        "attenuation": false
      },
      "_key": "!scenes.walls!WwUqeRIh3eAAc0f0.3OuNpCGnDxHvJlbj"
    },
    {
      "_id": "kEm4uPmBif0OngpB",
      "c": [
        3012,
        3037,
        3062,
        3112
      ],
      "light": 20,
      "move": 20,
      "sight": 20,
      "sound": 20,
      "dir": 0,
      "door": 0,
      "ds": 0,
      "flags": {},
      "threshold": {
        "light": null,
        "sight": null,
        "sound": null,
        "attenuation": false
      },
      "_key": "!scenes.walls!WwUqeRIh3eAAc0f0.kEm4uPmBif0OngpB"
    },
    {
      "_id": "ZceTwc7e9qSBFAVc",
      "c": [
        3062,
        3112,
        3075,
        3175
      ],
      "light": 20,
      "move": 20,
      "sight": 20,
      "sound": 20,
      "dir": 0,
      "door": 0,
      "ds": 0,
      "flags": {},
      "threshold": {
        "light": null,
        "sight": null,
        "sound": null,
        "attenuation": false
      },
      "_key": "!scenes.walls!WwUqeRIh3eAAc0f0.ZceTwc7e9qSBFAVc"
    },
    {
      "_id": "JhbwgUBFwzIvTXXK",
      "c": [
        3075,
        3175,
        3025,
        3287
      ],
      "light": 20,
      "move": 20,
      "sight": 20,
      "sound": 20,
      "dir": 0,
      "door": 0,
      "ds": 0,
      "flags": {},
      "threshold": {
        "light": null,
        "sight": null,
        "sound": null,
        "attenuation": false
      },
      "_key": "!scenes.walls!WwUqeRIh3eAAc0f0.JhbwgUBFwzIvTXXK"
    },
    {
      "_id": "yVibSA7at4WSUVO9",
      "c": [
        3025,
        3287,
        3050,
        3375
      ],
      "light": 20,
      "move": 20,
      "sight": 20,
      "sound": 20,
      "dir": 0,
      "door": 0,
      "ds": 0,
      "flags": {},
      "threshold": {
        "light": null,
        "sight": null,
        "sound": null,
        "attenuation": false
      },
      "_key": "!scenes.walls!WwUqeRIh3eAAc0f0.yVibSA7at4WSUVO9"
    },
    {
      "_id": "BaXsNQ0dKAMLLwaz",
      "c": [
        3050,
        3375,
        2950,
        3500
      ],
      "light": 20,
      "move": 20,
      "sight": 20,
      "sound": 20,
      "dir": 0,
      "door": 0,
      "ds": 0,
      "flags": {},
      "threshold": {
        "light": null,
        "sight": null,
        "sound": null,
        "attenuation": false
      },
      "_key": "!scenes.walls!WwUqeRIh3eAAc0f0.BaXsNQ0dKAMLLwaz"
    },
    {
      "_id": "iFme0c8GbGTxGn09",
      "c": [
        3200,
        3500,
        700,
        3500
      ],
      "light": 20,
      "move": 20,
      "sight": 20,
      "sound": 20,
      "dir": 0,
      "door": 0,
      "ds": 0,
      "flags": {},
      "threshold": {
        "light": null,
        "sight": null,
        "sound": null,
        "attenuation": false
      },
      "_key": "!scenes.walls!WwUqeRIh3eAAc0f0.iFme0c8GbGTxGn09"
    },
    {
      "_id": "BZitKW3uDOUY6jtZ",
      "c": [
        700,
        3500,
        700,
        700
      ],
      "light": 20,
      "move": 20,
      "sight": 20,
      "sound": 20,
      "dir": 0,
      "door": 0,
      "ds": 0,
      "flags": {},
      "threshold": {
        "light": null,
        "sight": null,
        "sound": null,
        "attenuation": false
      },
      "_key": "!scenes.walls!WwUqeRIh3eAAc0f0.BZitKW3uDOUY6jtZ"
    },
    {
      "_id": "nsoi65r8lWabC1uq",
      "c": [
        700,
        700,
        3200,
        700
      ],
      "light": 20,
      "move": 20,
      "sight": 20,
      "sound": 20,
      "dir": 0,
      "door": 0,
      "ds": 0,
      "flags": {},
      "threshold": {
        "light": null,
        "sight": null,
        "sound": null,
        "attenuation": false
      },
      "_key": "!scenes.walls!WwUqeRIh3eAAc0f0.nsoi65r8lWabC1uq"
    },
    {
      "_id": "kwG26sUZ0txfIJkz",
      "c": [
        3200,
        700,
        3200,
        3500
      ],
      "light": 20,
      "move": 20,
      "sight": 20,
      "sound": 20,
      "dir": 0,
      "door": 0,
      "ds": 0,
      "flags": {},
      "threshold": {
        "light": null,
        "sight": null,
        "sound": null,
        "attenuation": false
      },
      "_key": "!scenes.walls!WwUqeRIh3eAAc0f0.kwG26sUZ0txfIJkz"
    },
    {
      "_id": "3K6umQN6Urf50eGP",
      "c": [
        2000,
        3137,
        1812,
        3162
      ],
      "light": 20,
      "move": 20,
      "sight": 20,
      "sound": 20,
      "dir": 0,
      "door": 0,
      "ds": 0,
      "flags": {
        "tagger": {
          "tags": [
            "wall"
          ]
        },
        "monks-active-tiles": {
          "entity": {},
          "open": false,
          "close": false,
          "lock": false,
          "checklock": false,
          "secret": false
        }
      },
      "threshold": {
        "light": null,
        "sight": null,
        "sound": null,
        "attenuation": false
      },
      "_key": "!scenes.walls!WwUqeRIh3eAAc0f0.3K6umQN6Urf50eGP"
    },
    {
      "_id": "XbHUSuhzAshyOdzh",
      "c": [
        1812,
        3162,
        1725,
        3125
      ],
      "light": 20,
      "move": 20,
      "sight": 20,
      "sound": 20,
      "dir": 0,
      "door": 0,
      "ds": 0,
      "flags": {
        "tagger": {
          "tags": [
            "wall"
          ]
        },
        "monks-active-tiles": {
          "entity": {},
          "open": false,
          "close": false,
          "lock": false,
          "checklock": false,
          "secret": false
        }
      },
      "threshold": {
        "light": null,
        "sight": null,
        "sound": null,
        "attenuation": false
      },
      "_key": "!scenes.walls!WwUqeRIh3eAAc0f0.XbHUSuhzAshyOdzh"
    },
    {
      "_id": "ylszy9PLyi27Ct3W",
      "c": [
        1725,
        3125,
        1662,
        3075
      ],
      "light": 20,
      "move": 20,
      "sight": 20,
      "sound": 20,
      "dir": 0,
      "door": 0,
      "ds": 0,
      "flags": {
        "tagger": {
          "tags": [
            "wall"
          ]
        },
        "monks-active-tiles": {
          "entity": {},
          "open": false,
          "close": false,
          "lock": false,
          "checklock": false,
          "secret": false
        }
      },
      "threshold": {
        "light": null,
        "sight": null,
        "sound": null,
        "attenuation": false
      },
      "_key": "!scenes.walls!WwUqeRIh3eAAc0f0.ylszy9PLyi27Ct3W"
    }
  ],
  "playlist": null,
  "playlistSound": null,
  "journal": null,
  "journalEntryPage": null,
  "weather": "",
  "flags": {},
  "_stats": {
    "systemId": "dnd5e",
    "systemVersion": "2.4.1",
    "coreVersion": "12.330",
    "createdTime": 1670367823708,
    "modifiedTime": 1723946803705,
    "lastModifiedBy": "dnd5ebuilder0000",
    "compendiumSource": "Compendium.fa-battlemaps.maps.WwUqeRIh3eAAc0f0",
    "duplicateSource": null
  },
  "_id": "WwUqeRIh3eAAc0f0",
  "active": false,
  "folder": null,
  "sort": 0,
  "ownership": {
    "default": 0
  },
  "regions": [],
  "environment": {
    "globalLight": {
      "luminosity": 0,
      "enabled": false,
      "darkness": {
        "max": 1,
        "min": 0
      },
      "alpha": 0.5,
      "bright": false,
      "color": null,
      "coloration": 1,
      "saturation": 0,
      "contrast": 0,
      "shadows": 0
    },
    "darknessLevel": 0.15,
    "darknessLock": false,
    "cycle": true,
    "base": {
      "hue": 0,
      "intensity": 0,
      "luminosity": 0,
      "saturation": 0,
      "shadows": 0
    },
    "dark": {
      "hue": 0.7138888888888889,
      "intensity": 0,
      "luminosity": -0.25,
      "saturation": 0,
      "shadows": 0
    }
  },
  "fog": {
    "exploration": true,
    "reset": 1670367823706,
    "overlay": null,
    "colors": {
      "explored": null,
      "unexplored": null
    }
  },
  "_key": "!scenes!WwUqeRIh3eAAc0f0"
}
