{
  "name": "Cave Entrance [23x24]",
  "navigation": false,
  "navOrder": 0,
  "navName": "",
  "background": {
    "src": null,
    "scaleX": 1,
    "scaleY": 1,
    "offsetX": 0,
    "offsetY": 0,
    "rotation": 0,
    "tint": "#ffffff",
    "anchorX": 0,
    "anchorY": 0,
    "fit": "fill",
    "alphaThreshold": 0
  },
  "foreground": "fa_battlemaps/Maps/2022/December/fa_wec-caveentrance/Maps/CaveEntranceFG.webp",
  "foregroundElevation": 20,
  "thumb": "modules/fa-battlemaps/assets/scenes/0Y6nOAGqyLDiEDZ2-thumb.webp",
  "width": 2300,
  "height": 2400,
  "padding": 0.25,
  "initial": {
    "x": 2144,
    "y": 1713,
    "scale": 0.41387308909986154
  },
  "backgroundColor": "#000000",
  "grid": {
    "type": 1,
    "size": 100,
    "color": "#000000",
    "alpha": 0.2,
    "distance": 5,
    "units": "ft",
    "style": "solidLines",
    "thickness": 1
  },
  "tokenVision": true,
  "drawings": [],
  "tokens": [],
  "lights": [
    {
      "_id": "Ys8LBVRhRgQf2YFK",
      "x": 1321,
      "y": 1414,
      "rotation": 0,
      "walls": true,
      "vision": false,
      "config": {
        "alpha": 0.5,
        "angle": 360,
        "bright": 19.39,
        "color": "#ff9500",
        "coloration": 1,
        "dim": 38.79,
        "attenuation": 0.5,
        "luminosity": 0.5,
        "saturation": 0,
        "contrast": 0,
        "shadows": 0,
        "animation": {
          "type": "torch",
          "speed": 6,
          "intensity": 3,
          "reverse": false
        },
        "darkness": {
          "min": 0,
          "max": 1
        },
        "negative": false,
        "priority": 0
      },
      "hidden": false,
      "flags": {
        "tagger": {
          "tags": [
            "clight"
          ]
        }
      },
      "elevation": 0,
      "_key": "!scenes.lights!0Y6nOAGqyLDiEDZ2.Ys8LBVRhRgQf2YFK"
    }
  ],
  "notes": [],
  "sounds": [
    {
      "path": "fa_battlemaps/Audio/fire-loop.ogg",
      "x": 1325,
      "y": 1421,
      "radius": 30,
      "easing": true,
      "walls": true,
      "volume": 0.5,
      "darkness": {
        "min": 0,
        "max": 1
      },
      "flags": {
        "tagger": {
          "tags": [
            "clight"
          ]
        }
      },
      "_id": "TCcvDx42CKU8QBOg",
      "repeat": false,
      "hidden": false,
      "elevation": 0,
      "effects": {
        "base": {
          "intensity": 5
        },
        "muffled": {
          "intensity": 5
        }
      },
      "_key": "!scenes.sounds!0Y6nOAGqyLDiEDZ2.TCcvDx42CKU8QBOg"
    },
    {
      "path": "fa_battlemaps/Audio/CaveAmbience.ogg",
      "x": 1800,
      "y": 1700,
      "radius": 86.7,
      "easing": false,
      "walls": false,
      "volume": 0.25,
      "darkness": {
        "min": 0,
        "max": 1
      },
      "flags": {
        "tagger": {
          "tags": ""
        }
      },
      "_id": "FggxRolbLfPzO1JN",
      "repeat": false,
      "hidden": false,
      "elevation": 0,
      "effects": {
        "base": {
          "intensity": 5
        },
        "muffled": {
          "intensity": 5
        }
      },
      "_key": "!scenes.sounds!0Y6nOAGqyLDiEDZ2.FggxRolbLfPzO1JN"
    },
    {
      "path": "fa_battlemaps/Audio/C-Waterfall.ogg",
      "x": 2400,
      "y": 1000,
      "radius": 56.7,
      "easing": true,
      "walls": true,
      "volume": 0.35,
      "darkness": {
        "min": 0,
        "max": 1
      },
      "flags": {
        "tagger": {
          "tags": [
            "wsound"
          ]
        }
      },
      "_id": "hkEl1OlT5oozEw7Z",
      "repeat": false,
      "hidden": true,
      "elevation": 0,
      "effects": {
        "base": {
          "intensity": 5,
          "type": ""
        },
        "muffled": {
          "intensity": 5
        }
      },
      "_key": "!scenes.sounds!0Y6nOAGqyLDiEDZ2.hkEl1OlT5oozEw7Z"
    }
  ],
  "templates": [],
  "tiles": [
    {
      "texture": {
        "src": "fa_battlemaps/Maps/2022/December/fa_wec-caveentrance/Maps/CaveEntranceBG.webp",
        "scaleX": 1,
        "scaleY": 1,
        "offsetX": 0,
        "offsetY": 0,
        "rotation": 0,
        "tint": "#ffffff",
        "anchorX": 0.5,
        "anchorY": 0.5,
        "fit": "fill",
        "alphaThreshold": 0.75
      },
      "x": 600,
      "y": 600,
      "width": 2300,
      "height": 2400,
      "_id": "fo99szs8jgbPEgdh",
      "rotation": 0,
      "alpha": 1,
      "hidden": false,
      "locked": true,
      "occlusion": {
        "mode": 0,
        "alpha": 1
      },
      "video": {
        "loop": true,
        "autoplay": true,
        "volume": 0
      },
      "flags": {
        "tagger": {
          "tags": [
            "bg"
          ]
        },
        "monks-active-tiles": {
          "active": false,
          "record": false,
          "restriction": "all",
          "controlled": "gm",
          "trigger": [
            "dblclick"
          ],
          "allowpaused": false,
          "usealpha": false,
          "pointer": false,
          "pertoken": false,
          "minrequired": 0,
          "chance": 100,
          "fileindex": 0,
          "actions": [],
          "files": [
            {
              "id": "tRh2u33Akhru6rZf",
              "name": "fa_battlemaps/Maps/2022/December/fa_wec-caveentrance/Maps/CaveEntranceBG.webp",
              "selected": true
            },
            {
              "id": "87gjNYJJHExOMbMo",
              "name": "fa_battlemaps/Maps/2022/December/fa_wec-caveentrance/Maps/AltCaveEntranceBG.webp",
              "selected": false
            }
          ],
          "name": "",
          "vision": false,
          "cooldown": null
        }
      },
      "sort": 5,
      "restrictions": {
        "light": false,
        "weather": false
      },
      "elevation": 0,
      "_key": "!scenes.tiles!0Y6nOAGqyLDiEDZ2.fo99szs8jgbPEgdh"
    },
    {
      "texture": {
        "src": "fa_battlemaps/Maps/2022/December/fa_wec-caveentrance/Tiles/CampLit.webp",
        "scaleX": 1,
        "scaleY": 1,
        "offsetX": 0,
        "offsetY": 0,
        "rotation": 0,
        "tint": "#ffffff",
        "anchorX": 0.5,
        "anchorY": 0.5,
        "fit": "fill",
        "alphaThreshold": 0.75
      },
      "x": 800,
      "y": 900,
      "width": 900,
      "height": 900,
      "_id": "eUq0PCGfDP7rVZJB",
      "rotation": 0,
      "alpha": 1,
      "hidden": false,
      "locked": true,
      "occlusion": {
        "mode": 0,
        "alpha": 1
      },
      "video": {
        "loop": true,
        "autoplay": true,
        "volume": 0
      },
      "flags": {
        "tagger": {
          "tags": [
            "campl",
            "camp"
          ]
        },
        "monks-active-tiles": {
          "active": true,
          "record": false,
          "restriction": "all",
          "controlled": "gm",
          "trigger": [
            "dblclick"
          ],
          "allowpaused": false,
          "usealpha": false,
          "pointer": false,
          "pertoken": false,
          "minrequired": 0,
          "chance": 100,
          "fileindex": 1,
          "actions": [],
          "files": [
            {
              "id": "MXiii0CpQEuUxk0F",
              "name": "fa_battlemaps/Maps/2022/December/fa_wec-caveentrance/Tiles/Camp.webp",
              "selected": false
            },
            {
              "id": "Q0D4jWEDBTsOQhI6",
              "name": "fa_battlemaps/Maps/2022/December/fa_wec-caveentrance/Tiles/CampLit.webp",
              "selected": true
            }
          ],
          "name": "",
          "vision": false,
          "cooldown": null
        }
      },
      "sort": 7,
      "restrictions": {
        "light": false,
        "weather": false
      },
      "elevation": 0,
      "_key": "!scenes.tiles!0Y6nOAGqyLDiEDZ2.eUq0PCGfDP7rVZJB"
    },
    {
      "texture": {
        "src": "fa_battlemaps/Maps/2022/December/fa_wec-caveentrance/Tiles/Rope.webp",
        "scaleX": 1,
        "scaleY": 1,
        "offsetX": 0,
        "offsetY": 0,
        "rotation": 0,
        "tint": "#ffffff",
        "anchorX": 0.5,
        "anchorY": 0.5,
        "fit": "fill",
        "alphaThreshold": 0.75
      },
      "x": 1800,
      "y": 1000,
      "width": 400,
      "height": 400,
      "_id": "24C3ULPfhSkgF7iq",
      "rotation": 0,
      "alpha": 1,
      "hidden": false,
      "locked": true,
      "occlusion": {
        "mode": 0,
        "alpha": 1
      },
      "video": {
        "loop": true,
        "autoplay": true,
        "volume": 0
      },
      "flags": {
        "tagger": {
          "tags": [
            "camprope",
            "camp"
          ]
        },
        "monks-active-tiles": {
          "active": true,
          "record": false,
          "restriction": "all",
          "controlled": "gm",
          "trigger": [
            "manual"
          ],
          "allowpaused": false,
          "usealpha": false,
          "pointer": false,
          "pertoken": false,
          "minrequired": 0,
          "chance": 100,
          "fileindex": 0,
          "actions": [],
          "files": [
            {
              "id": "j94V61BrDxFZGeSS",
              "name": "fa_battlemaps/Maps/2022/December/fa_wec-caveentrance/Tiles/Rope.webp",
              "selected": true
            },
            {
              "id": "L6HwnkJ52hSaBgMW",
              "name": "modules/fa-battlemaps/images/Transparent.webp",
              "selected": false
            }
          ],
          "name": "",
          "vision": false,
          "cooldown": null
        }
      },
      "sort": 6,
      "restrictions": {
        "light": false,
        "weather": false
      },
      "elevation": 0,
      "_key": "!scenes.tiles!0Y6nOAGqyLDiEDZ2.24C3ULPfhSkgF7iq"
    },
    {
      "texture": {
        "src": "icons/svg/fire.svg",
        "scaleX": 1,
        "scaleY": 1,
        "offsetX": 0,
        "offsetY": 0,
        "rotation": 0,
        "tint": "#ffffff",
        "anchorX": 0.5,
        "anchorY": 0.5,
        "fit": "fill",
        "alphaThreshold": 0.75
      },
      "width": 100,
      "height": 100,
      "_id": "GpIV9v5OdY3FpV1b",
      "rotation": 0,
      "alpha": 1,
      "hidden": false,
      "locked": false,
      "occlusion": {
        "mode": 1,
        "alpha": 1
      },
      "video": {
        "loop": true,
        "autoplay": true,
        "volume": 0
      },
      "flags": {
        "tagger": {},
        "monks-active-tiles": {
          "active": true,
          "record": false,
          "restriction": "all",
          "controlled": "gm",
          "trigger": [
            "",
            "dblclick"
          ],
          "allowpaused": false,
          "usealpha": false,
          "pointer": true,
          "pertoken": false,
          "minrequired": 0,
          "chance": 50,
          "fileindex": 0,
          "actions": [
            {
              "action": "alter",
              "data": {
                "entity": {
                  "id": "tagger:camp",
                  "match": "all",
                  "scene": "_active",
                  "name": "<i class=\"fas fa-tag fa-sm\"></i> camp"
                },
                "attribute": "alpha",
                "value": "={{entity.alpha}} == 0 ? 1 : 0",
                "chatMessage": false,
                "rollmode": "roll"
              },
              "id": "CUCbEuEymbcuGvVW"
            },
            {
              "action": "alter",
              "data": {
                "entity": {
                  "id": "tagger:animation",
                  "match": "all",
                  "scene": "_active",
                  "name": "<i class=\"fas fa-tag fa-sm\"></i> animation"
                },
                "attribute": "alpha",
                "value": "0",
                "chatMessage": false,
                "rollmode": "roll",
                "collection": "tokens"
              },
              "id": "QyHbZgYyFuUbsl1i"
            },
            {
              "action": "activate",
              "data": {
                "entity": {
                  "id": "tagger:lighttrigger",
                  "match": "all",
                  "scene": "_active",
                  "name": "<i class=\"fas fa-tag fa-sm\"></i> lighttrigger"
                },
                "activate": "toggle",
                "collection": "tiles"
              },
              "id": "6QGjZNf6Cz4tWNlf"
            },
            {
              "action": "tileimage",
              "data": {
                "entity": {
                  "id": "tagger:campl",
                  "match": "all",
                  "scene": "_active",
                  "name": "<i class=\"fas fa-tag fa-sm\"></i> campl"
                },
                "select": "first",
                "transition": "none",
                "speed": 1,
                "loop": 1
              },
              "id": "LmEMBHfw0Iup4fPy"
            },
            {
              "action": "activate",
              "data": {
                "entity": {
                  "id": "tagger:clight",
                  "match": "all",
                  "scene": "_active",
                  "name": "<i class=\"fas fa-tag fa-sm\"></i> clight"
                },
                "activate": "deactivate"
              },
              "id": "7Qot8rPtBPDUjVj6"
            }
          ],
          "files": [],
          "name": "",
          "vision": false,
          "cooldown": null
        }
      },
      "x": 1050,
      "y": 900,
      "elevation": 20,
      "sort": 100,
      "restrictions": {
        "light": false,
        "weather": false
      },
      "_key": "!scenes.tiles!0Y6nOAGqyLDiEDZ2.GpIV9v5OdY3FpV1b"
    },
    {
      "texture": {
        "src": "modules/fa-battlemaps/images/Transparent.webp",
        "scaleX": 1,
        "scaleY": 1,
        "offsetX": 0,
        "offsetY": 0,
        "rotation": 0,
        "tint": "#ffffff",
        "anchorX": 0.5,
        "anchorY": 0.5,
        "fit": "fill",
        "alphaThreshold": 0.75
      },
      "width": 50,
      "height": 50,
      "_id": "VeGFxJsY2sW13oIl",
      "rotation": 0,
      "alpha": 1,
      "hidden": false,
      "locked": false,
      "occlusion": {
        "mode": 1,
        "alpha": 1
      },
      "video": {
        "loop": true,
        "autoplay": true,
        "volume": 0
      },
      "flags": {
        "tagger": {
          "tags": [
            "lighttrigger"
          ]
        },
        "monks-active-tiles": {
          "active": true,
          "record": false,
          "restriction": "all",
          "controlled": "gm",
          "trigger": [
            "",
            "dblclick"
          ],
          "allowpaused": false,
          "usealpha": false,
          "pointer": true,
          "pertoken": false,
          "minrequired": 0,
          "chance": 100,
          "fileindex": 0,
          "actions": [
            {
              "action": "playsound",
              "data": {
                "audiofile": "fa_battlemaps/Audio/flameblowout.ogg",
                "audiofor": "all",
                "volume": 0.2,
                "loop": false,
                "fade": 0.25,
                "scenerestrict": false,
                "prevent": true
              },
              "id": "V0OsQOAmewIUDAnP"
            },
            {
              "action": "activate",
              "data": {
                "entity": {
                  "id": "tagger:clight",
                  "match": "all",
                  "scene": "_active",
                  "name": "<i class=\"fas fa-tag fa-sm\"></i> clight"
                },
                "activate": "toggle"
              },
              "id": "EyUPmYYGhm2NX4sR"
            },
            {
              "action": "tileimage",
              "data": {
                "entity": {
                  "id": "tagger:campl",
                  "match": "all",
                  "scene": "_active",
                  "name": "<i class=\"fas fa-tag fa-sm\"></i> campl"
                },
                "attribute": "alpha",
                "value": "={{entity.alpha}} == 0 ? 1 : 0",
                "chatMessage": false,
                "rollmode": "roll",
                "location": {},
                "item": {},
                "actor": {},
                "token": {},
                "select": "next",
                "transition": "none",
                "speed": 1,
                "loop": 1
              },
              "id": "GYa1CEqjAEo8mz36"
            },
            {
              "action": "alter",
              "data": {
                "entity": {
                  "id": "tagger:animation",
                  "match": "all",
                  "scene": "_active",
                  "name": "<i class=\"fas fa-tag fa-sm\"></i> animation"
                },
                "attribute": "alpha",
                "value": "={{entity.alpha}} == 0 ? 1 : 0",
                "chatMessage": false,
                "rollmode": "roll",
                "location": {},
                "item": {},
                "actor": {},
                "token": {},
                "select": "next",
                "transition": "none",
                "speed": 1,
                "loop": 1,
                "collection": "tokens"
              },
              "id": "nlbX896osvIZbMDN"
            }
          ],
          "files": [],
          "name": "",
          "vision": false,
          "cooldown": null
        }
      },
      "x": 1299,
      "y": 1390,
      "elevation": 20,
      "sort": 103,
      "restrictions": {
        "light": false,
        "weather": false
      },
      "_key": "!scenes.tiles!0Y6nOAGqyLDiEDZ2.VeGFxJsY2sW13oIl"
    },
    {
      "texture": {
        "src": "fa_battlemaps/Maps/2022/December/fa_wec-caveentrance/Text/Alternate.webp",
        "scaleX": 1,
        "scaleY": 1,
        "offsetX": 0,
        "offsetY": 0,
        "rotation": 0,
        "tint": "#000000",
        "anchorX": 0.5,
        "anchorY": 0.5,
        "fit": "fill",
        "alphaThreshold": 0.75
      },
      "x": 2895,
      "y": 676,
      "width": 300,
      "height": 50,
      "_id": "V5HtkKRuaY8ZuFDi",
      "rotation": 0,
      "alpha": 1,
      "hidden": false,
      "locked": true,
      "occlusion": {
        "mode": 0,
        "alpha": 1
      },
      "video": {
        "loop": true,
        "autoplay": true,
        "volume": 0
      },
      "flags": {
        "tagger": {},
        "monks-active-tiles": {
          "active": true,
          "record": false,
          "restriction": "all",
          "controlled": "gm",
          "trigger": [
            "dblclick"
          ],
          "allowpaused": false,
          "usealpha": false,
          "pointer": true,
          "pertoken": false,
          "minrequired": 0,
          "chance": 100,
          "fileindex": 0,
          "actions": [
            {
              "action": "alter",
              "data": {
                "entity": {
                  "id": "tile",
                  "name": "This Tile"
                },
                "attribute": "texture.tint",
                "value": "='{{entity.texture.tint}}' == '#000000' ? '#890101' : '#000000'",
                "chatMessage": false,
                "rollmode": "roll"
              },
              "id": "ixNwRVtN7pLL1KOA"
            },
            {
              "action": "tileimage",
              "data": {
                "entity": {
                  "id": "tagger:bg",
                  "match": "all",
                  "scene": "_active",
                  "name": "<i class=\"fas fa-tag fa-sm\"></i> bg"
                },
                "select": "next",
                "transition": "none",
                "speed": 1,
                "loop": 1
              },
              "id": "byKUQ8zgul8ZKnFI"
            },
            {
              "action": "tileimage",
              "data": {
                "entity": {
                  "id": "tagger:camprope",
                  "match": "all",
                  "scene": "_active",
                  "name": "<i class=\"fas fa-tag fa-sm\"></i> camprope"
                },
                "select": "next",
                "transition": "none",
                "speed": 1,
                "loop": 1
              },
              "id": "zmRVw6m13sqYp8bf"
            },
            {
              "action": "activate",
              "data": {
                "entity": {
                  "id": "tagger:wsound",
                  "match": "all",
                  "scene": "_active",
                  "name": "<i class=\"fas fa-tag fa-sm\"></i> wsound"
                },
                "activate": "toggle",
                "collection": "tiles"
              },
              "id": "gBAYlJbUsKSCFQxU"
            }
          ],
          "files": [],
          "name": "",
          "vision": false,
          "cooldown": null
        }
      },
      "sort": 4,
      "restrictions": {
        "light": false,
        "weather": false
      },
      "elevation": 0,
      "_key": "!scenes.tiles!0Y6nOAGqyLDiEDZ2.V5HtkKRuaY8ZuFDi"
    },
    {
      "texture": {
        "src": "modules/fa-battlemaps/images/Transparent.webp",
        "scaleX": 1,
        "scaleY": 1,
        "offsetX": 0,
        "offsetY": 0,
        "rotation": 0,
        "tint": "#ffffff",
        "anchorX": 0.5,
        "anchorY": 0.5,
        "fit": "fill",
        "alphaThreshold": 0.75
      },
      "width": 100,
      "height": 100,
      "_id": "CfpePVaJF6oUG1f1",
      "rotation": 0,
      "alpha": 1,
      "hidden": false,
      "locked": true,
      "occlusion": {
        "mode": 0,
        "alpha": 1
      },
      "video": {
        "loop": true,
        "autoplay": true,
        "volume": 0
      },
      "flags": {
        "tagger": {
          "tags": [
            "animation"
          ]
        },
        "monks-active-tiles": {
          "active": false,
          "record": false,
          "restriction": "all",
          "controlled": "gm",
          "trigger": [
            ""
          ],
          "allowpaused": false,
          "usealpha": false,
          "pointer": false,
          "pertoken": false,
          "minrequired": 0,
          "chance": 100,
          "fileindex": 1,
          "actions": [],
          "files": [
            {
              "id": "nIqJ557MxaDNkchm",
              "name": "fa_battlemaps/Animations/Fire_Brazier_A1_01.webm",
              "selected": false
            },
            {
              "id": "siydlVY8vsBHFjIl",
              "name": "modules/fa-battlemaps/images/Transparent.webp",
              "selected": false
            }
          ]
        }
      },
      "x": 1270,
      "y": 1357,
      "sort": 9,
      "restrictions": {
        "light": false,
        "weather": false
      },
      "elevation": 0,
      "_key": "!scenes.tiles!0Y6nOAGqyLDiEDZ2.CfpePVaJF6oUG1f1"
    },
    {
      "texture": {
        "src": "modules/fa-battlemaps/images/Transparent.webp",
        "scaleX": 1,
        "scaleY": 1,
        "offsetX": 0,
        "offsetY": 0,
        "rotation": 0,
        "tint": "#ffffff",
        "anchorX": 0.5,
        "anchorY": 0.5,
        "fit": "fill",
        "alphaThreshold": 0.75
      },
      "width": 100,
      "height": 100,
      "_id": "kFzpgb892mj2e5z0",
      "rotation": 0,
      "alpha": 1,
      "hidden": false,
      "locked": true,
      "occlusion": {
        "mode": 0,
        "alpha": 1
      },
      "video": {
        "loop": true,
        "autoplay": true,
        "volume": 0
      },
      "flags": {
        "tagger": {
          "tags": [
            "animation",
            "camp"
          ]
        },
        "monks-active-tiles": {
          "active": false,
          "fileindex": 1,
          "record": false,
          "restriction": "all",
          "controlled": "gm",
          "trigger": [
            ""
          ],
          "allowpaused": false,
          "usealpha": false,
          "pointer": false,
          "pertoken": false,
          "minrequired": 0,
          "chance": 50,
          "actions": [],
          "files": [
            {
              "id": "FratX1rCxadbb0WP",
              "name": "fa_battlemaps/Animations/Flies_A1_01.webm",
              "selected": true
            },
            {
              "id": "8bZghey5wpH3J2PR",
              "name": "modules/fa-battlemaps/images/Transparent.webp",
              "selected": false
            }
          ]
        }
      },
      "x": 1300,
      "y": 1200,
      "sort": 8,
      "restrictions": {
        "light": false,
        "weather": false
      },
      "elevation": 0,
      "_key": "!scenes.tiles!0Y6nOAGqyLDiEDZ2.kFzpgb892mj2e5z0"
    },
    {
      "texture": {
        "src": "modules/fa-battlemaps/images/SmallScroll.png",
        "scaleX": 1,
        "scaleY": 1,
        "offsetX": 0,
        "offsetY": 0,
        "rotation": 0,
        "tint": "#ffffff",
        "anchorX": 0.5,
        "anchorY": 0.5,
        "fit": "fill",
        "alphaThreshold": 0.75
      },
      "width": 300,
      "height": 100,
      "_id": "0Jym9A9hN0majd70",
      "rotation": 0,
      "alpha": 1,
      "hidden": false,
      "locked": true,
      "occlusion": {
        "mode": 0,
        "alpha": 1
      },
      "video": {
        "loop": true,
        "autoplay": true,
        "volume": 0
      },
      "flags": {},
      "x": 2900,
      "y": 750,
      "sort": 2,
      "restrictions": {
        "light": false,
        "weather": false
      },
      "elevation": 0,
      "_key": "!scenes.tiles!0Y6nOAGqyLDiEDZ2.0Jym9A9hN0majd70"
    },
    {
      "texture": {
        "src": "modules/fa-battlemaps/images/AnimationsText.png",
        "scaleX": 1,
        "scaleY": 1,
        "offsetX": 0,
        "offsetY": 0,
        "rotation": 0,
        "tint": "#890101",
        "anchorX": 0.5,
        "anchorY": 0.5,
        "fit": "fill",
        "alphaThreshold": 0.75
      },
      "width": 300,
      "height": 50,
      "_id": "5p91EPPM2gJ2HVfX",
      "rotation": 0,
      "alpha": 1,
      "hidden": false,
      "locked": true,
      "occlusion": {
        "mode": 0,
        "alpha": 1
      },
      "video": {
        "loop": true,
        "autoplay": true,
        "volume": 0
      },
      "flags": {
        "tagger": {},
        "monks-active-tiles": {
          "active": true,
          "record": false,
          "restriction": "all",
          "controlled": "gm",
          "trigger": [
            "dblclick"
          ],
          "allowpaused": false,
          "usealpha": false,
          "pointer": false,
          "pertoken": false,
          "minrequired": 0,
          "chance": 100,
          "fileindex": 0,
          "actions": [
            {
              "action": "alter",
              "data": {
                "entity": {
                  "id": "tile",
                  "name": "This Tile"
                },
                "attribute": "texture.tint",
                "value": "='{{entity.texture.tint}}' == '#000000' ? '#890101' : '#000000'",
                "chatMessage": false,
                "rollmode": "roll"
              },
              "id": "fvLp0ljjW6MzvkyP"
            },
            {
              "action": "tileimage",
              "data": {
                "entity": {
                  "id": "tagger:animation",
                  "match": "all",
                  "scene": "_active",
                  "name": "<i class=\"fas fa-tag fa-sm\"></i> animation"
                },
                "select": "next",
                "transition": "none",
                "speed": 1,
                "loop": 1
              },
              "id": "E1mIlGeoHkKxFNyu"
            },
            {
              "action": "playanimation",
              "data": {
                "entity": {
                  "id": "tagger:animation",
                  "match": "all",
                  "scene": "_active",
                  "name": "<i class=\"fas fa-tag fa-sm\"></i> animation"
                },
                "play": "start",
                "animatefor": "all"
              },
              "id": "XCIeetk0uQ77qyxJ"
            }
          ],
          "files": [],
          "name": "",
          "vision": false,
          "cooldown": null
        }
      },
      "x": 2901,
      "y": 773,
      "sort": 3,
      "restrictions": {
        "light": false,
        "weather": false
      },
      "elevation": 0,
      "_key": "!scenes.tiles!0Y6nOAGqyLDiEDZ2.5p91EPPM2gJ2HVfX"
    },
    {
      "texture": {
        "src": "modules/fa-battlemaps/images/SmallScroll.png",
        "scaleX": 1,
        "scaleY": 1,
        "offsetX": 0,
        "offsetY": 0,
        "rotation": 0,
        "tint": "#ffffff",
        "anchorX": 0.5,
        "anchorY": 0.5,
        "fit": "fill",
        "alphaThreshold": 0.75
      },
      "width": 300,
      "height": 100,
      "rotation": 0,
      "alpha": 1,
      "hidden": false,
      "locked": true,
      "occlusion": {
        "mode": 0,
        "alpha": 1
      },
      "video": {
        "loop": true,
        "autoplay": true,
        "volume": 0
      },
      "flags": {},
      "x": 2900,
      "y": 650,
      "_id": "1q5ptdIiaACu1u9I",
      "sort": 1,
      "restrictions": {
        "light": false,
        "weather": false
      },
      "elevation": 0,
      "_key": "!scenes.tiles!0Y6nOAGqyLDiEDZ2.1q5ptdIiaACu1u9I"
    }
  ],
  "walls": [
    {
      "_id": "NVpPRMe0hdtji1t6",
      "c": [
        600,
        3000,
        2900,
        3000
      ],
      "light": 20,
      "move": 20,
      "sight": 20,
      "sound": 20,
      "dir": 0,
      "door": 0,
      "ds": 0,
      "flags": {},
      "threshold": {
        "light": null,
        "sight": null,
        "sound": null,
        "attenuation": false
      },
      "_key": "!scenes.walls!0Y6nOAGqyLDiEDZ2.NVpPRMe0hdtji1t6"
    },
    {
      "_id": "RcL6Edpf7jENb6Bp",
      "c": [
        2900,
        3000,
        2900,
        600
      ],
      "light": 20,
      "move": 20,
      "sight": 20,
      "sound": 20,
      "dir": 0,
      "door": 0,
      "ds": 0,
      "flags": {},
      "threshold": {
        "light": null,
        "sight": null,
        "sound": null,
        "attenuation": false
      },
      "_key": "!scenes.walls!0Y6nOAGqyLDiEDZ2.RcL6Edpf7jENb6Bp"
    },
    {
      "_id": "OeGuxWYr74QOXWPv",
      "c": [
        2900,
        600,
        600,
        600
      ],
      "light": 20,
      "move": 20,
      "sight": 20,
      "sound": 20,
      "dir": 0,
      "door": 0,
      "ds": 0,
      "flags": {},
      "threshold": {
        "light": null,
        "sight": null,
        "sound": null,
        "attenuation": false
      },
      "_key": "!scenes.walls!0Y6nOAGqyLDiEDZ2.OeGuxWYr74QOXWPv"
    },
    {
      "_id": "09MOlOEvMNqPw3GJ",
      "c": [
        600,
        600,
        600,
        3000
      ],
      "light": 20,
      "move": 20,
      "sight": 20,
      "sound": 20,
      "dir": 0,
      "door": 0,
      "ds": 0,
      "flags": {},
      "threshold": {
        "light": null,
        "sight": null,
        "sound": null,
        "attenuation": false
      },
      "_key": "!scenes.walls!0Y6nOAGqyLDiEDZ2.09MOlOEvMNqPw3GJ"
    },
    {
      "_id": "yMJf31bmHVaNUb1X",
      "c": [
        787,
        3000,
        837,
        2912
      ],
      "light": 20,
      "move": 20,
      "sight": 20,
      "sound": 20,
      "dir": 0,
      "door": 0,
      "ds": 0,
      "flags": {},
      "threshold": {
        "light": null,
        "sight": null,
        "sound": null,
        "attenuation": false
      },
      "_key": "!scenes.walls!0Y6nOAGqyLDiEDZ2.yMJf31bmHVaNUb1X"
    },
    {
      "_id": "b54ylTon48vNa7y4",
      "c": [
        837,
        2912,
        825,
        2775
      ],
      "light": 20,
      "move": 20,
      "sight": 20,
      "sound": 20,
      "dir": 0,
      "door": 0,
      "ds": 0,
      "flags": {},
      "threshold": {
        "light": null,
        "sight": null,
        "sound": null,
        "attenuation": false
      },
      "_key": "!scenes.walls!0Y6nOAGqyLDiEDZ2.b54ylTon48vNa7y4"
    },
    {
      "_id": "TpSH50YAxavOsFoJ",
      "c": [
        825,
        2775,
        1050,
        2587
      ],
      "light": 20,
      "move": 20,
      "sight": 20,
      "sound": 20,
      "dir": 0,
      "door": 0,
      "ds": 0,
      "flags": {},
      "threshold": {
        "light": null,
        "sight": null,
        "sound": null,
        "attenuation": false
      },
      "_key": "!scenes.walls!0Y6nOAGqyLDiEDZ2.TpSH50YAxavOsFoJ"
    },
    {
      "_id": "YxjuqHuGNnDxvgcv",
      "c": [
        1050,
        2587,
        1100,
        2400
      ],
      "light": 20,
      "move": 20,
      "sight": 20,
      "sound": 20,
      "dir": 0,
      "door": 0,
      "ds": 0,
      "flags": {},
      "threshold": {
        "light": null,
        "sight": null,
        "sound": null,
        "attenuation": false
      },
      "_key": "!scenes.walls!0Y6nOAGqyLDiEDZ2.YxjuqHuGNnDxvgcv"
    },
    {
      "_id": "sPsbd4cOyEkCyQsD",
      "c": [
        1100,
        2400,
        1337,
        2250
      ],
      "light": 20,
      "move": 20,
      "sight": 20,
      "sound": 20,
      "dir": 0,
      "door": 0,
      "ds": 0,
      "flags": {},
      "threshold": {
        "light": null,
        "sight": null,
        "sound": null,
        "attenuation": false
      },
      "_key": "!scenes.walls!0Y6nOAGqyLDiEDZ2.sPsbd4cOyEkCyQsD"
    },
    {
      "_id": "jgtxqSsAwkurRV0O",
      "c": [
        1337,
        2250,
        1337,
        2112
      ],
      "light": 20,
      "move": 20,
      "sight": 20,
      "sound": 20,
      "dir": 0,
      "door": 0,
      "ds": 0,
      "flags": {},
      "threshold": {
        "light": null,
        "sight": null,
        "sound": null,
        "attenuation": false
      },
      "_key": "!scenes.walls!0Y6nOAGqyLDiEDZ2.jgtxqSsAwkurRV0O"
    },
    {
      "_id": "6LxaQuomGLF2mI72",
      "c": [
        1337,
        2112,
        1375,
        2037
      ],
      "light": 20,
      "move": 20,
      "sight": 20,
      "sound": 20,
      "dir": 0,
      "door": 0,
      "ds": 0,
      "flags": {},
      "threshold": {
        "light": null,
        "sight": null,
        "sound": null,
        "attenuation": false
      },
      "_key": "!scenes.walls!0Y6nOAGqyLDiEDZ2.6LxaQuomGLF2mI72"
    },
    {
      "_id": "t53FPUx5jAmQk4gS",
      "c": [
        1375,
        2037,
        1212,
        1862
      ],
      "light": 20,
      "move": 20,
      "sight": 20,
      "sound": 20,
      "dir": 0,
      "door": 0,
      "ds": 0,
      "flags": {},
      "threshold": {
        "light": null,
        "sight": null,
        "sound": null,
        "attenuation": false
      },
      "_key": "!scenes.walls!0Y6nOAGqyLDiEDZ2.t53FPUx5jAmQk4gS"
    },
    {
      "_id": "Hm9cGtCAfl6Eenel",
      "c": [
        1212,
        1862,
        1212,
        1687
      ],
      "light": 20,
      "move": 20,
      "sight": 20,
      "sound": 20,
      "dir": 0,
      "door": 0,
      "ds": 0,
      "flags": {},
      "threshold": {
        "light": null,
        "sight": null,
        "sound": null,
        "attenuation": false
      },
      "_key": "!scenes.walls!0Y6nOAGqyLDiEDZ2.Hm9cGtCAfl6Eenel"
    },
    {
      "_id": "OM9eUUHueAOW7sQC",
      "c": [
        1212,
        1687,
        1075,
        1575
      ],
      "light": 20,
      "move": 20,
      "sight": 20,
      "sound": 20,
      "dir": 0,
      "door": 0,
      "ds": 0,
      "flags": {},
      "threshold": {
        "light": null,
        "sight": null,
        "sound": null,
        "attenuation": false
      },
      "_key": "!scenes.walls!0Y6nOAGqyLDiEDZ2.OM9eUUHueAOW7sQC"
    },
    {
      "_id": "p2sBUg3l6vQsLBwx",
      "c": [
        1075,
        1575,
        1075,
        1525
      ],
      "light": 20,
      "move": 20,
      "sight": 20,
      "sound": 20,
      "dir": 0,
      "door": 0,
      "ds": 0,
      "flags": {},
      "threshold": {
        "light": null,
        "sight": null,
        "sound": null,
        "attenuation": false
      },
      "_key": "!scenes.walls!0Y6nOAGqyLDiEDZ2.p2sBUg3l6vQsLBwx"
    },
    {
      "_id": "6JXadvd41ud2elt0",
      "c": [
        1075,
        1525,
        1025,
        1450
      ],
      "light": 20,
      "move": 20,
      "sight": 20,
      "sound": 20,
      "dir": 0,
      "door": 0,
      "ds": 0,
      "flags": {},
      "threshold": {
        "light": null,
        "sight": null,
        "sound": null,
        "attenuation": false
      },
      "_key": "!scenes.walls!0Y6nOAGqyLDiEDZ2.6JXadvd41ud2elt0"
    },
    {
      "_id": "3GvhjEGwoFSB2Tya",
      "c": [
        1025,
        1450,
        962,
        1437
      ],
      "light": 20,
      "move": 20,
      "sight": 20,
      "sound": 20,
      "dir": 0,
      "door": 0,
      "ds": 0,
      "flags": {},
      "threshold": {
        "light": null,
        "sight": null,
        "sound": null,
        "attenuation": false
      },
      "_key": "!scenes.walls!0Y6nOAGqyLDiEDZ2.3GvhjEGwoFSB2Tya"
    },
    {
      "_id": "ClioFAdiITtv3Yhq",
      "c": [
        962,
        1437,
        887,
        1375
      ],
      "light": 20,
      "move": 20,
      "sight": 20,
      "sound": 20,
      "dir": 0,
      "door": 0,
      "ds": 0,
      "flags": {},
      "threshold": {
        "light": null,
        "sight": null,
        "sound": null,
        "attenuation": false
      },
      "_key": "!scenes.walls!0Y6nOAGqyLDiEDZ2.ClioFAdiITtv3Yhq"
    },
    {
      "_id": "pge1p3XWqfieSnJO",
      "c": [
        887,
        1375,
        775,
        1262
      ],
      "light": 20,
      "move": 20,
      "sight": 20,
      "sound": 20,
      "dir": 0,
      "door": 0,
      "ds": 0,
      "flags": {},
      "threshold": {
        "light": null,
        "sight": null,
        "sound": null,
        "attenuation": false
      },
      "_key": "!scenes.walls!0Y6nOAGqyLDiEDZ2.pge1p3XWqfieSnJO"
    },
    {
      "_id": "ZiuEbsbdYH4TH1TE",
      "c": [
        775,
        1262,
        750,
        1150
      ],
      "light": 20,
      "move": 20,
      "sight": 20,
      "sound": 20,
      "dir": 0,
      "door": 0,
      "ds": 0,
      "flags": {},
      "threshold": {
        "light": null,
        "sight": null,
        "sound": null,
        "attenuation": false
      },
      "_key": "!scenes.walls!0Y6nOAGqyLDiEDZ2.ZiuEbsbdYH4TH1TE"
    },
    {
      "_id": "9uT7mHxdJBY3Pj2M",
      "c": [
        750,
        1150,
        875,
        1112
      ],
      "light": 20,
      "move": 20,
      "sight": 20,
      "sound": 20,
      "dir": 0,
      "door": 0,
      "ds": 0,
      "flags": {},
      "threshold": {
        "light": null,
        "sight": null,
        "sound": null,
        "attenuation": false
      },
      "_key": "!scenes.walls!0Y6nOAGqyLDiEDZ2.9uT7mHxdJBY3Pj2M"
    },
    {
      "_id": "xEqaRrMBrgqgJzoC",
      "c": [
        875,
        1112,
        1025,
        1137
      ],
      "light": 20,
      "move": 20,
      "sight": 20,
      "sound": 20,
      "dir": 0,
      "door": 0,
      "ds": 0,
      "flags": {},
      "threshold": {
        "light": null,
        "sight": null,
        "sound": null,
        "attenuation": false
      },
      "_key": "!scenes.walls!0Y6nOAGqyLDiEDZ2.xEqaRrMBrgqgJzoC"
    },
    {
      "_id": "KJvjt8t2Geb5IquD",
      "c": [
        1025,
        1137,
        1137,
        1075
      ],
      "light": 20,
      "move": 20,
      "sight": 20,
      "sound": 20,
      "dir": 0,
      "door": 0,
      "ds": 0,
      "flags": {},
      "threshold": {
        "light": null,
        "sight": null,
        "sound": null,
        "attenuation": false
      },
      "_key": "!scenes.walls!0Y6nOAGqyLDiEDZ2.KJvjt8t2Geb5IquD"
    },
    {
      "_id": "V1hxBIvw35ilYxGd",
      "c": [
        1137,
        1075,
        1162,
        1000
      ],
      "light": 20,
      "move": 20,
      "sight": 20,
      "sound": 20,
      "dir": 0,
      "door": 0,
      "ds": 0,
      "flags": {},
      "threshold": {
        "light": null,
        "sight": null,
        "sound": null,
        "attenuation": false
      },
      "_key": "!scenes.walls!0Y6nOAGqyLDiEDZ2.V1hxBIvw35ilYxGd"
    },
    {
      "_id": "zIqYvKjtMqXJnL1r",
      "c": [
        1162,
        1000,
        1275,
        975
      ],
      "light": 20,
      "move": 20,
      "sight": 20,
      "sound": 20,
      "dir": 0,
      "door": 0,
      "ds": 0,
      "flags": {},
      "threshold": {
        "light": null,
        "sight": null,
        "sound": null,
        "attenuation": false
      },
      "_key": "!scenes.walls!0Y6nOAGqyLDiEDZ2.zIqYvKjtMqXJnL1r"
    },
    {
      "_id": "Lcq87OIwhN2HfvFi",
      "c": [
        1275,
        975,
        1312,
        987
      ],
      "light": 20,
      "move": 20,
      "sight": 20,
      "sound": 20,
      "dir": 0,
      "door": 0,
      "ds": 0,
      "flags": {},
      "threshold": {
        "light": null,
        "sight": null,
        "sound": null,
        "attenuation": false
      },
      "_key": "!scenes.walls!0Y6nOAGqyLDiEDZ2.Lcq87OIwhN2HfvFi"
    },
    {
      "_id": "yREiVyGF81mx5jPg",
      "c": [
        1312,
        987,
        1350,
        937
      ],
      "light": 20,
      "move": 20,
      "sight": 20,
      "sound": 20,
      "dir": 0,
      "door": 0,
      "ds": 0,
      "flags": {},
      "threshold": {
        "light": null,
        "sight": null,
        "sound": null,
        "attenuation": false
      },
      "_key": "!scenes.walls!0Y6nOAGqyLDiEDZ2.yREiVyGF81mx5jPg"
    },
    {
      "_id": "RuYJCTIge56Etu9J",
      "c": [
        1350,
        937,
        1475,
        912
      ],
      "light": 20,
      "move": 20,
      "sight": 20,
      "sound": 20,
      "dir": 0,
      "door": 0,
      "ds": 0,
      "flags": {},
      "threshold": {
        "light": null,
        "sight": null,
        "sound": null,
        "attenuation": false
      },
      "_key": "!scenes.walls!0Y6nOAGqyLDiEDZ2.RuYJCTIge56Etu9J"
    },
    {
      "_id": "j9MSCNLRKiScG6Mi",
      "c": [
        1475,
        912,
        1625,
        1037
      ],
      "light": 20,
      "move": 20,
      "sight": 20,
      "sound": 20,
      "dir": 0,
      "door": 0,
      "ds": 0,
      "flags": {},
      "threshold": {
        "light": null,
        "sight": null,
        "sound": null,
        "attenuation": false
      },
      "_key": "!scenes.walls!0Y6nOAGqyLDiEDZ2.j9MSCNLRKiScG6Mi"
    },
    {
      "_id": "5FdtjCan22B2p5NY",
      "c": [
        1625,
        1037,
        1712,
        1037
      ],
      "light": 20,
      "move": 20,
      "sight": 20,
      "sound": 20,
      "dir": 0,
      "door": 0,
      "ds": 0,
      "flags": {},
      "threshold": {
        "light": null,
        "sight": null,
        "sound": null,
        "attenuation": false
      },
      "_key": "!scenes.walls!0Y6nOAGqyLDiEDZ2.5FdtjCan22B2p5NY"
    },
    {
      "_id": "uJsLLRvJpj66Nc8z",
      "c": [
        1712,
        1037,
        1737,
        1100
      ],
      "light": 20,
      "move": 20,
      "sight": 20,
      "sound": 20,
      "dir": 0,
      "door": 0,
      "ds": 0,
      "flags": {},
      "threshold": {
        "light": null,
        "sight": null,
        "sound": null,
        "attenuation": false
      },
      "_key": "!scenes.walls!0Y6nOAGqyLDiEDZ2.uJsLLRvJpj66Nc8z"
    },
    {
      "_id": "BAmsnTL1rhKjnpFx",
      "c": [
        1737,
        1100,
        1775,
        1087
      ],
      "light": 20,
      "move": 20,
      "sight": 20,
      "sound": 20,
      "dir": 0,
      "door": 0,
      "ds": 0,
      "flags": {},
      "threshold": {
        "light": null,
        "sight": null,
        "sound": null,
        "attenuation": false
      },
      "_key": "!scenes.walls!0Y6nOAGqyLDiEDZ2.BAmsnTL1rhKjnpFx"
    },
    {
      "_id": "e9QUtdF70JYhJsPZ",
      "c": [
        1775,
        1087,
        1762,
        900
      ],
      "light": 20,
      "move": 20,
      "sight": 20,
      "sound": 20,
      "dir": 0,
      "door": 0,
      "ds": 0,
      "flags": {},
      "threshold": {
        "light": null,
        "sight": null,
        "sound": null,
        "attenuation": false
      },
      "_key": "!scenes.walls!0Y6nOAGqyLDiEDZ2.e9QUtdF70JYhJsPZ"
    },
    {
      "_id": "v89ZKlepXSxLLgzW",
      "c": [
        1762,
        900,
        1600,
        600
      ],
      "light": 20,
      "move": 20,
      "sight": 20,
      "sound": 20,
      "dir": 0,
      "door": 0,
      "ds": 0,
      "flags": {},
      "threshold": {
        "light": null,
        "sight": null,
        "sound": null,
        "attenuation": false
      },
      "_key": "!scenes.walls!0Y6nOAGqyLDiEDZ2.v89ZKlepXSxLLgzW"
    },
    {
      "_id": "WdfA4t2MHIwWalj4",
      "c": [
        1925,
        600,
        1987,
        687
      ],
      "light": 20,
      "move": 20,
      "sight": 20,
      "sound": 20,
      "dir": 0,
      "door": 0,
      "ds": 0,
      "flags": {},
      "threshold": {
        "light": null,
        "sight": null,
        "sound": null,
        "attenuation": false
      },
      "_key": "!scenes.walls!0Y6nOAGqyLDiEDZ2.WdfA4t2MHIwWalj4"
    },
    {
      "_id": "7ba7qewTJbADkfOV",
      "c": [
        1987,
        687,
        2037,
        712
      ],
      "light": 20,
      "move": 20,
      "sight": 20,
      "sound": 20,
      "dir": 0,
      "door": 0,
      "ds": 0,
      "flags": {},
      "threshold": {
        "light": null,
        "sight": null,
        "sound": null,
        "attenuation": false
      },
      "_key": "!scenes.walls!0Y6nOAGqyLDiEDZ2.7ba7qewTJbADkfOV"
    },
    {
      "_id": "nsHXTh9JrfEqXEdt",
      "c": [
        2037,
        712,
        2150,
        675
      ],
      "light": 20,
      "move": 20,
      "sight": 20,
      "sound": 20,
      "dir": 0,
      "door": 0,
      "ds": 0,
      "flags": {},
      "threshold": {
        "light": null,
        "sight": null,
        "sound": null,
        "attenuation": false
      },
      "_key": "!scenes.walls!0Y6nOAGqyLDiEDZ2.nsHXTh9JrfEqXEdt"
    },
    {
      "_id": "OZDJq8K4zzew0yhD",
      "c": [
        2150,
        675,
        2200,
        712
      ],
      "light": 20,
      "move": 20,
      "sight": 20,
      "sound": 20,
      "dir": 0,
      "door": 0,
      "ds": 0,
      "flags": {},
      "threshold": {
        "light": null,
        "sight": null,
        "sound": null,
        "attenuation": false
      },
      "_key": "!scenes.walls!0Y6nOAGqyLDiEDZ2.OZDJq8K4zzew0yhD"
    },
    {
      "_id": "hHrg9FcTVPPY4UQn",
      "c": [
        2200,
        712,
        2325,
        725
      ],
      "light": 20,
      "move": 20,
      "sight": 20,
      "sound": 20,
      "dir": 0,
      "door": 0,
      "ds": 0,
      "flags": {},
      "threshold": {
        "light": null,
        "sight": null,
        "sound": null,
        "attenuation": false
      },
      "_key": "!scenes.walls!0Y6nOAGqyLDiEDZ2.hHrg9FcTVPPY4UQn"
    },
    {
      "_id": "vk9JT1YQqwtewxJ8",
      "c": [
        2325,
        725,
        2437,
        850
      ],
      "light": 20,
      "move": 20,
      "sight": 20,
      "sound": 20,
      "dir": 0,
      "door": 0,
      "ds": 0,
      "flags": {},
      "threshold": {
        "light": null,
        "sight": null,
        "sound": null,
        "attenuation": false
      },
      "_key": "!scenes.walls!0Y6nOAGqyLDiEDZ2.vk9JT1YQqwtewxJ8"
    },
    {
      "_id": "APND721mwWd2FT35",
      "c": [
        2437,
        850,
        2600,
        1000
      ],
      "light": 20,
      "move": 20,
      "sight": 20,
      "sound": 20,
      "dir": 0,
      "door": 0,
      "ds": 0,
      "flags": {},
      "threshold": {
        "light": null,
        "sight": null,
        "sound": null,
        "attenuation": false
      },
      "_key": "!scenes.walls!0Y6nOAGqyLDiEDZ2.APND721mwWd2FT35"
    },
    {
      "_id": "uiRjSjjea86GauEw",
      "c": [
        2600,
        1000,
        2625,
        1137
      ],
      "light": 20,
      "move": 20,
      "sight": 20,
      "sound": 20,
      "dir": 0,
      "door": 0,
      "ds": 0,
      "flags": {},
      "threshold": {
        "light": null,
        "sight": null,
        "sound": null,
        "attenuation": false
      },
      "_key": "!scenes.walls!0Y6nOAGqyLDiEDZ2.uiRjSjjea86GauEw"
    },
    {
      "_id": "v6Teob0nb4uxTAIZ",
      "c": [
        2625,
        1137,
        2650,
        1175
      ],
      "light": 20,
      "move": 20,
      "sight": 20,
      "sound": 20,
      "dir": 0,
      "door": 0,
      "ds": 0,
      "flags": {},
      "threshold": {
        "light": null,
        "sight": null,
        "sound": null,
        "attenuation": false
      },
      "_key": "!scenes.walls!0Y6nOAGqyLDiEDZ2.v6Teob0nb4uxTAIZ"
    },
    {
      "_id": "iz4i6xKaIZpwz9AY",
      "c": [
        2650,
        1175,
        2662,
        1287
      ],
      "light": 20,
      "move": 20,
      "sight": 20,
      "sound": 20,
      "dir": 0,
      "door": 0,
      "ds": 0,
      "flags": {},
      "threshold": {
        "light": null,
        "sight": null,
        "sound": null,
        "attenuation": false
      },
      "_key": "!scenes.walls!0Y6nOAGqyLDiEDZ2.iz4i6xKaIZpwz9AY"
    },
    {
      "_id": "0c665illkJSkezCI",
      "c": [
        2662,
        1287,
        2725,
        1300
      ],
      "light": 20,
      "move": 20,
      "sight": 20,
      "sound": 20,
      "dir": 0,
      "door": 0,
      "ds": 0,
      "flags": {},
      "threshold": {
        "light": null,
        "sight": null,
        "sound": null,
        "attenuation": false
      },
      "_key": "!scenes.walls!0Y6nOAGqyLDiEDZ2.0c665illkJSkezCI"
    },
    {
      "_id": "ho9BlLMY9RPzYj6b",
      "c": [
        2725,
        1300,
        2900,
        1262
      ],
      "light": 20,
      "move": 20,
      "sight": 20,
      "sound": 20,
      "dir": 0,
      "door": 0,
      "ds": 0,
      "flags": {},
      "threshold": {
        "light": null,
        "sight": null,
        "sound": null,
        "attenuation": false
      },
      "_key": "!scenes.walls!0Y6nOAGqyLDiEDZ2.ho9BlLMY9RPzYj6b"
    },
    {
      "_id": "SVjJDXtPW67YNqQ3",
      "c": [
        2900,
        1562,
        2800,
        1562
      ],
      "light": 20,
      "move": 20,
      "sight": 20,
      "sound": 20,
      "dir": 0,
      "door": 0,
      "ds": 0,
      "flags": {},
      "threshold": {
        "light": null,
        "sight": null,
        "sound": null,
        "attenuation": false
      },
      "_key": "!scenes.walls!0Y6nOAGqyLDiEDZ2.SVjJDXtPW67YNqQ3"
    },
    {
      "_id": "jpP6YwTD0KdO462Y",
      "c": [
        2800,
        1562,
        2750,
        1637
      ],
      "light": 20,
      "move": 20,
      "sight": 20,
      "sound": 20,
      "dir": 0,
      "door": 0,
      "ds": 0,
      "flags": {},
      "threshold": {
        "light": null,
        "sight": null,
        "sound": null,
        "attenuation": false
      },
      "_key": "!scenes.walls!0Y6nOAGqyLDiEDZ2.jpP6YwTD0KdO462Y"
    },
    {
      "_id": "VeAXFLRtEV6rdKWj",
      "c": [
        2750,
        1637,
        2525,
        1650
      ],
      "light": 20,
      "move": 20,
      "sight": 20,
      "sound": 20,
      "dir": 0,
      "door": 0,
      "ds": 0,
      "flags": {},
      "threshold": {
        "light": null,
        "sight": null,
        "sound": null,
        "attenuation": false
      },
      "_key": "!scenes.walls!0Y6nOAGqyLDiEDZ2.VeAXFLRtEV6rdKWj"
    },
    {
      "_id": "RWDVRNdyxntFoDe9",
      "c": [
        2525,
        1650,
        2525,
        1687
      ],
      "light": 20,
      "move": 20,
      "sight": 20,
      "sound": 20,
      "dir": 0,
      "door": 0,
      "ds": 0,
      "flags": {},
      "threshold": {
        "light": null,
        "sight": null,
        "sound": null,
        "attenuation": false
      },
      "_key": "!scenes.walls!0Y6nOAGqyLDiEDZ2.RWDVRNdyxntFoDe9"
    },
    {
      "_id": "nBrOzfEi8aEOMvuz",
      "c": [
        2525,
        1687,
        2637,
        1825
      ],
      "light": 20,
      "move": 20,
      "sight": 20,
      "sound": 20,
      "dir": 0,
      "door": 0,
      "ds": 0,
      "flags": {},
      "threshold": {
        "light": null,
        "sight": null,
        "sound": null,
        "attenuation": false
      },
      "_key": "!scenes.walls!0Y6nOAGqyLDiEDZ2.nBrOzfEi8aEOMvuz"
    },
    {
      "_id": "qrgcbOxAmmuc2uVA",
      "c": [
        2637,
        1825,
        2637,
        1912
      ],
      "light": 20,
      "move": 20,
      "sight": 20,
      "sound": 20,
      "dir": 0,
      "door": 0,
      "ds": 0,
      "flags": {},
      "threshold": {
        "light": null,
        "sight": null,
        "sound": null,
        "attenuation": false
      },
      "_key": "!scenes.walls!0Y6nOAGqyLDiEDZ2.qrgcbOxAmmuc2uVA"
    },
    {
      "_id": "c5QxWqTyqneS4ySG",
      "c": [
        2637,
        1912,
        2562,
        1987
      ],
      "light": 20,
      "move": 20,
      "sight": 20,
      "sound": 20,
      "dir": 0,
      "door": 0,
      "ds": 0,
      "flags": {},
      "threshold": {
        "light": null,
        "sight": null,
        "sound": null,
        "attenuation": false
      },
      "_key": "!scenes.walls!0Y6nOAGqyLDiEDZ2.c5QxWqTyqneS4ySG"
    },
    {
      "_id": "04YDrUfswMRVdilv",
      "c": [
        2562,
        1987,
        2425,
        2000
      ],
      "light": 20,
      "move": 20,
      "sight": 20,
      "sound": 20,
      "dir": 0,
      "door": 0,
      "ds": 0,
      "flags": {},
      "threshold": {
        "light": null,
        "sight": null,
        "sound": null,
        "attenuation": false
      },
      "_key": "!scenes.walls!0Y6nOAGqyLDiEDZ2.04YDrUfswMRVdilv"
    },
    {
      "_id": "K7tTm7wAEtjszlb1",
      "c": [
        2425,
        2000,
        2412,
        2025
      ],
      "light": 20,
      "move": 20,
      "sight": 20,
      "sound": 20,
      "dir": 0,
      "door": 0,
      "ds": 0,
      "flags": {},
      "threshold": {
        "light": null,
        "sight": null,
        "sound": null,
        "attenuation": false
      },
      "_key": "!scenes.walls!0Y6nOAGqyLDiEDZ2.K7tTm7wAEtjszlb1"
    },
    {
      "_id": "4C5PGmwU1LOzPAv2",
      "c": [
        2412,
        2025,
        2525,
        2187
      ],
      "light": 20,
      "move": 20,
      "sight": 20,
      "sound": 20,
      "dir": 0,
      "door": 0,
      "ds": 0,
      "flags": {},
      "threshold": {
        "light": null,
        "sight": null,
        "sound": null,
        "attenuation": false
      },
      "_key": "!scenes.walls!0Y6nOAGqyLDiEDZ2.4C5PGmwU1LOzPAv2"
    },
    {
      "_id": "zlkITHh5Ez6qucZm",
      "c": [
        2525,
        2187,
        2500,
        2300
      ],
      "light": 20,
      "move": 20,
      "sight": 20,
      "sound": 20,
      "dir": 0,
      "door": 0,
      "ds": 0,
      "flags": {},
      "threshold": {
        "light": null,
        "sight": null,
        "sound": null,
        "attenuation": false
      },
      "_key": "!scenes.walls!0Y6nOAGqyLDiEDZ2.zlkITHh5Ez6qucZm"
    },
    {
      "_id": "J20xPJLmm4iKJP0M",
      "c": [
        2500,
        2300,
        2412,
        2325
      ],
      "light": 20,
      "move": 20,
      "sight": 20,
      "sound": 20,
      "dir": 0,
      "door": 0,
      "ds": 0,
      "flags": {},
      "threshold": {
        "light": null,
        "sight": null,
        "sound": null,
        "attenuation": false
      },
      "_key": "!scenes.walls!0Y6nOAGqyLDiEDZ2.J20xPJLmm4iKJP0M"
    },
    {
      "_id": "QdHBGQV5ARG32o8d",
      "c": [
        2412,
        2325,
        2350,
        2300
      ],
      "light": 20,
      "move": 20,
      "sight": 20,
      "sound": 20,
      "dir": 0,
      "door": 0,
      "ds": 0,
      "flags": {},
      "threshold": {
        "light": null,
        "sight": null,
        "sound": null,
        "attenuation": false
      },
      "_key": "!scenes.walls!0Y6nOAGqyLDiEDZ2.QdHBGQV5ARG32o8d"
    },
    {
      "_id": "Iy2VlqBpAAIUB0Dy",
      "c": [
        2350,
        2300,
        1975,
        2325
      ],
      "light": 20,
      "move": 20,
      "sight": 20,
      "sound": 20,
      "dir": 0,
      "door": 0,
      "ds": 0,
      "flags": {},
      "threshold": {
        "light": null,
        "sight": null,
        "sound": null,
        "attenuation": false
      },
      "_key": "!scenes.walls!0Y6nOAGqyLDiEDZ2.Iy2VlqBpAAIUB0Dy"
    },
    {
      "_id": "iXvBKL5QO1TcchRv",
      "c": [
        1975,
        2325,
        1825,
        2187
      ],
      "light": 20,
      "move": 20,
      "sight": 20,
      "sound": 20,
      "dir": 0,
      "door": 0,
      "ds": 0,
      "flags": {},
      "threshold": {
        "light": null,
        "sight": null,
        "sound": null,
        "attenuation": false
      },
      "_key": "!scenes.walls!0Y6nOAGqyLDiEDZ2.iXvBKL5QO1TcchRv"
    },
    {
      "_id": "9bj6RiLoAvpXEV8H",
      "c": [
        1825,
        2187,
        1737,
        2237
      ],
      "light": 20,
      "move": 20,
      "sight": 20,
      "sound": 20,
      "dir": 0,
      "door": 0,
      "ds": 0,
      "flags": {},
      "threshold": {
        "light": null,
        "sight": null,
        "sound": null,
        "attenuation": false
      },
      "_key": "!scenes.walls!0Y6nOAGqyLDiEDZ2.9bj6RiLoAvpXEV8H"
    },
    {
      "_id": "ahaEgJC7hxn3cT84",
      "c": [
        1737,
        2237,
        1762,
        2300
      ],
      "light": 20,
      "move": 20,
      "sight": 20,
      "sound": 20,
      "dir": 0,
      "door": 0,
      "ds": 0,
      "flags": {},
      "threshold": {
        "light": null,
        "sight": null,
        "sound": null,
        "attenuation": false
      },
      "_key": "!scenes.walls!0Y6nOAGqyLDiEDZ2.ahaEgJC7hxn3cT84"
    },
    {
      "_id": "057yKPmhY45amzVz",
      "c": [
        1762,
        2300,
        1650,
        2500
      ],
      "light": 20,
      "move": 20,
      "sight": 20,
      "sound": 20,
      "dir": 0,
      "door": 0,
      "ds": 0,
      "flags": {},
      "threshold": {
        "light": null,
        "sight": null,
        "sound": null,
        "attenuation": false
      },
      "_key": "!scenes.walls!0Y6nOAGqyLDiEDZ2.057yKPmhY45amzVz"
    },
    {
      "_id": "PjIlYnKcFHMyyJHH",
      "c": [
        1650,
        2500,
        1575,
        2550
      ],
      "light": 20,
      "move": 20,
      "sight": 20,
      "sound": 20,
      "dir": 0,
      "door": 0,
      "ds": 0,
      "flags": {},
      "threshold": {
        "light": null,
        "sight": null,
        "sound": null,
        "attenuation": false
      },
      "_key": "!scenes.walls!0Y6nOAGqyLDiEDZ2.PjIlYnKcFHMyyJHH"
    },
    {
      "_id": "vUhAC9FtNl7SgQJd",
      "c": [
        1575,
        2550,
        1500,
        2525
      ],
      "light": 20,
      "move": 20,
      "sight": 20,
      "sound": 20,
      "dir": 0,
      "door": 0,
      "ds": 0,
      "flags": {},
      "threshold": {
        "light": null,
        "sight": null,
        "sound": null,
        "attenuation": false
      },
      "_key": "!scenes.walls!0Y6nOAGqyLDiEDZ2.vUhAC9FtNl7SgQJd"
    },
    {
      "_id": "GfebR1TQwmRaiWJM",
      "c": [
        1500,
        2525,
        1437,
        2575
      ],
      "light": 20,
      "move": 20,
      "sight": 20,
      "sound": 20,
      "dir": 0,
      "door": 0,
      "ds": 0,
      "flags": {},
      "threshold": {
        "light": null,
        "sight": null,
        "sound": null,
        "attenuation": false
      },
      "_key": "!scenes.walls!0Y6nOAGqyLDiEDZ2.GfebR1TQwmRaiWJM"
    },
    {
      "_id": "c0dQYf7nwW6pFyqd",
      "c": [
        1437,
        2575,
        1312,
        2700
      ],
      "light": 20,
      "move": 20,
      "sight": 20,
      "sound": 20,
      "dir": 0,
      "door": 0,
      "ds": 0,
      "flags": {},
      "threshold": {
        "light": null,
        "sight": null,
        "sound": null,
        "attenuation": false
      },
      "_key": "!scenes.walls!0Y6nOAGqyLDiEDZ2.c0dQYf7nwW6pFyqd"
    },
    {
      "_id": "E0cTKSEYpXiA1btq",
      "c": [
        1312,
        2700,
        1225,
        2925
      ],
      "light": 20,
      "move": 20,
      "sight": 20,
      "sound": 20,
      "dir": 0,
      "door": 0,
      "ds": 0,
      "flags": {},
      "threshold": {
        "light": null,
        "sight": null,
        "sound": null,
        "attenuation": false
      },
      "_key": "!scenes.walls!0Y6nOAGqyLDiEDZ2.E0cTKSEYpXiA1btq"
    },
    {
      "_id": "1NhaaiErzIzxqyFG",
      "c": [
        1225,
        2925,
        1137,
        2962
      ],
      "light": 20,
      "move": 20,
      "sight": 20,
      "sound": 20,
      "dir": 0,
      "door": 0,
      "ds": 0,
      "flags": {},
      "threshold": {
        "light": null,
        "sight": null,
        "sound": null,
        "attenuation": false
      },
      "_key": "!scenes.walls!0Y6nOAGqyLDiEDZ2.1NhaaiErzIzxqyFG"
    },
    {
      "_id": "7f1xOFnLo5iX96qB",
      "c": [
        1137,
        2962,
        1125,
        3000
      ],
      "light": 20,
      "move": 20,
      "sight": 20,
      "sound": 20,
      "dir": 0,
      "door": 0,
      "ds": 0,
      "flags": {},
      "threshold": {
        "light": null,
        "sight": null,
        "sound": null,
        "attenuation": false
      },
      "_key": "!scenes.walls!0Y6nOAGqyLDiEDZ2.7f1xOFnLo5iX96qB"
    },
    {
      "_id": "tz1e0xCeazCsLeVR",
      "c": [
        1662,
        1662,
        1550,
        1675
      ],
      "light": 20,
      "move": 20,
      "sight": 20,
      "sound": 20,
      "dir": 0,
      "door": 0,
      "ds": 0,
      "flags": {},
      "threshold": {
        "light": null,
        "sight": null,
        "sound": null,
        "attenuation": false
      },
      "_key": "!scenes.walls!0Y6nOAGqyLDiEDZ2.tz1e0xCeazCsLeVR"
    },
    {
      "_id": "FYQKVrOd7hAU9nj9",
      "c": [
        1550,
        1675,
        1500,
        1625
      ],
      "light": 20,
      "move": 20,
      "sight": 20,
      "sound": 20,
      "dir": 0,
      "door": 0,
      "ds": 0,
      "flags": {},
      "threshold": {
        "light": null,
        "sight": null,
        "sound": null,
        "attenuation": false
      },
      "_key": "!scenes.walls!0Y6nOAGqyLDiEDZ2.FYQKVrOd7hAU9nj9"
    },
    {
      "_id": "NDGzKSG5dqJRlyTj",
      "c": [
        1500,
        1625,
        1487,
        1550
      ],
      "light": 20,
      "move": 20,
      "sight": 20,
      "sound": 20,
      "dir": 0,
      "door": 0,
      "ds": 0,
      "flags": {},
      "threshold": {
        "light": null,
        "sight": null,
        "sound": null,
        "attenuation": false
      },
      "_key": "!scenes.walls!0Y6nOAGqyLDiEDZ2.NDGzKSG5dqJRlyTj"
    },
    {
      "_id": "CYcXbbU4SXnipdJc",
      "c": [
        1487,
        1550,
        1550,
        1550
      ],
      "light": 20,
      "move": 20,
      "sight": 20,
      "sound": 20,
      "dir": 0,
      "door": 0,
      "ds": 0,
      "flags": {},
      "threshold": {
        "light": null,
        "sight": null,
        "sound": null,
        "attenuation": false
      },
      "_key": "!scenes.walls!0Y6nOAGqyLDiEDZ2.CYcXbbU4SXnipdJc"
    },
    {
      "_id": "ra6yGEYqXFqvKLcg",
      "c": [
        1550,
        1550,
        1625,
        1600
      ],
      "light": 20,
      "move": 20,
      "sight": 20,
      "sound": 20,
      "dir": 0,
      "door": 0,
      "ds": 0,
      "flags": {},
      "threshold": {
        "light": null,
        "sight": null,
        "sound": null,
        "attenuation": false
      },
      "_key": "!scenes.walls!0Y6nOAGqyLDiEDZ2.ra6yGEYqXFqvKLcg"
    },
    {
      "_id": "FBGPZwOdth720L7c",
      "c": [
        1625,
        1600,
        1662,
        1662
      ],
      "light": 20,
      "move": 20,
      "sight": 20,
      "sound": 20,
      "dir": 0,
      "door": 0,
      "ds": 0,
      "flags": {},
      "threshold": {
        "light": null,
        "sight": null,
        "sound": null,
        "attenuation": false
      },
      "_key": "!scenes.walls!0Y6nOAGqyLDiEDZ2.FBGPZwOdth720L7c"
    },
    {
      "_id": "KP7WRVuuPT2Qa3li",
      "c": [
        1587,
        1175,
        1625,
        1262
      ],
      "light": 10,
      "move": 20,
      "sight": 10,
      "sound": 10,
      "dir": 0,
      "door": 0,
      "ds": 0,
      "flags": {},
      "threshold": {
        "light": null,
        "sight": null,
        "sound": null,
        "attenuation": false
      },
      "_key": "!scenes.walls!0Y6nOAGqyLDiEDZ2.KP7WRVuuPT2Qa3li"
    },
    {
      "_id": "qA0s0BfDNKnG6lDE",
      "c": [
        1625,
        1262,
        1600,
        1312
      ],
      "light": 10,
      "move": 20,
      "sight": 10,
      "sound": 10,
      "dir": 0,
      "door": 0,
      "ds": 0,
      "flags": {},
      "threshold": {
        "light": null,
        "sight": null,
        "sound": null,
        "attenuation": false
      },
      "_key": "!scenes.walls!0Y6nOAGqyLDiEDZ2.qA0s0BfDNKnG6lDE"
    },
    {
      "_id": "5ENVkr1JPbAvkuRZ",
      "c": [
        1600,
        1312,
        1487,
        1250
      ],
      "light": 10,
      "move": 20,
      "sight": 10,
      "sound": 10,
      "dir": 0,
      "door": 0,
      "ds": 0,
      "flags": {},
      "threshold": {
        "light": null,
        "sight": null,
        "sound": null,
        "attenuation": false
      },
      "_key": "!scenes.walls!0Y6nOAGqyLDiEDZ2.5ENVkr1JPbAvkuRZ"
    },
    {
      "_id": "Ymy9PRkDnrdeoUny",
      "c": [
        1487,
        1250,
        1512,
        1175
      ],
      "light": 10,
      "move": 20,
      "sight": 10,
      "sound": 10,
      "dir": 0,
      "door": 0,
      "ds": 0,
      "flags": {},
      "threshold": {
        "light": null,
        "sight": null,
        "sound": null,
        "attenuation": false
      },
      "_key": "!scenes.walls!0Y6nOAGqyLDiEDZ2.Ymy9PRkDnrdeoUny"
    },
    {
      "_id": "T4GAGXX7Ow51mehv",
      "c": [
        1512,
        1175,
        1587,
        1175
      ],
      "light": 10,
      "move": 20,
      "sight": 10,
      "sound": 10,
      "dir": 0,
      "door": 0,
      "ds": 0,
      "flags": {},
      "threshold": {
        "light": null,
        "sight": null,
        "sound": null,
        "attenuation": false
      },
      "_key": "!scenes.walls!0Y6nOAGqyLDiEDZ2.T4GAGXX7Ow51mehv"
    },
    {
      "_id": "aEefN3Z8xEYuoPHs",
      "c": [
        2325,
        1725,
        2275,
        1800
      ],
      "light": 10,
      "move": 20,
      "sight": 10,
      "sound": 10,
      "dir": 0,
      "door": 0,
      "ds": 0,
      "flags": {},
      "threshold": {
        "light": null,
        "sight": null,
        "sound": null,
        "attenuation": false
      },
      "_key": "!scenes.walls!0Y6nOAGqyLDiEDZ2.aEefN3Z8xEYuoPHs"
    },
    {
      "_id": "JgblDcdZTz5JAhVc",
      "c": [
        2275,
        1800,
        2225,
        1800
      ],
      "light": 10,
      "move": 20,
      "sight": 10,
      "sound": 10,
      "dir": 0,
      "door": 0,
      "ds": 0,
      "flags": {},
      "threshold": {
        "light": null,
        "sight": null,
        "sound": null,
        "attenuation": false
      },
      "_key": "!scenes.walls!0Y6nOAGqyLDiEDZ2.JgblDcdZTz5JAhVc"
    },
    {
      "_id": "pRW9NMQ8drN5GV45",
      "c": [
        2225,
        1800,
        2212,
        1687
      ],
      "light": 10,
      "move": 20,
      "sight": 10,
      "sound": 10,
      "dir": 0,
      "door": 0,
      "ds": 0,
      "flags": {},
      "threshold": {
        "light": null,
        "sight": null,
        "sound": null,
        "attenuation": false
      },
      "_key": "!scenes.walls!0Y6nOAGqyLDiEDZ2.pRW9NMQ8drN5GV45"
    },
    {
      "_id": "k41V7w70NLWckib6",
      "c": [
        2212,
        1687,
        2262,
        1662
      ],
      "light": 10,
      "move": 20,
      "sight": 10,
      "sound": 10,
      "dir": 0,
      "door": 0,
      "ds": 0,
      "flags": {},
      "threshold": {
        "light": null,
        "sight": null,
        "sound": null,
        "attenuation": false
      },
      "_key": "!scenes.walls!0Y6nOAGqyLDiEDZ2.k41V7w70NLWckib6"
    },
    {
      "_id": "pep2TqCvwF1rqDpW",
      "c": [
        2262,
        1662,
        2325,
        1725
      ],
      "light": 10,
      "move": 20,
      "sight": 10,
      "sound": 10,
      "dir": 0,
      "door": 0,
      "ds": 0,
      "flags": {},
      "threshold": {
        "light": null,
        "sight": null,
        "sound": null,
        "attenuation": false
      },
      "_key": "!scenes.walls!0Y6nOAGqyLDiEDZ2.pep2TqCvwF1rqDpW"
    },
    {
      "_id": "pzd6RH3rpA0AkgKY",
      "c": [
        2100,
        2075,
        2037,
        2112
      ],
      "light": 10,
      "move": 20,
      "sight": 10,
      "sound": 10,
      "dir": 0,
      "door": 0,
      "ds": 0,
      "flags": {},
      "threshold": {
        "light": null,
        "sight": null,
        "sound": null,
        "attenuation": false
      },
      "_key": "!scenes.walls!0Y6nOAGqyLDiEDZ2.pzd6RH3rpA0AkgKY"
    },
    {
      "_id": "Je5aWr3d56Gi8lL5",
      "c": [
        2037,
        2112,
        2000,
        2025
      ],
      "light": 10,
      "move": 20,
      "sight": 10,
      "sound": 10,
      "dir": 0,
      "door": 0,
      "ds": 0,
      "flags": {},
      "threshold": {
        "light": null,
        "sight": null,
        "sound": null,
        "attenuation": false
      },
      "_key": "!scenes.walls!0Y6nOAGqyLDiEDZ2.Je5aWr3d56Gi8lL5"
    },
    {
      "_id": "GKbzCVib7qkgUPD9",
      "c": [
        2000,
        2025,
        2062,
        1987
      ],
      "light": 10,
      "move": 20,
      "sight": 10,
      "sound": 10,
      "dir": 0,
      "door": 0,
      "ds": 0,
      "flags": {},
      "threshold": {
        "light": null,
        "sight": null,
        "sound": null,
        "attenuation": false
      },
      "_key": "!scenes.walls!0Y6nOAGqyLDiEDZ2.GKbzCVib7qkgUPD9"
    },
    {
      "_id": "x2FwDsvGZQqEwqoU",
      "c": [
        2062,
        1987,
        2100,
        2025
      ],
      "light": 10,
      "move": 20,
      "sight": 10,
      "sound": 10,
      "dir": 0,
      "door": 0,
      "ds": 0,
      "flags": {},
      "threshold": {
        "light": null,
        "sight": null,
        "sound": null,
        "attenuation": false
      },
      "_key": "!scenes.walls!0Y6nOAGqyLDiEDZ2.x2FwDsvGZQqEwqoU"
    },
    {
      "_id": "mrkhmRmoT4PZZYIg",
      "c": [
        2100,
        2025,
        2100,
        2075
      ],
      "light": 10,
      "move": 20,
      "sight": 10,
      "sound": 10,
      "dir": 0,
      "door": 0,
      "ds": 0,
      "flags": {},
      "threshold": {
        "light": null,
        "sight": null,
        "sound": null,
        "attenuation": false
      },
      "_key": "!scenes.walls!0Y6nOAGqyLDiEDZ2.mrkhmRmoT4PZZYIg"
    }
  ],
  "playlist": null,
  "playlistSound": null,
  "journal": null,
  "journalEntryPage": null,
  "weather": "",
  "flags": {},
  "_stats": {
    "systemId": "dnd5e",
    "systemVersion": "2.4.1",
    "coreVersion": "12.330",
    "createdTime": 1670367649194,
    "modifiedTime": 1723946803705,
    "lastModifiedBy": "dnd5ebuilder0000",
    "compendiumSource": "Compendium.fa-battlemaps.maps.0Y6nOAGqyLDiEDZ2",
    "duplicateSource": null
  },
  "_id": "0Y6nOAGqyLDiEDZ2",
  "active": false,
  "folder": null,
  "sort": 0,
  "ownership": {
    "default": 0
  },
  "regions": [],
  "environment": {
    "globalLight": {
      "luminosity": 0,
      "enabled": false,
      "darkness": {
        "max": 1,
        "min": 0
      },
      "alpha": 0.5,
      "bright": false,
      "color": null,
      "coloration": 1,
      "saturation": 0,
      "contrast": 0,
      "shadows": 0
    },
    "darknessLevel": 0.45,
    "darknessLock": false,
    "cycle": true,
    "base": {
      "hue": 0,
      "intensity": 0,
      "luminosity": 0,
      "saturation": 0,
      "shadows": 0
    },
    "dark": {
      "hue": 0.7138888888888889,
      "intensity": 0,
      "luminosity": -0.25,
      "saturation": 0,
      "shadows": 0
    }
  },
  "fog": {
    "exploration": true,
    "reset": 1670367649193,
    "overlay": null,
    "colors": {
      "explored": null,
      "unexplored": null
    }
  },
  "_key": "!scenes!0Y6nOAGqyLDiEDZ2"
}
