{
  "name": "Collapsed Cavern [18x24]",
  "navigation": false,
  "navOrder": 0,
  "navName": "",
  "background": {
    "src": "fa_battlemaps/Maps/2022/December/fa_wec-collapsed-cavern/Maps/CollapsedCavernBG.webp",
    "scaleX": 1,
    "scaleY": 1,
    "offsetX": 0,
    "offsetY": 0,
    "rotation": 0,
    "tint": "#ffffff",
    "anchorX": 0,
    "anchorY": 0,
    "fit": "fill",
    "alphaThreshold": 0
  },
  "foreground": "fa_battlemaps/Maps/2022/December/fa_wec-collapsed-cavern/Maps/CollapsedCavernFG.webp",
  "foregroundElevation": 20,
  "thumb": "modules/fa-battlemaps/assets/scenes/OCAvaDAFhyzA1NOI-thumb.webp",
  "width": 1800,
  "height": 2400,
  "padding": 0.25,
  "initial": {
    "x": 1690,
    "y": 1792,
    "scale": 0.5701131193721047
  },
  "backgroundColor": "#000000",
  "grid": {
    "type": 1,
    "size": 100,
    "color": "#000000",
    "alpha": 0.2,
    "distance": 5,
    "units": "ft",
    "style": "solidLines",
    "thickness": 1
  },
  "tokenVision": true,
  "drawings": [],
  "tokens": [],
  "lights": [],
  "notes": [],
  "sounds": [
    {
      "path": "fa_battlemaps/Audio/Streams%20quietstream.ogg",
      "x": 650,
      "y": 2000,
      "radius": 25,
      "easing": true,
      "walls": true,
      "volume": 0.5,
      "darkness": {
        "min": 0,
        "max": 1
      },
      "flags": {
        "tagger": {
          "tags": ""
        }
      },
      "repeat": false,
      "hidden": false,
      "_id": "l1uU76ampntkgg3F",
      "elevation": 0,
      "effects": {
        "base": {
          "intensity": 5
        },
        "muffled": {
          "intensity": 5
        }
      },
      "_key": "!scenes.sounds!OCAvaDAFhyzA1NOI.l1uU76ampntkgg3F"
    },
    {
      "path": "fa_battlemaps/Audio/Streams%20quietstream.ogg",
      "x": 1150,
      "y": 2000,
      "radius": 25,
      "easing": true,
      "walls": true,
      "volume": 0.5,
      "darkness": {
        "min": 0,
        "max": 1
      },
      "flags": {
        "tagger": {
          "tags": ""
        }
      },
      "repeat": false,
      "hidden": false,
      "_id": "oHAY6s1H9yRHCxLg",
      "elevation": 0,
      "effects": {
        "base": {
          "intensity": 5
        },
        "muffled": {
          "intensity": 5
        }
      },
      "_key": "!scenes.sounds!OCAvaDAFhyzA1NOI.oHAY6s1H9yRHCxLg"
    },
    {
      "path": "fa_battlemaps/Audio/Streams%20quietstream.ogg",
      "x": 1550,
      "y": 1700,
      "radius": 25,
      "easing": true,
      "walls": true,
      "volume": 0.5,
      "darkness": {
        "min": 0,
        "max": 1
      },
      "flags": {
        "tagger": {
          "tags": ""
        }
      },
      "repeat": false,
      "hidden": false,
      "_id": "qmaEjRtlbe1T9kdA",
      "elevation": 0,
      "effects": {
        "base": {
          "intensity": 5
        },
        "muffled": {
          "intensity": 5
        }
      },
      "_key": "!scenes.sounds!OCAvaDAFhyzA1NOI.qmaEjRtlbe1T9kdA"
    },
    {
      "path": "fa_battlemaps/Audio/Streams%20quietstream.ogg",
      "x": 1600,
      "y": 1250,
      "radius": 25,
      "easing": true,
      "walls": true,
      "volume": 0.5,
      "darkness": {
        "min": 0,
        "max": 1
      },
      "flags": {
        "tagger": {
          "tags": ""
        }
      },
      "repeat": false,
      "hidden": false,
      "_id": "kumwBQxAnUt48Khk",
      "elevation": 0,
      "effects": {
        "base": {
          "intensity": 5
        },
        "muffled": {
          "intensity": 5
        }
      },
      "_key": "!scenes.sounds!OCAvaDAFhyzA1NOI.kumwBQxAnUt48Khk"
    },
    {
      "path": "fa_battlemaps/Audio/Streams%20quietstream.ogg",
      "x": 1750,
      "y": 900,
      "radius": 25,
      "easing": true,
      "walls": true,
      "volume": 0.5,
      "darkness": {
        "min": 0,
        "max": 1
      },
      "flags": {
        "tagger": {
          "tags": ""
        }
      },
      "repeat": false,
      "hidden": false,
      "_id": "fWodnTLALssQcjkp",
      "elevation": 0,
      "effects": {
        "base": {
          "intensity": 5
        },
        "muffled": {
          "intensity": 5
        }
      },
      "_key": "!scenes.sounds!OCAvaDAFhyzA1NOI.fWodnTLALssQcjkp"
    },
    {
      "path": "fa_battlemaps/Audio/CaveAmbience.ogg",
      "x": 1400,
      "y": 1750,
      "radius": 72.6,
      "easing": false,
      "walls": false,
      "volume": 0.25,
      "darkness": {
        "min": 0,
        "max": 1
      },
      "flags": {
        "tagger": {
          "tags": ""
        }
      },
      "_id": "SQiPPxuuQCdlviG5",
      "repeat": false,
      "hidden": false,
      "elevation": 0,
      "effects": {
        "base": {
          "intensity": 5
        },
        "muffled": {
          "intensity": 5
        }
      },
      "_key": "!scenes.sounds!OCAvaDAFhyzA1NOI.SQiPPxuuQCdlviG5"
    }
  ],
  "templates": [],
  "tiles": [],
  "walls": [
    {
      "_id": "KGQrLrWW2E72k045",
      "c": [
        2300,
        3000,
        500,
        3000
      ],
      "light": 20,
      "move": 20,
      "sight": 20,
      "sound": 20,
      "dir": 0,
      "door": 0,
      "ds": 0,
      "flags": {},
      "threshold": {
        "light": null,
        "sight": null,
        "sound": null,
        "attenuation": false
      },
      "_key": "!scenes.walls!OCAvaDAFhyzA1NOI.KGQrLrWW2E72k045"
    },
    {
      "_id": "Q7qcC0hrFM9eXOGE",
      "c": [
        500,
        3000,
        500,
        600
      ],
      "light": 20,
      "move": 20,
      "sight": 20,
      "sound": 20,
      "dir": 0,
      "door": 0,
      "ds": 0,
      "flags": {},
      "threshold": {
        "light": null,
        "sight": null,
        "sound": null,
        "attenuation": false
      },
      "_key": "!scenes.walls!OCAvaDAFhyzA1NOI.Q7qcC0hrFM9eXOGE"
    },
    {
      "_id": "DA24XSOW6AuS4jlF",
      "c": [
        500,
        600,
        2300,
        600
      ],
      "light": 20,
      "move": 20,
      "sight": 20,
      "sound": 20,
      "dir": 0,
      "door": 0,
      "ds": 0,
      "flags": {},
      "threshold": {
        "light": null,
        "sight": null,
        "sound": null,
        "attenuation": false
      },
      "_key": "!scenes.walls!OCAvaDAFhyzA1NOI.DA24XSOW6AuS4jlF"
    },
    {
      "_id": "ck1nyXatmKAarCbT",
      "c": [
        2300,
        600,
        2300,
        3000
      ],
      "light": 20,
      "move": 20,
      "sight": 20,
      "sound": 20,
      "dir": 0,
      "door": 0,
      "ds": 0,
      "flags": {},
      "threshold": {
        "light": null,
        "sight": null,
        "sound": null,
        "attenuation": false
      },
      "_key": "!scenes.walls!OCAvaDAFhyzA1NOI.ck1nyXatmKAarCbT"
    },
    {
      "_id": "5ejiLYgWkKXWNryI",
      "c": [
        2287,
        2112,
        2087,
        2112
      ],
      "light": 20,
      "move": 20,
      "sight": 20,
      "sound": 20,
      "dir": 0,
      "door": 0,
      "ds": 0,
      "flags": {},
      "threshold": {
        "light": null,
        "sight": null,
        "sound": null,
        "attenuation": false
      },
      "_key": "!scenes.walls!OCAvaDAFhyzA1NOI.5ejiLYgWkKXWNryI"
    },
    {
      "_id": "CsGLbxHy3rDri8Fb",
      "c": [
        2087,
        2112,
        2000,
        2162
      ],
      "light": 20,
      "move": 20,
      "sight": 20,
      "sound": 20,
      "dir": 0,
      "door": 0,
      "ds": 0,
      "flags": {},
      "threshold": {
        "light": null,
        "sight": null,
        "sound": null,
        "attenuation": false
      },
      "_key": "!scenes.walls!OCAvaDAFhyzA1NOI.CsGLbxHy3rDri8Fb"
    },
    {
      "_id": "sX6j8M98XP4C0LWT",
      "c": [
        2000,
        2162,
        1950,
        2237
      ],
      "light": 20,
      "move": 20,
      "sight": 20,
      "sound": 20,
      "dir": 0,
      "door": 0,
      "ds": 0,
      "flags": {},
      "threshold": {
        "light": null,
        "sight": null,
        "sound": null,
        "attenuation": false
      },
      "_key": "!scenes.walls!OCAvaDAFhyzA1NOI.sX6j8M98XP4C0LWT"
    },
    {
      "_id": "oc4orCCBoRJ8Vg3i",
      "c": [
        1950,
        2237,
        1837,
        2287
      ],
      "light": 20,
      "move": 20,
      "sight": 20,
      "sound": 20,
      "dir": 0,
      "door": 0,
      "ds": 0,
      "flags": {},
      "threshold": {
        "light": null,
        "sight": null,
        "sound": null,
        "attenuation": false
      },
      "_key": "!scenes.walls!OCAvaDAFhyzA1NOI.oc4orCCBoRJ8Vg3i"
    },
    {
      "_id": "NOojElKV4qWN0cvN",
      "c": [
        1837,
        2287,
        1800,
        2337
      ],
      "light": 20,
      "move": 20,
      "sight": 20,
      "sound": 20,
      "dir": 0,
      "door": 0,
      "ds": 0,
      "flags": {},
      "threshold": {
        "light": null,
        "sight": null,
        "sound": null,
        "attenuation": false
      },
      "_key": "!scenes.walls!OCAvaDAFhyzA1NOI.NOojElKV4qWN0cvN"
    },
    {
      "_id": "sYq6cXeU44HyyrIr",
      "c": [
        1800,
        2337,
        1800,
        2412
      ],
      "light": 20,
      "move": 20,
      "sight": 20,
      "sound": 20,
      "dir": 0,
      "door": 0,
      "ds": 0,
      "flags": {},
      "threshold": {
        "light": null,
        "sight": null,
        "sound": null,
        "attenuation": false
      },
      "_key": "!scenes.walls!OCAvaDAFhyzA1NOI.sYq6cXeU44HyyrIr"
    },
    {
      "_id": "D1eZ28XcraUGu96i",
      "c": [
        1800,
        2412,
        1737,
        2475
      ],
      "light": 20,
      "move": 20,
      "sight": 20,
      "sound": 20,
      "dir": 0,
      "door": 0,
      "ds": 0,
      "flags": {},
      "threshold": {
        "light": null,
        "sight": null,
        "sound": null,
        "attenuation": false
      },
      "_key": "!scenes.walls!OCAvaDAFhyzA1NOI.D1eZ28XcraUGu96i"
    },
    {
      "_id": "qzPwnzltd3oiHjFi",
      "c": [
        1737,
        2475,
        1750,
        2575
      ],
      "light": 20,
      "move": 20,
      "sight": 20,
      "sound": 20,
      "dir": 0,
      "door": 0,
      "ds": 0,
      "flags": {},
      "threshold": {
        "light": null,
        "sight": null,
        "sound": null,
        "attenuation": false
      },
      "_key": "!scenes.walls!OCAvaDAFhyzA1NOI.qzPwnzltd3oiHjFi"
    },
    {
      "_id": "NNS5hP9hcXY6PzDN",
      "c": [
        1750,
        2575,
        1700,
        2675
      ],
      "light": 20,
      "move": 20,
      "sight": 20,
      "sound": 20,
      "dir": 0,
      "door": 0,
      "ds": 0,
      "flags": {},
      "threshold": {
        "light": null,
        "sight": null,
        "sound": null,
        "attenuation": false
      },
      "_key": "!scenes.walls!OCAvaDAFhyzA1NOI.NNS5hP9hcXY6PzDN"
    },
    {
      "_id": "nJ2ap1qfsXLBYpQl",
      "c": [
        1700,
        2675,
        1675,
        2687
      ],
      "light": 20,
      "move": 20,
      "sight": 20,
      "sound": 20,
      "dir": 0,
      "door": 0,
      "ds": 0,
      "flags": {},
      "threshold": {
        "light": null,
        "sight": null,
        "sound": null,
        "attenuation": false
      },
      "_key": "!scenes.walls!OCAvaDAFhyzA1NOI.nJ2ap1qfsXLBYpQl"
    },
    {
      "_id": "YqDzokeNEy6bwyCH",
      "c": [
        1675,
        2687,
        1525,
        2862
      ],
      "light": 20,
      "move": 20,
      "sight": 20,
      "sound": 20,
      "dir": 0,
      "door": 0,
      "ds": 0,
      "flags": {},
      "threshold": {
        "light": null,
        "sight": null,
        "sound": null,
        "attenuation": false
      },
      "_key": "!scenes.walls!OCAvaDAFhyzA1NOI.YqDzokeNEy6bwyCH"
    },
    {
      "_id": "3VCnAhit2p0SMuZa",
      "c": [
        1525,
        2862,
        1437,
        2887
      ],
      "light": 20,
      "move": 20,
      "sight": 20,
      "sound": 20,
      "dir": 0,
      "door": 0,
      "ds": 0,
      "flags": {},
      "threshold": {
        "light": null,
        "sight": null,
        "sound": null,
        "attenuation": false
      },
      "_key": "!scenes.walls!OCAvaDAFhyzA1NOI.3VCnAhit2p0SMuZa"
    },
    {
      "_id": "xC2VY9yerUWDOEqg",
      "c": [
        1437,
        2887,
        1287,
        2825
      ],
      "light": 20,
      "move": 20,
      "sight": 20,
      "sound": 20,
      "dir": 0,
      "door": 0,
      "ds": 0,
      "flags": {},
      "threshold": {
        "light": null,
        "sight": null,
        "sound": null,
        "attenuation": false
      },
      "_key": "!scenes.walls!OCAvaDAFhyzA1NOI.xC2VY9yerUWDOEqg"
    },
    {
      "_id": "f8BGW7nauIoi3QYv",
      "c": [
        1287,
        2825,
        1275,
        2737
      ],
      "light": 20,
      "move": 20,
      "sight": 20,
      "sound": 20,
      "dir": 0,
      "door": 0,
      "ds": 0,
      "flags": {},
      "threshold": {
        "light": null,
        "sight": null,
        "sound": null,
        "attenuation": false
      },
      "_key": "!scenes.walls!OCAvaDAFhyzA1NOI.f8BGW7nauIoi3QYv"
    },
    {
      "_id": "M04dQo4cAayen87t",
      "c": [
        1275,
        2737,
        1262,
        2725
      ],
      "light": 20,
      "move": 20,
      "sight": 20,
      "sound": 20,
      "dir": 0,
      "door": 0,
      "ds": 0,
      "flags": {},
      "threshold": {
        "light": null,
        "sight": null,
        "sound": null,
        "attenuation": false
      },
      "_key": "!scenes.walls!OCAvaDAFhyzA1NOI.M04dQo4cAayen87t"
    },
    {
      "_id": "RxxAXoUGqravvxmu",
      "c": [
        1262,
        2725,
        1175,
        2725
      ],
      "light": 20,
      "move": 20,
      "sight": 20,
      "sound": 20,
      "dir": 0,
      "door": 0,
      "ds": 0,
      "flags": {},
      "threshold": {
        "light": null,
        "sight": null,
        "sound": null,
        "attenuation": false
      },
      "_key": "!scenes.walls!OCAvaDAFhyzA1NOI.RxxAXoUGqravvxmu"
    },
    {
      "_id": "YovUcqeUHykMNb0U",
      "c": [
        1175,
        2725,
        1112,
        2762
      ],
      "light": 20,
      "move": 20,
      "sight": 20,
      "sound": 20,
      "dir": 0,
      "door": 0,
      "ds": 0,
      "flags": {},
      "threshold": {
        "light": null,
        "sight": null,
        "sound": null,
        "attenuation": false
      },
      "_key": "!scenes.walls!OCAvaDAFhyzA1NOI.YovUcqeUHykMNb0U"
    },
    {
      "_id": "pzgf702Ske236FOO",
      "c": [
        1112,
        2762,
        1012,
        2687
      ],
      "light": 20,
      "move": 20,
      "sight": 20,
      "sound": 20,
      "dir": 0,
      "door": 0,
      "ds": 0,
      "flags": {},
      "threshold": {
        "light": null,
        "sight": null,
        "sound": null,
        "attenuation": false
      },
      "_key": "!scenes.walls!OCAvaDAFhyzA1NOI.pzgf702Ske236FOO"
    },
    {
      "_id": "nme9LmuQubt2WZK2",
      "c": [
        1012,
        2687,
        862,
        2675
      ],
      "light": 20,
      "move": 20,
      "sight": 20,
      "sound": 20,
      "dir": 0,
      "door": 0,
      "ds": 0,
      "flags": {},
      "threshold": {
        "light": null,
        "sight": null,
        "sound": null,
        "attenuation": false
      },
      "_key": "!scenes.walls!OCAvaDAFhyzA1NOI.nme9LmuQubt2WZK2"
    },
    {
      "_id": "11FPiX7xcgKzNSPQ",
      "c": [
        862,
        2675,
        800,
        2600
      ],
      "light": 20,
      "move": 20,
      "sight": 20,
      "sound": 20,
      "dir": 0,
      "door": 0,
      "ds": 0,
      "flags": {},
      "threshold": {
        "light": null,
        "sight": null,
        "sound": null,
        "attenuation": false
      },
      "_key": "!scenes.walls!OCAvaDAFhyzA1NOI.11FPiX7xcgKzNSPQ"
    },
    {
      "_id": "3Fj4OkaK3J7au0dV",
      "c": [
        800,
        2600,
        775,
        2512
      ],
      "light": 20,
      "move": 20,
      "sight": 20,
      "sound": 20,
      "dir": 0,
      "door": 0,
      "ds": 0,
      "flags": {},
      "threshold": {
        "light": null,
        "sight": null,
        "sound": null,
        "attenuation": false
      },
      "_key": "!scenes.walls!OCAvaDAFhyzA1NOI.3Fj4OkaK3J7au0dV"
    },
    {
      "_id": "f5WLksu1bCDlr3ve",
      "c": [
        775,
        2512,
        500,
        2512
      ],
      "light": 20,
      "move": 20,
      "sight": 20,
      "sound": 20,
      "dir": 0,
      "door": 0,
      "ds": 0,
      "flags": {},
      "threshold": {
        "light": null,
        "sight": null,
        "sound": null,
        "attenuation": false
      },
      "_key": "!scenes.walls!OCAvaDAFhyzA1NOI.f5WLksu1bCDlr3ve"
    },
    {
      "_id": "b0paaJQyLYB3b9Po",
      "c": [
        500,
        2287,
        662,
        2287
      ],
      "light": 20,
      "move": 20,
      "sight": 20,
      "sound": 20,
      "dir": 0,
      "door": 0,
      "ds": 0,
      "flags": {},
      "threshold": {
        "light": null,
        "sight": null,
        "sound": null,
        "attenuation": false
      },
      "_key": "!scenes.walls!OCAvaDAFhyzA1NOI.b0paaJQyLYB3b9Po"
    },
    {
      "_id": "d81QEz6ceziqaSYw",
      "c": [
        662,
        2287,
        650,
        2212
      ],
      "light": 20,
      "move": 20,
      "sight": 20,
      "sound": 20,
      "dir": 0,
      "door": 0,
      "ds": 0,
      "flags": {},
      "threshold": {
        "light": null,
        "sight": null,
        "sound": null,
        "attenuation": false
      },
      "_key": "!scenes.walls!OCAvaDAFhyzA1NOI.d81QEz6ceziqaSYw"
    },
    {
      "_id": "VAjC6owi35zdB8Cd",
      "c": [
        650,
        2212,
        587,
        2100
      ],
      "light": 20,
      "move": 20,
      "sight": 20,
      "sound": 20,
      "dir": 0,
      "door": 0,
      "ds": 0,
      "flags": {},
      "threshold": {
        "light": null,
        "sight": null,
        "sound": null,
        "attenuation": false
      },
      "_key": "!scenes.walls!OCAvaDAFhyzA1NOI.VAjC6owi35zdB8Cd"
    },
    {
      "_id": "NVqHDFIXfy0UxJ1f",
      "c": [
        587,
        2100,
        500,
        2025
      ],
      "light": 20,
      "move": 20,
      "sight": 20,
      "sound": 20,
      "dir": 0,
      "door": 0,
      "ds": 0,
      "flags": {},
      "threshold": {
        "light": null,
        "sight": null,
        "sound": null,
        "attenuation": false
      },
      "_key": "!scenes.walls!OCAvaDAFhyzA1NOI.NVqHDFIXfy0UxJ1f"
    },
    {
      "_id": "0Lhnje81JodVqI4d",
      "c": [
        500,
        1850,
        612,
        1862
      ],
      "light": 20,
      "move": 20,
      "sight": 20,
      "sound": 20,
      "dir": 0,
      "door": 0,
      "ds": 0,
      "flags": {},
      "threshold": {
        "light": null,
        "sight": null,
        "sound": null,
        "attenuation": false
      },
      "_key": "!scenes.walls!OCAvaDAFhyzA1NOI.0Lhnje81JodVqI4d"
    },
    {
      "_id": "wFeDBEhK9WnLMskq",
      "c": [
        612,
        1862,
        637,
        1837
      ],
      "light": 20,
      "move": 20,
      "sight": 20,
      "sound": 20,
      "dir": 0,
      "door": 0,
      "ds": 0,
      "flags": {},
      "threshold": {
        "light": null,
        "sight": null,
        "sound": null,
        "attenuation": false
      },
      "_key": "!scenes.walls!OCAvaDAFhyzA1NOI.wFeDBEhK9WnLMskq"
    },
    {
      "_id": "T9q1GkqIPuidKV69",
      "c": [
        637,
        1837,
        662,
        1787
      ],
      "light": 20,
      "move": 20,
      "sight": 20,
      "sound": 20,
      "dir": 0,
      "door": 0,
      "ds": 0,
      "flags": {},
      "threshold": {
        "light": null,
        "sight": null,
        "sound": null,
        "attenuation": false
      },
      "_key": "!scenes.walls!OCAvaDAFhyzA1NOI.T9q1GkqIPuidKV69"
    },
    {
      "_id": "K7S4sRwkhYevj4Yx",
      "c": [
        662,
        1787,
        800,
        1675
      ],
      "light": 20,
      "move": 20,
      "sight": 20,
      "sound": 20,
      "dir": 0,
      "door": 0,
      "ds": 0,
      "flags": {},
      "threshold": {
        "light": null,
        "sight": null,
        "sound": null,
        "attenuation": false
      },
      "_key": "!scenes.walls!OCAvaDAFhyzA1NOI.K7S4sRwkhYevj4Yx"
    },
    {
      "_id": "cjQZm63IVjyj4xbM",
      "c": [
        800,
        1675,
        825,
        1612
      ],
      "light": 20,
      "move": 20,
      "sight": 20,
      "sound": 20,
      "dir": 0,
      "door": 0,
      "ds": 0,
      "flags": {},
      "threshold": {
        "light": null,
        "sight": null,
        "sound": null,
        "attenuation": false
      },
      "_key": "!scenes.walls!OCAvaDAFhyzA1NOI.cjQZm63IVjyj4xbM"
    },
    {
      "_id": "q5WkdGa63pFPJlVf",
      "c": [
        825,
        1612,
        862,
        1600
      ],
      "light": 20,
      "move": 20,
      "sight": 20,
      "sound": 20,
      "dir": 0,
      "door": 0,
      "ds": 0,
      "flags": {},
      "threshold": {
        "light": null,
        "sight": null,
        "sound": null,
        "attenuation": false
      },
      "_key": "!scenes.walls!OCAvaDAFhyzA1NOI.q5WkdGa63pFPJlVf"
    },
    {
      "_id": "hGli3vgcutyUPvDp",
      "c": [
        862,
        1600,
        900,
        1525
      ],
      "light": 20,
      "move": 20,
      "sight": 20,
      "sound": 20,
      "dir": 0,
      "door": 0,
      "ds": 0,
      "flags": {},
      "threshold": {
        "light": null,
        "sight": null,
        "sound": null,
        "attenuation": false
      },
      "_key": "!scenes.walls!OCAvaDAFhyzA1NOI.hGli3vgcutyUPvDp"
    },
    {
      "_id": "hKHbbWt3XB9eANuu",
      "c": [
        900,
        1525,
        862,
        1512
      ],
      "light": 20,
      "move": 20,
      "sight": 20,
      "sound": 20,
      "dir": 0,
      "door": 0,
      "ds": 0,
      "flags": {},
      "threshold": {
        "light": null,
        "sight": null,
        "sound": null,
        "attenuation": false
      },
      "_key": "!scenes.walls!OCAvaDAFhyzA1NOI.hKHbbWt3XB9eANuu"
    },
    {
      "_id": "DRRWHuKpyE0KpFYe",
      "c": [
        862,
        1512,
        612,
        1512
      ],
      "light": 20,
      "move": 20,
      "sight": 20,
      "sound": 20,
      "dir": 0,
      "door": 0,
      "ds": 0,
      "flags": {},
      "threshold": {
        "light": null,
        "sight": null,
        "sound": null,
        "attenuation": false
      },
      "_key": "!scenes.walls!OCAvaDAFhyzA1NOI.DRRWHuKpyE0KpFYe"
    },
    {
      "_id": "7BduqvhO55HDJKA3",
      "c": [
        612,
        1512,
        612,
        1700
      ],
      "light": 20,
      "move": 20,
      "sight": 20,
      "sound": 20,
      "dir": 0,
      "door": 0,
      "ds": 0,
      "flags": {},
      "threshold": {
        "light": null,
        "sight": null,
        "sound": null,
        "attenuation": false
      },
      "_key": "!scenes.walls!OCAvaDAFhyzA1NOI.7BduqvhO55HDJKA3"
    },
    {
      "_id": "FEvjEDecFt3ThDkZ",
      "c": [
        612,
        1700,
        500,
        1700
      ],
      "light": 20,
      "move": 20,
      "sight": 20,
      "sound": 20,
      "dir": 0,
      "door": 0,
      "ds": 0,
      "flags": {},
      "threshold": {
        "light": null,
        "sight": null,
        "sound": null,
        "attenuation": false
      },
      "_key": "!scenes.walls!OCAvaDAFhyzA1NOI.FEvjEDecFt3ThDkZ"
    },
    {
      "_id": "Q7zi2kgpEzMdrUL3",
      "c": [
        500,
        1287,
        875,
        1275
      ],
      "light": 20,
      "move": 20,
      "sight": 20,
      "sound": 20,
      "dir": 0,
      "door": 0,
      "ds": 0,
      "flags": {},
      "threshold": {
        "light": null,
        "sight": null,
        "sound": null,
        "attenuation": false
      },
      "_key": "!scenes.walls!OCAvaDAFhyzA1NOI.Q7zi2kgpEzMdrUL3"
    },
    {
      "_id": "unlgrdKq7db8ch1Q",
      "c": [
        875,
        1275,
        1012,
        1250
      ],
      "light": 20,
      "move": 20,
      "sight": 20,
      "sound": 20,
      "dir": 0,
      "door": 0,
      "ds": 0,
      "flags": {},
      "threshold": {
        "light": null,
        "sight": null,
        "sound": null,
        "attenuation": false
      },
      "_key": "!scenes.walls!OCAvaDAFhyzA1NOI.unlgrdKq7db8ch1Q"
    },
    {
      "_id": "u8XdU8dQibc4nT5S",
      "c": [
        1012,
        1250,
        1087,
        1250
      ],
      "light": 20,
      "move": 20,
      "sight": 20,
      "sound": 20,
      "dir": 0,
      "door": 0,
      "ds": 0,
      "flags": {},
      "threshold": {
        "light": null,
        "sight": null,
        "sound": null,
        "attenuation": false
      },
      "_key": "!scenes.walls!OCAvaDAFhyzA1NOI.u8XdU8dQibc4nT5S"
    },
    {
      "_id": "tbK0xeP9FJccsY3D",
      "c": [
        1087,
        1250,
        1200,
        1187
      ],
      "light": 20,
      "move": 20,
      "sight": 20,
      "sound": 20,
      "dir": 0,
      "door": 0,
      "ds": 0,
      "flags": {},
      "threshold": {
        "light": null,
        "sight": null,
        "sound": null,
        "attenuation": false
      },
      "_key": "!scenes.walls!OCAvaDAFhyzA1NOI.tbK0xeP9FJccsY3D"
    },
    {
      "_id": "HQvifPeRQSP5HQ7c",
      "c": [
        1200,
        1187,
        1212,
        1087
      ],
      "light": 20,
      "move": 20,
      "sight": 20,
      "sound": 20,
      "dir": 0,
      "door": 0,
      "ds": 0,
      "flags": {},
      "threshold": {
        "light": null,
        "sight": null,
        "sound": null,
        "attenuation": false
      },
      "_key": "!scenes.walls!OCAvaDAFhyzA1NOI.HQvifPeRQSP5HQ7c"
    },
    {
      "_id": "D77rIElbUf2whXwp",
      "c": [
        1212,
        1087,
        1275,
        987
      ],
      "light": 20,
      "move": 20,
      "sight": 20,
      "sound": 20,
      "dir": 0,
      "door": 0,
      "ds": 0,
      "flags": {},
      "threshold": {
        "light": null,
        "sight": null,
        "sound": null,
        "attenuation": false
      },
      "_key": "!scenes.walls!OCAvaDAFhyzA1NOI.D77rIElbUf2whXwp"
    },
    {
      "_id": "tyOwuDfMBCj41OxU",
      "c": [
        1275,
        987,
        1337,
        975
      ],
      "light": 20,
      "move": 20,
      "sight": 20,
      "sound": 20,
      "dir": 0,
      "door": 0,
      "ds": 0,
      "flags": {},
      "threshold": {
        "light": null,
        "sight": null,
        "sound": null,
        "attenuation": false
      },
      "_key": "!scenes.walls!OCAvaDAFhyzA1NOI.tyOwuDfMBCj41OxU"
    },
    {
      "_id": "eJEgLxLVgnyWfzKg",
      "c": [
        1337,
        975,
        1400,
        987
      ],
      "light": 20,
      "move": 20,
      "sight": 20,
      "sound": 20,
      "dir": 0,
      "door": 0,
      "ds": 0,
      "flags": {},
      "threshold": {
        "light": null,
        "sight": null,
        "sound": null,
        "attenuation": false
      },
      "_key": "!scenes.walls!OCAvaDAFhyzA1NOI.eJEgLxLVgnyWfzKg"
    },
    {
      "_id": "w6BZoWb8ssC67tDR",
      "c": [
        1400,
        987,
        1437,
        975
      ],
      "light": 20,
      "move": 20,
      "sight": 20,
      "sound": 20,
      "dir": 0,
      "door": 0,
      "ds": 0,
      "flags": {},
      "threshold": {
        "light": null,
        "sight": null,
        "sound": null,
        "attenuation": false
      },
      "_key": "!scenes.walls!OCAvaDAFhyzA1NOI.w6BZoWb8ssC67tDR"
    },
    {
      "_id": "X0cpxhGDyvqcppcK",
      "c": [
        1437,
        975,
        1462,
        925
      ],
      "light": 20,
      "move": 20,
      "sight": 20,
      "sound": 20,
      "dir": 0,
      "door": 0,
      "ds": 0,
      "flags": {},
      "threshold": {
        "light": null,
        "sight": null,
        "sound": null,
        "attenuation": false
      },
      "_key": "!scenes.walls!OCAvaDAFhyzA1NOI.X0cpxhGDyvqcppcK"
    },
    {
      "_id": "oMhsOzv9Oxu5V5KL",
      "c": [
        1462,
        925,
        1575,
        862
      ],
      "light": 20,
      "move": 20,
      "sight": 20,
      "sound": 20,
      "dir": 0,
      "door": 0,
      "ds": 0,
      "flags": {},
      "threshold": {
        "light": null,
        "sight": null,
        "sound": null,
        "attenuation": false
      },
      "_key": "!scenes.walls!OCAvaDAFhyzA1NOI.oMhsOzv9Oxu5V5KL"
    },
    {
      "_id": "lYLtgluNtZ3g9Cvn",
      "c": [
        1575,
        862,
        1587,
        800
      ],
      "light": 20,
      "move": 20,
      "sight": 20,
      "sound": 20,
      "dir": 0,
      "door": 0,
      "ds": 0,
      "flags": {},
      "threshold": {
        "light": null,
        "sight": null,
        "sound": null,
        "attenuation": false
      },
      "_key": "!scenes.walls!OCAvaDAFhyzA1NOI.lYLtgluNtZ3g9Cvn"
    },
    {
      "_id": "Cjl9yhwwpqP2NnvC",
      "c": [
        1587,
        800,
        1650,
        762
      ],
      "light": 20,
      "move": 20,
      "sight": 20,
      "sound": 20,
      "dir": 0,
      "door": 0,
      "ds": 0,
      "flags": {},
      "threshold": {
        "light": null,
        "sight": null,
        "sound": null,
        "attenuation": false
      },
      "_key": "!scenes.walls!OCAvaDAFhyzA1NOI.Cjl9yhwwpqP2NnvC"
    },
    {
      "_id": "1TauErcktVXx3jrf",
      "c": [
        1650,
        762,
        1762,
        762
      ],
      "light": 20,
      "move": 20,
      "sight": 20,
      "sound": 20,
      "dir": 0,
      "door": 0,
      "ds": 0,
      "flags": {},
      "threshold": {
        "light": null,
        "sight": null,
        "sound": null,
        "attenuation": false
      },
      "_key": "!scenes.walls!OCAvaDAFhyzA1NOI.1TauErcktVXx3jrf"
    },
    {
      "_id": "FM80smDJWUzjd3Jm",
      "c": [
        1762,
        762,
        1875,
        737
      ],
      "light": 20,
      "move": 20,
      "sight": 20,
      "sound": 20,
      "dir": 0,
      "door": 0,
      "ds": 0,
      "flags": {},
      "threshold": {
        "light": null,
        "sight": null,
        "sound": null,
        "attenuation": false
      },
      "_key": "!scenes.walls!OCAvaDAFhyzA1NOI.FM80smDJWUzjd3Jm"
    },
    {
      "_id": "osIhlXrpZMS6jRmU",
      "c": [
        1875,
        737,
        1937,
        775
      ],
      "light": 20,
      "move": 20,
      "sight": 20,
      "sound": 20,
      "dir": 0,
      "door": 0,
      "ds": 0,
      "flags": {},
      "threshold": {
        "light": null,
        "sight": null,
        "sound": null,
        "attenuation": false
      },
      "_key": "!scenes.walls!OCAvaDAFhyzA1NOI.osIhlXrpZMS6jRmU"
    },
    {
      "_id": "p1hWCoiol3o8ruNY",
      "c": [
        1937,
        775,
        1962,
        837
      ],
      "light": 20,
      "move": 20,
      "sight": 20,
      "sound": 20,
      "dir": 0,
      "door": 0,
      "ds": 0,
      "flags": {},
      "threshold": {
        "light": null,
        "sight": null,
        "sound": null,
        "attenuation": false
      },
      "_key": "!scenes.walls!OCAvaDAFhyzA1NOI.p1hWCoiol3o8ruNY"
    },
    {
      "_id": "t2eLvyKhnt5Hk1f0",
      "c": [
        1962,
        837,
        1950,
        987
      ],
      "light": 20,
      "move": 20,
      "sight": 20,
      "sound": 20,
      "dir": 0,
      "door": 0,
      "ds": 0,
      "flags": {},
      "threshold": {
        "light": null,
        "sight": null,
        "sound": null,
        "attenuation": false
      },
      "_key": "!scenes.walls!OCAvaDAFhyzA1NOI.t2eLvyKhnt5Hk1f0"
    },
    {
      "_id": "YaBnMVOusrTFXiHR",
      "c": [
        1950,
        987,
        2000,
        1000
      ],
      "light": 20,
      "move": 20,
      "sight": 20,
      "sound": 20,
      "dir": 0,
      "door": 0,
      "ds": 0,
      "flags": {},
      "threshold": {
        "light": null,
        "sight": null,
        "sound": null,
        "attenuation": false
      },
      "_key": "!scenes.walls!OCAvaDAFhyzA1NOI.YaBnMVOusrTFXiHR"
    },
    {
      "_id": "z4dJOyy4GCaNssYF",
      "c": [
        2000,
        1000,
        2050,
        1112
      ],
      "light": 20,
      "move": 20,
      "sight": 20,
      "sound": 20,
      "dir": 0,
      "door": 0,
      "ds": 0,
      "flags": {},
      "threshold": {
        "light": null,
        "sight": null,
        "sound": null,
        "attenuation": false
      },
      "_key": "!scenes.walls!OCAvaDAFhyzA1NOI.z4dJOyy4GCaNssYF"
    },
    {
      "_id": "iHzI1GR14LIOqzqH",
      "c": [
        2050,
        1112,
        2125,
        1112
      ],
      "light": 20,
      "move": 20,
      "sight": 20,
      "sound": 20,
      "dir": 0,
      "door": 0,
      "ds": 0,
      "flags": {},
      "threshold": {
        "light": null,
        "sight": null,
        "sound": null,
        "attenuation": false
      },
      "_key": "!scenes.walls!OCAvaDAFhyzA1NOI.iHzI1GR14LIOqzqH"
    },
    {
      "_id": "X2eEqlsSTbl5PBW1",
      "c": [
        2125,
        1112,
        2175,
        1025
      ],
      "light": 20,
      "move": 20,
      "sight": 20,
      "sound": 20,
      "dir": 0,
      "door": 0,
      "ds": 0,
      "flags": {},
      "threshold": {
        "light": null,
        "sight": null,
        "sound": null,
        "attenuation": false
      },
      "_key": "!scenes.walls!OCAvaDAFhyzA1NOI.X2eEqlsSTbl5PBW1"
    },
    {
      "_id": "T6irGpKs719yutJZ",
      "c": [
        2175,
        1025,
        2300,
        975
      ],
      "light": 20,
      "move": 20,
      "sight": 20,
      "sound": 20,
      "dir": 0,
      "door": 0,
      "ds": 0,
      "flags": {},
      "threshold": {
        "light": null,
        "sight": null,
        "sound": null,
        "attenuation": false
      },
      "_key": "!scenes.walls!OCAvaDAFhyzA1NOI.T6irGpKs719yutJZ"
    },
    {
      "_id": "WbvnA22T0s7qKOi2",
      "c": [
        2300,
        1262,
        2262,
        1275
      ],
      "light": 20,
      "move": 20,
      "sight": 20,
      "sound": 20,
      "dir": 0,
      "door": 0,
      "ds": 0,
      "flags": {},
      "threshold": {
        "light": null,
        "sight": null,
        "sound": null,
        "attenuation": false
      },
      "_key": "!scenes.walls!OCAvaDAFhyzA1NOI.WbvnA22T0s7qKOi2"
    },
    {
      "_id": "Uxmm9wKqZEkLcwa1",
      "c": [
        2262,
        1275,
        2237,
        1387
      ],
      "light": 20,
      "move": 20,
      "sight": 20,
      "sound": 20,
      "dir": 0,
      "door": 0,
      "ds": 0,
      "flags": {},
      "threshold": {
        "light": null,
        "sight": null,
        "sound": null,
        "attenuation": false
      },
      "_key": "!scenes.walls!OCAvaDAFhyzA1NOI.Uxmm9wKqZEkLcwa1"
    },
    {
      "_id": "k3a6tpoOsSSOBu8G",
      "c": [
        2237,
        1387,
        2137,
        1462
      ],
      "light": 20,
      "move": 20,
      "sight": 20,
      "sound": 20,
      "dir": 0,
      "door": 0,
      "ds": 0,
      "flags": {},
      "threshold": {
        "light": null,
        "sight": null,
        "sound": null,
        "attenuation": false
      },
      "_key": "!scenes.walls!OCAvaDAFhyzA1NOI.k3a6tpoOsSSOBu8G"
    },
    {
      "_id": "5kzod0J2HP4UZMga",
      "c": [
        2137,
        1462,
        2112,
        1512
      ],
      "light": 20,
      "move": 20,
      "sight": 20,
      "sound": 20,
      "dir": 0,
      "door": 0,
      "ds": 0,
      "flags": {},
      "threshold": {
        "light": null,
        "sight": null,
        "sound": null,
        "attenuation": false
      },
      "_key": "!scenes.walls!OCAvaDAFhyzA1NOI.5kzod0J2HP4UZMga"
    },
    {
      "_id": "jSjYX9CN7zSeTgvD",
      "c": [
        2112,
        1512,
        2000,
        1537
      ],
      "light": 20,
      "move": 20,
      "sight": 20,
      "sound": 20,
      "dir": 0,
      "door": 0,
      "ds": 0,
      "flags": {},
      "threshold": {
        "light": null,
        "sight": null,
        "sound": null,
        "attenuation": false
      },
      "_key": "!scenes.walls!OCAvaDAFhyzA1NOI.jSjYX9CN7zSeTgvD"
    },
    {
      "_id": "hbAVWkVrNLVUhtxO",
      "c": [
        2000,
        1537,
        1912,
        1512
      ],
      "light": 20,
      "move": 20,
      "sight": 20,
      "sound": 20,
      "dir": 0,
      "door": 0,
      "ds": 0,
      "flags": {},
      "threshold": {
        "light": null,
        "sight": null,
        "sound": null,
        "attenuation": false
      },
      "_key": "!scenes.walls!OCAvaDAFhyzA1NOI.hbAVWkVrNLVUhtxO"
    },
    {
      "_id": "s5Dm4yORUcWSZ2VN",
      "c": [
        1912,
        1512,
        1875,
        1587
      ],
      "light": 20,
      "move": 20,
      "sight": 20,
      "sound": 20,
      "dir": 0,
      "door": 0,
      "ds": 0,
      "flags": {},
      "threshold": {
        "light": null,
        "sight": null,
        "sound": null,
        "attenuation": false
      },
      "_key": "!scenes.walls!OCAvaDAFhyzA1NOI.s5Dm4yORUcWSZ2VN"
    },
    {
      "_id": "dpt0OTn5UhQ57lRo",
      "c": [
        1875,
        1587,
        1837,
        1600
      ],
      "light": 20,
      "move": 20,
      "sight": 20,
      "sound": 20,
      "dir": 0,
      "door": 0,
      "ds": 0,
      "flags": {},
      "threshold": {
        "light": null,
        "sight": null,
        "sound": null,
        "attenuation": false
      },
      "_key": "!scenes.walls!OCAvaDAFhyzA1NOI.dpt0OTn5UhQ57lRo"
    },
    {
      "_id": "nM88bYr1Gjmym1Um",
      "c": [
        1837,
        1600,
        1837,
        1687
      ],
      "light": 20,
      "move": 20,
      "sight": 20,
      "sound": 20,
      "dir": 0,
      "door": 0,
      "ds": 0,
      "flags": {},
      "threshold": {
        "light": null,
        "sight": null,
        "sound": null,
        "attenuation": false
      },
      "_key": "!scenes.walls!OCAvaDAFhyzA1NOI.nM88bYr1Gjmym1Um"
    },
    {
      "_id": "qPlbez1pIUhXjYfB",
      "c": [
        1837,
        1687,
        1875,
        1700
      ],
      "light": 20,
      "move": 20,
      "sight": 20,
      "sound": 20,
      "dir": 0,
      "door": 0,
      "ds": 0,
      "flags": {},
      "threshold": {
        "light": null,
        "sight": null,
        "sound": null,
        "attenuation": false
      },
      "_key": "!scenes.walls!OCAvaDAFhyzA1NOI.qPlbez1pIUhXjYfB"
    },
    {
      "_id": "m470vU9wB4hmTp5o",
      "c": [
        1875,
        1700,
        1862,
        1775
      ],
      "light": 20,
      "move": 20,
      "sight": 20,
      "sound": 20,
      "dir": 0,
      "door": 0,
      "ds": 0,
      "flags": {},
      "threshold": {
        "light": null,
        "sight": null,
        "sound": null,
        "attenuation": false
      },
      "_key": "!scenes.walls!OCAvaDAFhyzA1NOI.m470vU9wB4hmTp5o"
    },
    {
      "_id": "E9GSM1M2IKDQdQPE",
      "c": [
        1862,
        1775,
        1912,
        1787
      ],
      "light": 20,
      "move": 20,
      "sight": 20,
      "sound": 20,
      "dir": 0,
      "door": 0,
      "ds": 0,
      "flags": {},
      "threshold": {
        "light": null,
        "sight": null,
        "sound": null,
        "attenuation": false
      },
      "_key": "!scenes.walls!OCAvaDAFhyzA1NOI.E9GSM1M2IKDQdQPE"
    },
    {
      "_id": "2BqSCHFe1X1kmFQ3",
      "c": [
        1912,
        1787,
        1950,
        1762
      ],
      "light": 20,
      "move": 20,
      "sight": 20,
      "sound": 20,
      "dir": 0,
      "door": 0,
      "ds": 0,
      "flags": {},
      "threshold": {
        "light": null,
        "sight": null,
        "sound": null,
        "attenuation": false
      },
      "_key": "!scenes.walls!OCAvaDAFhyzA1NOI.2BqSCHFe1X1kmFQ3"
    },
    {
      "_id": "oYg1rMXdLKSnfd3T",
      "c": [
        1950,
        1762,
        2100,
        1725
      ],
      "light": 20,
      "move": 20,
      "sight": 20,
      "sound": 20,
      "dir": 0,
      "door": 0,
      "ds": 0,
      "flags": {},
      "threshold": {
        "light": null,
        "sight": null,
        "sound": null,
        "attenuation": false
      },
      "_key": "!scenes.walls!OCAvaDAFhyzA1NOI.oYg1rMXdLKSnfd3T"
    },
    {
      "_id": "w1ioP8dLbXQboTNz",
      "c": [
        2100,
        1725,
        2137,
        1762
      ],
      "light": 20,
      "move": 20,
      "sight": 20,
      "sound": 20,
      "dir": 0,
      "door": 0,
      "ds": 0,
      "flags": {},
      "threshold": {
        "light": null,
        "sight": null,
        "sound": null,
        "attenuation": false
      },
      "_key": "!scenes.walls!OCAvaDAFhyzA1NOI.w1ioP8dLbXQboTNz"
    },
    {
      "_id": "fePavmy0ThWaRJ8F",
      "c": [
        2137,
        1762,
        2112,
        1875
      ],
      "light": 20,
      "move": 20,
      "sight": 20,
      "sound": 20,
      "dir": 0,
      "door": 0,
      "ds": 0,
      "flags": {},
      "threshold": {
        "light": null,
        "sight": null,
        "sound": null,
        "attenuation": false
      },
      "_key": "!scenes.walls!OCAvaDAFhyzA1NOI.fePavmy0ThWaRJ8F"
    },
    {
      "_id": "iV1PYJdcjjH2BNT0",
      "c": [
        2112,
        1875,
        2300,
        1875
      ],
      "light": 20,
      "move": 20,
      "sight": 20,
      "sound": 20,
      "dir": 0,
      "door": 0,
      "ds": 0,
      "flags": {},
      "threshold": {
        "light": null,
        "sight": null,
        "sound": null,
        "attenuation": false
      },
      "_key": "!scenes.walls!OCAvaDAFhyzA1NOI.iV1PYJdcjjH2BNT0"
    }
  ],
  "playlist": null,
  "playlistSound": null,
  "journal": null,
  "journalEntryPage": null,
  "weather": "",
  "flags": {},
  "_stats": {
    "systemId": "dnd5e",
    "systemVersion": "2.4.1",
    "coreVersion": "12.330",
    "createdTime": 1670367845444,
    "modifiedTime": 1723946803705,
    "lastModifiedBy": "dnd5ebuilder0000",
    "compendiumSource": "Compendium.fa-battlemaps.maps.OCAvaDAFhyzA1NOI",
    "duplicateSource": null
  },
  "_id": "OCAvaDAFhyzA1NOI",
  "active": false,
  "folder": null,
  "sort": 0,
  "ownership": {
    "default": 0
  },
  "regions": [],
  "environment": {
    "globalLight": {
      "luminosity": 0,
      "enabled": false,
      "darkness": {
        "max": 1,
        "min": 0
      },
      "alpha": 0.5,
      "bright": false,
      "color": null,
      "coloration": 1,
      "saturation": 0,
      "contrast": 0,
      "shadows": 0
    },
    "darknessLevel": 0.2,
    "darknessLock": false,
    "cycle": true,
    "base": {
      "hue": 0,
      "intensity": 0,
      "luminosity": 0,
      "saturation": 0,
      "shadows": 0
    },
    "dark": {
      "hue": 0.7138888888888889,
      "intensity": 0,
      "luminosity": -0.25,
      "saturation": 0,
      "shadows": 0
    }
  },
  "fog": {
    "exploration": true,
    "reset": 1670367845442,
    "overlay": null,
    "colors": {
      "explored": null,
      "unexplored": null
    }
  },
  "_key": "!scenes!OCAvaDAFhyzA1NOI"
}
