{
  "name": "Cult Sanctuary [17x17]",
  "navigation": false,
  "navOrder": 0,
  "navName": "",
  "background": {
    "src": "fa_battlemaps/Maps/2023/September/fa_6_cultsanctuary/Maps/BG.webp",
    "scaleX": 1,
    "scaleY": 1,
    "offsetX": 0,
    "offsetY": 0,
    "rotation": 0,
    "tint": "#ffffff",
    "anchorX": 0,
    "anchorY": 0,
    "fit": "fill",
    "alphaThreshold": 0
  },
  "foreground": "fa_battlemaps/Maps/2023/September/fa_6_cultsanctuary/Maps/FG.webp",
  "foregroundElevation": 20,
  "thumb": "modules/fa-battlemaps/assets/scenes/a7VXlALQyhsdx3rR-thumb.webp",
  "width": 1700,
  "height": 1700,
  "padding": 0.25,
  "initial": {
    "x": null,
    "y": null,
    "scale": null
  },
  "backgroundColor": "#000000",
  "grid": {
    "type": 1,
    "size": 100,
    "color": "#000000",
    "alpha": 0.2,
    "distance": 5,
    "units": "ft",
    "style": "solidLines",
    "thickness": 1
  },
  "tokenVision": true,
  "drawings": [],
  "tokens": [],
  "lights": [
    {
      "x": 1500,
      "y": 1400,
      "rotation": 0,
      "walls": true,
      "vision": false,
      "config": {
        "alpha": 0.25,
        "angle": 360,
        "bright": 15,
        "color": "#191200",
        "coloration": 1,
        "dim": 35,
        "attenuation": 0.5,
        "luminosity": 0.5,
        "saturation": 0,
        "contrast": 0,
        "shadows": 0,
        "animation": {
          "type": "flame",
          "speed": 3,
          "intensity": 3,
          "reverse": false
        },
        "darkness": {
          "min": 0,
          "max": 1
        },
        "negative": false,
        "priority": 0
      },
      "hidden": false,
      "flags": {
        "tagger": {}
      },
      "_id": "3osvmPiPApx1QVbW",
      "elevation": 0,
      "_key": "!scenes.lights!a7VXlALQyhsdx3rR.3osvmPiPApx1QVbW"
    },
    {
      "x": 1268,
      "y": 1806,
      "rotation": 0,
      "walls": true,
      "vision": false,
      "config": {
        "alpha": 0.25,
        "angle": 360,
        "bright": 2,
        "color": "#191200",
        "coloration": 1,
        "dim": 2,
        "attenuation": 0.5,
        "luminosity": 0.5,
        "saturation": 0,
        "contrast": 0,
        "shadows": 0,
        "animation": {
          "type": "flame",
          "speed": 2,
          "intensity": 2,
          "reverse": false
        },
        "darkness": {
          "min": 0,
          "max": 1
        },
        "negative": false,
        "priority": 0
      },
      "hidden": true,
      "flags": {
        "tagger": {}
      },
      "_id": "T85RY7XShHoWF5ZV",
      "elevation": 0,
      "_key": "!scenes.lights!a7VXlALQyhsdx3rR.T85RY7XShHoWF5ZV"
    },
    {
      "x": 624,
      "y": 1861,
      "rotation": 0,
      "walls": true,
      "vision": false,
      "config": {
        "alpha": 0.25,
        "angle": 360,
        "bright": 2,
        "color": "#191200",
        "coloration": 1,
        "dim": 2,
        "attenuation": 0.5,
        "luminosity": 0.5,
        "saturation": 0,
        "contrast": 0,
        "shadows": 0,
        "animation": {
          "type": "flame",
          "speed": 2,
          "intensity": 2,
          "reverse": false
        },
        "darkness": {
          "min": 0,
          "max": 1
        },
        "negative": false,
        "priority": 0
      },
      "hidden": true,
      "flags": {
        "tagger": {}
      },
      "_id": "4A4O81r4J2uDPU1b",
      "elevation": 0,
      "_key": "!scenes.lights!a7VXlALQyhsdx3rR.4A4O81r4J2uDPU1b"
    },
    {
      "x": 621,
      "y": 1761,
      "rotation": 0,
      "walls": true,
      "vision": false,
      "config": {
        "alpha": 0.25,
        "angle": 360,
        "bright": 2,
        "color": "#191200",
        "coloration": 1,
        "dim": 2,
        "attenuation": 0.5,
        "luminosity": 0.5,
        "saturation": 0,
        "contrast": 0,
        "shadows": 0,
        "animation": {
          "type": "flame",
          "speed": 2,
          "intensity": 2,
          "reverse": false
        },
        "darkness": {
          "min": 0,
          "max": 1
        },
        "negative": false,
        "priority": 0
      },
      "hidden": true,
      "flags": {
        "tagger": {}
      },
      "_id": "ESAlUh89ifpZSqBQ",
      "elevation": 0,
      "_key": "!scenes.lights!a7VXlALQyhsdx3rR.ESAlUh89ifpZSqBQ"
    },
    {
      "x": 738,
      "y": 1066,
      "rotation": 0,
      "walls": true,
      "vision": false,
      "config": {
        "alpha": 0.25,
        "angle": 360,
        "bright": 2,
        "color": "#191200",
        "coloration": 1,
        "dim": 2,
        "attenuation": 0.5,
        "luminosity": 0.5,
        "saturation": 0,
        "contrast": 0,
        "shadows": 0,
        "animation": {
          "type": "flame",
          "speed": 2,
          "intensity": 2,
          "reverse": false
        },
        "darkness": {
          "min": 0,
          "max": 1
        },
        "negative": false,
        "priority": 0
      },
      "hidden": true,
      "flags": {
        "tagger": {}
      },
      "_id": "nKjgLA0MZaTzXuLJ",
      "elevation": 0,
      "_key": "!scenes.lights!a7VXlALQyhsdx3rR.nKjgLA0MZaTzXuLJ"
    },
    {
      "x": 866,
      "y": 1062,
      "rotation": 0,
      "walls": true,
      "vision": false,
      "config": {
        "alpha": 0.25,
        "angle": 360,
        "bright": 2,
        "color": "#191200",
        "coloration": 1,
        "dim": 2,
        "attenuation": 0.5,
        "luminosity": 0.5,
        "saturation": 0,
        "contrast": 0,
        "shadows": 0,
        "animation": {
          "type": "flame",
          "speed": 2,
          "intensity": 2,
          "reverse": false
        },
        "darkness": {
          "min": 0,
          "max": 1
        },
        "negative": false,
        "priority": 0
      },
      "hidden": true,
      "flags": {
        "tagger": {}
      },
      "_id": "W3ODiRcr2n797Sg1",
      "elevation": 0,
      "_key": "!scenes.lights!a7VXlALQyhsdx3rR.W3ODiRcr2n797Sg1"
    },
    {
      "x": 1270,
      "y": 1806,
      "rotation": 0,
      "walls": true,
      "vision": false,
      "config": {
        "alpha": 0.25,
        "angle": 360,
        "bright": 13.28,
        "color": "#191200",
        "coloration": 1,
        "dim": 26.56,
        "attenuation": 0.5,
        "luminosity": 0.5,
        "saturation": 0,
        "contrast": 0,
        "shadows": 0,
        "animation": {
          "type": "flame",
          "speed": 3,
          "intensity": 3,
          "reverse": false
        },
        "darkness": {
          "min": 0,
          "max": 1
        },
        "negative": false,
        "priority": 0
      },
      "hidden": true,
      "flags": {
        "tagger": {}
      },
      "_id": "aano43MuZkvU1RqE",
      "elevation": 0,
      "_key": "!scenes.lights!a7VXlALQyhsdx3rR.aano43MuZkvU1RqE"
    },
    {
      "x": 637,
      "y": 1809,
      "rotation": 0,
      "walls": true,
      "vision": false,
      "config": {
        "alpha": 0.25,
        "angle": 360,
        "bright": 13.28,
        "color": "#191200",
        "coloration": 1,
        "dim": 26.56,
        "attenuation": 0.5,
        "luminosity": 0.5,
        "saturation": 0,
        "contrast": 0,
        "shadows": 0,
        "animation": {
          "type": "flame",
          "speed": 3,
          "intensity": 3,
          "reverse": false
        },
        "darkness": {
          "min": 0,
          "max": 1
        },
        "negative": false,
        "priority": 0
      },
      "hidden": true,
      "flags": {
        "tagger": {}
      },
      "_id": "bY3mmpqwM0ucFcWT",
      "elevation": 0,
      "_key": "!scenes.lights!a7VXlALQyhsdx3rR.bY3mmpqwM0ucFcWT"
    },
    {
      "x": 800,
      "y": 1050,
      "rotation": 0,
      "walls": true,
      "vision": false,
      "config": {
        "alpha": 0.25,
        "angle": 360,
        "bright": 13.28,
        "color": "#191200",
        "coloration": 1,
        "dim": 26.56,
        "attenuation": 0.5,
        "luminosity": 0.5,
        "saturation": 0,
        "contrast": 0,
        "shadows": 0,
        "animation": {
          "type": "flame",
          "speed": 3,
          "intensity": 3,
          "reverse": false
        },
        "darkness": {
          "min": 0,
          "max": 1
        },
        "negative": false,
        "priority": 0
      },
      "hidden": true,
      "flags": {
        "tagger": {}
      },
      "_id": "J3KNPVMjpkLb5O8O",
      "elevation": 0,
      "_key": "!scenes.lights!a7VXlALQyhsdx3rR.J3KNPVMjpkLb5O8O"
    }
  ],
  "notes": [],
  "sounds": [
    {
      "path": "fa_battlemaps/Audio/Background_Hum.ogg",
      "x": 1300,
      "y": 1350,
      "radius": 61.32,
      "easing": false,
      "walls": false,
      "volume": 0.5,
      "darkness": {
        "min": 0,
        "max": 1
      },
      "flags": {
        "tagger": {
          "tags": ""
        }
      },
      "repeat": false,
      "hidden": false,
      "_id": "8nYBfpsVrRnCNe0H",
      "elevation": 0,
      "effects": {
        "base": {
          "intensity": 5
        },
        "muffled": {
          "intensity": 5
        }
      },
      "_key": "!scenes.sounds!a7VXlALQyhsdx3rR.8nYBfpsVrRnCNe0H"
    },
    {
      "path": "fa_battlemaps/Audio/C-Dungeon.ogg",
      "x": 1350,
      "y": 1300,
      "radius": 61.32,
      "easing": false,
      "walls": false,
      "volume": 0.2,
      "darkness": {
        "min": 0,
        "max": 1
      },
      "flags": {
        "tagger": {
          "tags": ""
        }
      },
      "repeat": false,
      "hidden": false,
      "_id": "IrXMYgU5FIwpydPR",
      "elevation": 0,
      "effects": {
        "base": {
          "intensity": 5
        },
        "muffled": {
          "intensity": 5
        }
      },
      "_key": "!scenes.sounds!a7VXlALQyhsdx3rR.IrXMYgU5FIwpydPR"
    },
    {
      "path": "fa_battlemaps/Audio/fire-loop.ogg",
      "x": 1500,
      "y": 1400,
      "radius": 20.14,
      "easing": true,
      "walls": true,
      "volume": 0.5,
      "darkness": {
        "min": 0,
        "max": 1
      },
      "flags": {
        "tagger": {
          "tags": ""
        }
      },
      "repeat": false,
      "hidden": false,
      "_id": "8oCSKUbyUU6cRj7Y",
      "elevation": 0,
      "effects": {
        "base": {
          "intensity": 5
        },
        "muffled": {
          "intensity": 5
        }
      },
      "_key": "!scenes.sounds!a7VXlALQyhsdx3rR.8oCSKUbyUU6cRj7Y"
    }
  ],
  "templates": [],
  "tiles": [
    {
      "texture": {
        "src": "fa_battlemaps/Maps/2023/September/fa_6_cultsanctuary/Tiles/D1_C.webp",
        "scaleX": 1,
        "scaleY": 1,
        "offsetX": 0,
        "offsetY": 0,
        "rotation": 0,
        "tint": "#ffffff",
        "anchorX": 0.5,
        "anchorY": 0.5,
        "fit": "fill",
        "alphaThreshold": 0.75
      },
      "x": 700,
      "y": 1500,
      "width": 100,
      "height": 200,
      "_id": "WE8DwZB56yblDVPV",
      "rotation": 0,
      "alpha": 1,
      "hidden": false,
      "locked": false,
      "occlusion": {
        "mode": 0,
        "alpha": 1
      },
      "video": {
        "loop": true,
        "autoplay": true,
        "volume": 0
      },
      "flags": {
        "tagger": {
          "tags": [
            "d1"
          ]
        },
        "monks-active-tiles": {
          "active": true,
          "record": false,
          "restriction": "all",
          "controlled": "all",
          "trigger": [
            "",
            "door"
          ],
          "allowpaused": false,
          "usealpha": false,
          "pointer": true,
          "pertoken": false,
          "minrequired": 0,
          "chance": 100,
          "fileindex": 0,
          "actions": [
            {
              "action": "tileimage",
              "data": {
                "entity": {
                  "id": "tagger:d1",
                  "match": "all",
                  "scene": "_active",
                  "name": "<i class=\"fas fa-tag fa-sm\"></i> d1",
                  "tag-name": "d1"
                },
                "select": "next",
                "transition": "none",
                "speed": 1,
                "loop": 1
              },
              "id": "2DL1CpddRYVSAKfu"
            }
          ],
          "files": [
            {
              "id": "ZR5yukHAv5DPAVS6",
              "name": "fa_battlemaps/Maps/2023/September/fa_6_cultsanctuary/Tiles/D1_C.webp",
              "selected": false
            },
            {
              "id": "hdMyXd7T47tYKelV",
              "name": "fa_battlemaps/Maps/2023/September/fa_6_cultsanctuary/Tiles/D1_O.webp",
              "selected": true
            }
          ],
          "name": "",
          "vision": false,
          "cooldown": null
        }
      },
      "sort": 6,
      "restrictions": {
        "light": false,
        "weather": false
      },
      "elevation": 0,
      "_key": "!scenes.tiles!a7VXlALQyhsdx3rR.WE8DwZB56yblDVPV"
    },
    {
      "texture": {
        "src": "fa_battlemaps/Maps/2023/September/fa_6_cultsanctuary/Tiles/D2_C.webp",
        "scaleX": 1,
        "scaleY": 1,
        "offsetX": 0,
        "offsetY": 0,
        "rotation": 0,
        "tint": "#ffffff",
        "anchorX": 0.5,
        "anchorY": 0.5,
        "fit": "fill",
        "alphaThreshold": 0.75
      },
      "x": 800,
      "y": 1500,
      "width": 100,
      "height": 200,
      "_id": "mYZlUAGnieaLgmTV",
      "rotation": 0,
      "alpha": 1,
      "hidden": false,
      "locked": false,
      "occlusion": {
        "mode": 0,
        "alpha": 1
      },
      "video": {
        "loop": true,
        "autoplay": true,
        "volume": 0
      },
      "flags": {
        "tagger": {
          "tags": [
            "d2"
          ]
        },
        "monks-active-tiles": {
          "active": true,
          "record": false,
          "restriction": "all",
          "controlled": "all",
          "trigger": [
            "",
            "door"
          ],
          "allowpaused": false,
          "usealpha": false,
          "pointer": true,
          "pertoken": false,
          "minrequired": 0,
          "chance": 100,
          "fileindex": 0,
          "actions": [
            {
              "action": "tileimage",
              "data": {
                "entity": {
                  "id": "tagger:d2",
                  "match": "all",
                  "scene": "_active",
                  "name": "<i class=\"fas fa-tag fa-sm\"></i> d2"
                },
                "select": "next",
                "transition": "none",
                "speed": 1,
                "loop": 1
              },
              "id": "78JhNywZgxeHgb0W"
            }
          ],
          "files": [
            {
              "id": "sBfgSyJkZvafCdBo",
              "name": "fa_battlemaps/Maps/2023/September/fa_6_cultsanctuary/Tiles/D2_C.webp",
              "selected": false
            },
            {
              "id": "qD6cQBOLVvjQHwcp",
              "name": "fa_battlemaps/Maps/2023/September/fa_6_cultsanctuary/Tiles/D2_O.webp",
              "selected": true
            }
          ],
          "name": "",
          "vision": false,
          "cooldown": null
        }
      },
      "sort": 5,
      "restrictions": {
        "light": false,
        "weather": false
      },
      "elevation": 0,
      "_key": "!scenes.tiles!a7VXlALQyhsdx3rR.mYZlUAGnieaLgmTV"
    },
    {
      "texture": {
        "src": "fa_battlemaps/Maps/2023/September/fa_6_cultsanctuary/Text/collapse.png",
        "scaleX": 1,
        "scaleY": 1,
        "offsetX": 0,
        "offsetY": 0,
        "rotation": 0,
        "tint": "#890101",
        "anchorX": 0.5,
        "anchorY": 0.5,
        "fit": "fill",
        "alphaThreshold": 0.75
      },
      "x": 1650,
      "y": 550,
      "width": 120,
      "height": 40,
      "rotation": 0,
      "alpha": 1,
      "hidden": false,
      "locked": false,
      "occlusion": {
        "mode": 1,
        "alpha": 1
      },
      "video": {
        "loop": true,
        "autoplay": true,
        "volume": 0
      },
      "flags": {
        "tagger": {},
        "monks-active-tiles": {
          "active": true,
          "record": false,
          "restriction": "all",
          "controlled": "gm",
          "trigger": [
            "",
            "dblclick"
          ],
          "allowpaused": false,
          "usealpha": false,
          "pointer": true,
          "pertoken": false,
          "minrequired": 0,
          "chance": 100,
          "fileindex": 0,
          "actions": [
            {
              "action": "alter",
              "data": {
                "entity": {
                  "id": "tile",
                  "name": "This Tile"
                },
                "collection": "tokens",
                "attribute": "texture.tint",
                "value": "='{{entity.texture.tint}}' == '#ffffff' ? '#890101' : '#ffffff'",
                "chatMessage": false,
                "rollmode": "roll"
              },
              "id": "qy8KqkdEudZYBWRX"
            },
            {
              "action": "alter",
              "data": {
                "entity": {
                  "id": "tagger:cll",
                  "match": "all",
                  "scene": "_active",
                  "name": "<i class=\"fas fa-tag fa-sm\"></i> cll"
                },
                "collection": "tokens",
                "attribute": "alpha",
                "value": "={{entity.alpha}} == 0 ? 1 : 0",
                "chatMessage": false,
                "rollmode": "roll"
              },
              "id": "1judkZc5OLhZokww"
            },
            {
              "action": "tileimage",
              "data": {
                "entity": {
                  "id": "tagger:cll1",
                  "match": "all",
                  "scene": "_active",
                  "name": "<i class=\"fas fa-tag fa-sm\"></i> cll1"
                },
                "select": "next",
                "transition": "none",
                "speed": 1,
                "loop": 1
              },
              "id": "EusYwShxzItqbVAY"
            },
            {
              "action": "playsound",
              "data": {
                "audiofile": "fa_battlemaps/Audio/groundimpactheavy.ogg",
                "audiofor": "all",
                "volume": 1,
                "loop": false,
                "fade": 0.25,
                "scenerestrict": false,
                "prevent": false,
                "playlist": true
              },
              "id": "XVrUTfoHQ2LvzI7R"
            }
          ],
          "files": []
        }
      },
      "_id": "ihXduxyVhl2LOuZ3",
      "elevation": 20,
      "sort": 100,
      "restrictions": {
        "light": false,
        "weather": false
      },
      "_key": "!scenes.tiles!a7VXlALQyhsdx3rR.ihXduxyVhl2LOuZ3"
    },
    {
      "texture": {
        "src": "modules/fa-battlemaps/images/Transparent.webp",
        "scaleX": 1,
        "scaleY": 1,
        "offsetX": 0,
        "offsetY": 0,
        "rotation": 0,
        "tint": "#ffffff",
        "anchorX": 0.5,
        "anchorY": 0.5,
        "fit": "fill",
        "alphaThreshold": 0.75
      },
      "x": 600,
      "y": 1900,
      "width": 400,
      "height": 300,
      "_id": "WEyDsR3KYwnqRawF",
      "rotation": 0,
      "alpha": 1,
      "hidden": false,
      "locked": false,
      "occlusion": {
        "mode": 0,
        "alpha": 1
      },
      "video": {
        "loop": true,
        "autoplay": true,
        "volume": 0
      },
      "flags": {
        "tagger": {
          "tags": [
            "pass"
          ]
        },
        "monks-active-tiles": {
          "active": true,
          "record": false,
          "restriction": "all",
          "controlled": "gm",
          "trigger": [
            "enter"
          ],
          "allowpaused": false,
          "usealpha": false,
          "pointer": false,
          "pertoken": false,
          "minrequired": 0,
          "chance": 100,
          "fileindex": 1,
          "actions": [],
          "files": [
            {
              "id": "53bhEDDQytWHJYrT",
              "name": "fa_battlemaps/Maps/2023/September/fa_6_cultsanctuary/Tiles/SecretPassage.webp",
              "selected": false
            },
            {
              "id": "izosBheUHJQc6pil",
              "name": "modules/fa-battlemaps/images/Transparent.webp",
              "selected": true
            }
          ]
        }
      },
      "elevation": 20,
      "sort": 100,
      "restrictions": {
        "light": false,
        "weather": false
      },
      "_key": "!scenes.tiles!a7VXlALQyhsdx3rR.WEyDsR3KYwnqRawF"
    },
    {
      "texture": {
        "src": "fa_battlemaps/Maps/2023/September/fa_6_cultsanctuary/Tiles/Collapse.webp",
        "scaleX": 1,
        "scaleY": 1,
        "offsetX": 0,
        "offsetY": 0,
        "rotation": 0,
        "tint": "#ffffff",
        "anchorX": 0.5,
        "anchorY": 0.5,
        "fit": "fill",
        "alphaThreshold": 0.75
      },
      "x": 1300,
      "y": 500,
      "width": 400,
      "height": 200,
      "_id": "pfQKZN72jN9FEOb5",
      "rotation": 0,
      "alpha": 0,
      "hidden": false,
      "locked": false,
      "occlusion": {
        "mode": 0,
        "alpha": 1
      },
      "video": {
        "loop": true,
        "autoplay": true,
        "volume": 0
      },
      "flags": {
        "tagger": {
          "tags": [
            "cll"
          ]
        },
        "monks-active-tiles": {
          "active": true,
          "record": false,
          "restriction": "all",
          "controlled": "gm",
          "trigger": [
            "enter"
          ],
          "allowpaused": false,
          "usealpha": false,
          "pointer": false,
          "pertoken": false,
          "minrequired": 0,
          "chance": 100,
          "fileindex": 0,
          "actions": [],
          "files": []
        }
      },
      "sort": 7,
      "restrictions": {
        "light": false,
        "weather": false
      },
      "elevation": 0,
      "_key": "!scenes.tiles!a7VXlALQyhsdx3rR.pfQKZN72jN9FEOb5"
    },
    {
      "texture": {
        "src": "modules/fa-battlemaps/images/Transparent.webp",
        "scaleX": 1,
        "scaleY": 1,
        "offsetX": 0,
        "offsetY": 0,
        "rotation": 0,
        "tint": "#ffffff",
        "anchorX": 0.5,
        "anchorY": 0.5,
        "fit": "fill",
        "alphaThreshold": 0.75
      },
      "x": 1300,
      "y": 500,
      "width": 400,
      "height": 200,
      "_id": "XvzUmPy4YT3dNCV5",
      "rotation": 0,
      "alpha": 1,
      "hidden": false,
      "locked": false,
      "occlusion": {
        "mode": 0,
        "alpha": 1
      },
      "video": {
        "loop": true,
        "autoplay": true,
        "volume": 0
      },
      "flags": {
        "tagger": {
          "tags": [
            "cll1"
          ]
        },
        "monks-active-tiles": {
          "active": true,
          "record": false,
          "restriction": "all",
          "controlled": "gm",
          "trigger": [
            "enter"
          ],
          "allowpaused": false,
          "usealpha": false,
          "pointer": false,
          "pertoken": false,
          "minrequired": 0,
          "chance": 100,
          "fileindex": 1,
          "actions": [],
          "files": [
            {
              "id": "6v4iLdnyXjZET7Ue",
              "name": "fa_battlemaps/Maps/2023/September/fa_6_cultsanctuary/Tiles/cll.webp",
              "selected": false
            },
            {
              "id": "t2ZcHSB5t7IxzP2f",
              "name": "modules/fa-battlemaps/images/Transparent.webp",
              "selected": true
            }
          ]
        }
      },
      "elevation": 20,
      "sort": 99,
      "restrictions": {
        "light": false,
        "weather": false
      },
      "_key": "!scenes.tiles!a7VXlALQyhsdx3rR.XvzUmPy4YT3dNCV5"
    },
    {
      "texture": {
        "src": "fa_battlemaps/Maps/2023/September/fa_6_cultsanctuary/Text/passage.png",
        "scaleX": 1,
        "scaleY": 1,
        "offsetX": 0,
        "offsetY": 0,
        "rotation": 0,
        "tint": "#ffffff",
        "anchorX": 0.5,
        "anchorY": 0.5,
        "fit": "fill",
        "alphaThreshold": 0.75
      },
      "x": 572,
      "y": 1937,
      "width": 120,
      "height": 40,
      "rotation": 0,
      "alpha": 1,
      "hidden": false,
      "locked": false,
      "occlusion": {
        "mode": 1,
        "alpha": 1
      },
      "video": {
        "loop": true,
        "autoplay": true,
        "volume": 0
      },
      "flags": {
        "tagger": {},
        "monks-active-tiles": {
          "active": true,
          "record": false,
          "restriction": "all",
          "controlled": "gm",
          "trigger": [
            "",
            "dblclick"
          ],
          "allowpaused": false,
          "usealpha": false,
          "pointer": true,
          "pertoken": false,
          "minrequired": 0,
          "chance": 100,
          "fileindex": 0,
          "actions": [
            {
              "action": "alter",
              "data": {
                "entity": {
                  "id": "tile",
                  "name": "This Tile"
                },
                "collection": "tokens",
                "attribute": "texture.tint",
                "value": "='{{entity.texture.tint}}' == '#ffffff' ? '#890101' : '#ffffff'",
                "chatMessage": false,
                "rollmode": "roll"
              },
              "id": "qy8KqkdEudZYBWRX"
            },
            {
              "action": "tileimage",
              "data": {
                "entity": {
                  "id": "tagger:pass",
                  "match": "all",
                  "scene": "_active",
                  "name": "<i class=\"fas fa-tag fa-sm\"></i> pass"
                },
                "select": "next",
                "transition": "none",
                "speed": 1,
                "loop": 1
              },
              "id": "EusYwShxzItqbVAY"
            },
            {
              "action": "playsound",
              "data": {
                "audiofile": "fa_battlemaps/Audio/groundimpactlight.ogg",
                "audiofor": "all",
                "volume": 1,
                "loop": false,
                "fade": 0.25,
                "scenerestrict": false,
                "prevent": false,
                "playlist": true
              },
              "id": "mte2kBYTyYySJCrh"
            },
            {
              "action": "alter",
              "data": {
                "entity": {
                  "id": "tagger:passw",
                  "match": "all",
                  "scene": "_active",
                  "name": "<i class=\"fas fa-tag fa-sm\"></i> passw"
                },
                "collection": "tokens",
                "attribute": "move",
                "value": "={{entity.move}} == 0 ? 20 : 0 ",
                "chatMessage": false,
                "rollmode": "roll"
              },
              "id": "ebpCcgEmIiHywPvu"
            },
            {
              "action": "alter",
              "data": {
                "entity": {
                  "id": "tagger:passw",
                  "match": "all",
                  "scene": "_active",
                  "name": "<i class=\"fas fa-tag fa-sm\"></i> passw"
                },
                "collection": "tokens",
                "attribute": "sight",
                "value": "={{entity.sight}} == 0 ? 20 : 0 ",
                "chatMessage": false,
                "rollmode": "roll"
              },
              "id": "BcB6rALN2GmZw6Td"
            },
            {
              "action": "alter",
              "data": {
                "entity": {
                  "id": "tagger:passw",
                  "match": "all",
                  "scene": "_active",
                  "name": "<i class=\"fas fa-tag fa-sm\"></i> passw"
                },
                "collection": "tokens",
                "attribute": "light",
                "value": "={{entity.light}} == 0 ? 20 : 0 ",
                "chatMessage": false,
                "rollmode": "roll"
              },
              "id": "i8gQ6rBScGI8NZSB"
            },
            {
              "action": "alter",
              "data": {
                "entity": {
                  "id": "tagger:passw",
                  "match": "all",
                  "scene": "_active",
                  "name": "<i class=\"fas fa-tag fa-sm\"></i> passw"
                },
                "collection": "tokens",
                "attribute": "sound",
                "value": "={{entity.sound}} == 0 ? 20 : 0 ",
                "chatMessage": false,
                "rollmode": "roll"
              },
              "id": "clzcoeHzKodfLkAk"
            }
          ],
          "files": []
        }
      },
      "_id": "aY5zgoC0kVpWF5LI",
      "elevation": 20,
      "sort": 101,
      "restrictions": {
        "light": false,
        "weather": false
      },
      "_key": "!scenes.tiles!a7VXlALQyhsdx3rR.aY5zgoC0kVpWF5LI"
    },
    {
      "texture": {
        "src": "modules/fa-battlemaps/images/Transparent.webp",
        "scaleX": 1,
        "scaleY": 1,
        "offsetX": 0,
        "offsetY": 0,
        "rotation": 0,
        "tint": "#ffffff",
        "anchorX": 0.5,
        "anchorY": 0.5,
        "fit": "fill",
        "alphaThreshold": 0.75
      },
      "x": 1450,
      "y": 1350,
      "width": 100,
      "height": 100,
      "rotation": 0,
      "alpha": 1,
      "hidden": false,
      "locked": false,
      "occlusion": {
        "mode": 1,
        "alpha": 1
      },
      "video": {
        "loop": true,
        "autoplay": true,
        "volume": 0
      },
      "flags": {
        "tagger": {},
        "monks-active-tiles": {
          "active": true,
          "record": false,
          "restriction": "all",
          "controlled": "gm",
          "trigger": [
            "",
            "dblclick"
          ],
          "allowpaused": false,
          "usealpha": false,
          "pointer": true,
          "pertoken": false,
          "minrequired": 0,
          "chance": 100,
          "fileindex": 0,
          "actions": [
            {
              "action": "activate",
              "data": {
                "entity": {
                  "id": "within",
                  "name": "Tiles within Tile"
                },
                "collection": "lights",
                "activate": "toggle"
              },
              "id": "HNZ7ltMFjYg65dd9"
            },
            {
              "action": "activate",
              "data": {
                "entity": {
                  "id": "within",
                  "name": "Tiles within Tile"
                },
                "collection": "sounds",
                "activate": "toggle"
              },
              "id": "PevCNbQrlkloZ0Cj"
            },
            {
              "action": "alter",
              "data": {
                "entity": {
                  "id": "tagger:light",
                  "match": "all",
                  "scene": "_active",
                  "name": "<i class=\"fas fa-tag fa-sm\"></i> light"
                },
                "collection": "tokens",
                "attribute": "alpha",
                "value": "={{entity.alpha}} == 0 ? 1 : 0",
                "chatMessage": false,
                "rollmode": "roll"
              },
              "id": "o4jlHzM0hlQreALL"
            },
            {
              "action": "tileimage",
              "data": {
                "entity": {
                  "id": "tagger:light01",
                  "match": "all",
                  "scene": "_active",
                  "name": "<i class=\"fas fa-tag fa-sm\"></i> light01"
                },
                "select": "next",
                "transition": "none",
                "speed": 1,
                "loop": 1
              },
              "id": "gzvrax6L0UeOuaPu"
            },
            {
              "action": "playsound",
              "data": {
                "audiofile": "fa_battlemaps/Audio/flameblowout.ogg",
                "audiofor": "all",
                "volume": 1,
                "loop": false,
                "fade": 0.25,
                "scenerestrict": false,
                "prevent": false,
                "playlist": true
              },
              "id": "JI5NOSYERDMB6cp8"
            }
          ],
          "files": []
        }
      },
      "_id": "I3huRmHINQtX4KE5",
      "elevation": 20,
      "sort": 100,
      "restrictions": {
        "light": false,
        "weather": false
      },
      "_key": "!scenes.tiles!a7VXlALQyhsdx3rR.I3huRmHINQtX4KE5"
    },
    {
      "texture": {
        "src": "modules/fa-battlemaps/images/Transparent.webp",
        "scaleX": 1,
        "scaleY": 1,
        "offsetX": 0,
        "offsetY": 0,
        "rotation": 0,
        "tint": "#ffffff",
        "anchorX": 0.5,
        "anchorY": 0.5,
        "fit": "fill",
        "alphaThreshold": 0.75
      },
      "x": 700,
      "y": 1000,
      "width": 200,
      "height": 100,
      "rotation": 0,
      "alpha": 1,
      "hidden": false,
      "locked": false,
      "occlusion": {
        "mode": 1,
        "alpha": 1
      },
      "video": {
        "loop": true,
        "autoplay": true,
        "volume": 0
      },
      "flags": {
        "tagger": {},
        "monks-active-tiles": {
          "active": true,
          "record": false,
          "restriction": "all",
          "controlled": "gm",
          "trigger": [
            "",
            "dblclick"
          ],
          "allowpaused": false,
          "usealpha": false,
          "pointer": true,
          "pertoken": false,
          "minrequired": 0,
          "chance": 100,
          "fileindex": 0,
          "actions": [
            {
              "action": "activate",
              "data": {
                "entity": {
                  "id": "within",
                  "name": "Tiles within Tile"
                },
                "collection": "lights",
                "activate": "toggle"
              },
              "id": "HNZ7ltMFjYg65dd9"
            },
            {
              "action": "activate",
              "data": {
                "entity": {
                  "id": "within",
                  "name": "Tiles within Tile"
                },
                "collection": "sounds",
                "activate": "toggle"
              },
              "id": "PevCNbQrlkloZ0Cj"
            },
            {
              "action": "alter",
              "data": {
                "entity": {
                  "id": "tagger:light2",
                  "match": "all",
                  "scene": "_active",
                  "name": "<i class=\"fas fa-tag fa-sm\"></i> light2"
                },
                "collection": "tokens",
                "attribute": "alpha",
                "value": "={{entity.alpha}} == 0 ? 1 : 0",
                "chatMessage": false,
                "rollmode": "roll"
              },
              "id": "o4jlHzM0hlQreALL"
            },
            {
              "action": "tileimage",
              "data": {
                "entity": {
                  "id": "tagger:light02",
                  "match": "all",
                  "scene": "_active",
                  "name": "<i class=\"fas fa-tag fa-sm\"></i> light02"
                },
                "select": "next",
                "transition": "none",
                "speed": 1,
                "loop": 1
              },
              "id": "gzvrax6L0UeOuaPu"
            },
            {
              "action": "playsound",
              "data": {
                "audiofile": "fa_battlemaps/Audio/candleblowout.ogg",
                "audiofor": "all",
                "volume": 1,
                "loop": false,
                "fade": 0.25,
                "scenerestrict": false,
                "prevent": false,
                "playlist": true
              },
              "id": "JI5NOSYERDMB6cp8"
            }
          ],
          "files": []
        }
      },
      "_id": "auA8fcmpcpx1qSyi",
      "elevation": 20,
      "sort": 100,
      "restrictions": {
        "light": false,
        "weather": false
      },
      "_key": "!scenes.tiles!a7VXlALQyhsdx3rR.auA8fcmpcpx1qSyi"
    },
    {
      "texture": {
        "src": "modules/fa-battlemaps/images/Transparent.webp",
        "scaleX": 1,
        "scaleY": 1,
        "offsetX": 0,
        "offsetY": 0,
        "rotation": 0,
        "tint": "#ffffff",
        "anchorX": 0.5,
        "anchorY": 0.5,
        "fit": "fill",
        "alphaThreshold": 0.75
      },
      "x": 1229,
      "y": 1764,
      "width": 78,
      "height": 74,
      "rotation": 0,
      "alpha": 1,
      "hidden": false,
      "locked": false,
      "occlusion": {
        "mode": 1,
        "alpha": 1
      },
      "video": {
        "loop": true,
        "autoplay": true,
        "volume": 0
      },
      "flags": {
        "tagger": {},
        "monks-active-tiles": {
          "active": true,
          "record": false,
          "restriction": "all",
          "controlled": "gm",
          "trigger": [
            "",
            "dblclick"
          ],
          "allowpaused": false,
          "usealpha": false,
          "pointer": true,
          "pertoken": false,
          "minrequired": 0,
          "chance": 100,
          "fileindex": 0,
          "actions": [
            {
              "action": "activate",
              "data": {
                "entity": {
                  "id": "within",
                  "name": "Tiles within Tile"
                },
                "collection": "lights",
                "activate": "toggle"
              },
              "id": "HNZ7ltMFjYg65dd9"
            },
            {
              "action": "activate",
              "data": {
                "entity": {
                  "id": "within",
                  "name": "Tiles within Tile"
                },
                "collection": "sounds",
                "activate": "toggle"
              },
              "id": "PevCNbQrlkloZ0Cj"
            },
            {
              "action": "alter",
              "data": {
                "entity": {
                  "id": "tagger:light3",
                  "match": "all",
                  "scene": "_active",
                  "name": "<i class=\"fas fa-tag fa-sm\"></i> light3"
                },
                "collection": "tokens",
                "attribute": "alpha",
                "value": "={{entity.alpha}} == 0 ? 1 : 0",
                "chatMessage": false,
                "rollmode": "roll"
              },
              "id": "o4jlHzM0hlQreALL"
            },
            {
              "action": "tileimage",
              "data": {
                "entity": {
                  "id": "tagger:light03",
                  "match": "all",
                  "scene": "_active",
                  "name": "<i class=\"fas fa-tag fa-sm\"></i> light03"
                },
                "select": "next",
                "transition": "none",
                "speed": 1,
                "loop": 1
              },
              "id": "gzvrax6L0UeOuaPu"
            },
            {
              "action": "playsound",
              "data": {
                "audiofile": "fa_battlemaps/Audio/candleblowout.ogg",
                "audiofor": "all",
                "volume": 1,
                "loop": false,
                "fade": 0.25,
                "scenerestrict": false,
                "prevent": false,
                "playlist": true
              },
              "id": "JI5NOSYERDMB6cp8"
            }
          ],
          "files": []
        }
      },
      "_id": "GGkM4n9RkHIDv9mA",
      "elevation": 20,
      "sort": 100,
      "restrictions": {
        "light": false,
        "weather": false
      },
      "_key": "!scenes.tiles!a7VXlALQyhsdx3rR.GGkM4n9RkHIDv9mA"
    },
    {
      "texture": {
        "src": "modules/fa-battlemaps/images/Transparent.webp",
        "scaleX": 1,
        "scaleY": 1,
        "offsetX": 0,
        "offsetY": 0,
        "rotation": 0,
        "tint": "#ffffff",
        "anchorX": 0.5,
        "anchorY": 0.5,
        "fit": "fill",
        "alphaThreshold": 0.75
      },
      "x": 600,
      "y": 1700,
      "width": 50,
      "height": 200,
      "rotation": 0,
      "alpha": 1,
      "hidden": false,
      "locked": false,
      "occlusion": {
        "mode": 1,
        "alpha": 1
      },
      "video": {
        "loop": true,
        "autoplay": true,
        "volume": 0
      },
      "flags": {
        "tagger": {},
        "monks-active-tiles": {
          "active": true,
          "record": false,
          "restriction": "all",
          "controlled": "gm",
          "trigger": [
            "",
            "dblclick"
          ],
          "allowpaused": false,
          "usealpha": false,
          "pointer": true,
          "pertoken": false,
          "minrequired": 0,
          "chance": 100,
          "fileindex": 0,
          "actions": [
            {
              "action": "activate",
              "data": {
                "entity": {
                  "id": "within",
                  "name": "Tiles within Tile"
                },
                "collection": "lights",
                "activate": "toggle"
              },
              "id": "HNZ7ltMFjYg65dd9"
            },
            {
              "action": "activate",
              "data": {
                "entity": {
                  "id": "within",
                  "name": "Tiles within Tile"
                },
                "collection": "sounds",
                "activate": "toggle"
              },
              "id": "PevCNbQrlkloZ0Cj"
            },
            {
              "action": "alter",
              "data": {
                "entity": {
                  "id": "tagger:light4",
                  "match": "all",
                  "scene": "_active",
                  "name": "<i class=\"fas fa-tag fa-sm\"></i> light4"
                },
                "collection": "tokens",
                "attribute": "alpha",
                "value": "={{entity.alpha}} == 0 ? 1 : 0",
                "chatMessage": false,
                "rollmode": "roll"
              },
              "id": "o4jlHzM0hlQreALL"
            },
            {
              "action": "tileimage",
              "data": {
                "entity": {
                  "id": "tagger:light04",
                  "match": "all",
                  "scene": "_active",
                  "name": "<i class=\"fas fa-tag fa-sm\"></i> light04"
                },
                "select": "next",
                "transition": "none",
                "speed": 1,
                "loop": 1
              },
              "id": "gzvrax6L0UeOuaPu"
            },
            {
              "action": "playsound",
              "data": {
                "audiofile": "fa_battlemaps/Audio/candleblowout.ogg",
                "audiofor": "all",
                "volume": 1,
                "loop": false,
                "fade": 0.25,
                "scenerestrict": false,
                "prevent": false,
                "playlist": true
              },
              "id": "JI5NOSYERDMB6cp8"
            }
          ],
          "files": []
        }
      },
      "_id": "DHJOlsqBzyZAZdO6",
      "elevation": 20,
      "sort": 100,
      "restrictions": {
        "light": false,
        "weather": false
      },
      "_key": "!scenes.tiles!a7VXlALQyhsdx3rR.DHJOlsqBzyZAZdO6"
    },
    {
      "texture": {
        "src": "fa_battlemaps/Maps/2023/September/fa_6_cultsanctuary/Tiles/L2.webp",
        "scaleX": 1,
        "scaleY": 1,
        "offsetX": 0,
        "offsetY": 0,
        "rotation": 0,
        "tint": "#ffffff",
        "anchorX": 0.5,
        "anchorY": 0.5,
        "fit": "fill",
        "alphaThreshold": 0.75
      },
      "x": 1200,
      "y": 1100,
      "width": 600,
      "height": 500,
      "_id": "4EoRtcRadResE1uZ",
      "rotation": 0,
      "alpha": 1,
      "hidden": false,
      "locked": false,
      "occlusion": {
        "mode": 0,
        "alpha": 1
      },
      "video": {
        "loop": true,
        "autoplay": true,
        "volume": 0
      },
      "flags": {
        "tagger": {
          "tags": [
            "light01"
          ]
        },
        "monks-active-tiles": {
          "active": true,
          "record": false,
          "restriction": "all",
          "controlled": "gm",
          "trigger": [
            "enter"
          ],
          "allowpaused": false,
          "usealpha": false,
          "pointer": false,
          "pertoken": false,
          "minrequired": 0,
          "chance": 100,
          "fileindex": 0,
          "actions": [],
          "files": [
            {
              "id": "A8k9BDRyK8dPVN0N",
              "name": "fa_battlemaps/Maps/2023/September/fa_6_cultsanctuary/Tiles/L2.webp",
              "selected": false
            },
            {
              "id": "jOzKnkiS8Gyde9BH",
              "name": "modules/fa-battlemaps/images/Transparent.webp",
              "selected": true
            }
          ]
        }
      },
      "elevation": 20,
      "sort": 98,
      "restrictions": {
        "light": false,
        "weather": false
      },
      "_key": "!scenes.tiles!a7VXlALQyhsdx3rR.4EoRtcRadResE1uZ"
    },
    {
      "texture": {
        "src": "modules/fa-battlemaps/images/Transparent.webp",
        "scaleX": 1,
        "scaleY": 1,
        "offsetX": 0,
        "offsetY": 0,
        "rotation": 0,
        "tint": "#ffffff",
        "anchorX": 0.5,
        "anchorY": 0.5,
        "fit": "fill",
        "alphaThreshold": 0.75
      },
      "x": 600,
      "y": 1000,
      "width": 400,
      "height": 300,
      "_id": "WsQUiSyKKZD3VRno",
      "rotation": 0,
      "alpha": 1,
      "hidden": false,
      "locked": false,
      "occlusion": {
        "mode": 0,
        "alpha": 1
      },
      "video": {
        "loop": true,
        "autoplay": true,
        "volume": 0
      },
      "flags": {
        "tagger": {
          "tags": [
            "light02"
          ]
        },
        "monks-active-tiles": {
          "active": true,
          "record": false,
          "restriction": "all",
          "controlled": "gm",
          "trigger": [
            "enter"
          ],
          "allowpaused": false,
          "usealpha": false,
          "pointer": false,
          "pertoken": false,
          "minrequired": 0,
          "chance": 100,
          "fileindex": 1,
          "actions": [],
          "files": [
            {
              "id": "2ZZmVaSI4RnLA8go",
              "name": "fa_battlemaps/Maps/2023/September/fa_6_cultsanctuary/Tiles/L1.webp",
              "selected": false
            },
            {
              "id": "t7phG99JwG3poWmI",
              "name": "modules/fa-battlemaps/images/Transparent.webp",
              "selected": true
            }
          ]
        }
      },
      "elevation": 20,
      "sort": 95,
      "restrictions": {
        "light": false,
        "weather": false
      },
      "_key": "!scenes.tiles!a7VXlALQyhsdx3rR.WsQUiSyKKZD3VRno"
    },
    {
      "texture": {
        "src": "modules/fa-battlemaps/images/Transparent.webp",
        "scaleX": 1,
        "scaleY": 1,
        "offsetX": 0,
        "offsetY": 0,
        "rotation": 0,
        "tint": "#ffffff",
        "anchorX": 0.5,
        "anchorY": 0.5,
        "fit": "fill",
        "alphaThreshold": 0.75
      },
      "x": 1000,
      "y": 1600,
      "width": 300,
      "height": 400,
      "_id": "qfwgE452XhXgKOpu",
      "rotation": 0,
      "alpha": 1,
      "hidden": false,
      "locked": false,
      "occlusion": {
        "mode": 0,
        "alpha": 1
      },
      "video": {
        "loop": true,
        "autoplay": true,
        "volume": 0
      },
      "flags": {
        "tagger": {
          "tags": [
            "light03"
          ]
        },
        "monks-active-tiles": {
          "active": true,
          "record": false,
          "restriction": "all",
          "controlled": "gm",
          "trigger": [
            "enter"
          ],
          "allowpaused": false,
          "usealpha": false,
          "pointer": false,
          "pertoken": false,
          "minrequired": 0,
          "chance": 100,
          "fileindex": 1,
          "actions": [],
          "files": [
            {
              "id": "kqT9wUaPbhHkaVol",
              "name": "fa_battlemaps/Maps/2023/September/fa_6_cultsanctuary/Tiles/L3.webp",
              "selected": false
            },
            {
              "id": "zSdNrku2dpP0gBjz",
              "name": "modules/fa-battlemaps/images/Transparent.webp",
              "selected": true
            }
          ]
        }
      },
      "elevation": 20,
      "sort": 97,
      "restrictions": {
        "light": false,
        "weather": false
      },
      "_key": "!scenes.tiles!a7VXlALQyhsdx3rR.qfwgE452XhXgKOpu"
    },
    {
      "texture": {
        "src": "modules/fa-battlemaps/images/Transparent.webp",
        "scaleX": 1,
        "scaleY": 1,
        "offsetX": 0,
        "offsetY": 0,
        "rotation": 0,
        "tint": "#ffffff",
        "anchorX": 0.5,
        "anchorY": 0.5,
        "fit": "fill",
        "alphaThreshold": 0.75
      },
      "x": 500,
      "y": 1700,
      "width": 300,
      "height": 200,
      "_id": "aaihZE8U5CESnBUL",
      "rotation": 0,
      "alpha": 1,
      "hidden": false,
      "locked": false,
      "occlusion": {
        "mode": 0,
        "alpha": 1
      },
      "video": {
        "loop": true,
        "autoplay": true,
        "volume": 0
      },
      "flags": {
        "tagger": {
          "tags": [
            "light04"
          ]
        },
        "monks-active-tiles": {
          "active": true,
          "record": false,
          "restriction": "all",
          "controlled": "gm",
          "trigger": [
            "enter"
          ],
          "allowpaused": false,
          "usealpha": false,
          "pointer": false,
          "pertoken": false,
          "minrequired": 0,
          "chance": 100,
          "fileindex": 1,
          "actions": [],
          "files": [
            {
              "id": "9YgQlLMtIBVWbrn8",
              "name": "fa_battlemaps/Maps/2023/September/fa_6_cultsanctuary/Tiles/L4.webp",
              "selected": false
            },
            {
              "id": "noC1vuzDkoVMamYh",
              "name": "modules/fa-battlemaps/images/Transparent.webp",
              "selected": true
            }
          ]
        }
      },
      "elevation": 20,
      "sort": 96,
      "restrictions": {
        "light": false,
        "weather": false
      },
      "_key": "!scenes.tiles!a7VXlALQyhsdx3rR.aaihZE8U5CESnBUL"
    },
    {
      "texture": {
        "src": "fa_battlemaps/Maps/2023/September/fa_6_cultsanctuary/Tiles/Light3.webp",
        "scaleX": 1,
        "scaleY": 1,
        "offsetX": 0,
        "offsetY": 0,
        "rotation": 0,
        "tint": "#ffffff",
        "anchorX": 0.5,
        "anchorY": 0.5,
        "fit": "fill",
        "alphaThreshold": 0.75
      },
      "x": 1100,
      "y": 1000,
      "width": 800,
      "height": 800,
      "_id": "4y5agXTUlMnaABJM",
      "rotation": 0,
      "alpha": 1,
      "hidden": false,
      "locked": false,
      "occlusion": {
        "mode": 0,
        "alpha": 1
      },
      "video": {
        "loop": true,
        "autoplay": true,
        "volume": 0
      },
      "flags": {
        "tagger": {
          "tags": [
            "light"
          ]
        },
        "monks-active-tiles": {
          "active": true,
          "record": false,
          "restriction": "all",
          "controlled": "gm",
          "trigger": [
            "enter"
          ],
          "allowpaused": false,
          "usealpha": false,
          "pointer": false,
          "pertoken": false,
          "minrequired": 0,
          "chance": 100,
          "fileindex": -1,
          "actions": [],
          "files": []
        }
      },
      "sort": 2,
      "restrictions": {
        "light": false,
        "weather": false
      },
      "elevation": 0,
      "_key": "!scenes.tiles!a7VXlALQyhsdx3rR.4y5agXTUlMnaABJM"
    },
    {
      "texture": {
        "src": "fa_battlemaps/Maps/2023/September/fa_6_cultsanctuary/Tiles/Light2.webp",
        "scaleX": 1,
        "scaleY": 1,
        "offsetX": 0,
        "offsetY": 0,
        "rotation": 0,
        "tint": "#ffffff",
        "anchorX": 0.5,
        "anchorY": 0.5,
        "fit": "fill",
        "alphaThreshold": 0.75
      },
      "x": 500,
      "y": 1600,
      "width": 400,
      "height": 300,
      "_id": "pYfhLEJG8Wu8jcFq",
      "rotation": 0,
      "alpha": 0,
      "hidden": false,
      "locked": false,
      "occlusion": {
        "mode": 0,
        "alpha": 1
      },
      "video": {
        "loop": true,
        "autoplay": true,
        "volume": 0
      },
      "flags": {
        "tagger": {
          "tags": [
            "light4"
          ]
        },
        "monks-active-tiles": {
          "active": true,
          "record": false,
          "restriction": "all",
          "controlled": "gm",
          "trigger": [
            "enter"
          ],
          "allowpaused": false,
          "usealpha": false,
          "pointer": false,
          "pertoken": false,
          "minrequired": 0,
          "chance": 100,
          "fileindex": -1,
          "actions": [],
          "files": []
        }
      },
      "sort": 3,
      "restrictions": {
        "light": false,
        "weather": false
      },
      "elevation": 0,
      "_key": "!scenes.tiles!a7VXlALQyhsdx3rR.pYfhLEJG8Wu8jcFq"
    },
    {
      "texture": {
        "src": "fa_battlemaps/Maps/2023/September/fa_6_cultsanctuary/Tiles/Light4.webp",
        "scaleX": 1,
        "scaleY": 1,
        "offsetX": 0,
        "offsetY": 0,
        "rotation": 0,
        "tint": "#ffffff",
        "anchorX": 0.5,
        "anchorY": 0.5,
        "fit": "fill",
        "alphaThreshold": 0.75
      },
      "x": 900,
      "y": 1500,
      "width": 500,
      "height": 500,
      "_id": "d3fgCvUnxLAZBMBM",
      "rotation": 0,
      "alpha": 0,
      "hidden": false,
      "locked": false,
      "occlusion": {
        "mode": 0,
        "alpha": 1
      },
      "video": {
        "loop": true,
        "autoplay": true,
        "volume": 0
      },
      "flags": {
        "tagger": {
          "tags": [
            "light3"
          ]
        },
        "monks-active-tiles": {
          "active": true,
          "record": false,
          "restriction": "all",
          "controlled": "gm",
          "trigger": [
            "enter"
          ],
          "allowpaused": false,
          "usealpha": false,
          "pointer": false,
          "pertoken": false,
          "minrequired": 0,
          "chance": 100,
          "fileindex": -1,
          "actions": [],
          "files": []
        }
      },
      "sort": 4,
      "restrictions": {
        "light": false,
        "weather": false
      },
      "elevation": 0,
      "_key": "!scenes.tiles!a7VXlALQyhsdx3rR.d3fgCvUnxLAZBMBM"
    },
    {
      "texture": {
        "src": "fa_battlemaps/Maps/2023/September/fa_6_cultsanctuary/Tiles/Light1.webp",
        "scaleX": 1,
        "scaleY": 1,
        "offsetX": 0,
        "offsetY": 0,
        "rotation": 0,
        "tint": "#ffffff",
        "anchorX": 0.5,
        "anchorY": 0.5,
        "fit": "fill",
        "alphaThreshold": 0.75
      },
      "x": 600,
      "y": 1000,
      "width": 400,
      "height": 500,
      "_id": "5A4qeB8kRUwVk245",
      "rotation": 0,
      "alpha": 0,
      "hidden": false,
      "locked": false,
      "occlusion": {
        "mode": 0,
        "alpha": 1
      },
      "video": {
        "loop": true,
        "autoplay": true,
        "volume": 0
      },
      "flags": {
        "tagger": {
          "tags": [
            "light2"
          ]
        },
        "monks-active-tiles": {
          "active": true,
          "record": false,
          "restriction": "all",
          "controlled": "gm",
          "trigger": [
            "enter"
          ],
          "allowpaused": false,
          "usealpha": false,
          "pointer": false,
          "pertoken": false,
          "minrequired": 0,
          "chance": 100,
          "fileindex": -1,
          "actions": [],
          "files": []
        }
      },
      "sort": 1,
      "restrictions": {
        "light": false,
        "weather": false
      },
      "elevation": 0,
      "_key": "!scenes.tiles!a7VXlALQyhsdx3rR.5A4qeB8kRUwVk245"
    }
  ],
  "walls": [
    {
      "_id": "n6sDjEXi6dKZmrtw",
      "c": [
        500,
        2200,
        2200,
        2200
      ],
      "light": 20,
      "move": 20,
      "sight": 20,
      "sound": 20,
      "dir": 0,
      "door": 0,
      "ds": 0,
      "flags": {},
      "threshold": {
        "light": null,
        "sight": null,
        "sound": null,
        "attenuation": false
      },
      "_key": "!scenes.walls!a7VXlALQyhsdx3rR.n6sDjEXi6dKZmrtw"
    },
    {
      "_id": "rcJYAmJ4dZvbgYds",
      "c": [
        2200,
        2200,
        2200,
        500
      ],
      "light": 20,
      "move": 20,
      "sight": 20,
      "sound": 20,
      "dir": 0,
      "door": 0,
      "ds": 0,
      "flags": {},
      "threshold": {
        "light": null,
        "sight": null,
        "sound": null,
        "attenuation": false
      },
      "_key": "!scenes.walls!a7VXlALQyhsdx3rR.rcJYAmJ4dZvbgYds"
    },
    {
      "_id": "80Ierl1ltQeGpbC5",
      "c": [
        2200,
        500,
        500,
        500
      ],
      "light": 20,
      "move": 20,
      "sight": 20,
      "sound": 20,
      "dir": 0,
      "door": 0,
      "ds": 0,
      "flags": {},
      "threshold": {
        "light": null,
        "sight": null,
        "sound": null,
        "attenuation": false
      },
      "_key": "!scenes.walls!a7VXlALQyhsdx3rR.80Ierl1ltQeGpbC5"
    },
    {
      "_id": "nwGptHjHXQAC2I4Q",
      "c": [
        500,
        500,
        500,
        2200
      ],
      "light": 20,
      "move": 20,
      "sight": 20,
      "sound": 20,
      "dir": 0,
      "door": 0,
      "ds": 0,
      "flags": {},
      "threshold": {
        "light": null,
        "sight": null,
        "sound": null,
        "attenuation": false
      },
      "_key": "!scenes.walls!a7VXlALQyhsdx3rR.nwGptHjHXQAC2I4Q"
    },
    {
      "_id": "ilF7jVNp6GSTmjGJ",
      "c": [
        700,
        2200,
        700,
        1900
      ],
      "light": 20,
      "move": 20,
      "sight": 20,
      "sound": 20,
      "dir": 0,
      "door": 0,
      "ds": 0,
      "flags": {},
      "threshold": {
        "light": null,
        "sight": null,
        "sound": null,
        "attenuation": false
      },
      "_key": "!scenes.walls!a7VXlALQyhsdx3rR.ilF7jVNp6GSTmjGJ"
    },
    {
      "_id": "TpayATLLSV57J1qy",
      "c": [
        700,
        1900,
        600,
        1900
      ],
      "light": 20,
      "move": 20,
      "sight": 20,
      "sound": 20,
      "dir": 0,
      "door": 0,
      "ds": 0,
      "flags": {},
      "threshold": {
        "light": null,
        "sight": null,
        "sound": null,
        "attenuation": false
      },
      "_key": "!scenes.walls!a7VXlALQyhsdx3rR.TpayATLLSV57J1qy"
    },
    {
      "_id": "KWx7QUeinGM5jZR0",
      "c": [
        600,
        1900,
        600,
        1700
      ],
      "light": 20,
      "move": 20,
      "sight": 20,
      "sound": 20,
      "dir": 0,
      "door": 0,
      "ds": 0,
      "flags": {},
      "threshold": {
        "light": null,
        "sight": null,
        "sound": null,
        "attenuation": false
      },
      "_key": "!scenes.walls!a7VXlALQyhsdx3rR.KWx7QUeinGM5jZR0"
    },
    {
      "_id": "MdF3oLGMRHpf3MBu",
      "c": [
        600,
        1700,
        700,
        1700
      ],
      "light": 20,
      "move": 20,
      "sight": 20,
      "sound": 20,
      "dir": 0,
      "door": 0,
      "ds": 0,
      "flags": {},
      "threshold": {
        "light": null,
        "sight": null,
        "sound": null,
        "attenuation": false
      },
      "_key": "!scenes.walls!a7VXlALQyhsdx3rR.MdF3oLGMRHpf3MBu"
    },
    {
      "_id": "GmZybnjnKlYsHjx8",
      "c": [
        700,
        1700,
        700,
        1600
      ],
      "light": 20,
      "move": 20,
      "sight": 20,
      "sound": 20,
      "dir": 0,
      "door": 0,
      "ds": 0,
      "flags": {},
      "threshold": {
        "light": null,
        "sight": null,
        "sound": null,
        "attenuation": false
      },
      "_key": "!scenes.walls!a7VXlALQyhsdx3rR.GmZybnjnKlYsHjx8"
    },
    {
      "_id": "XjqMAqPmzzBsAEgf",
      "c": [
        700,
        1500,
        600,
        1500
      ],
      "light": 20,
      "move": 20,
      "sight": 20,
      "sound": 20,
      "dir": 0,
      "door": 0,
      "ds": 0,
      "flags": {},
      "threshold": {
        "light": null,
        "sight": null,
        "sound": null,
        "attenuation": false
      },
      "_key": "!scenes.walls!a7VXlALQyhsdx3rR.XjqMAqPmzzBsAEgf"
    },
    {
      "_id": "Cw25gIrOjtJVfFK6",
      "c": [
        600,
        1500,
        600,
        1200
      ],
      "light": 20,
      "move": 20,
      "sight": 20,
      "sound": 20,
      "dir": 0,
      "door": 0,
      "ds": 0,
      "flags": {},
      "threshold": {
        "light": null,
        "sight": null,
        "sound": null,
        "attenuation": false
      },
      "_key": "!scenes.walls!a7VXlALQyhsdx3rR.Cw25gIrOjtJVfFK6"
    },
    {
      "_id": "pAt4jy4BJxTqiRDV",
      "c": [
        1000,
        1200,
        1000,
        1500
      ],
      "light": 20,
      "move": 20,
      "sight": 20,
      "sound": 20,
      "dir": 0,
      "door": 0,
      "ds": 0,
      "flags": {},
      "threshold": {
        "light": null,
        "sight": null,
        "sound": null,
        "attenuation": false
      },
      "_key": "!scenes.walls!a7VXlALQyhsdx3rR.pAt4jy4BJxTqiRDV"
    },
    {
      "_id": "a16KFIeUnSiZKXfD",
      "c": [
        1000,
        1500,
        1000,
        1700
      ],
      "light": 20,
      "move": 20,
      "sight": 20,
      "sound": 20,
      "dir": 0,
      "door": 0,
      "ds": 0,
      "flags": {},
      "threshold": {
        "light": null,
        "sight": null,
        "sound": null,
        "attenuation": false
      },
      "_key": "!scenes.walls!a7VXlALQyhsdx3rR.a16KFIeUnSiZKXfD"
    },
    {
      "_id": "YNVFtYOdfGcqL9pr",
      "c": [
        1000,
        1700,
        900,
        1700
      ],
      "light": 20,
      "move": 20,
      "sight": 20,
      "sound": 20,
      "dir": 0,
      "door": 0,
      "ds": 0,
      "flags": {},
      "threshold": {
        "light": null,
        "sight": null,
        "sound": null,
        "attenuation": false
      },
      "_key": "!scenes.walls!a7VXlALQyhsdx3rR.YNVFtYOdfGcqL9pr"
    },
    {
      "_id": "9juI2vyfy76MimMf",
      "c": [
        900,
        1700,
        900,
        1600
      ],
      "light": 20,
      "move": 20,
      "sight": 20,
      "sound": 20,
      "dir": 0,
      "door": 0,
      "ds": 0,
      "flags": {},
      "threshold": {
        "light": null,
        "sight": null,
        "sound": null,
        "attenuation": false
      },
      "_key": "!scenes.walls!a7VXlALQyhsdx3rR.9juI2vyfy76MimMf"
    },
    {
      "_id": "Rz6yKuBp3EKvu1Uj",
      "c": [
        900,
        1500,
        1000,
        1500
      ],
      "light": 20,
      "move": 20,
      "sight": 20,
      "sound": 20,
      "dir": 0,
      "door": 0,
      "ds": 0,
      "flags": {},
      "threshold": {
        "light": null,
        "sight": null,
        "sound": null,
        "attenuation": false
      },
      "_key": "!scenes.walls!a7VXlALQyhsdx3rR.Rz6yKuBp3EKvu1Uj"
    },
    {
      "_id": "c8GmFcfPZPGbWEEK",
      "c": [
        900,
        2200,
        900,
        1900
      ],
      "light": 20,
      "move": 20,
      "sight": 20,
      "sound": 20,
      "dir": 0,
      "door": 0,
      "ds": 0,
      "flags": {},
      "threshold": {
        "light": null,
        "sight": null,
        "sound": null,
        "attenuation": false
      },
      "_key": "!scenes.walls!a7VXlALQyhsdx3rR.c8GmFcfPZPGbWEEK"
    },
    {
      "_id": "h6Zwp7mkMTaNlWJb",
      "c": [
        900,
        1900,
        1000,
        1900
      ],
      "light": 20,
      "move": 20,
      "sight": 20,
      "sound": 20,
      "dir": 0,
      "door": 0,
      "ds": 0,
      "flags": {},
      "threshold": {
        "light": null,
        "sight": null,
        "sound": null,
        "attenuation": false
      },
      "_key": "!scenes.walls!a7VXlALQyhsdx3rR.h6Zwp7mkMTaNlWJb"
    },
    {
      "_id": "DsSurD7qhKbOPlZg",
      "c": [
        1000,
        1900,
        1000,
        2000
      ],
      "light": 20,
      "move": 20,
      "sight": 20,
      "sound": 20,
      "dir": 0,
      "door": 0,
      "ds": 0,
      "flags": {},
      "threshold": {
        "light": null,
        "sight": null,
        "sound": null,
        "attenuation": false
      },
      "_key": "!scenes.walls!a7VXlALQyhsdx3rR.DsSurD7qhKbOPlZg"
    },
    {
      "_id": "laqdjzjFEQHonAz5",
      "c": [
        1000,
        2000,
        1300,
        2000
      ],
      "light": 20,
      "move": 20,
      "sight": 20,
      "sound": 20,
      "dir": 0,
      "door": 0,
      "ds": 0,
      "flags": {},
      "threshold": {
        "light": null,
        "sight": null,
        "sound": null,
        "attenuation": false
      },
      "_key": "!scenes.walls!a7VXlALQyhsdx3rR.laqdjzjFEQHonAz5"
    },
    {
      "_id": "khpkeh8Ffybi2zrf",
      "c": [
        1300,
        2000,
        1300,
        1600
      ],
      "light": 20,
      "move": 20,
      "sight": 20,
      "sound": 20,
      "dir": 0,
      "door": 0,
      "ds": 0,
      "flags": {},
      "threshold": {
        "light": null,
        "sight": null,
        "sound": null,
        "attenuation": false
      },
      "_key": "!scenes.walls!a7VXlALQyhsdx3rR.khpkeh8Ffybi2zrf"
    },
    {
      "_id": "DHumi8bq0Odsexq8",
      "c": [
        1300,
        1600,
        1200,
        1600
      ],
      "light": 20,
      "move": 20,
      "sight": 20,
      "sound": 20,
      "dir": 0,
      "door": 0,
      "ds": 0,
      "flags": {},
      "threshold": {
        "light": null,
        "sight": null,
        "sound": null,
        "attenuation": false
      },
      "_key": "!scenes.walls!a7VXlALQyhsdx3rR.DHumi8bq0Odsexq8"
    },
    {
      "_id": "Y1RBA8KcNf9dw9tM",
      "c": [
        1200,
        1600,
        1200,
        1500
      ],
      "light": 20,
      "move": 20,
      "sight": 20,
      "sound": 20,
      "dir": 0,
      "door": 0,
      "ds": 0,
      "flags": {},
      "threshold": {
        "light": null,
        "sight": null,
        "sound": null,
        "attenuation": false
      },
      "_key": "!scenes.walls!a7VXlALQyhsdx3rR.Y1RBA8KcNf9dw9tM"
    },
    {
      "_id": "Mnp2mBCg2jfOiMuN",
      "c": [
        1200,
        1500,
        1300,
        1500
      ],
      "light": 20,
      "move": 20,
      "sight": 20,
      "sound": 20,
      "dir": 0,
      "door": 0,
      "ds": 0,
      "flags": {},
      "threshold": {
        "light": null,
        "sight": null,
        "sound": null,
        "attenuation": false
      },
      "_key": "!scenes.walls!a7VXlALQyhsdx3rR.Mnp2mBCg2jfOiMuN"
    },
    {
      "_id": "IZba6F1gGBEiqi20",
      "c": [
        1300,
        1500,
        1400,
        1600
      ],
      "light": 20,
      "move": 20,
      "sight": 20,
      "sound": 20,
      "dir": 0,
      "door": 0,
      "ds": 0,
      "flags": {},
      "threshold": {
        "light": null,
        "sight": null,
        "sound": null,
        "attenuation": false
      },
      "_key": "!scenes.walls!a7VXlALQyhsdx3rR.IZba6F1gGBEiqi20"
    },
    {
      "_id": "e4nYag5jJVjfEjNN",
      "c": [
        1400,
        1600,
        1400,
        2000
      ],
      "light": 20,
      "move": 20,
      "sight": 20,
      "sound": 20,
      "dir": 0,
      "door": 0,
      "ds": 0,
      "flags": {},
      "threshold": {
        "light": null,
        "sight": null,
        "sound": null,
        "attenuation": false
      },
      "_key": "!scenes.walls!a7VXlALQyhsdx3rR.e4nYag5jJVjfEjNN"
    },
    {
      "_id": "JmAq2xKFEd34p6h8",
      "c": [
        1400,
        2000,
        2100,
        2000
      ],
      "light": 20,
      "move": 20,
      "sight": 20,
      "sound": 20,
      "dir": 0,
      "door": 0,
      "ds": 0,
      "flags": {},
      "threshold": {
        "light": null,
        "sight": null,
        "sound": null,
        "attenuation": false
      },
      "_key": "!scenes.walls!a7VXlALQyhsdx3rR.JmAq2xKFEd34p6h8"
    },
    {
      "_id": "Jl1OHxcSa8lZmZKm",
      "c": [
        2100,
        2000,
        2100,
        1400
      ],
      "light": 20,
      "move": 20,
      "sight": 20,
      "sound": 20,
      "dir": 0,
      "door": 0,
      "ds": 0,
      "flags": {},
      "threshold": {
        "light": null,
        "sight": null,
        "sound": null,
        "attenuation": false
      },
      "_key": "!scenes.walls!a7VXlALQyhsdx3rR.Jl1OHxcSa8lZmZKm"
    },
    {
      "_id": "D9VIzPgbn40ILgeG",
      "c": [
        2100,
        1400,
        1900,
        1400
      ],
      "light": 20,
      "move": 20,
      "sight": 20,
      "sound": 20,
      "dir": 0,
      "door": 0,
      "ds": 0,
      "flags": {},
      "threshold": {
        "light": null,
        "sight": null,
        "sound": null,
        "attenuation": false
      },
      "_key": "!scenes.walls!a7VXlALQyhsdx3rR.D9VIzPgbn40ILgeG"
    },
    {
      "_id": "c2VYNMqPBObRSA7O",
      "c": [
        1900,
        1400,
        1900,
        1300
      ],
      "light": 20,
      "move": 20,
      "sight": 20,
      "sound": 20,
      "dir": 0,
      "door": 0,
      "ds": 0,
      "flags": {},
      "threshold": {
        "light": null,
        "sight": null,
        "sound": null,
        "attenuation": false
      },
      "_key": "!scenes.walls!a7VXlALQyhsdx3rR.c2VYNMqPBObRSA7O"
    },
    {
      "_id": "XgQUpwvcHilzFX6c",
      "c": [
        1900,
        1300,
        2000,
        1300
      ],
      "light": 20,
      "move": 20,
      "sight": 20,
      "sound": 20,
      "dir": 0,
      "door": 0,
      "ds": 0,
      "flags": {},
      "threshold": {
        "light": null,
        "sight": null,
        "sound": null,
        "attenuation": false
      },
      "_key": "!scenes.walls!a7VXlALQyhsdx3rR.XgQUpwvcHilzFX6c"
    },
    {
      "_id": "GT9qQgynPrJXR52i",
      "c": [
        2000,
        1300,
        2000,
        1000
      ],
      "light": 20,
      "move": 20,
      "sight": 20,
      "sound": 20,
      "dir": 0,
      "door": 0,
      "ds": 0,
      "flags": {},
      "threshold": {
        "light": null,
        "sight": null,
        "sound": null,
        "attenuation": false
      },
      "_key": "!scenes.walls!a7VXlALQyhsdx3rR.GT9qQgynPrJXR52i"
    },
    {
      "_id": "WOqy9B8PChfLKSme",
      "c": [
        2000,
        1000,
        2100,
        1000
      ],
      "light": 20,
      "move": 20,
      "sight": 20,
      "sound": 20,
      "dir": 0,
      "door": 0,
      "ds": 0,
      "flags": {},
      "threshold": {
        "light": null,
        "sight": null,
        "sound": null,
        "attenuation": false
      },
      "_key": "!scenes.walls!a7VXlALQyhsdx3rR.WOqy9B8PChfLKSme"
    },
    {
      "_id": "IMmSpJ1DWfR4zhIA",
      "c": [
        2100,
        1000,
        2100,
        600
      ],
      "light": 20,
      "move": 20,
      "sight": 20,
      "sound": 20,
      "dir": 0,
      "door": 0,
      "ds": 0,
      "flags": {},
      "threshold": {
        "light": null,
        "sight": null,
        "sound": null,
        "attenuation": false
      },
      "_key": "!scenes.walls!a7VXlALQyhsdx3rR.IMmSpJ1DWfR4zhIA"
    },
    {
      "_id": "vu0AbxJ7Uy9bKTbL",
      "c": [
        2100,
        600,
        1800,
        600
      ],
      "light": 20,
      "move": 20,
      "sight": 20,
      "sound": 20,
      "dir": 0,
      "door": 0,
      "ds": 0,
      "flags": {},
      "threshold": {
        "light": null,
        "sight": null,
        "sound": null,
        "attenuation": false
      },
      "_key": "!scenes.walls!a7VXlALQyhsdx3rR.vu0AbxJ7Uy9bKTbL"
    },
    {
      "_id": "PQ8gcB3wDK5ot3lR",
      "c": [
        1800,
        600,
        1800,
        800
      ],
      "light": 20,
      "move": 20,
      "sight": 20,
      "sound": 20,
      "dir": 0,
      "door": 0,
      "ds": 0,
      "flags": {},
      "threshold": {
        "light": null,
        "sight": null,
        "sound": null,
        "attenuation": false
      },
      "_key": "!scenes.walls!a7VXlALQyhsdx3rR.PQ8gcB3wDK5ot3lR"
    },
    {
      "_id": "B5X7kDuQDq3aVmgT",
      "c": [
        1800,
        800,
        1700,
        800
      ],
      "light": 20,
      "move": 20,
      "sight": 20,
      "sound": 20,
      "dir": 0,
      "door": 0,
      "ds": 0,
      "flags": {},
      "threshold": {
        "light": null,
        "sight": null,
        "sound": null,
        "attenuation": false
      },
      "_key": "!scenes.walls!a7VXlALQyhsdx3rR.B5X7kDuQDq3aVmgT"
    },
    {
      "_id": "iBk1lLKop6hJvA0i",
      "c": [
        1700,
        800,
        1700,
        700
      ],
      "light": 20,
      "move": 20,
      "sight": 20,
      "sound": 20,
      "dir": 0,
      "door": 0,
      "ds": 0,
      "flags": {},
      "threshold": {
        "light": null,
        "sight": null,
        "sound": null,
        "attenuation": false
      },
      "_key": "!scenes.walls!a7VXlALQyhsdx3rR.iBk1lLKop6hJvA0i"
    },
    {
      "_id": "1TyhRmPXOqD5e1MA",
      "c": [
        1700,
        700,
        1600,
        700
      ],
      "light": 20,
      "move": 20,
      "sight": 20,
      "sound": 20,
      "dir": 0,
      "door": 0,
      "ds": 0,
      "flags": {},
      "threshold": {
        "light": null,
        "sight": null,
        "sound": null,
        "attenuation": false
      },
      "_key": "!scenes.walls!a7VXlALQyhsdx3rR.1TyhRmPXOqD5e1MA"
    },
    {
      "_id": "3vU5NjOY7ovryH13",
      "c": [
        1600,
        700,
        1600,
        500
      ],
      "light": 20,
      "move": 20,
      "sight": 20,
      "sound": 20,
      "dir": 0,
      "door": 0,
      "ds": 0,
      "flags": {},
      "threshold": {
        "light": null,
        "sight": null,
        "sound": null,
        "attenuation": false
      },
      "_key": "!scenes.walls!a7VXlALQyhsdx3rR.3vU5NjOY7ovryH13"
    },
    {
      "_id": "eeKnuMDXDCVbVwDd",
      "c": [
        1400,
        500,
        1400,
        700
      ],
      "light": 20,
      "move": 20,
      "sight": 20,
      "sound": 20,
      "dir": 0,
      "door": 0,
      "ds": 0,
      "flags": {},
      "threshold": {
        "light": null,
        "sight": null,
        "sound": null,
        "attenuation": false
      },
      "_key": "!scenes.walls!a7VXlALQyhsdx3rR.eeKnuMDXDCVbVwDd"
    },
    {
      "_id": "75C4TGyPyURaZQ96",
      "c": [
        1400,
        700,
        1300,
        700
      ],
      "light": 20,
      "move": 20,
      "sight": 20,
      "sound": 20,
      "dir": 0,
      "door": 0,
      "ds": 0,
      "flags": {},
      "threshold": {
        "light": null,
        "sight": null,
        "sound": null,
        "attenuation": false
      },
      "_key": "!scenes.walls!a7VXlALQyhsdx3rR.75C4TGyPyURaZQ96"
    },
    {
      "_id": "ciGxZ1W5xfKOy9Qg",
      "c": [
        1300,
        700,
        1300,
        800
      ],
      "light": 20,
      "move": 20,
      "sight": 20,
      "sound": 20,
      "dir": 0,
      "door": 0,
      "ds": 0,
      "flags": {},
      "threshold": {
        "light": null,
        "sight": null,
        "sound": null,
        "attenuation": false
      },
      "_key": "!scenes.walls!a7VXlALQyhsdx3rR.ciGxZ1W5xfKOy9Qg"
    },
    {
      "_id": "aUHKCrnCgzDeSb6H",
      "c": [
        1300,
        800,
        1200,
        800
      ],
      "light": 20,
      "move": 20,
      "sight": 20,
      "sound": 20,
      "dir": 0,
      "door": 0,
      "ds": 0,
      "flags": {},
      "threshold": {
        "light": null,
        "sight": null,
        "sound": null,
        "attenuation": false
      },
      "_key": "!scenes.walls!a7VXlALQyhsdx3rR.aUHKCrnCgzDeSb6H"
    },
    {
      "_id": "rYxnjGW4zamjcO69",
      "c": [
        1200,
        800,
        1200,
        600
      ],
      "light": 20,
      "move": 20,
      "sight": 20,
      "sound": 20,
      "dir": 0,
      "door": 0,
      "ds": 0,
      "flags": {},
      "threshold": {
        "light": null,
        "sight": null,
        "sound": null,
        "attenuation": false
      },
      "_key": "!scenes.walls!a7VXlALQyhsdx3rR.rYxnjGW4zamjcO69"
    },
    {
      "_id": "gGZw8Fu4WhG8PmSo",
      "c": [
        1200,
        600,
        1000,
        600
      ],
      "light": 20,
      "move": 20,
      "sight": 20,
      "sound": 20,
      "dir": 0,
      "door": 0,
      "ds": 0,
      "flags": {},
      "threshold": {
        "light": null,
        "sight": null,
        "sound": null,
        "attenuation": false
      },
      "_key": "!scenes.walls!a7VXlALQyhsdx3rR.gGZw8Fu4WhG8PmSo"
    },
    {
      "_id": "aHSeWh3nQrkYzIu3",
      "c": [
        1000,
        600,
        1000,
        700
      ],
      "light": 20,
      "move": 20,
      "sight": 20,
      "sound": 20,
      "dir": 0,
      "door": 0,
      "ds": 0,
      "flags": {},
      "threshold": {
        "light": null,
        "sight": null,
        "sound": null,
        "attenuation": false
      },
      "_key": "!scenes.walls!a7VXlALQyhsdx3rR.aHSeWh3nQrkYzIu3"
    },
    {
      "_id": "G1IGGGkTZ0eNFRna",
      "c": [
        1000,
        700,
        900,
        700
      ],
      "light": 20,
      "move": 20,
      "sight": 20,
      "sound": 20,
      "dir": 0,
      "door": 0,
      "ds": 0,
      "flags": {},
      "threshold": {
        "light": null,
        "sight": null,
        "sound": null,
        "attenuation": false
      },
      "_key": "!scenes.walls!a7VXlALQyhsdx3rR.G1IGGGkTZ0eNFRna"
    },
    {
      "_id": "afiPyrFoXcJzF2zQ",
      "c": [
        900,
        700,
        900,
        600
      ],
      "light": 20,
      "move": 20,
      "sight": 20,
      "sound": 20,
      "dir": 0,
      "door": 0,
      "ds": 0,
      "flags": {},
      "threshold": {
        "light": null,
        "sight": null,
        "sound": null,
        "attenuation": false
      },
      "_key": "!scenes.walls!a7VXlALQyhsdx3rR.afiPyrFoXcJzF2zQ"
    },
    {
      "_id": "iILpx9o9bA7wShca",
      "c": [
        900,
        600,
        600,
        600
      ],
      "light": 20,
      "move": 20,
      "sight": 20,
      "sound": 20,
      "dir": 0,
      "door": 0,
      "ds": 0,
      "flags": {},
      "threshold": {
        "light": null,
        "sight": null,
        "sound": null,
        "attenuation": false
      },
      "_key": "!scenes.walls!a7VXlALQyhsdx3rR.iILpx9o9bA7wShca"
    },
    {
      "_id": "TwaycVjIWnxwWPCJ",
      "c": [
        600,
        600,
        600,
        900
      ],
      "light": 20,
      "move": 20,
      "sight": 20,
      "sound": 20,
      "dir": 0,
      "door": 0,
      "ds": 0,
      "flags": {},
      "threshold": {
        "light": null,
        "sight": null,
        "sound": null,
        "attenuation": false
      },
      "_key": "!scenes.walls!a7VXlALQyhsdx3rR.TwaycVjIWnxwWPCJ"
    },
    {
      "_id": "SJtZQSX16mtC6bKG",
      "c": [
        600,
        900,
        1000,
        900
      ],
      "light": 20,
      "move": 20,
      "sight": 20,
      "sound": 20,
      "dir": 0,
      "door": 0,
      "ds": 0,
      "flags": {},
      "threshold": {
        "light": null,
        "sight": null,
        "sound": null,
        "attenuation": false
      },
      "_key": "!scenes.walls!a7VXlALQyhsdx3rR.SJtZQSX16mtC6bKG"
    },
    {
      "_id": "xSBF2tpLJ2ki8VUi",
      "c": [
        1000,
        900,
        1000,
        1125
      ],
      "light": 20,
      "move": 20,
      "sight": 20,
      "sound": 20,
      "dir": 0,
      "door": 0,
      "ds": 0,
      "flags": {},
      "threshold": {
        "light": null,
        "sight": null,
        "sound": null,
        "attenuation": false
      },
      "_key": "!scenes.walls!a7VXlALQyhsdx3rR.xSBF2tpLJ2ki8VUi"
    },
    {
      "_id": "HUKnownXTJhbTG6c",
      "c": [
        1200,
        1000,
        1200,
        1300
      ],
      "light": 20,
      "move": 20,
      "sight": 20,
      "sound": 20,
      "dir": 0,
      "door": 0,
      "ds": 0,
      "flags": {},
      "threshold": {
        "light": null,
        "sight": null,
        "sound": null,
        "attenuation": false
      },
      "_key": "!scenes.walls!a7VXlALQyhsdx3rR.HUKnownXTJhbTG6c"
    },
    {
      "_id": "vzcB1LdYTXcremDT",
      "c": [
        1200,
        1300,
        1300,
        1300
      ],
      "light": 20,
      "move": 20,
      "sight": 20,
      "sound": 20,
      "dir": 0,
      "door": 0,
      "ds": 0,
      "flags": {},
      "threshold": {
        "light": null,
        "sight": null,
        "sound": null,
        "attenuation": false
      },
      "_key": "!scenes.walls!a7VXlALQyhsdx3rR.vzcB1LdYTXcremDT"
    },
    {
      "_id": "5i05ZDGgDbU1vL1g",
      "c": [
        1300,
        1300,
        1400,
        1200
      ],
      "light": 20,
      "move": 20,
      "sight": 20,
      "sound": 20,
      "dir": 0,
      "door": 0,
      "ds": 0,
      "flags": {},
      "threshold": {
        "light": null,
        "sight": null,
        "sound": null,
        "attenuation": false
      },
      "_key": "!scenes.walls!a7VXlALQyhsdx3rR.5i05ZDGgDbU1vL1g"
    },
    {
      "_id": "TKLvwEGDCPr3Ls0L",
      "c": [
        1400,
        1200,
        1400,
        1100
      ],
      "light": 20,
      "move": 20,
      "sight": 20,
      "sound": 20,
      "dir": 0,
      "door": 0,
      "ds": 0,
      "flags": {},
      "threshold": {
        "light": null,
        "sight": null,
        "sound": null,
        "attenuation": false
      },
      "_key": "!scenes.walls!a7VXlALQyhsdx3rR.TKLvwEGDCPr3Ls0L"
    },
    {
      "_id": "5o2iIsjzwtRgSGbu",
      "c": [
        1400,
        1100,
        1300,
        1100
      ],
      "light": 20,
      "move": 20,
      "sight": 20,
      "sound": 20,
      "dir": 0,
      "door": 0,
      "ds": 0,
      "flags": {},
      "threshold": {
        "light": null,
        "sight": null,
        "sound": null,
        "attenuation": false
      },
      "_key": "!scenes.walls!a7VXlALQyhsdx3rR.5o2iIsjzwtRgSGbu"
    },
    {
      "_id": "319Vsj9Y48wNjJTv",
      "c": [
        1300,
        1100,
        1300,
        1000
      ],
      "light": 20,
      "move": 20,
      "sight": 20,
      "sound": 20,
      "dir": 0,
      "door": 0,
      "ds": 0,
      "flags": {},
      "threshold": {
        "light": null,
        "sight": null,
        "sound": null,
        "attenuation": false
      },
      "_key": "!scenes.walls!a7VXlALQyhsdx3rR.319Vsj9Y48wNjJTv"
    },
    {
      "_id": "LrP5pvKgTJQMODzw",
      "c": [
        1300,
        1000,
        1200,
        1000
      ],
      "light": 20,
      "move": 20,
      "sight": 20,
      "sound": 20,
      "dir": 0,
      "door": 0,
      "ds": 0,
      "flags": {},
      "threshold": {
        "light": null,
        "sight": null,
        "sound": null,
        "attenuation": false
      },
      "_key": "!scenes.walls!a7VXlALQyhsdx3rR.LrP5pvKgTJQMODzw"
    },
    {
      "_id": "qW6pPVbXvxs6vMoL",
      "c": [
        1600,
        1100,
        1600,
        1200
      ],
      "light": 20,
      "move": 20,
      "sight": 20,
      "sound": 20,
      "dir": 0,
      "door": 0,
      "ds": 0,
      "flags": {},
      "threshold": {
        "light": null,
        "sight": null,
        "sound": null,
        "attenuation": false
      },
      "_key": "!scenes.walls!a7VXlALQyhsdx3rR.qW6pPVbXvxs6vMoL"
    },
    {
      "_id": "9X2jZdJJfxMtcrTr",
      "c": [
        1600,
        1200,
        1700,
        1300
      ],
      "light": 20,
      "move": 20,
      "sight": 20,
      "sound": 20,
      "dir": 0,
      "door": 0,
      "ds": 0,
      "flags": {},
      "threshold": {
        "light": null,
        "sight": null,
        "sound": null,
        "attenuation": false
      },
      "_key": "!scenes.walls!a7VXlALQyhsdx3rR.9X2jZdJJfxMtcrTr"
    },
    {
      "_id": "MHMrLWt1mol9rAVO",
      "c": [
        1700,
        1300,
        1800,
        1300
      ],
      "light": 20,
      "move": 20,
      "sight": 20,
      "sound": 20,
      "dir": 0,
      "door": 0,
      "ds": 0,
      "flags": {},
      "threshold": {
        "light": null,
        "sight": null,
        "sound": null,
        "attenuation": false
      },
      "_key": "!scenes.walls!a7VXlALQyhsdx3rR.MHMrLWt1mol9rAVO"
    },
    {
      "_id": "K9zw5O61Bibosb79",
      "c": [
        1800,
        1300,
        1800,
        1000
      ],
      "light": 20,
      "move": 20,
      "sight": 20,
      "sound": 20,
      "dir": 0,
      "door": 0,
      "ds": 0,
      "flags": {},
      "threshold": {
        "light": null,
        "sight": null,
        "sound": null,
        "attenuation": false
      },
      "_key": "!scenes.walls!a7VXlALQyhsdx3rR.K9zw5O61Bibosb79"
    },
    {
      "_id": "jj3IJmitsfeS67Tu",
      "c": [
        1800,
        1000,
        1700,
        1000
      ],
      "light": 20,
      "move": 20,
      "sight": 20,
      "sound": 20,
      "dir": 0,
      "door": 0,
      "ds": 0,
      "flags": {},
      "threshold": {
        "light": null,
        "sight": null,
        "sound": null,
        "attenuation": false
      },
      "_key": "!scenes.walls!a7VXlALQyhsdx3rR.jj3IJmitsfeS67Tu"
    },
    {
      "_id": "YJ8cubYV6o98Lx0g",
      "c": [
        1700,
        1000,
        1700,
        1100
      ],
      "light": 20,
      "move": 20,
      "sight": 20,
      "sound": 20,
      "dir": 0,
      "door": 0,
      "ds": 0,
      "flags": {},
      "threshold": {
        "light": null,
        "sight": null,
        "sound": null,
        "attenuation": false
      },
      "_key": "!scenes.walls!a7VXlALQyhsdx3rR.YJ8cubYV6o98Lx0g"
    },
    {
      "_id": "mA088zMRrV9tpfwb",
      "c": [
        1700,
        1100,
        1600,
        1100
      ],
      "light": 20,
      "move": 20,
      "sight": 20,
      "sound": 20,
      "dir": 0,
      "door": 0,
      "ds": 0,
      "flags": {},
      "threshold": {
        "light": null,
        "sight": null,
        "sound": null,
        "attenuation": false
      },
      "_key": "!scenes.walls!a7VXlALQyhsdx3rR.mA088zMRrV9tpfwb"
    },
    {
      "_id": "fEfcHF9gfcziR1cd",
      "c": [
        1600,
        1600,
        1700,
        1500
      ],
      "light": 20,
      "move": 20,
      "sight": 20,
      "sound": 20,
      "dir": 0,
      "door": 0,
      "ds": 0,
      "flags": {},
      "threshold": {
        "light": null,
        "sight": null,
        "sound": null,
        "attenuation": false
      },
      "_key": "!scenes.walls!a7VXlALQyhsdx3rR.fEfcHF9gfcziR1cd"
    },
    {
      "_id": "InM9eQBF5Z0F21NW",
      "c": [
        1700,
        1500,
        1800,
        1500
      ],
      "light": 20,
      "move": 20,
      "sight": 20,
      "sound": 20,
      "dir": 0,
      "door": 0,
      "ds": 0,
      "flags": {},
      "threshold": {
        "light": null,
        "sight": null,
        "sound": null,
        "attenuation": false
      },
      "_key": "!scenes.walls!a7VXlALQyhsdx3rR.InM9eQBF5Z0F21NW"
    },
    {
      "_id": "jFE4aZXxghEME6ky",
      "c": [
        1800,
        1500,
        1800,
        1700
      ],
      "light": 20,
      "move": 20,
      "sight": 20,
      "sound": 20,
      "dir": 0,
      "door": 0,
      "ds": 0,
      "flags": {},
      "threshold": {
        "light": null,
        "sight": null,
        "sound": null,
        "attenuation": false
      },
      "_key": "!scenes.walls!a7VXlALQyhsdx3rR.jFE4aZXxghEME6ky"
    },
    {
      "_id": "1iCAUH4m6NjA0TDF",
      "c": [
        1800,
        1700,
        1600,
        1700
      ],
      "light": 20,
      "move": 20,
      "sight": 20,
      "sound": 20,
      "dir": 0,
      "door": 0,
      "ds": 0,
      "flags": {},
      "threshold": {
        "light": null,
        "sight": null,
        "sound": null,
        "attenuation": false
      },
      "_key": "!scenes.walls!a7VXlALQyhsdx3rR.1iCAUH4m6NjA0TDF"
    },
    {
      "_id": "djXZGn356zUzDjAG",
      "c": [
        1600,
        1700,
        1600,
        1600
      ],
      "light": 20,
      "move": 20,
      "sight": 20,
      "sound": 20,
      "dir": 0,
      "door": 0,
      "ds": 0,
      "flags": {},
      "threshold": {
        "light": null,
        "sight": null,
        "sound": null,
        "attenuation": false
      },
      "_key": "!scenes.walls!a7VXlALQyhsdx3rR.djXZGn356zUzDjAG"
    },
    {
      "_id": "WfRievj1PTGqTsyp",
      "c": [
        600,
        1200,
        612,
        1100
      ],
      "light": 20,
      "move": 20,
      "sight": 20,
      "sound": 20,
      "dir": 0,
      "door": 0,
      "ds": 0,
      "flags": {},
      "threshold": {
        "light": null,
        "sight": null,
        "sound": null,
        "attenuation": false
      },
      "_key": "!scenes.walls!a7VXlALQyhsdx3rR.WfRievj1PTGqTsyp"
    },
    {
      "_id": "GFKUsw8JkQvEaBDu",
      "c": [
        612,
        1100,
        675,
        1037
      ],
      "light": 20,
      "move": 20,
      "sight": 20,
      "sound": 20,
      "dir": 0,
      "door": 0,
      "ds": 0,
      "flags": {},
      "threshold": {
        "light": null,
        "sight": null,
        "sound": null,
        "attenuation": false
      },
      "_key": "!scenes.walls!a7VXlALQyhsdx3rR.GFKUsw8JkQvEaBDu"
    },
    {
      "_id": "aa73bThFgBF1Axi3",
      "c": [
        675,
        1037,
        762,
        1000
      ],
      "light": 20,
      "move": 20,
      "sight": 20,
      "sound": 20,
      "dir": 0,
      "door": 0,
      "ds": 0,
      "flags": {},
      "threshold": {
        "light": null,
        "sight": null,
        "sound": null,
        "attenuation": false
      },
      "_key": "!scenes.walls!a7VXlALQyhsdx3rR.aa73bThFgBF1Axi3"
    },
    {
      "_id": "xxsc1LzpL9XXleON",
      "c": [
        762,
        1000,
        887,
        1012
      ],
      "light": 20,
      "move": 20,
      "sight": 20,
      "sound": 20,
      "dir": 0,
      "door": 0,
      "ds": 0,
      "flags": {},
      "threshold": {
        "light": null,
        "sight": null,
        "sound": null,
        "attenuation": false
      },
      "_key": "!scenes.walls!a7VXlALQyhsdx3rR.xxsc1LzpL9XXleON"
    },
    {
      "_id": "7q7AING49Ck9K9OB",
      "c": [
        887,
        1012,
        975,
        1087
      ],
      "light": 20,
      "move": 20,
      "sight": 20,
      "sound": 20,
      "dir": 0,
      "door": 0,
      "ds": 0,
      "flags": {},
      "threshold": {
        "light": null,
        "sight": null,
        "sound": null,
        "attenuation": false
      },
      "_key": "!scenes.walls!a7VXlALQyhsdx3rR.7q7AING49Ck9K9OB"
    },
    {
      "_id": "G3C5GvUeKasszAxy",
      "c": [
        975,
        1087,
        1000,
        1125
      ],
      "light": 20,
      "move": 20,
      "sight": 20,
      "sound": 20,
      "dir": 0,
      "door": 0,
      "ds": 0,
      "flags": {},
      "threshold": {
        "light": null,
        "sight": null,
        "sound": null,
        "attenuation": false
      },
      "_key": "!scenes.walls!a7VXlALQyhsdx3rR.G3C5GvUeKasszAxy"
    },
    {
      "_id": "WJ9qmHWobN5r6rE3",
      "c": [
        1000,
        1125,
        1000,
        1200
      ],
      "light": 20,
      "move": 20,
      "sight": 20,
      "sound": 20,
      "dir": 0,
      "door": 0,
      "ds": 0,
      "flags": {},
      "threshold": {
        "light": null,
        "sight": null,
        "sound": null,
        "attenuation": false
      },
      "_key": "!scenes.walls!a7VXlALQyhsdx3rR.WJ9qmHWobN5r6rE3"
    },
    {
      "_id": "xe7NfCGD7gCw7HEZ",
      "c": [
        700,
        1600,
        700,
        1500
      ],
      "light": 20,
      "move": 20,
      "sight": 20,
      "sound": 20,
      "dir": 0,
      "door": 0,
      "ds": 0,
      "flags": {},
      "threshold": {
        "light": null,
        "sight": null,
        "sound": null,
        "attenuation": false
      },
      "_key": "!scenes.walls!a7VXlALQyhsdx3rR.xe7NfCGD7gCw7HEZ"
    },
    {
      "_id": "nY03gRWoF6ssJfw4",
      "c": [
        900,
        1500,
        900,
        1600
      ],
      "light": 20,
      "move": 20,
      "sight": 20,
      "sound": 20,
      "dir": 0,
      "door": 0,
      "ds": 0,
      "flags": {},
      "threshold": {
        "light": null,
        "sight": null,
        "sound": null,
        "attenuation": false
      },
      "_key": "!scenes.walls!a7VXlALQyhsdx3rR.nY03gRWoF6ssJfw4"
    },
    {
      "_id": "z7F8W5zBf4Tp2sCO",
      "c": [
        700,
        1600,
        800,
        1600
      ],
      "light": 20,
      "move": 20,
      "sight": 20,
      "sound": 20,
      "dir": 0,
      "door": 1,
      "ds": 0,
      "flags": {
        "tagger": {},
        "monks-active-tiles": {
          "entity": {
            "id": "tagger:d1",
            "match": "all",
            "scene": "_active",
            "name": "<i class=\"fas fa-tag fa-sm\"></i> d1"
          },
          "open": true,
          "close": true,
          "lock": false,
          "checklock": false,
          "secret": false
        }
      },
      "threshold": {
        "light": null,
        "sight": null,
        "sound": null,
        "attenuation": false
      },
      "doorSound": "woodHeavy",
      "_key": "!scenes.walls!a7VXlALQyhsdx3rR.z7F8W5zBf4Tp2sCO"
    },
    {
      "_id": "P375yQWBHr3n1ep4",
      "c": [
        800,
        1600,
        900,
        1600
      ],
      "light": 20,
      "move": 20,
      "sight": 20,
      "sound": 20,
      "dir": 0,
      "door": 1,
      "ds": 0,
      "flags": {
        "tagger": {},
        "monks-active-tiles": {
          "entity": {
            "id": "tagger:d2",
            "match": "all",
            "scene": "_active",
            "name": "<i class=\"fas fa-tag fa-sm\"></i> d2"
          },
          "open": true,
          "close": true,
          "lock": false,
          "checklock": false,
          "secret": false
        }
      },
      "threshold": {
        "light": null,
        "sight": null,
        "sound": null,
        "attenuation": false
      },
      "doorSound": "woodHeavy",
      "_key": "!scenes.walls!a7VXlALQyhsdx3rR.P375yQWBHr3n1ep4"
    },
    {
      "_id": "carMB8Z0a7qXljyG",
      "c": [
        700,
        1937,
        900,
        1937
      ],
      "light": 0,
      "move": 0,
      "sight": 0,
      "sound": 0,
      "dir": 0,
      "door": 0,
      "ds": 0,
      "flags": {
        "tagger": {
          "tags": [
            "passw"
          ]
        },
        "monks-active-tiles": {
          "entity": {},
          "open": false,
          "close": false,
          "lock": false,
          "checklock": false,
          "secret": false
        }
      },
      "threshold": {
        "light": null,
        "sight": null,
        "sound": null,
        "attenuation": false
      },
      "_key": "!scenes.walls!a7VXlALQyhsdx3rR.carMB8Z0a7qXljyG"
    }
  ],
  "playlist": null,
  "playlistSound": null,
  "journal": null,
  "journalEntryPage": null,
  "weather": "",
  "flags": {
    "scene-packer": {
      "hash": "725cb6be46fe4e97dfae9d0ee80e7e59a85ba801",
      "sourceId": "Scene.a7VXlALQyhsdx3rR"
    }
  },
  "_stats": {
    "systemId": "dnd5e",
    "systemVersion": "2.4.1",
    "coreVersion": "12.330",
    "createdTime": 1693518347271,
    "modifiedTime": 1723948098318,
    "lastModifiedBy": "dnd5ebuilder0000",
    "compendiumSource": "Compendium.fa-battlemaps.maps.a7VXlALQyhsdx3rR",
    "duplicateSource": null
  },
  "_id": "a7VXlALQyhsdx3rR",
  "active": false,
  "folder": null,
  "sort": 0,
  "ownership": {
    "default": 0
  },
  "regions": [],
  "environment": {
    "globalLight": {
      "luminosity": 0,
      "enabled": true,
      "darkness": {
        "max": 1,
        "min": 0
      },
      "alpha": 0.5,
      "bright": false,
      "color": null,
      "coloration": 1,
      "saturation": 0,
      "contrast": 0,
      "shadows": 0
    },
    "darknessLevel": 0.3,
    "darknessLock": false,
    "cycle": true,
    "base": {
      "hue": 0,
      "intensity": 0,
      "luminosity": 0,
      "saturation": 0,
      "shadows": 0
    },
    "dark": {
      "hue": 0.7138888888888889,
      "intensity": 0,
      "luminosity": -0.25,
      "saturation": 0,
      "shadows": 0
    }
  },
  "fog": {
    "exploration": true,
    "reset": 1693518347269,
    "overlay": null,
    "colors": {
      "explored": null,
      "unexplored": null
    }
  },
  "_key": "!scenes!a7VXlALQyhsdx3rR"
}
