{
  "name": "Dark Pool [21x30]",
  "navigation": false,
  "navOrder": 0,
  "navName": "",
  "background": {
    "src": null,
    "scaleX": 1,
    "scaleY": 1,
    "offsetX": 0,
    "offsetY": 0,
    "rotation": 0,
    "tint": "#ffffff",
    "anchorX": 0,
    "anchorY": 0,
    "fit": "fill",
    "alphaThreshold": 0
  },
  "foreground": null,
  "foregroundElevation": 20,
  "thumb": "modules/fa-battlemaps/assets/scenes/t520YPkUPawUpqR1-thumb.webp",
  "width": 2100,
  "height": 3000,
  "padding": 0.25,
  "initial": {
    "x": null,
    "y": null,
    "scale": null
  },
  "backgroundColor": "#000000",
  "grid": {
    "type": 1,
    "size": 100,
    "color": "#000000",
    "alpha": 0.2,
    "distance": 5,
    "units": "ft",
    "style": "solidLines",
    "thickness": 1
  },
  "tokenVision": true,
  "drawings": [],
  "tokens": [],
  "lights": [],
  "notes": [],
  "sounds": [
    {
      "path": "fa_battlemaps/Audio/Streams%20quietstream.ogg",
      "x": 1450,
      "y": 2750,
      "radius": 25,
      "easing": true,
      "walls": true,
      "volume": 0.5,
      "darkness": {
        "min": 0,
        "max": 1
      },
      "flags": {
        "tagger": {
          "tags": ""
        }
      },
      "repeat": false,
      "hidden": false,
      "_id": "zqjKDEVprMwBD4lu",
      "elevation": 0,
      "effects": {
        "base": {
          "intensity": 5
        },
        "muffled": {
          "intensity": 5
        }
      },
      "_key": "!scenes.sounds!t520YPkUPawUpqR1.zqjKDEVprMwBD4lu"
    },
    {
      "path": "fa_battlemaps/Audio/Streams%20quietstream.ogg",
      "x": 1650,
      "y": 2350,
      "radius": 25,
      "easing": true,
      "walls": true,
      "volume": 0.5,
      "darkness": {
        "min": 0,
        "max": 1
      },
      "flags": {
        "tagger": {
          "tags": ""
        }
      },
      "repeat": false,
      "hidden": false,
      "_id": "9jEmVgm8atqiGCjK",
      "elevation": 0,
      "effects": {
        "base": {
          "intensity": 5
        },
        "muffled": {
          "intensity": 5
        }
      },
      "_key": "!scenes.sounds!t520YPkUPawUpqR1.9jEmVgm8atqiGCjK"
    },
    {
      "path": "fa_battlemaps/Audio/Streams%20quietstream.ogg",
      "x": 1900,
      "y": 1900,
      "radius": 25,
      "easing": true,
      "walls": true,
      "volume": 0.5,
      "darkness": {
        "min": 0,
        "max": 1
      },
      "flags": {
        "tagger": {
          "tags": ""
        }
      },
      "repeat": false,
      "hidden": false,
      "_id": "ObHSzPE5MyfdQoMv",
      "elevation": 0,
      "effects": {
        "base": {
          "intensity": 5
        },
        "muffled": {
          "intensity": 5
        }
      },
      "_key": "!scenes.sounds!t520YPkUPawUpqR1.ObHSzPE5MyfdQoMv"
    },
    {
      "path": "fa_battlemaps/Audio/Streams%20quietstream.ogg",
      "x": 2200,
      "y": 1500,
      "radius": 25,
      "easing": true,
      "walls": true,
      "volume": 0.5,
      "darkness": {
        "min": 0,
        "max": 1
      },
      "flags": {
        "tagger": {
          "tags": ""
        }
      },
      "repeat": false,
      "hidden": false,
      "_id": "V8co4lcnMhUpNw6a",
      "elevation": 0,
      "effects": {
        "base": {
          "intensity": 5
        },
        "muffled": {
          "intensity": 5
        }
      },
      "_key": "!scenes.sounds!t520YPkUPawUpqR1.V8co4lcnMhUpNw6a"
    },
    {
      "path": "fa_battlemaps/Audio/Streams%20quietstream.ogg",
      "x": 2500,
      "y": 1000,
      "radius": 25,
      "easing": true,
      "walls": true,
      "volume": 0.5,
      "darkness": {
        "min": 0,
        "max": 1
      },
      "flags": {
        "tagger": {
          "tags": ""
        }
      },
      "repeat": false,
      "hidden": false,
      "_id": "hBZUnw3sm3HX4Dli",
      "elevation": 0,
      "effects": {
        "base": {
          "intensity": 5
        },
        "muffled": {
          "intensity": 5
        }
      },
      "_key": "!scenes.sounds!t520YPkUPawUpqR1.hBZUnw3sm3HX4Dli"
    },
    {
      "path": "fa_battlemaps/Audio/Streams%20quietstream.ogg",
      "x": 1400,
      "y": 1950,
      "radius": 25,
      "easing": true,
      "walls": true,
      "volume": 0.5,
      "darkness": {
        "min": 0,
        "max": 1
      },
      "flags": {
        "tagger": {
          "tags": ""
        }
      },
      "repeat": false,
      "hidden": false,
      "_id": "BelaEwCcAwIltoBk",
      "elevation": 0,
      "effects": {
        "base": {
          "intensity": 5
        },
        "muffled": {
          "intensity": 5
        }
      },
      "_key": "!scenes.sounds!t520YPkUPawUpqR1.BelaEwCcAwIltoBk"
    },
    {
      "path": "fa_battlemaps/Audio/CaveAmbience.ogg",
      "x": 1800,
      "y": 2600,
      "radius": 108.19,
      "easing": false,
      "walls": false,
      "volume": 0.3,
      "darkness": {
        "min": 0,
        "max": 1
      },
      "flags": {
        "tagger": {
          "tags": ""
        }
      },
      "_id": "t4RzQ4UNtgOyzZKA",
      "repeat": false,
      "hidden": false,
      "elevation": 0,
      "effects": {
        "base": {
          "intensity": 5
        },
        "muffled": {
          "intensity": 5
        }
      },
      "_key": "!scenes.sounds!t520YPkUPawUpqR1.t4RzQ4UNtgOyzZKA"
    }
  ],
  "templates": [],
  "tiles": [
    {
      "texture": {
        "src": "fa_battlemaps/Maps/2022/December/fa_wec_dark-pool/Maps/AltDarkPoolBG.webp",
        "scaleX": 1,
        "scaleY": 1,
        "offsetX": 0,
        "offsetY": 0,
        "rotation": 0,
        "tint": "#ffffff",
        "anchorX": 0.5,
        "anchorY": 0.5,
        "fit": "fill",
        "alphaThreshold": 0.75
      },
      "x": 600,
      "y": 800,
      "width": 2100,
      "height": 3000,
      "_id": "iNqtGjIG2VdPyObH",
      "rotation": 0,
      "alpha": 1,
      "hidden": false,
      "locked": true,
      "occlusion": {
        "mode": 0,
        "alpha": 1
      },
      "video": {
        "loop": true,
        "autoplay": true,
        "volume": 0
      },
      "flags": {
        "tagger": {
          "tags": [
            "map"
          ]
        },
        "monks-active-tiles": {
          "active": true,
          "record": false,
          "restriction": "all",
          "controlled": "gm",
          "trigger": [
            "dblclick"
          ],
          "allowpaused": false,
          "usealpha": false,
          "pointer": false,
          "pertoken": false,
          "minrequired": 0,
          "chance": 100,
          "fileindex": 1,
          "actions": [],
          "files": [
            {
              "id": "t57WcWjz0Xaty8dE",
              "name": "fa_battlemaps/Maps/2022/December/fa_wec_dark-pool/Maps/DarkPoolBG.webp",
              "selected": false
            },
            {
              "id": "0wZKIf53fhRlE0VR",
              "name": "fa_battlemaps/Maps/2022/December/fa_wec_dark-pool/Maps/AltDarkPoolBG.webp",
              "selected": true
            }
          ],
          "name": "",
          "vision": false,
          "cooldown": null
        }
      },
      "sort": 5,
      "restrictions": {
        "light": false,
        "weather": false
      },
      "elevation": 0,
      "_key": "!scenes.tiles!t520YPkUPawUpqR1.iNqtGjIG2VdPyObH"
    },
    {
      "texture": {
        "src": "fa_battlemaps/Maps/2022/December/fa_wec_dark-pool/Maps/AltDarkPoolFG.webp",
        "scaleX": 1,
        "scaleY": 1,
        "offsetX": 0,
        "offsetY": 0,
        "rotation": 0,
        "tint": "#ffffff",
        "anchorX": 0.5,
        "anchorY": 0.5,
        "fit": "fill",
        "alphaThreshold": 0.75
      },
      "x": 600,
      "y": 800,
      "width": 2100,
      "height": 3000,
      "_id": "s1gyDcPBN7aI5FOI",
      "rotation": 0,
      "alpha": 1,
      "hidden": false,
      "locked": false,
      "occlusion": {
        "mode": 0,
        "alpha": 1
      },
      "video": {
        "loop": true,
        "autoplay": true,
        "volume": 0
      },
      "flags": {
        "tagger": {
          "tags": [
            "map"
          ]
        },
        "monks-active-tiles": {
          "active": true,
          "record": false,
          "restriction": "all",
          "controlled": "gm",
          "trigger": [
            "dblclick"
          ],
          "allowpaused": false,
          "usealpha": false,
          "pointer": false,
          "pertoken": false,
          "minrequired": 0,
          "chance": 100,
          "fileindex": 1,
          "actions": [],
          "files": [
            {
              "id": "bAIyIdxTudw7ZEbj",
              "name": "fa_battlemaps/Maps/2022/December/fa_wec_dark-pool/Maps/DarkPoolFG.webp",
              "selected": false
            },
            {
              "id": "cY2nKyIAFTjV8tK4",
              "name": "fa_battlemaps/Maps/2022/December/fa_wec_dark-pool/Maps/AltDarkPoolFG.webp",
              "selected": true
            }
          ],
          "name": "",
          "vision": false,
          "cooldown": null
        }
      },
      "elevation": 20,
      "sort": 100,
      "restrictions": {
        "light": false,
        "weather": false
      },
      "_key": "!scenes.tiles!t520YPkUPawUpqR1.s1gyDcPBN7aI5FOI"
    },
    {
      "texture": {
        "src": "fa_battlemaps/Maps/2022/December/fa_wec_dark-pool/Tiles/DarkPoolSkeleton.webp",
        "scaleX": 1,
        "scaleY": 1,
        "offsetX": 0,
        "offsetY": 0,
        "rotation": 0,
        "tint": "#ffffff",
        "anchorX": 0.5,
        "anchorY": 0.5,
        "fit": "fill",
        "alphaThreshold": 0.75
      },
      "x": 1500,
      "y": 2700,
      "width": 200,
      "height": 400,
      "_id": "F0cTtG0cdslVuNaY",
      "rotation": 0,
      "alpha": 0,
      "hidden": false,
      "locked": true,
      "occlusion": {
        "mode": 0,
        "alpha": 1
      },
      "video": {
        "loop": true,
        "autoplay": true,
        "volume": 0
      },
      "flags": {
        "monks-active-tiles": {
          "name": "",
          "active": true,
          "record": false,
          "restriction": "all",
          "controlled": "all",
          "trigger": [
            "enter"
          ],
          "allowpaused": false,
          "usealpha": false,
          "pointer": false,
          "vision": true,
          "pertoken": false,
          "minrequired": 0,
          "cooldown": null,
          "chance": 100,
          "fileindex": -1,
          "actions": [],
          "files": []
        },
        "tagger": {
          "tags": [
            "skeleton"
          ]
        }
      },
      "sort": 6,
      "restrictions": {
        "light": false,
        "weather": false
      },
      "elevation": 0,
      "_key": "!scenes.tiles!t520YPkUPawUpqR1.F0cTtG0cdslVuNaY"
    },
    {
      "texture": {
        "src": "modules/fa-battlemaps/images/SmallScroll.png",
        "scaleX": 1,
        "scaleY": 1,
        "offsetX": 0,
        "offsetY": 0,
        "rotation": 0,
        "tint": "#ffffff",
        "anchorX": 0.5,
        "anchorY": 0.5,
        "fit": "fill",
        "alphaThreshold": 0.75
      },
      "x": 2700,
      "y": 800,
      "width": 300,
      "height": 100,
      "_id": "jBK3U5WG8FhlK7qR",
      "rotation": 0,
      "alpha": 1,
      "hidden": false,
      "locked": true,
      "occlusion": {
        "mode": 0,
        "alpha": 1
      },
      "video": {
        "loop": true,
        "autoplay": true,
        "volume": 0
      },
      "flags": {},
      "sort": 2,
      "restrictions": {
        "light": false,
        "weather": false
      },
      "elevation": 0,
      "_key": "!scenes.tiles!t520YPkUPawUpqR1.jBK3U5WG8FhlK7qR"
    },
    {
      "texture": {
        "src": "fa_battlemaps/Maps/2022/December/fa_wec-caveentrance/Text/Alternate.webp",
        "scaleX": 1,
        "scaleY": 1,
        "offsetX": 0,
        "offsetY": 0,
        "rotation": 0,
        "tint": "#890101",
        "anchorX": 0.5,
        "anchorY": 0.5,
        "fit": "fill",
        "alphaThreshold": 0.75
      },
      "width": 300,
      "height": 50,
      "_id": "QyrQvHQhv3S1nSC2",
      "rotation": 0,
      "alpha": 1,
      "hidden": false,
      "locked": true,
      "occlusion": {
        "mode": 0,
        "alpha": 1
      },
      "video": {
        "loop": true,
        "autoplay": true,
        "volume": 0
      },
      "flags": {
        "tagger": {},
        "monks-active-tiles": {
          "active": true,
          "record": false,
          "restriction": "all",
          "controlled": "gm",
          "trigger": [
            "dblclick"
          ],
          "allowpaused": false,
          "usealpha": false,
          "pointer": false,
          "pertoken": false,
          "minrequired": 0,
          "chance": 100,
          "fileindex": 0,
          "actions": [
            {
              "action": "alter",
              "data": {
                "entity": {
                  "id": "tile",
                  "name": "This Tile"
                },
                "attribute": "texture.tint",
                "value": "='{{entity.texture.tint}}' == '#000000' ? '#890101' : '#000000'",
                "chatMessage": false,
                "rollmode": "roll"
              },
              "id": "ixNwRVtN7pLL1KOA"
            },
            {
              "action": "tileimage",
              "data": {
                "entity": {
                  "id": "tagger:map",
                  "match": "all",
                  "scene": "_active",
                  "name": "<i class=\"fas fa-tag fa-sm\"></i> map"
                },
                "select": "next",
                "transition": "none",
                "speed": 1,
                "loop": 1
              },
              "id": "ButP7ufPQGX1lqh1"
            },
            {
              "action": "alter",
              "data": {
                "entity": {
                  "id": "tagger:wall",
                  "match": "all",
                  "scene": "_active",
                  "name": "<i class=\"fas fa-tag fa-sm\"></i> wall"
                },
                "attribute": "move",
                "value": "={{entity.move}} == 0 ? 20 : 0",
                "chatMessage": false,
                "rollmode": "roll"
              },
              "id": "NfVji3jOa9Ijmpdv"
            },
            {
              "action": "alter",
              "data": {
                "entity": {
                  "id": "tagger:wall",
                  "match": "all",
                  "scene": "_active",
                  "name": "<i class=\"fas fa-tag fa-sm\"></i> wall"
                },
                "attribute": "sight",
                "value": "={{entity.sight}} == 0 ? 20 : 0",
                "chatMessage": false,
                "rollmode": "roll"
              },
              "id": "Yz1ZFGabduOsoWIj"
            },
            {
              "action": "alter",
              "data": {
                "entity": {
                  "id": "tagger:wall",
                  "match": "all",
                  "scene": "_active",
                  "name": "<i class=\"fas fa-tag fa-sm\"></i> wall"
                },
                "attribute": "light",
                "value": "={{entity.light}} == 0 ? 20 : 0",
                "chatMessage": false,
                "rollmode": "roll"
              },
              "id": "T1sDaFqX6QUPvJuz"
            }
          ],
          "files": [],
          "name": "",
          "vision": false,
          "cooldown": null
        }
      },
      "x": 2701,
      "y": 827,
      "sort": 4,
      "restrictions": {
        "light": false,
        "weather": false
      },
      "elevation": 0,
      "_key": "!scenes.tiles!t520YPkUPawUpqR1.QyrQvHQhv3S1nSC2"
    },
    {
      "texture": {
        "src": "icons/svg/chest.svg",
        "scaleX": 1,
        "scaleY": 1,
        "offsetX": 0,
        "offsetY": 0,
        "rotation": 0,
        "tint": "#ffffff",
        "anchorX": 0.5,
        "anchorY": 0.5,
        "fit": "fill",
        "alphaThreshold": 0.75
      },
      "x": 900,
      "y": 2500,
      "width": 100,
      "height": 100,
      "_id": "eLWIGMvw74XCo3Da",
      "rotation": 0,
      "alpha": 1,
      "hidden": false,
      "locked": false,
      "occlusion": {
        "mode": 1,
        "alpha": 1
      },
      "video": {
        "loop": true,
        "autoplay": true,
        "volume": 0
      },
      "flags": {
        "tagger": {},
        "monks-active-tiles": {
          "active": true,
          "record": false,
          "restriction": "all",
          "controlled": "gm",
          "trigger": [
            "dblclick"
          ],
          "allowpaused": false,
          "usealpha": false,
          "pointer": false,
          "pertoken": false,
          "minrequired": 0,
          "chance": 100,
          "fileindex": 0,
          "actions": [
            {
              "action": "alter",
              "data": {
                "entity": {
                  "id": "tagger:skeleton",
                  "match": "all",
                  "scene": "_active",
                  "name": "<i class=\"fas fa-tag fa-sm\"></i> skeleton"
                },
                "attribute": "alpha",
                "value": "={{entity.alpha}} == 0 ? 1 : 0",
                "chatMessage": false,
                "rollmode": "roll",
                "collection": "tokens"
              },
              "id": "5m8lJ830OdVKpEpq"
            }
          ],
          "files": [],
          "name": "",
          "vision": false,
          "cooldown": null
        }
      },
      "elevation": 20,
      "sort": 101,
      "restrictions": {
        "light": false,
        "weather": false
      },
      "_key": "!scenes.tiles!t520YPkUPawUpqR1.eLWIGMvw74XCo3Da"
    },
    {
      "texture": {
        "src": "modules/fa-battlemaps/images/SmallScroll.png",
        "scaleX": 1,
        "scaleY": 1,
        "offsetX": 0,
        "offsetY": 0,
        "rotation": 0,
        "tint": "#ffffff",
        "anchorX": 0.5,
        "anchorY": 0.5,
        "fit": "fill",
        "alphaThreshold": 0.75
      },
      "width": 300,
      "height": 100,
      "_id": "TocPQ9zsitQc1fF5",
      "rotation": 0,
      "alpha": 1,
      "hidden": false,
      "locked": true,
      "occlusion": {
        "mode": 0,
        "alpha": 1
      },
      "video": {
        "loop": true,
        "autoplay": true,
        "volume": 0
      },
      "flags": {},
      "x": 2700,
      "y": 900,
      "sort": 1,
      "restrictions": {
        "light": false,
        "weather": false
      },
      "elevation": 0,
      "_key": "!scenes.tiles!t520YPkUPawUpqR1.TocPQ9zsitQc1fF5"
    },
    {
      "texture": {
        "src": "modules/fa-battlemaps/images/AnimationsText.png",
        "scaleX": 1,
        "scaleY": 1,
        "offsetX": 0,
        "offsetY": 0,
        "rotation": 0,
        "tint": "#000000",
        "anchorX": 0.5,
        "anchorY": 0.5,
        "fit": "fill",
        "alphaThreshold": 0.75
      },
      "width": 300,
      "height": 50,
      "_id": "EpY6RZ9Rb7Ngs01L",
      "rotation": 0,
      "alpha": 1,
      "hidden": false,
      "locked": true,
      "occlusion": {
        "mode": 0,
        "alpha": 1
      },
      "video": {
        "loop": true,
        "autoplay": true,
        "volume": 0
      },
      "flags": {
        "tagger": {},
        "monks-active-tiles": {
          "active": true,
          "record": false,
          "restriction": "all",
          "controlled": "gm",
          "trigger": [
            "dblclick"
          ],
          "allowpaused": false,
          "usealpha": false,
          "pointer": false,
          "pertoken": false,
          "minrequired": 0,
          "chance": 100,
          "fileindex": 0,
          "actions": [
            {
              "action": "alter",
              "data": {
                "entity": {
                  "id": "tile",
                  "name": "This Tile"
                },
                "attribute": "texture.tint",
                "value": "='{{entity.texture.tint}}' == '#000000' ? '#890101' : '#000000'",
                "chatMessage": false,
                "rollmode": "roll"
              },
              "id": "fvLp0ljjW6MzvkyP"
            },
            {
              "action": "tileimage",
              "data": {
                "entity": {
                  "id": "tagger:animation",
                  "match": "all",
                  "scene": "_active",
                  "name": "<i class=\"fas fa-tag fa-sm\"></i> animation"
                },
                "select": "next",
                "transition": "none",
                "speed": 1,
                "loop": 1
              },
              "id": "E1mIlGeoHkKxFNyu"
            },
            {
              "action": "playanimation",
              "data": {
                "entity": {
                  "id": "tagger:animation",
                  "match": "all",
                  "scene": "_active",
                  "name": "<i class=\"fas fa-tag fa-sm\"></i> animation"
                },
                "play": "start",
                "animatefor": "all"
              },
              "id": "XCIeetk0uQ77qyxJ"
            }
          ],
          "files": [],
          "name": "",
          "vision": false,
          "cooldown": null
        }
      },
      "x": 2699,
      "y": 922,
      "sort": 3,
      "restrictions": {
        "light": false,
        "weather": false
      },
      "elevation": 0,
      "_key": "!scenes.tiles!t520YPkUPawUpqR1.EpY6RZ9Rb7Ngs01L"
    },
    {
      "texture": {
        "src": "fa_battlemaps/Animations/Water_Droplets_A1_01.webm",
        "scaleX": 1,
        "scaleY": 1,
        "offsetX": 0,
        "offsetY": 0,
        "rotation": 0,
        "tint": "#ffffff",
        "anchorX": 0.5,
        "anchorY": 0.5,
        "fit": "fill",
        "alphaThreshold": 0.75
      },
      "width": 200,
      "height": 200,
      "_id": "xXR0lvSXlZARvqBI",
      "rotation": 0,
      "alpha": 0.35,
      "hidden": false,
      "locked": true,
      "occlusion": {
        "mode": 0,
        "alpha": 1
      },
      "video": {
        "loop": true,
        "autoplay": false,
        "volume": 0
      },
      "flags": {
        "tagger": {
          "tags": [
            "animation"
          ]
        },
        "monks-active-tiles": {
          "active": false,
          "fileindex": 0,
          "record": false,
          "restriction": "all",
          "controlled": "gm",
          "trigger": [
            ""
          ],
          "allowpaused": false,
          "usealpha": false,
          "pointer": false,
          "pertoken": false,
          "minrequired": 0,
          "chance": 50,
          "actions": [],
          "files": [
            {
              "id": "FratX1rCxadbb0WP",
              "name": "fa_battlemaps/Animations/Water_Droplets_A1_01.webm",
              "selected": true
            },
            {
              "id": "8bZghey5wpH3J2PR",
              "name": "modules/fa-battlemaps/images/Transparent.webp",
              "selected": false
            }
          ]
        }
      },
      "x": 1100,
      "y": 2600,
      "sort": 13,
      "restrictions": {
        "light": false,
        "weather": false
      },
      "elevation": 0,
      "_key": "!scenes.tiles!t520YPkUPawUpqR1.xXR0lvSXlZARvqBI"
    },
    {
      "texture": {
        "src": "fa_battlemaps/Animations/Water_Droplets_A2_01.webm",
        "scaleX": 1,
        "scaleY": 1,
        "offsetX": 0,
        "offsetY": 0,
        "rotation": 0,
        "tint": "#ffffff",
        "anchorX": 0.5,
        "anchorY": 0.5,
        "fit": "fill",
        "alphaThreshold": 0.75
      },
      "width": 200,
      "height": 200,
      "_id": "XbFcVXhEbPoFhZyv",
      "rotation": 0,
      "alpha": 0.3,
      "hidden": false,
      "locked": true,
      "occlusion": {
        "mode": 0,
        "alpha": 1
      },
      "video": {
        "loop": true,
        "autoplay": false,
        "volume": 0
      },
      "flags": {
        "tagger": {
          "tags": [
            "animation"
          ]
        },
        "monks-active-tiles": {
          "active": false,
          "record": false,
          "restriction": "all",
          "controlled": "gm",
          "trigger": [
            "dblclick"
          ],
          "allowpaused": false,
          "usealpha": false,
          "pointer": false,
          "pertoken": false,
          "minrequired": 0,
          "chance": 100,
          "fileindex": 0,
          "actions": [],
          "files": [
            {
              "id": "FratX1rCxadbb0WP",
              "name": "fa_battlemaps/Animations/Water_Droplets_A2_01.webm",
              "selected": true
            },
            {
              "id": "8bZghey5wpH3J2PR",
              "name": "modules/fa-battlemaps/images/Transparent.webp",
              "selected": false
            }
          ]
        }
      },
      "x": 1450,
      "y": 2250,
      "sort": 12,
      "restrictions": {
        "light": false,
        "weather": false
      },
      "elevation": 0,
      "_key": "!scenes.tiles!t520YPkUPawUpqR1.XbFcVXhEbPoFhZyv"
    },
    {
      "texture": {
        "src": "fa_battlemaps/Animations/Water_Droplets_A3_01.webm",
        "scaleX": 1,
        "scaleY": 1,
        "offsetX": 0,
        "offsetY": 0,
        "rotation": 0,
        "tint": "#ffffff",
        "anchorX": 0.5,
        "anchorY": 0.5,
        "fit": "fill",
        "alphaThreshold": 0.75
      },
      "width": 200,
      "height": 200,
      "_id": "WZxtFZPwPxNdgrkZ",
      "rotation": 0,
      "alpha": 0.35,
      "hidden": false,
      "locked": true,
      "occlusion": {
        "mode": 0,
        "alpha": 1
      },
      "video": {
        "loop": true,
        "autoplay": true,
        "volume": 0
      },
      "flags": {
        "tagger": {
          "tags": [
            "animation"
          ]
        },
        "monks-active-tiles": {
          "active": false,
          "fileindex": 0,
          "record": false,
          "restriction": "all",
          "controlled": "gm",
          "trigger": [
            ""
          ],
          "allowpaused": false,
          "usealpha": false,
          "pointer": false,
          "pertoken": false,
          "minrequired": 0,
          "chance": 50,
          "actions": [],
          "files": [
            {
              "id": "FratX1rCxadbb0WP",
              "name": "fa_battlemaps/Animations/Water_Droplets_A3_01.webm",
              "selected": true
            },
            {
              "id": "8bZghey5wpH3J2PR",
              "name": "modules/fa-battlemaps/images/Transparent.webp",
              "selected": false
            }
          ]
        }
      },
      "x": 1300,
      "y": 1800,
      "sort": 11,
      "restrictions": {
        "light": false,
        "weather": false
      },
      "elevation": 0,
      "_key": "!scenes.tiles!t520YPkUPawUpqR1.WZxtFZPwPxNdgrkZ"
    },
    {
      "texture": {
        "src": "fa_battlemaps/Animations/Water_Droplets_A4_01.webm",
        "scaleX": 1,
        "scaleY": 1,
        "offsetX": 0,
        "offsetY": 0,
        "rotation": 0,
        "tint": "#ffffff",
        "anchorX": 0.5,
        "anchorY": 0.5,
        "fit": "fill",
        "alphaThreshold": 0.75
      },
      "width": 200,
      "height": 200,
      "_id": "qd3GLW1ho1rSAgH6",
      "rotation": 0,
      "alpha": 0.4,
      "hidden": false,
      "locked": true,
      "occlusion": {
        "mode": 0,
        "alpha": 1
      },
      "video": {
        "loop": true,
        "autoplay": true,
        "volume": 0
      },
      "flags": {
        "tagger": {
          "tags": [
            "animation"
          ]
        },
        "monks-active-tiles": {
          "active": false,
          "fileindex": 0,
          "record": false,
          "restriction": "all",
          "controlled": "gm",
          "trigger": [
            ""
          ],
          "allowpaused": false,
          "usealpha": false,
          "pointer": false,
          "pertoken": false,
          "minrequired": 0,
          "chance": 50,
          "actions": [],
          "files": [
            {
              "id": "FratX1rCxadbb0WP",
              "name": "fa_battlemaps/Animations/Water_Droplets_A4_01.webm",
              "selected": true
            },
            {
              "id": "8bZghey5wpH3J2PR",
              "name": "modules/fa-battlemaps/images/Transparent.webp",
              "selected": false
            }
          ]
        }
      },
      "x": 1600,
      "y": 1800,
      "sort": 10,
      "restrictions": {
        "light": false,
        "weather": false
      },
      "elevation": 0,
      "_key": "!scenes.tiles!t520YPkUPawUpqR1.qd3GLW1ho1rSAgH6"
    },
    {
      "texture": {
        "src": "fa_battlemaps/Animations/Water_Droplets_A2_01.webm",
        "scaleX": 1,
        "scaleY": 1,
        "offsetX": 0,
        "offsetY": 0,
        "rotation": 0,
        "tint": "#ffffff",
        "anchorX": 0.5,
        "anchorY": 0.5,
        "fit": "fill",
        "alphaThreshold": 0.75
      },
      "width": 200,
      "height": 200,
      "_id": "bXkcPikVvk4pTFjO",
      "rotation": 0,
      "alpha": 0.3,
      "hidden": false,
      "locked": true,
      "occlusion": {
        "mode": 0,
        "alpha": 1
      },
      "video": {
        "loop": true,
        "autoplay": true,
        "volume": 0
      },
      "flags": {
        "tagger": {
          "tags": [
            "animation"
          ]
        },
        "monks-active-tiles": {
          "active": false,
          "record": false,
          "restriction": "all",
          "controlled": "gm",
          "trigger": [
            "dblclick"
          ],
          "allowpaused": false,
          "usealpha": false,
          "pointer": false,
          "pertoken": false,
          "minrequired": 0,
          "chance": 100,
          "fileindex": 0,
          "actions": [],
          "files": [
            {
              "id": "FratX1rCxadbb0WP",
              "name": "fa_battlemaps/Animations/Water_Droplets_A2_01.webm",
              "selected": true
            },
            {
              "id": "8bZghey5wpH3J2PR",
              "name": "modules/fa-battlemaps/images/Transparent.webp",
              "selected": false
            }
          ]
        }
      },
      "x": 1500,
      "y": 2450,
      "sort": 9,
      "restrictions": {
        "light": false,
        "weather": false
      },
      "elevation": 0,
      "_key": "!scenes.tiles!t520YPkUPawUpqR1.bXkcPikVvk4pTFjO"
    },
    {
      "texture": {
        "src": "fa_battlemaps/Animations/Water_Droplets_A1_01.webm",
        "scaleX": 1,
        "scaleY": 1,
        "offsetX": 0,
        "offsetY": 0,
        "rotation": 0,
        "tint": "#ffffff",
        "anchorX": 0.5,
        "anchorY": 0.5,
        "fit": "fill",
        "alphaThreshold": 0.75
      },
      "width": 200,
      "height": 200,
      "rotation": 0,
      "alpha": 0.35,
      "hidden": false,
      "locked": true,
      "occlusion": {
        "mode": 0,
        "alpha": 1
      },
      "video": {
        "loop": true,
        "autoplay": true,
        "volume": 0
      },
      "flags": {
        "tagger": {
          "tags": [
            "animation"
          ]
        },
        "monks-active-tiles": {
          "active": false,
          "fileindex": 0,
          "record": false,
          "restriction": "all",
          "controlled": "gm",
          "trigger": [
            ""
          ],
          "allowpaused": false,
          "usealpha": false,
          "pointer": false,
          "pertoken": false,
          "minrequired": 0,
          "chance": 50,
          "actions": [],
          "files": [
            {
              "id": "FratX1rCxadbb0WP",
              "name": "fa_battlemaps/Animations/Water_Droplets_A1_01.webm",
              "selected": true
            },
            {
              "id": "8bZghey5wpH3J2PR",
              "name": "modules/fa-battlemaps/images/Transparent.webp",
              "selected": false
            }
          ]
        }
      },
      "x": 1550,
      "y": 1950,
      "_id": "C6Zebtl4RNtdx52w",
      "sort": 8,
      "restrictions": {
        "light": false,
        "weather": false
      },
      "elevation": 0,
      "_key": "!scenes.tiles!t520YPkUPawUpqR1.C6Zebtl4RNtdx52w"
    },
    {
      "texture": {
        "src": "fa_battlemaps/Animations/Water_Droplets_A3_01.webm",
        "scaleX": 1,
        "scaleY": 1,
        "offsetX": 0,
        "offsetY": 0,
        "rotation": 0,
        "tint": "#ffffff",
        "anchorX": 0.5,
        "anchorY": 0.5,
        "fit": "fill",
        "alphaThreshold": 0.75
      },
      "width": 200,
      "height": 200,
      "rotation": 0,
      "alpha": 0.35,
      "hidden": false,
      "locked": true,
      "occlusion": {
        "mode": 0,
        "alpha": 1
      },
      "video": {
        "loop": true,
        "autoplay": true,
        "volume": 0
      },
      "flags": {
        "tagger": {
          "tags": [
            "animation"
          ]
        },
        "monks-active-tiles": {
          "active": false,
          "fileindex": 0,
          "record": false,
          "restriction": "all",
          "controlled": "gm",
          "trigger": [
            ""
          ],
          "allowpaused": false,
          "usealpha": false,
          "pointer": false,
          "pertoken": false,
          "minrequired": 0,
          "chance": 50,
          "actions": [],
          "files": [
            {
              "id": "FratX1rCxadbb0WP",
              "name": "fa_battlemaps/Animations/Water_Droplets_A3_01.webm",
              "selected": true
            },
            {
              "id": "8bZghey5wpH3J2PR",
              "name": "modules/fa-battlemaps/images/Transparent.webp",
              "selected": false
            }
          ]
        }
      },
      "x": 1350,
      "y": 2700,
      "_id": "IhsgLAIW0kAVtRnF",
      "sort": 7,
      "restrictions": {
        "light": false,
        "weather": false
      },
      "elevation": 0,
      "_key": "!scenes.tiles!t520YPkUPawUpqR1.IhsgLAIW0kAVtRnF"
    }
  ],
  "walls": [
    {
      "_id": "iM9ijSRJY4AeEexh",
      "c": [
        1400,
        3800,
        1437,
        3662
      ],
      "light": 20,
      "move": 20,
      "sight": 20,
      "sound": 20,
      "dir": 0,
      "door": 0,
      "ds": 0,
      "flags": {},
      "threshold": {
        "light": null,
        "sight": null,
        "sound": null,
        "attenuation": false
      },
      "_key": "!scenes.walls!t520YPkUPawUpqR1.iM9ijSRJY4AeEexh"
    },
    {
      "_id": "huxQmurmrH53jOFU",
      "c": [
        1437,
        3662,
        1400,
        3587
      ],
      "light": 20,
      "move": 20,
      "sight": 20,
      "sound": 20,
      "dir": 0,
      "door": 0,
      "ds": 0,
      "flags": {},
      "threshold": {
        "light": null,
        "sight": null,
        "sound": null,
        "attenuation": false
      },
      "_key": "!scenes.walls!t520YPkUPawUpqR1.huxQmurmrH53jOFU"
    },
    {
      "_id": "ZvEWfxpygiFScbfG",
      "c": [
        1400,
        3587,
        1400,
        3475
      ],
      "light": 20,
      "move": 20,
      "sight": 20,
      "sound": 20,
      "dir": 0,
      "door": 0,
      "ds": 0,
      "flags": {},
      "threshold": {
        "light": null,
        "sight": null,
        "sound": null,
        "attenuation": false
      },
      "_key": "!scenes.walls!t520YPkUPawUpqR1.ZvEWfxpygiFScbfG"
    },
    {
      "_id": "L5N9sTOQm9Y076r0",
      "c": [
        1400,
        3475,
        1287,
        3387
      ],
      "light": 20,
      "move": 20,
      "sight": 20,
      "sound": 20,
      "dir": 0,
      "door": 0,
      "ds": 0,
      "flags": {},
      "threshold": {
        "light": null,
        "sight": null,
        "sound": null,
        "attenuation": false
      },
      "_key": "!scenes.walls!t520YPkUPawUpqR1.L5N9sTOQm9Y076r0"
    },
    {
      "_id": "8UYGEI2yxCRPp6iY",
      "c": [
        1287,
        3387,
        1187,
        3362
      ],
      "light": 20,
      "move": 20,
      "sight": 20,
      "sound": 20,
      "dir": 0,
      "door": 0,
      "ds": 0,
      "flags": {},
      "threshold": {
        "light": null,
        "sight": null,
        "sound": null,
        "attenuation": false
      },
      "_key": "!scenes.walls!t520YPkUPawUpqR1.8UYGEI2yxCRPp6iY"
    },
    {
      "_id": "EMu8gagtysKws8hv",
      "c": [
        1187,
        3362,
        1150,
        3275
      ],
      "light": 20,
      "move": 20,
      "sight": 20,
      "sound": 20,
      "dir": 0,
      "door": 0,
      "ds": 0,
      "flags": {},
      "threshold": {
        "light": null,
        "sight": null,
        "sound": null,
        "attenuation": false
      },
      "_key": "!scenes.walls!t520YPkUPawUpqR1.EMu8gagtysKws8hv"
    },
    {
      "_id": "uCDKaolM3O92PDGI",
      "c": [
        1150,
        3275,
        1175,
        3187
      ],
      "light": 20,
      "move": 20,
      "sight": 20,
      "sound": 20,
      "dir": 0,
      "door": 0,
      "ds": 0,
      "flags": {},
      "threshold": {
        "light": null,
        "sight": null,
        "sound": null,
        "attenuation": false
      },
      "_key": "!scenes.walls!t520YPkUPawUpqR1.uCDKaolM3O92PDGI"
    },
    {
      "_id": "ohVfZ3KvJsGaA6Oa",
      "c": [
        1175,
        3187,
        1112,
        3100
      ],
      "light": 20,
      "move": 20,
      "sight": 20,
      "sound": 20,
      "dir": 0,
      "door": 0,
      "ds": 0,
      "flags": {},
      "threshold": {
        "light": null,
        "sight": null,
        "sound": null,
        "attenuation": false
      },
      "_key": "!scenes.walls!t520YPkUPawUpqR1.ohVfZ3KvJsGaA6Oa"
    },
    {
      "_id": "Mz4JaH2YIlmX5TUQ",
      "c": [
        1112,
        3100,
        1087,
        2950
      ],
      "light": 20,
      "move": 20,
      "sight": 20,
      "sound": 20,
      "dir": 0,
      "door": 0,
      "ds": 0,
      "flags": {},
      "threshold": {
        "light": null,
        "sight": null,
        "sound": null,
        "attenuation": false
      },
      "_key": "!scenes.walls!t520YPkUPawUpqR1.Mz4JaH2YIlmX5TUQ"
    },
    {
      "_id": "OR0LvGD0zpsfDgtt",
      "c": [
        1087,
        2950,
        1037,
        2887
      ],
      "light": 20,
      "move": 20,
      "sight": 20,
      "sound": 20,
      "dir": 0,
      "door": 0,
      "ds": 0,
      "flags": {},
      "threshold": {
        "light": null,
        "sight": null,
        "sound": null,
        "attenuation": false
      },
      "_key": "!scenes.walls!t520YPkUPawUpqR1.OR0LvGD0zpsfDgtt"
    },
    {
      "_id": "rSXTYuNRPGiSy0jG",
      "c": [
        1037,
        2887,
        1000,
        2712
      ],
      "light": 20,
      "move": 20,
      "sight": 20,
      "sound": 20,
      "dir": 0,
      "door": 0,
      "ds": 0,
      "flags": {},
      "threshold": {
        "light": null,
        "sight": null,
        "sound": null,
        "attenuation": false
      },
      "_key": "!scenes.walls!t520YPkUPawUpqR1.rSXTYuNRPGiSy0jG"
    },
    {
      "_id": "WLKIEOFcdWcDpCYc",
      "c": [
        1000,
        2712,
        1100,
        2525
      ],
      "light": 20,
      "move": 20,
      "sight": 20,
      "sound": 20,
      "dir": 0,
      "door": 0,
      "ds": 0,
      "flags": {},
      "threshold": {
        "light": null,
        "sight": null,
        "sound": null,
        "attenuation": false
      },
      "_key": "!scenes.walls!t520YPkUPawUpqR1.WLKIEOFcdWcDpCYc"
    },
    {
      "_id": "vEAn7FIn1QOCHLNs",
      "c": [
        1100,
        2525,
        1100,
        2487
      ],
      "light": 20,
      "move": 20,
      "sight": 20,
      "sound": 20,
      "dir": 0,
      "door": 0,
      "ds": 0,
      "flags": {},
      "threshold": {
        "light": null,
        "sight": null,
        "sound": null,
        "attenuation": false
      },
      "_key": "!scenes.walls!t520YPkUPawUpqR1.vEAn7FIn1QOCHLNs"
    },
    {
      "_id": "Y0zKkgyFF39lEedJ",
      "c": [
        1100,
        2487,
        1075,
        2437
      ],
      "light": 20,
      "move": 20,
      "sight": 20,
      "sound": 20,
      "dir": 0,
      "door": 0,
      "ds": 0,
      "flags": {},
      "threshold": {
        "light": null,
        "sight": null,
        "sound": null,
        "attenuation": false
      },
      "_key": "!scenes.walls!t520YPkUPawUpqR1.Y0zKkgyFF39lEedJ"
    },
    {
      "_id": "Udf2p9Osty6aoC22",
      "c": [
        1075,
        2437,
        1075,
        2350
      ],
      "light": 20,
      "move": 20,
      "sight": 20,
      "sound": 20,
      "dir": 0,
      "door": 0,
      "ds": 0,
      "flags": {},
      "threshold": {
        "light": null,
        "sight": null,
        "sound": null,
        "attenuation": false
      },
      "_key": "!scenes.walls!t520YPkUPawUpqR1.Udf2p9Osty6aoC22"
    },
    {
      "_id": "n4ok8f5kDlX7J2nR",
      "c": [
        1075,
        2350,
        1237,
        2200
      ],
      "light": 20,
      "move": 20,
      "sight": 20,
      "sound": 20,
      "dir": 0,
      "door": 0,
      "ds": 0,
      "flags": {},
      "threshold": {
        "light": null,
        "sight": null,
        "sound": null,
        "attenuation": false
      },
      "_key": "!scenes.walls!t520YPkUPawUpqR1.n4ok8f5kDlX7J2nR"
    },
    {
      "_id": "8wym5kTVBBi4akU8",
      "c": [
        1237,
        2200,
        1375,
        2200
      ],
      "light": 20,
      "move": 20,
      "sight": 20,
      "sound": 20,
      "dir": 0,
      "door": 0,
      "ds": 0,
      "flags": {},
      "threshold": {
        "light": null,
        "sight": null,
        "sound": null,
        "attenuation": false
      },
      "_key": "!scenes.walls!t520YPkUPawUpqR1.8wym5kTVBBi4akU8"
    },
    {
      "_id": "L6o3nKsyCkTZlDbl",
      "c": [
        1375,
        2200,
        1412,
        2175
      ],
      "light": 20,
      "move": 20,
      "sight": 20,
      "sound": 20,
      "dir": 0,
      "door": 0,
      "ds": 0,
      "flags": {},
      "threshold": {
        "light": null,
        "sight": null,
        "sound": null,
        "attenuation": false
      },
      "_key": "!scenes.walls!t520YPkUPawUpqR1.L6o3nKsyCkTZlDbl"
    },
    {
      "_id": "xKvyzdWJ6ctpQpkZ",
      "c": [
        1412,
        2175,
        1387,
        2150
      ],
      "light": 20,
      "move": 20,
      "sight": 20,
      "sound": 20,
      "dir": 0,
      "door": 0,
      "ds": 0,
      "flags": {},
      "threshold": {
        "light": null,
        "sight": null,
        "sound": null,
        "attenuation": false
      },
      "_key": "!scenes.walls!t520YPkUPawUpqR1.xKvyzdWJ6ctpQpkZ"
    },
    {
      "_id": "wBpnuIg5uj3bhxKA",
      "c": [
        1387,
        2150,
        1325,
        2125
      ],
      "light": 20,
      "move": 20,
      "sight": 20,
      "sound": 20,
      "dir": 0,
      "door": 0,
      "ds": 0,
      "flags": {},
      "threshold": {
        "light": null,
        "sight": null,
        "sound": null,
        "attenuation": false
      },
      "_key": "!scenes.walls!t520YPkUPawUpqR1.wBpnuIg5uj3bhxKA"
    },
    {
      "_id": "dPs3HJb9QyEFQhOO",
      "c": [
        1325,
        2125,
        1275,
        2075
      ],
      "light": 20,
      "move": 20,
      "sight": 20,
      "sound": 20,
      "dir": 0,
      "door": 0,
      "ds": 0,
      "flags": {},
      "threshold": {
        "light": null,
        "sight": null,
        "sound": null,
        "attenuation": false
      },
      "_key": "!scenes.walls!t520YPkUPawUpqR1.dPs3HJb9QyEFQhOO"
    },
    {
      "_id": "Gxnq7lIKFKzVU6z1",
      "c": [
        1275,
        2075,
        1237,
        2075
      ],
      "light": 20,
      "move": 20,
      "sight": 20,
      "sound": 20,
      "dir": 0,
      "door": 0,
      "ds": 0,
      "flags": {},
      "threshold": {
        "light": null,
        "sight": null,
        "sound": null,
        "attenuation": false
      },
      "_key": "!scenes.walls!t520YPkUPawUpqR1.Gxnq7lIKFKzVU6z1"
    },
    {
      "_id": "lYfweIn3w8O7ZGCc",
      "c": [
        1237,
        2075,
        1162,
        1987
      ],
      "light": 20,
      "move": 20,
      "sight": 20,
      "sound": 20,
      "dir": 0,
      "door": 0,
      "ds": 0,
      "flags": {},
      "threshold": {
        "light": null,
        "sight": null,
        "sound": null,
        "attenuation": false
      },
      "_key": "!scenes.walls!t520YPkUPawUpqR1.lYfweIn3w8O7ZGCc"
    },
    {
      "_id": "6EnVUc0BzfMLlbBD",
      "c": [
        1162,
        1987,
        1162,
        1900
      ],
      "light": 20,
      "move": 20,
      "sight": 20,
      "sound": 20,
      "dir": 0,
      "door": 0,
      "ds": 0,
      "flags": {},
      "threshold": {
        "light": null,
        "sight": null,
        "sound": null,
        "attenuation": false
      },
      "_key": "!scenes.walls!t520YPkUPawUpqR1.6EnVUc0BzfMLlbBD"
    },
    {
      "_id": "RzTGQxT24447hbe7",
      "c": [
        1162,
        1900,
        1162,
        1837
      ],
      "light": 20,
      "move": 20,
      "sight": 20,
      "sound": 20,
      "dir": 0,
      "door": 0,
      "ds": 0,
      "flags": {},
      "threshold": {
        "light": null,
        "sight": null,
        "sound": null,
        "attenuation": false
      },
      "_key": "!scenes.walls!t520YPkUPawUpqR1.RzTGQxT24447hbe7"
    },
    {
      "_id": "f20lj9e3lkVjfT34",
      "c": [
        1162,
        1837,
        1275,
        1750
      ],
      "light": 20,
      "move": 20,
      "sight": 20,
      "sound": 20,
      "dir": 0,
      "door": 0,
      "ds": 0,
      "flags": {},
      "threshold": {
        "light": null,
        "sight": null,
        "sound": null,
        "attenuation": false
      },
      "_key": "!scenes.walls!t520YPkUPawUpqR1.f20lj9e3lkVjfT34"
    },
    {
      "_id": "8TkRCpQLsS34gvU5",
      "c": [
        1275,
        1750,
        1325,
        1687
      ],
      "light": 20,
      "move": 20,
      "sight": 20,
      "sound": 20,
      "dir": 0,
      "door": 0,
      "ds": 0,
      "flags": {},
      "threshold": {
        "light": null,
        "sight": null,
        "sound": null,
        "attenuation": false
      },
      "_key": "!scenes.walls!t520YPkUPawUpqR1.8TkRCpQLsS34gvU5"
    },
    {
      "_id": "P3BLbZBaxd7QRhoj",
      "c": [
        1325,
        1687,
        1437,
        1675
      ],
      "light": 20,
      "move": 20,
      "sight": 20,
      "sound": 20,
      "dir": 0,
      "door": 0,
      "ds": 0,
      "flags": {},
      "threshold": {
        "light": null,
        "sight": null,
        "sound": null,
        "attenuation": false
      },
      "_key": "!scenes.walls!t520YPkUPawUpqR1.P3BLbZBaxd7QRhoj"
    },
    {
      "_id": "JuzsMk7N4lxXachg",
      "c": [
        1437,
        1675,
        1487,
        1700
      ],
      "light": 20,
      "move": 20,
      "sight": 20,
      "sound": 20,
      "dir": 0,
      "door": 0,
      "ds": 0,
      "flags": {},
      "threshold": {
        "light": null,
        "sight": null,
        "sound": null,
        "attenuation": false
      },
      "_key": "!scenes.walls!t520YPkUPawUpqR1.JuzsMk7N4lxXachg"
    },
    {
      "_id": "LT27c5K9n9CyyXn8",
      "c": [
        1487,
        1700,
        1587,
        1700
      ],
      "light": 20,
      "move": 20,
      "sight": 20,
      "sound": 20,
      "dir": 0,
      "door": 0,
      "ds": 0,
      "flags": {},
      "threshold": {
        "light": null,
        "sight": null,
        "sound": null,
        "attenuation": false
      },
      "_key": "!scenes.walls!t520YPkUPawUpqR1.LT27c5K9n9CyyXn8"
    },
    {
      "_id": "2Cl8ikXlDSoIybzL",
      "c": [
        1587,
        1700,
        1625,
        1725
      ],
      "light": 20,
      "move": 20,
      "sight": 20,
      "sound": 20,
      "dir": 0,
      "door": 0,
      "ds": 0,
      "flags": {},
      "threshold": {
        "light": null,
        "sight": null,
        "sound": null,
        "attenuation": false
      },
      "_key": "!scenes.walls!t520YPkUPawUpqR1.2Cl8ikXlDSoIybzL"
    },
    {
      "_id": "16PU6RoOSfo9snAv",
      "c": [
        1625,
        1725,
        1712,
        1687
      ],
      "light": 20,
      "move": 20,
      "sight": 20,
      "sound": 20,
      "dir": 0,
      "door": 0,
      "ds": 0,
      "flags": {},
      "threshold": {
        "light": null,
        "sight": null,
        "sound": null,
        "attenuation": false
      },
      "_key": "!scenes.walls!t520YPkUPawUpqR1.16PU6RoOSfo9snAv"
    },
    {
      "_id": "vKI9U7qtBGa5dJOn",
      "c": [
        1712,
        1687,
        1875,
        1775
      ],
      "light": 20,
      "move": 20,
      "sight": 20,
      "sound": 20,
      "dir": 0,
      "door": 0,
      "ds": 0,
      "flags": {},
      "threshold": {
        "light": null,
        "sight": null,
        "sound": null,
        "attenuation": false
      },
      "_key": "!scenes.walls!t520YPkUPawUpqR1.vKI9U7qtBGa5dJOn"
    },
    {
      "_id": "XF2XfVUQa27MsErn",
      "c": [
        1875,
        1775,
        1912,
        1775
      ],
      "light": 20,
      "move": 20,
      "sight": 20,
      "sound": 20,
      "dir": 0,
      "door": 0,
      "ds": 0,
      "flags": {},
      "threshold": {
        "light": null,
        "sight": null,
        "sound": null,
        "attenuation": false
      },
      "_key": "!scenes.walls!t520YPkUPawUpqR1.XF2XfVUQa27MsErn"
    },
    {
      "_id": "uq0PITCFWjMFOksm",
      "c": [
        1912,
        1775,
        1962,
        1687
      ],
      "light": 20,
      "move": 20,
      "sight": 20,
      "sound": 20,
      "dir": 0,
      "door": 0,
      "ds": 0,
      "flags": {},
      "threshold": {
        "light": null,
        "sight": null,
        "sound": null,
        "attenuation": false
      },
      "_key": "!scenes.walls!t520YPkUPawUpqR1.uq0PITCFWjMFOksm"
    },
    {
      "_id": "dAPBxnqugluxo1d8",
      "c": [
        1962,
        1687,
        2062,
        1587
      ],
      "light": 20,
      "move": 20,
      "sight": 20,
      "sound": 20,
      "dir": 0,
      "door": 0,
      "ds": 0,
      "flags": {},
      "threshold": {
        "light": null,
        "sight": null,
        "sound": null,
        "attenuation": false
      },
      "_key": "!scenes.walls!t520YPkUPawUpqR1.dAPBxnqugluxo1d8"
    },
    {
      "_id": "Hzc2oSWuvuG2pyvi",
      "c": [
        2062,
        1587,
        2062,
        1487
      ],
      "light": 20,
      "move": 20,
      "sight": 20,
      "sound": 20,
      "dir": 0,
      "door": 0,
      "ds": 0,
      "flags": {},
      "threshold": {
        "light": null,
        "sight": null,
        "sound": null,
        "attenuation": false
      },
      "_key": "!scenes.walls!t520YPkUPawUpqR1.Hzc2oSWuvuG2pyvi"
    },
    {
      "_id": "sEOuAslDV1Cd0QVN",
      "c": [
        2062,
        1487,
        2150,
        1387
      ],
      "light": 20,
      "move": 20,
      "sight": 20,
      "sound": 20,
      "dir": 0,
      "door": 0,
      "ds": 0,
      "flags": {},
      "threshold": {
        "light": null,
        "sight": null,
        "sound": null,
        "attenuation": false
      },
      "_key": "!scenes.walls!t520YPkUPawUpqR1.sEOuAslDV1Cd0QVN"
    },
    {
      "_id": "Yp6YYPHLQjwAvzoT",
      "c": [
        2150,
        1387,
        2162,
        1175
      ],
      "light": 20,
      "move": 20,
      "sight": 20,
      "sound": 20,
      "dir": 0,
      "door": 0,
      "ds": 0,
      "flags": {},
      "threshold": {
        "light": null,
        "sight": null,
        "sound": null,
        "attenuation": false
      },
      "_key": "!scenes.walls!t520YPkUPawUpqR1.Yp6YYPHLQjwAvzoT"
    },
    {
      "_id": "SFRHHELIXTekXEIS",
      "c": [
        2162,
        1175,
        2225,
        1112
      ],
      "light": 20,
      "move": 20,
      "sight": 20,
      "sound": 20,
      "dir": 0,
      "door": 0,
      "ds": 0,
      "flags": {},
      "threshold": {
        "light": null,
        "sight": null,
        "sound": null,
        "attenuation": false
      },
      "_key": "!scenes.walls!t520YPkUPawUpqR1.SFRHHELIXTekXEIS"
    },
    {
      "_id": "xeJAEUzPohRDzwsr",
      "c": [
        2225,
        1112,
        2237,
        1012
      ],
      "light": 20,
      "move": 20,
      "sight": 20,
      "sound": 20,
      "dir": 0,
      "door": 0,
      "ds": 0,
      "flags": {},
      "threshold": {
        "light": null,
        "sight": null,
        "sound": null,
        "attenuation": false
      },
      "_key": "!scenes.walls!t520YPkUPawUpqR1.xeJAEUzPohRDzwsr"
    },
    {
      "_id": "mI2jMQYq3L5JXavZ",
      "c": [
        2237,
        1012,
        2300,
        975
      ],
      "light": 20,
      "move": 20,
      "sight": 20,
      "sound": 20,
      "dir": 0,
      "door": 0,
      "ds": 0,
      "flags": {},
      "threshold": {
        "light": null,
        "sight": null,
        "sound": null,
        "attenuation": false
      },
      "_key": "!scenes.walls!t520YPkUPawUpqR1.mI2jMQYq3L5JXavZ"
    },
    {
      "_id": "rVNG9hEKvVwooy6n",
      "c": [
        2300,
        975,
        2387,
        950
      ],
      "light": 20,
      "move": 20,
      "sight": 20,
      "sound": 20,
      "dir": 0,
      "door": 0,
      "ds": 0,
      "flags": {},
      "threshold": {
        "light": null,
        "sight": null,
        "sound": null,
        "attenuation": false
      },
      "_key": "!scenes.walls!t520YPkUPawUpqR1.rVNG9hEKvVwooy6n"
    },
    {
      "_id": "RZMFWyQPvF5ULCCZ",
      "c": [
        2387,
        950,
        2462,
        912
      ],
      "light": 20,
      "move": 20,
      "sight": 20,
      "sound": 20,
      "dir": 0,
      "door": 0,
      "ds": 0,
      "flags": {},
      "threshold": {
        "light": null,
        "sight": null,
        "sound": null,
        "attenuation": false
      },
      "_key": "!scenes.walls!t520YPkUPawUpqR1.RZMFWyQPvF5ULCCZ"
    },
    {
      "_id": "qww7jdo1TXdtmQgA",
      "c": [
        2462,
        912,
        2612,
        875
      ],
      "light": 20,
      "move": 20,
      "sight": 20,
      "sound": 20,
      "dir": 0,
      "door": 0,
      "ds": 0,
      "flags": {},
      "threshold": {
        "light": null,
        "sight": null,
        "sound": null,
        "attenuation": false
      },
      "_key": "!scenes.walls!t520YPkUPawUpqR1.qww7jdo1TXdtmQgA"
    },
    {
      "_id": "GPa6Y44VHfT2hBMY",
      "c": [
        2612,
        875,
        2700,
        925
      ],
      "light": 20,
      "move": 20,
      "sight": 20,
      "sound": 20,
      "dir": 0,
      "door": 0,
      "ds": 0,
      "flags": {},
      "threshold": {
        "light": null,
        "sight": null,
        "sound": null,
        "attenuation": false
      },
      "_key": "!scenes.walls!t520YPkUPawUpqR1.GPa6Y44VHfT2hBMY"
    },
    {
      "_id": "c8EbK13NoElF2RWm",
      "c": [
        2700,
        1150,
        2650,
        1125
      ],
      "light": 20,
      "move": 20,
      "sight": 20,
      "sound": 20,
      "dir": 0,
      "door": 0,
      "ds": 0,
      "flags": {},
      "threshold": {
        "light": null,
        "sight": null,
        "sound": null,
        "attenuation": false
      },
      "_key": "!scenes.walls!t520YPkUPawUpqR1.c8EbK13NoElF2RWm"
    },
    {
      "_id": "ydvXJ1EzmMi68wCn",
      "c": [
        2650,
        1125,
        2512,
        1125
      ],
      "light": 20,
      "move": 20,
      "sight": 20,
      "sound": 20,
      "dir": 0,
      "door": 0,
      "ds": 0,
      "flags": {},
      "threshold": {
        "light": null,
        "sight": null,
        "sound": null,
        "attenuation": false
      },
      "_key": "!scenes.walls!t520YPkUPawUpqR1.ydvXJ1EzmMi68wCn"
    },
    {
      "_id": "QWIt8pA6gjJW2KKU",
      "c": [
        2512,
        1125,
        2450,
        1187
      ],
      "light": 20,
      "move": 20,
      "sight": 20,
      "sound": 20,
      "dir": 0,
      "door": 0,
      "ds": 0,
      "flags": {},
      "threshold": {
        "light": null,
        "sight": null,
        "sound": null,
        "attenuation": false
      },
      "_key": "!scenes.walls!t520YPkUPawUpqR1.QWIt8pA6gjJW2KKU"
    },
    {
      "_id": "tVsCLqi2V4XOdVlB",
      "c": [
        2450,
        1187,
        2375,
        1312
      ],
      "light": 20,
      "move": 20,
      "sight": 20,
      "sound": 20,
      "dir": 0,
      "door": 0,
      "ds": 0,
      "flags": {},
      "threshold": {
        "light": null,
        "sight": null,
        "sound": null,
        "attenuation": false
      },
      "_key": "!scenes.walls!t520YPkUPawUpqR1.tVsCLqi2V4XOdVlB"
    },
    {
      "_id": "BELthfoRgftJ6J4e",
      "c": [
        2375,
        1312,
        2375,
        1387
      ],
      "light": 20,
      "move": 20,
      "sight": 20,
      "sound": 20,
      "dir": 0,
      "door": 0,
      "ds": 0,
      "flags": {},
      "threshold": {
        "light": null,
        "sight": null,
        "sound": null,
        "attenuation": false
      },
      "_key": "!scenes.walls!t520YPkUPawUpqR1.BELthfoRgftJ6J4e"
    },
    {
      "_id": "c4EqHyIWBNsKDIRl",
      "c": [
        2375,
        1387,
        2325,
        1500
      ],
      "light": 20,
      "move": 20,
      "sight": 20,
      "sound": 20,
      "dir": 0,
      "door": 0,
      "ds": 0,
      "flags": {},
      "threshold": {
        "light": null,
        "sight": null,
        "sound": null,
        "attenuation": false
      },
      "_key": "!scenes.walls!t520YPkUPawUpqR1.c4EqHyIWBNsKDIRl"
    },
    {
      "_id": "ant7KLmW3WBphcHI",
      "c": [
        2325,
        1500,
        2262,
        1575
      ],
      "light": 20,
      "move": 20,
      "sight": 20,
      "sound": 20,
      "dir": 0,
      "door": 0,
      "ds": 0,
      "flags": {},
      "threshold": {
        "light": null,
        "sight": null,
        "sound": null,
        "attenuation": false
      },
      "_key": "!scenes.walls!t520YPkUPawUpqR1.ant7KLmW3WBphcHI"
    },
    {
      "_id": "5y6PWGz5O60jigCh",
      "c": [
        2262,
        1575,
        2262,
        1712
      ],
      "light": 20,
      "move": 20,
      "sight": 20,
      "sound": 20,
      "dir": 0,
      "door": 0,
      "ds": 0,
      "flags": {},
      "threshold": {
        "light": null,
        "sight": null,
        "sound": null,
        "attenuation": false
      },
      "_key": "!scenes.walls!t520YPkUPawUpqR1.5y6PWGz5O60jigCh"
    },
    {
      "_id": "69OJPkkcp6Z56LE8",
      "c": [
        2262,
        1712,
        2212,
        1850
      ],
      "light": 20,
      "move": 20,
      "sight": 20,
      "sound": 20,
      "dir": 0,
      "door": 0,
      "ds": 0,
      "flags": {},
      "threshold": {
        "light": null,
        "sight": null,
        "sound": null,
        "attenuation": false
      },
      "_key": "!scenes.walls!t520YPkUPawUpqR1.69OJPkkcp6Z56LE8"
    },
    {
      "_id": "ThklWdY7JQ8PrftJ",
      "c": [
        2212,
        1850,
        2125,
        1900
      ],
      "light": 20,
      "move": 20,
      "sight": 20,
      "sound": 20,
      "dir": 0,
      "door": 0,
      "ds": 0,
      "flags": {},
      "threshold": {
        "light": null,
        "sight": null,
        "sound": null,
        "attenuation": false
      },
      "_key": "!scenes.walls!t520YPkUPawUpqR1.ThklWdY7JQ8PrftJ"
    },
    {
      "_id": "S14ol1MlR9TcU5h2",
      "c": [
        2125,
        1900,
        2125,
        1962
      ],
      "light": 20,
      "move": 20,
      "sight": 20,
      "sound": 20,
      "dir": 0,
      "door": 0,
      "ds": 0,
      "flags": {},
      "threshold": {
        "light": null,
        "sight": null,
        "sound": null,
        "attenuation": false
      },
      "_key": "!scenes.walls!t520YPkUPawUpqR1.S14ol1MlR9TcU5h2"
    },
    {
      "_id": "XEev9mbJKV848lZq",
      "c": [
        2125,
        1962,
        2187,
        1987
      ],
      "light": 20,
      "move": 20,
      "sight": 20,
      "sound": 20,
      "dir": 0,
      "door": 0,
      "ds": 0,
      "flags": {},
      "threshold": {
        "light": null,
        "sight": null,
        "sound": null,
        "attenuation": false
      },
      "_key": "!scenes.walls!t520YPkUPawUpqR1.XEev9mbJKV848lZq"
    },
    {
      "_id": "Mry3DZtiAtna4xs2",
      "c": [
        2187,
        1987,
        2200,
        2075
      ],
      "light": 20,
      "move": 20,
      "sight": 20,
      "sound": 20,
      "dir": 0,
      "door": 0,
      "ds": 0,
      "flags": {},
      "threshold": {
        "light": null,
        "sight": null,
        "sound": null,
        "attenuation": false
      },
      "_key": "!scenes.walls!t520YPkUPawUpqR1.Mry3DZtiAtna4xs2"
    },
    {
      "_id": "BBn8voV0JvRsh2LV",
      "c": [
        2200,
        2075,
        2300,
        2150
      ],
      "light": 20,
      "move": 20,
      "sight": 20,
      "sound": 20,
      "dir": 0,
      "door": 0,
      "ds": 0,
      "flags": {},
      "threshold": {
        "light": null,
        "sight": null,
        "sound": null,
        "attenuation": false
      },
      "_key": "!scenes.walls!t520YPkUPawUpqR1.BBn8voV0JvRsh2LV"
    },
    {
      "_id": "cnu7ldrLsaxAbvTZ",
      "c": [
        2300,
        2150,
        2287,
        2225
      ],
      "light": 20,
      "move": 20,
      "sight": 20,
      "sound": 20,
      "dir": 0,
      "door": 0,
      "ds": 0,
      "flags": {},
      "threshold": {
        "light": null,
        "sight": null,
        "sound": null,
        "attenuation": false
      },
      "_key": "!scenes.walls!t520YPkUPawUpqR1.cnu7ldrLsaxAbvTZ"
    },
    {
      "_id": "jR0JmkEUvM5vlSBZ",
      "c": [
        2287,
        2225,
        2237,
        2362
      ],
      "light": 20,
      "move": 20,
      "sight": 20,
      "sound": 20,
      "dir": 0,
      "door": 0,
      "ds": 0,
      "flags": {},
      "threshold": {
        "light": null,
        "sight": null,
        "sound": null,
        "attenuation": false
      },
      "_key": "!scenes.walls!t520YPkUPawUpqR1.jR0JmkEUvM5vlSBZ"
    },
    {
      "_id": "rhy65pyaXEDQGoMR",
      "c": [
        2237,
        2362,
        2362,
        2362
      ],
      "light": 20,
      "move": 20,
      "sight": 20,
      "sound": 20,
      "dir": 0,
      "door": 0,
      "ds": 0,
      "flags": {},
      "threshold": {
        "light": null,
        "sight": null,
        "sound": null,
        "attenuation": false
      },
      "_key": "!scenes.walls!t520YPkUPawUpqR1.rhy65pyaXEDQGoMR"
    },
    {
      "_id": "uMlKIHOsFQrV0Q3n",
      "c": [
        2362,
        2362,
        2362,
        1787
      ],
      "light": 20,
      "move": 20,
      "sight": 20,
      "sound": 20,
      "dir": 0,
      "door": 0,
      "ds": 0,
      "flags": {},
      "threshold": {
        "light": null,
        "sight": null,
        "sound": null,
        "attenuation": false
      },
      "_key": "!scenes.walls!t520YPkUPawUpqR1.uMlKIHOsFQrV0Q3n"
    },
    {
      "_id": "OpTPVyhC0akb1IJp",
      "c": [
        2362,
        1787,
        2450,
        1725
      ],
      "light": 20,
      "move": 20,
      "sight": 20,
      "sound": 20,
      "dir": 0,
      "door": 0,
      "ds": 0,
      "flags": {},
      "threshold": {
        "light": null,
        "sight": null,
        "sound": null,
        "attenuation": false
      },
      "_key": "!scenes.walls!t520YPkUPawUpqR1.OpTPVyhC0akb1IJp"
    },
    {
      "_id": "2upZYuQckmB5rGWF",
      "c": [
        2450,
        1725,
        2587,
        1725
      ],
      "light": 20,
      "move": 20,
      "sight": 20,
      "sound": 20,
      "dir": 0,
      "door": 0,
      "ds": 0,
      "flags": {},
      "threshold": {
        "light": null,
        "sight": null,
        "sound": null,
        "attenuation": false
      },
      "_key": "!scenes.walls!t520YPkUPawUpqR1.2upZYuQckmB5rGWF"
    },
    {
      "_id": "RuGJkY5QOXyeJz7e",
      "c": [
        2587,
        1725,
        2625,
        1762
      ],
      "light": 20,
      "move": 20,
      "sight": 20,
      "sound": 20,
      "dir": 0,
      "door": 0,
      "ds": 0,
      "flags": {},
      "threshold": {
        "light": null,
        "sight": null,
        "sound": null,
        "attenuation": false
      },
      "_key": "!scenes.walls!t520YPkUPawUpqR1.RuGJkY5QOXyeJz7e"
    },
    {
      "_id": "Vb4RyjBpSg2JfK3U",
      "c": [
        2625,
        1762,
        2637,
        2375
      ],
      "light": 20,
      "move": 20,
      "sight": 20,
      "sound": 20,
      "dir": 0,
      "door": 0,
      "ds": 0,
      "flags": {},
      "threshold": {
        "light": null,
        "sight": null,
        "sound": null,
        "attenuation": false
      },
      "_key": "!scenes.walls!t520YPkUPawUpqR1.Vb4RyjBpSg2JfK3U"
    },
    {
      "_id": "9UGDyZ0cJ3bKERsx",
      "c": [
        2637,
        2375,
        2700,
        2375
      ],
      "light": 20,
      "move": 20,
      "sight": 20,
      "sound": 20,
      "dir": 0,
      "door": 0,
      "ds": 0,
      "flags": {},
      "threshold": {
        "light": null,
        "sight": null,
        "sound": null,
        "attenuation": false
      },
      "_key": "!scenes.walls!t520YPkUPawUpqR1.9UGDyZ0cJ3bKERsx"
    },
    {
      "_id": "4OVpqh6pTj69jEgI",
      "c": [
        2700,
        2637,
        2625,
        2637
      ],
      "light": 20,
      "move": 20,
      "sight": 20,
      "sound": 20,
      "dir": 0,
      "door": 0,
      "ds": 0,
      "flags": {},
      "threshold": {
        "light": null,
        "sight": null,
        "sound": null,
        "attenuation": false
      },
      "_key": "!scenes.walls!t520YPkUPawUpqR1.4OVpqh6pTj69jEgI"
    },
    {
      "_id": "zHTJNJ5M12Blw0pU",
      "c": [
        2625,
        2637,
        2625,
        3050
      ],
      "light": 20,
      "move": 20,
      "sight": 20,
      "sound": 20,
      "dir": 0,
      "door": 0,
      "ds": 0,
      "flags": {},
      "threshold": {
        "light": null,
        "sight": null,
        "sound": null,
        "attenuation": false
      },
      "_key": "!scenes.walls!t520YPkUPawUpqR1.zHTJNJ5M12Blw0pU"
    },
    {
      "_id": "FDX91ux2g6mdK7I9",
      "c": [
        2625,
        3050,
        2587,
        3187
      ],
      "light": 20,
      "move": 20,
      "sight": 20,
      "sound": 20,
      "dir": 0,
      "door": 0,
      "ds": 0,
      "flags": {},
      "threshold": {
        "light": null,
        "sight": null,
        "sound": null,
        "attenuation": false
      },
      "_key": "!scenes.walls!t520YPkUPawUpqR1.FDX91ux2g6mdK7I9"
    },
    {
      "_id": "gyWv5bYU2R63zSmY",
      "c": [
        2587,
        3187,
        2487,
        3250
      ],
      "light": 20,
      "move": 20,
      "sight": 20,
      "sound": 20,
      "dir": 0,
      "door": 0,
      "ds": 0,
      "flags": {},
      "threshold": {
        "light": null,
        "sight": null,
        "sound": null,
        "attenuation": false
      },
      "_key": "!scenes.walls!t520YPkUPawUpqR1.gyWv5bYU2R63zSmY"
    },
    {
      "_id": "pyJx2b9OhHLVQj2P",
      "c": [
        2487,
        3250,
        2412,
        3200
      ],
      "light": 20,
      "move": 20,
      "sight": 20,
      "sound": 20,
      "dir": 0,
      "door": 0,
      "ds": 0,
      "flags": {},
      "threshold": {
        "light": null,
        "sight": null,
        "sound": null,
        "attenuation": false
      },
      "_key": "!scenes.walls!t520YPkUPawUpqR1.pyJx2b9OhHLVQj2P"
    },
    {
      "_id": "0gubZGROqg5K585X",
      "c": [
        2412,
        3200,
        2362,
        3087
      ],
      "light": 20,
      "move": 20,
      "sight": 20,
      "sound": 20,
      "dir": 0,
      "door": 0,
      "ds": 0,
      "flags": {},
      "threshold": {
        "light": null,
        "sight": null,
        "sound": null,
        "attenuation": false
      },
      "_key": "!scenes.walls!t520YPkUPawUpqR1.0gubZGROqg5K585X"
    },
    {
      "_id": "6q7plP3s0Z7MkJ5O",
      "c": [
        2362,
        3087,
        2362,
        2625
      ],
      "light": 20,
      "move": 20,
      "sight": 20,
      "sound": 20,
      "dir": 0,
      "door": 0,
      "ds": 0,
      "flags": {},
      "threshold": {
        "light": null,
        "sight": null,
        "sound": null,
        "attenuation": false
      },
      "_key": "!scenes.walls!t520YPkUPawUpqR1.6q7plP3s0Z7MkJ5O"
    },
    {
      "_id": "3g9SOar6hR3gV9Vt",
      "c": [
        2362,
        2625,
        2225,
        2650
      ],
      "light": 20,
      "move": 20,
      "sight": 20,
      "sound": 20,
      "dir": 0,
      "door": 0,
      "ds": 0,
      "flags": {},
      "threshold": {
        "light": null,
        "sight": null,
        "sound": null,
        "attenuation": false
      },
      "_key": "!scenes.walls!t520YPkUPawUpqR1.3g9SOar6hR3gV9Vt"
    },
    {
      "_id": "NGC7dMKOXE6JSDlZ",
      "c": [
        2225,
        2650,
        2262,
        2700
      ],
      "light": 20,
      "move": 20,
      "sight": 20,
      "sound": 20,
      "dir": 0,
      "door": 0,
      "ds": 0,
      "flags": {},
      "threshold": {
        "light": null,
        "sight": null,
        "sound": null,
        "attenuation": false
      },
      "_key": "!scenes.walls!t520YPkUPawUpqR1.NGC7dMKOXE6JSDlZ"
    },
    {
      "_id": "PvRwuihRgwZajAN2",
      "c": [
        2262,
        2700,
        2237,
        2837
      ],
      "light": 20,
      "move": 20,
      "sight": 20,
      "sound": 20,
      "dir": 0,
      "door": 0,
      "ds": 0,
      "flags": {},
      "threshold": {
        "light": null,
        "sight": null,
        "sound": null,
        "attenuation": false
      },
      "_key": "!scenes.walls!t520YPkUPawUpqR1.PvRwuihRgwZajAN2"
    },
    {
      "_id": "4rHi9qYWIQmMH5D8",
      "c": [
        2237,
        2837,
        2212,
        2862
      ],
      "light": 20,
      "move": 20,
      "sight": 20,
      "sound": 20,
      "dir": 0,
      "door": 0,
      "ds": 0,
      "flags": {},
      "threshold": {
        "light": null,
        "sight": null,
        "sound": null,
        "attenuation": false
      },
      "_key": "!scenes.walls!t520YPkUPawUpqR1.4rHi9qYWIQmMH5D8"
    },
    {
      "_id": "q3cjDK191DLDEkQZ",
      "c": [
        2212,
        2862,
        2250,
        2962
      ],
      "light": 20,
      "move": 20,
      "sight": 20,
      "sound": 20,
      "dir": 0,
      "door": 0,
      "ds": 0,
      "flags": {},
      "threshold": {
        "light": null,
        "sight": null,
        "sound": null,
        "attenuation": false
      },
      "_key": "!scenes.walls!t520YPkUPawUpqR1.q3cjDK191DLDEkQZ"
    },
    {
      "_id": "OV501tkbEKlDdLQO",
      "c": [
        2250,
        2962,
        2187,
        3050
      ],
      "light": 20,
      "move": 20,
      "sight": 20,
      "sound": 20,
      "dir": 0,
      "door": 0,
      "ds": 0,
      "flags": {},
      "threshold": {
        "light": null,
        "sight": null,
        "sound": null,
        "attenuation": false
      },
      "_key": "!scenes.walls!t520YPkUPawUpqR1.OV501tkbEKlDdLQO"
    },
    {
      "_id": "QZyj5OuP2hQxw3lE",
      "c": [
        2187,
        3050,
        2150,
        3050
      ],
      "light": 20,
      "move": 20,
      "sight": 20,
      "sound": 20,
      "dir": 0,
      "door": 0,
      "ds": 0,
      "flags": {},
      "threshold": {
        "light": null,
        "sight": null,
        "sound": null,
        "attenuation": false
      },
      "_key": "!scenes.walls!t520YPkUPawUpqR1.QZyj5OuP2hQxw3lE"
    },
    {
      "_id": "XbqWcvvotQw2jil4",
      "c": [
        2150,
        3050,
        2125,
        3125
      ],
      "light": 20,
      "move": 20,
      "sight": 20,
      "sound": 20,
      "dir": 0,
      "door": 0,
      "ds": 0,
      "flags": {},
      "threshold": {
        "light": null,
        "sight": null,
        "sound": null,
        "attenuation": false
      },
      "_key": "!scenes.walls!t520YPkUPawUpqR1.XbqWcvvotQw2jil4"
    },
    {
      "_id": "GNkMgDdfgIdr6wRv",
      "c": [
        2125,
        3125,
        2050,
        3137
      ],
      "light": 20,
      "move": 20,
      "sight": 20,
      "sound": 20,
      "dir": 0,
      "door": 0,
      "ds": 0,
      "flags": {},
      "threshold": {
        "light": null,
        "sight": null,
        "sound": null,
        "attenuation": false
      },
      "_key": "!scenes.walls!t520YPkUPawUpqR1.GNkMgDdfgIdr6wRv"
    },
    {
      "_id": "rY0O2Ngo2EwdYwpZ",
      "c": [
        2050,
        3137,
        2025,
        3162
      ],
      "light": 20,
      "move": 20,
      "sight": 20,
      "sound": 20,
      "dir": 0,
      "door": 0,
      "ds": 0,
      "flags": {},
      "threshold": {
        "light": null,
        "sight": null,
        "sound": null,
        "attenuation": false
      },
      "_key": "!scenes.walls!t520YPkUPawUpqR1.rY0O2Ngo2EwdYwpZ"
    },
    {
      "_id": "MJkvH3S9qiLPZx4q",
      "c": [
        2025,
        3162,
        1962,
        3175
      ],
      "light": 20,
      "move": 20,
      "sight": 20,
      "sound": 20,
      "dir": 0,
      "door": 0,
      "ds": 0,
      "flags": {},
      "threshold": {
        "light": null,
        "sight": null,
        "sound": null,
        "attenuation": false
      },
      "_key": "!scenes.walls!t520YPkUPawUpqR1.MJkvH3S9qiLPZx4q"
    },
    {
      "_id": "IEoQWhWgshlpysyc",
      "c": [
        1962,
        3175,
        1937,
        3150
      ],
      "light": 20,
      "move": 20,
      "sight": 20,
      "sound": 20,
      "dir": 0,
      "door": 0,
      "ds": 0,
      "flags": {},
      "threshold": {
        "light": null,
        "sight": null,
        "sound": null,
        "attenuation": false
      },
      "_key": "!scenes.walls!t520YPkUPawUpqR1.IEoQWhWgshlpysyc"
    },
    {
      "_id": "buJXjta0THPy0LZN",
      "c": [
        1937,
        3150,
        1900,
        3175
      ],
      "light": 20,
      "move": 20,
      "sight": 20,
      "sound": 20,
      "dir": 0,
      "door": 0,
      "ds": 0,
      "flags": {},
      "threshold": {
        "light": null,
        "sight": null,
        "sound": null,
        "attenuation": false
      },
      "_key": "!scenes.walls!t520YPkUPawUpqR1.buJXjta0THPy0LZN"
    },
    {
      "_id": "Tm6CnzbvgxPGvWrl",
      "c": [
        1900,
        3175,
        1900,
        3225
      ],
      "light": 20,
      "move": 20,
      "sight": 20,
      "sound": 20,
      "dir": 0,
      "door": 0,
      "ds": 0,
      "flags": {},
      "threshold": {
        "light": null,
        "sight": null,
        "sound": null,
        "attenuation": false
      },
      "_key": "!scenes.walls!t520YPkUPawUpqR1.Tm6CnzbvgxPGvWrl"
    },
    {
      "_id": "xscEIYteLeJeHQSG",
      "c": [
        1900,
        3225,
        1775,
        3275
      ],
      "light": 20,
      "move": 20,
      "sight": 20,
      "sound": 20,
      "dir": 0,
      "door": 0,
      "ds": 0,
      "flags": {},
      "threshold": {
        "light": null,
        "sight": null,
        "sound": null,
        "attenuation": false
      },
      "_key": "!scenes.walls!t520YPkUPawUpqR1.xscEIYteLeJeHQSG"
    },
    {
      "_id": "eqDpEkZxEKSvYeFx",
      "c": [
        1775,
        3275,
        1725,
        3425
      ],
      "light": 20,
      "move": 20,
      "sight": 20,
      "sound": 20,
      "dir": 0,
      "door": 0,
      "ds": 0,
      "flags": {},
      "threshold": {
        "light": null,
        "sight": null,
        "sound": null,
        "attenuation": false
      },
      "_key": "!scenes.walls!t520YPkUPawUpqR1.eqDpEkZxEKSvYeFx"
    },
    {
      "_id": "Gs6BJs6w8adF2NDg",
      "c": [
        1725,
        3425,
        1762,
        3525
      ],
      "light": 20,
      "move": 20,
      "sight": 20,
      "sound": 20,
      "dir": 0,
      "door": 0,
      "ds": 0,
      "flags": {},
      "threshold": {
        "light": null,
        "sight": null,
        "sound": null,
        "attenuation": false
      },
      "_key": "!scenes.walls!t520YPkUPawUpqR1.Gs6BJs6w8adF2NDg"
    },
    {
      "_id": "sI33fNMiKzhrvR0f",
      "c": [
        1762,
        3525,
        1712,
        3800
      ],
      "light": 20,
      "move": 20,
      "sight": 20,
      "sound": 20,
      "dir": 0,
      "door": 0,
      "ds": 0,
      "flags": {},
      "threshold": {
        "light": null,
        "sight": null,
        "sound": null,
        "attenuation": false
      },
      "_key": "!scenes.walls!t520YPkUPawUpqR1.sI33fNMiKzhrvR0f"
    },
    {
      "_id": "2g8V1DzK7NM8flEN",
      "c": [
        1375,
        2425,
        1325,
        2462
      ],
      "light": 20,
      "move": 20,
      "sight": 20,
      "sound": 20,
      "dir": 0,
      "door": 0,
      "ds": 0,
      "flags": {},
      "threshold": {
        "light": null,
        "sight": null,
        "sound": null,
        "attenuation": false
      },
      "_key": "!scenes.walls!t520YPkUPawUpqR1.2g8V1DzK7NM8flEN"
    },
    {
      "_id": "oA8eRoqBk6T2GDdO",
      "c": [
        1325,
        2462,
        1350,
        2500
      ],
      "light": 20,
      "move": 20,
      "sight": 20,
      "sound": 20,
      "dir": 0,
      "door": 0,
      "ds": 0,
      "flags": {},
      "threshold": {
        "light": null,
        "sight": null,
        "sound": null,
        "attenuation": false
      },
      "_key": "!scenes.walls!t520YPkUPawUpqR1.oA8eRoqBk6T2GDdO"
    },
    {
      "_id": "O3QbyA3xnvYhRT9x",
      "c": [
        1350,
        2500,
        1387,
        2512
      ],
      "light": 20,
      "move": 20,
      "sight": 20,
      "sound": 20,
      "dir": 0,
      "door": 0,
      "ds": 0,
      "flags": {},
      "threshold": {
        "light": null,
        "sight": null,
        "sound": null,
        "attenuation": false
      },
      "_key": "!scenes.walls!t520YPkUPawUpqR1.O3QbyA3xnvYhRT9x"
    },
    {
      "_id": "0cIjBOvZSkFkDcVm",
      "c": [
        1387,
        2512,
        1412,
        2500
      ],
      "light": 20,
      "move": 20,
      "sight": 20,
      "sound": 20,
      "dir": 0,
      "door": 0,
      "ds": 0,
      "flags": {},
      "threshold": {
        "light": null,
        "sight": null,
        "sound": null,
        "attenuation": false
      },
      "_key": "!scenes.walls!t520YPkUPawUpqR1.0cIjBOvZSkFkDcVm"
    },
    {
      "_id": "BEcwHNosNtocY5f3",
      "c": [
        1412,
        2500,
        1375,
        2425
      ],
      "light": 20,
      "move": 20,
      "sight": 20,
      "sound": 20,
      "dir": 0,
      "door": 0,
      "ds": 0,
      "flags": {},
      "threshold": {
        "light": null,
        "sight": null,
        "sound": null,
        "attenuation": false
      },
      "_key": "!scenes.walls!t520YPkUPawUpqR1.BEcwHNosNtocY5f3"
    },
    {
      "_id": "aRqE6mfA3gYZvZK9",
      "c": [
        2700,
        3800,
        600,
        3800
      ],
      "light": 20,
      "move": 20,
      "sight": 20,
      "sound": 20,
      "dir": 0,
      "door": 0,
      "ds": 0,
      "flags": {},
      "threshold": {
        "light": null,
        "sight": null,
        "sound": null,
        "attenuation": false
      },
      "_key": "!scenes.walls!t520YPkUPawUpqR1.aRqE6mfA3gYZvZK9"
    },
    {
      "_id": "NCSjE5jjJPluQWjT",
      "c": [
        600,
        3800,
        600,
        800
      ],
      "light": 20,
      "move": 20,
      "sight": 20,
      "sound": 20,
      "dir": 0,
      "door": 0,
      "ds": 0,
      "flags": {},
      "threshold": {
        "light": null,
        "sight": null,
        "sound": null,
        "attenuation": false
      },
      "_key": "!scenes.walls!t520YPkUPawUpqR1.NCSjE5jjJPluQWjT"
    },
    {
      "_id": "Koom78irqG5IAOrG",
      "c": [
        600,
        800,
        2700,
        800
      ],
      "light": 20,
      "move": 20,
      "sight": 20,
      "sound": 20,
      "dir": 0,
      "door": 0,
      "ds": 0,
      "flags": {},
      "threshold": {
        "light": null,
        "sight": null,
        "sound": null,
        "attenuation": false
      },
      "_key": "!scenes.walls!t520YPkUPawUpqR1.Koom78irqG5IAOrG"
    },
    {
      "_id": "AEA7b1ubElJagEVt",
      "c": [
        2700,
        800,
        2700,
        3800
      ],
      "light": 20,
      "move": 20,
      "sight": 20,
      "sound": 20,
      "dir": 0,
      "door": 0,
      "ds": 0,
      "flags": {},
      "threshold": {
        "light": null,
        "sight": null,
        "sound": null,
        "attenuation": false
      },
      "_key": "!scenes.walls!t520YPkUPawUpqR1.AEA7b1ubElJagEVt"
    },
    {
      "_id": "j0NKdekUIVFtVSy3",
      "c": [
        2237,
        2362,
        2175,
        2450
      ],
      "light": 20,
      "move": 20,
      "sight": 20,
      "sound": 0,
      "dir": 0,
      "door": 0,
      "ds": 0,
      "flags": {
        "tagger": {
          "tags": [
            "wall"
          ]
        },
        "monks-active-tiles": {
          "entity": {},
          "open": false,
          "close": false,
          "lock": false,
          "checklock": false,
          "secret": false
        }
      },
      "threshold": {
        "light": null,
        "sight": null,
        "sound": null,
        "attenuation": false
      },
      "_key": "!scenes.walls!t520YPkUPawUpqR1.j0NKdekUIVFtVSy3"
    },
    {
      "_id": "5Eh0jfMYr5In20za",
      "c": [
        2175,
        2450,
        2175,
        2537
      ],
      "light": 20,
      "move": 20,
      "sight": 20,
      "sound": 0,
      "dir": 0,
      "door": 0,
      "ds": 0,
      "flags": {
        "tagger": {
          "tags": [
            "wall"
          ]
        },
        "monks-active-tiles": {
          "entity": {},
          "open": false,
          "close": false,
          "lock": false,
          "checklock": false,
          "secret": false
        }
      },
      "threshold": {
        "light": null,
        "sight": null,
        "sound": null,
        "attenuation": false
      },
      "_key": "!scenes.walls!t520YPkUPawUpqR1.5Eh0jfMYr5In20za"
    },
    {
      "_id": "acOpZjfsvBQw5iRO",
      "c": [
        2175,
        2537,
        2225,
        2650
      ],
      "light": 20,
      "move": 20,
      "sight": 20,
      "sound": 0,
      "dir": 0,
      "door": 0,
      "ds": 0,
      "flags": {
        "tagger": {
          "tags": [
            "wall"
          ]
        },
        "monks-active-tiles": {
          "entity": {},
          "open": false,
          "close": false,
          "lock": false,
          "checklock": false,
          "secret": false
        }
      },
      "threshold": {
        "light": null,
        "sight": null,
        "sound": null,
        "attenuation": false
      },
      "_key": "!scenes.walls!t520YPkUPawUpqR1.acOpZjfsvBQw5iRO"
    }
  ],
  "playlist": null,
  "playlistSound": null,
  "journal": null,
  "journalEntryPage": null,
  "weather": "",
  "flags": {},
  "_stats": {
    "systemId": "dnd5e",
    "systemVersion": "2.4.1",
    "coreVersion": "12.330",
    "createdTime": 1670367767022,
    "modifiedTime": 1723946803705,
    "lastModifiedBy": "dnd5ebuilder0000",
    "compendiumSource": "Compendium.fa-battlemaps.maps.t520YPkUPawUpqR1",
    "duplicateSource": null
  },
  "_id": "t520YPkUPawUpqR1",
  "active": false,
  "folder": null,
  "sort": 0,
  "ownership": {
    "default": 0
  },
  "regions": [],
  "environment": {
    "globalLight": {
      "luminosity": 0,
      "enabled": false,
      "darkness": {
        "max": 1,
        "min": 0
      },
      "alpha": 0.5,
      "bright": false,
      "color": null,
      "coloration": 1,
      "saturation": 0,
      "contrast": 0,
      "shadows": 0
    },
    "darknessLevel": 0,
    "darknessLock": false,
    "cycle": true,
    "base": {
      "hue": 0,
      "intensity": 0,
      "luminosity": 0,
      "saturation": 0,
      "shadows": 0
    },
    "dark": {
      "hue": 0.7138888888888889,
      "intensity": 0,
      "luminosity": -0.25,
      "saturation": 0,
      "shadows": 0
    }
  },
  "fog": {
    "exploration": true,
    "reset": 1670367767021,
    "overlay": null,
    "colors": {
      "explored": null,
      "unexplored": null
    }
  },
  "_key": "!scenes!t520YPkUPawUpqR1"
}
