{
  "name": "Enigmatic Grave Vault [17x17]",
  "navigation": false,
  "navOrder": 0,
  "navName": "",
  "background": {
    "src": "fa_battlemaps/Maps/2023/September/fa_4_enigmaticgravevault/Maps/BG.webp",
    "scaleX": 1,
    "scaleY": 1,
    "offsetX": 0,
    "offsetY": 0,
    "rotation": 0,
    "tint": "#ffffff",
    "anchorX": 0,
    "anchorY": 0,
    "fit": "fill",
    "alphaThreshold": 0
  },
  "foreground": "fa_battlemaps/Maps/2023/September/fa_4_enigmaticgravevault/Maps/FG.webp",
  "foregroundElevation": 20,
  "thumb": "modules/fa-battlemaps/assets/scenes/tgFyqsWl8P9Y7XVL-thumb.webp",
  "width": 1700,
  "height": 1700,
  "padding": 0.25,
  "initial": {
    "x": null,
    "y": null,
    "scale": null
  },
  "backgroundColor": "#000000",
  "grid": {
    "type": 1,
    "size": 100,
    "color": "#000000",
    "alpha": 0.2,
    "distance": 5,
    "units": "ft",
    "style": "solidLines",
    "thickness": 1
  },
  "tokenVision": true,
  "drawings": [],
  "tokens": [],
  "lights": [
    {
      "x": 700,
      "y": 700,
      "rotation": 0,
      "walls": true,
      "vision": false,
      "config": {
        "alpha": 0.25,
        "angle": 360,
        "bright": 13.28,
        "color": "#191200",
        "coloration": 1,
        "dim": 26.56,
        "attenuation": 0.5,
        "luminosity": 0.5,
        "saturation": 0,
        "contrast": 0,
        "shadows": 0,
        "animation": {
          "type": "flame",
          "speed": 3,
          "intensity": 3,
          "reverse": false
        },
        "darkness": {
          "min": 0,
          "max": 1
        },
        "negative": false,
        "priority": 0
      },
      "hidden": false,
      "flags": {
        "tagger": {}
      },
      "_id": "2vAxkI4vO2Z4mGso",
      "elevation": 0,
      "_key": "!scenes.lights!tgFyqsWl8P9Y7XVL.2vAxkI4vO2Z4mGso"
    },
    {
      "x": 1997,
      "y": 895,
      "rotation": 0,
      "walls": true,
      "vision": false,
      "config": {
        "alpha": 0.25,
        "angle": 360,
        "bright": 13.28,
        "color": "#191200",
        "coloration": 1,
        "dim": 26.56,
        "attenuation": 0.5,
        "luminosity": 0,
        "saturation": 0,
        "contrast": 0,
        "shadows": 0,
        "animation": {
          "type": "flame",
          "speed": 3,
          "intensity": 3,
          "reverse": true
        },
        "darkness": {
          "min": 0,
          "max": 1
        },
        "negative": false,
        "priority": 0
      },
      "hidden": false,
      "flags": {
        "tagger": {}
      },
      "_id": "zPc8mP8U1fasVvCT",
      "elevation": 0,
      "_key": "!scenes.lights!tgFyqsWl8P9Y7XVL.zPc8mP8U1fasVvCT"
    },
    {
      "x": 1953,
      "y": 994,
      "rotation": 0,
      "walls": true,
      "vision": false,
      "config": {
        "alpha": 0.25,
        "angle": 360,
        "bright": 2,
        "color": "#191200",
        "coloration": 1,
        "dim": 2,
        "attenuation": 0.5,
        "luminosity": 0.5,
        "saturation": 0,
        "contrast": 0,
        "shadows": 0,
        "animation": {
          "type": "flame",
          "speed": 2,
          "intensity": 2,
          "reverse": false
        },
        "darkness": {
          "min": 0,
          "max": 1
        },
        "negative": false,
        "priority": 0
      },
      "hidden": false,
      "flags": {
        "tagger": {}
      },
      "_id": "InSG2VAwFKdnZuj7",
      "elevation": 0,
      "_key": "!scenes.lights!tgFyqsWl8P9Y7XVL.InSG2VAwFKdnZuj7"
    },
    {
      "x": 1954,
      "y": 894,
      "rotation": 0,
      "walls": true,
      "vision": false,
      "config": {
        "alpha": 0.25,
        "angle": 360,
        "bright": 2,
        "color": "#191200",
        "coloration": 1,
        "dim": 2,
        "attenuation": 0.5,
        "luminosity": 0.5,
        "saturation": 0,
        "contrast": 0,
        "shadows": 0,
        "animation": {
          "type": "flame",
          "speed": 2,
          "intensity": 2,
          "reverse": false
        },
        "darkness": {
          "min": 0,
          "max": 1
        },
        "negative": false,
        "priority": 0
      },
      "hidden": false,
      "flags": {
        "tagger": {}
      },
      "_id": "D9LkNWCE6JUgIyjA",
      "elevation": 0,
      "_key": "!scenes.lights!tgFyqsWl8P9Y7XVL.D9LkNWCE6JUgIyjA"
    },
    {
      "x": 1956,
      "y": 812,
      "rotation": 0,
      "walls": true,
      "vision": false,
      "config": {
        "alpha": 0.25,
        "angle": 360,
        "bright": 2,
        "color": "#191200",
        "coloration": 1,
        "dim": 2,
        "attenuation": 0.5,
        "luminosity": 0.5,
        "saturation": 0,
        "contrast": 0,
        "shadows": 0,
        "animation": {
          "type": "flame",
          "speed": 2,
          "intensity": 2,
          "reverse": false
        },
        "darkness": {
          "min": 0,
          "max": 1
        },
        "negative": false,
        "priority": 0
      },
      "hidden": false,
      "flags": {
        "tagger": {}
      },
      "_id": "scJTqhZVmfXa8Oqr",
      "elevation": 0,
      "_key": "!scenes.lights!tgFyqsWl8P9Y7XVL.scJTqhZVmfXa8Oqr"
    },
    {
      "x": 671,
      "y": 745,
      "rotation": 0,
      "walls": true,
      "vision": false,
      "config": {
        "alpha": 0.25,
        "angle": 360,
        "bright": 2,
        "color": "#191200",
        "coloration": 1,
        "dim": 2,
        "attenuation": 0.5,
        "luminosity": 0.5,
        "saturation": 0,
        "contrast": 0,
        "shadows": 0,
        "animation": {
          "type": "flame",
          "speed": 2,
          "intensity": 2,
          "reverse": false
        },
        "darkness": {
          "min": 0,
          "max": 1
        },
        "negative": false,
        "priority": 0
      },
      "hidden": false,
      "flags": {
        "tagger": {}
      },
      "_id": "auhheWsOnBhNg879",
      "elevation": 0,
      "_key": "!scenes.lights!tgFyqsWl8P9Y7XVL.auhheWsOnBhNg879"
    },
    {
      "x": 753,
      "y": 662,
      "rotation": 0,
      "walls": true,
      "vision": false,
      "config": {
        "alpha": 0.25,
        "angle": 360,
        "bright": 2,
        "color": "#191200",
        "coloration": 1,
        "dim": 2,
        "attenuation": 0.5,
        "luminosity": 0.5,
        "saturation": 0,
        "contrast": 0,
        "shadows": 0,
        "animation": {
          "type": "flame",
          "speed": 2,
          "intensity": 2,
          "reverse": false
        },
        "darkness": {
          "min": 0,
          "max": 1
        },
        "negative": false,
        "priority": 0
      },
      "hidden": false,
      "flags": {
        "tagger": {}
      },
      "_id": "7NUmMswrqqYbckpF",
      "elevation": 0,
      "_key": "!scenes.lights!tgFyqsWl8P9Y7XVL.7NUmMswrqqYbckpF"
    }
  ],
  "notes": [],
  "sounds": [
    {
      "path": "fa_battlemaps/Audio/Background_Hum.ogg",
      "x": 1350,
      "y": 1350,
      "radius": 61.32,
      "easing": false,
      "walls": false,
      "volume": 0.5,
      "darkness": {
        "min": 0,
        "max": 1
      },
      "flags": {
        "tagger": {
          "tags": ""
        }
      },
      "repeat": false,
      "hidden": false,
      "_id": "oMf5IdaaCzVgOWHc",
      "elevation": 0,
      "effects": {
        "base": {
          "intensity": 5
        },
        "muffled": {
          "intensity": 5
        }
      },
      "_key": "!scenes.sounds!tgFyqsWl8P9Y7XVL.oMf5IdaaCzVgOWHc"
    },
    {
      "path": "fa_battlemaps/Audio/C-Dungeon.ogg",
      "x": 1350,
      "y": 1400,
      "radius": 61.32,
      "easing": false,
      "walls": false,
      "volume": 0.2,
      "darkness": {
        "min": 0,
        "max": 1
      },
      "flags": {
        "tagger": {
          "tags": ""
        }
      },
      "repeat": false,
      "hidden": false,
      "_id": "nGs0r6KatymCrqs9",
      "elevation": 0,
      "effects": {
        "base": {
          "intensity": 5
        },
        "muffled": {
          "intensity": 5
        }
      },
      "_key": "!scenes.sounds!tgFyqsWl8P9Y7XVL.nGs0r6KatymCrqs9"
    }
  ],
  "templates": [],
  "tiles": [
    {
      "texture": {
        "src": "fa_battlemaps/Maps/2023/September/fa_4_enigmaticgravevault/Text/Empty.png",
        "scaleX": 1,
        "scaleY": 1,
        "offsetX": 0,
        "offsetY": 0,
        "rotation": 0,
        "tint": "#890101",
        "anchorX": 0.5,
        "anchorY": 0.5,
        "fit": "fill",
        "alphaThreshold": 0.75
      },
      "x": 1006,
      "y": 552,
      "width": 90,
      "height": 30,
      "rotation": 0,
      "alpha": 1,
      "hidden": false,
      "locked": false,
      "occlusion": {
        "mode": 1,
        "alpha": 1
      },
      "video": {
        "loop": true,
        "autoplay": true,
        "volume": 0
      },
      "flags": {
        "tagger": {},
        "monks-active-tiles": {
          "active": true,
          "record": false,
          "restriction": "all",
          "controlled": "gm",
          "trigger": [
            "",
            "dblclick"
          ],
          "allowpaused": false,
          "usealpha": false,
          "pointer": true,
          "pertoken": false,
          "minrequired": 0,
          "chance": 100,
          "fileindex": 0,
          "actions": [
            {
              "action": "alter",
              "data": {
                "entity": {
                  "id": "tile",
                  "name": "This Tile"
                },
                "collection": "tokens",
                "attribute": "texture.tint",
                "value": "='{{entity.texture.tint}}' == '#ffffff' ? '#890101' : '#ffffff'",
                "chatMessage": false,
                "rollmode": "roll"
              },
              "id": "qy8KqkdEudZYBWRX"
            },
            {
              "action": "alter",
              "data": {
                "entity": {
                  "id": "tagger:body2",
                  "match": "all",
                  "scene": "_active",
                  "name": "<i class=\"fas fa-tag fa-sm\"></i> body2"
                },
                "collection": "tokens",
                "attribute": "alpha",
                "value": "={{entity.alpha}} == 0 ? 1 : 0",
                "chatMessage": false,
                "rollmode": "roll"
              },
              "id": "1judkZc5OLhZokww"
            }
          ],
          "files": []
        }
      },
      "_id": "o9DqEzf2rLblPrLx",
      "elevation": 20,
      "sort": 9,
      "restrictions": {
        "light": false,
        "weather": false
      },
      "_key": "!scenes.tiles!tgFyqsWl8P9Y7XVL.o9DqEzf2rLblPrLx"
    },
    {
      "texture": {
        "src": "fa_battlemaps/Maps/2023/September/fa_4_enigmaticgravevault/Text/Empty.png",
        "scaleX": 1,
        "scaleY": 1,
        "offsetX": 0,
        "offsetY": 0,
        "rotation": 0,
        "tint": "#890101",
        "anchorX": 0.5,
        "anchorY": 0.5,
        "fit": "fill",
        "alphaThreshold": 0.75
      },
      "x": 642,
      "y": 1116,
      "width": 90,
      "height": 30,
      "rotation": 0,
      "alpha": 1,
      "hidden": false,
      "locked": false,
      "occlusion": {
        "mode": 1,
        "alpha": 1
      },
      "video": {
        "loop": true,
        "autoplay": true,
        "volume": 0
      },
      "flags": {
        "tagger": {},
        "monks-active-tiles": {
          "active": true,
          "record": false,
          "restriction": "all",
          "controlled": "gm",
          "trigger": [
            "",
            "dblclick"
          ],
          "allowpaused": false,
          "usealpha": false,
          "pointer": true,
          "pertoken": false,
          "minrequired": 0,
          "chance": 100,
          "fileindex": 0,
          "actions": [
            {
              "action": "alter",
              "data": {
                "entity": {
                  "id": "tile",
                  "name": "This Tile"
                },
                "collection": "tokens",
                "attribute": "texture.tint",
                "value": "='{{entity.texture.tint}}' == '#ffffff' ? '#890101' : '#ffffff'",
                "chatMessage": false,
                "rollmode": "roll"
              },
              "id": "qy8KqkdEudZYBWRX"
            },
            {
              "action": "alter",
              "data": {
                "entity": {
                  "id": "tagger:body1",
                  "match": "all",
                  "scene": "_active",
                  "name": "<i class=\"fas fa-tag fa-sm\"></i> body1"
                },
                "collection": "tokens",
                "attribute": "alpha",
                "value": "={{entity.alpha}} == 0 ? 1 : 0",
                "chatMessage": false,
                "rollmode": "roll"
              },
              "id": "1judkZc5OLhZokww"
            }
          ],
          "files": []
        }
      },
      "_id": "PUs6ll5fiZEh60SA",
      "elevation": 20,
      "sort": 8,
      "restrictions": {
        "light": false,
        "weather": false
      },
      "_key": "!scenes.tiles!tgFyqsWl8P9Y7XVL.PUs6ll5fiZEh60SA"
    },
    {
      "texture": {
        "src": "fa_battlemaps/Maps/2023/September/fa_4_enigmaticgravevault/Text/Empty.png",
        "scaleX": 1,
        "scaleY": 1,
        "offsetX": 0,
        "offsetY": 0,
        "rotation": 0,
        "tint": "#890101",
        "anchorX": 0.5,
        "anchorY": 0.5,
        "fit": "fill",
        "alphaThreshold": 0.75
      },
      "x": 1350,
      "y": 650,
      "width": 90,
      "height": 30,
      "rotation": 0,
      "alpha": 1,
      "hidden": false,
      "locked": false,
      "occlusion": {
        "mode": 1,
        "alpha": 1
      },
      "video": {
        "loop": true,
        "autoplay": true,
        "volume": 0
      },
      "flags": {
        "tagger": {},
        "monks-active-tiles": {
          "active": true,
          "record": false,
          "restriction": "all",
          "controlled": "gm",
          "trigger": [
            "",
            "dblclick"
          ],
          "allowpaused": false,
          "usealpha": false,
          "pointer": true,
          "pertoken": false,
          "minrequired": 0,
          "chance": 100,
          "fileindex": 0,
          "actions": [
            {
              "action": "alter",
              "data": {
                "entity": {
                  "id": "tile",
                  "name": "This Tile"
                },
                "collection": "tokens",
                "attribute": "texture.tint",
                "value": "='{{entity.texture.tint}}' == '#ffffff' ? '#890101' : '#ffffff'",
                "chatMessage": false,
                "rollmode": "roll"
              },
              "id": "qy8KqkdEudZYBWRX"
            },
            {
              "action": "alter",
              "data": {
                "entity": {
                  "id": "tagger:sword",
                  "match": "all",
                  "scene": "_active",
                  "name": "<i class=\"fas fa-tag fa-sm\"></i> sword"
                },
                "collection": "tokens",
                "attribute": "alpha",
                "value": "={{entity.alpha}} == 0 ? 1 : 0",
                "chatMessage": false,
                "rollmode": "roll"
              },
              "id": "1judkZc5OLhZokww"
            }
          ],
          "files": []
        }
      },
      "_id": "k1Gao83cRNylFwb0",
      "elevation": 20,
      "sort": 7,
      "restrictions": {
        "light": false,
        "weather": false
      },
      "_key": "!scenes.tiles!tgFyqsWl8P9Y7XVL.k1Gao83cRNylFwb0"
    },
    {
      "texture": {
        "src": "fa_battlemaps/Maps/2023/September/fa_4_enigmaticgravevault/Text/Empty.png",
        "scaleX": 1,
        "scaleY": 1,
        "offsetX": 0,
        "offsetY": 0,
        "rotation": 0,
        "tint": "#890101",
        "anchorX": 0.5,
        "anchorY": 0.5,
        "fit": "fill",
        "alphaThreshold": 0.75
      },
      "x": 2050,
      "y": 1800,
      "width": 90,
      "height": 30,
      "rotation": 0,
      "alpha": 1,
      "hidden": false,
      "locked": false,
      "occlusion": {
        "mode": 1,
        "alpha": 1
      },
      "video": {
        "loop": true,
        "autoplay": true,
        "volume": 0
      },
      "flags": {
        "tagger": {},
        "monks-active-tiles": {
          "active": true,
          "record": false,
          "restriction": "all",
          "controlled": "gm",
          "trigger": [
            "",
            "dblclick"
          ],
          "allowpaused": false,
          "usealpha": false,
          "pointer": true,
          "pertoken": false,
          "minrequired": 0,
          "chance": 100,
          "fileindex": 0,
          "actions": [
            {
              "action": "alter",
              "data": {
                "entity": {
                  "id": "tile",
                  "name": "This Tile"
                },
                "collection": "tokens",
                "attribute": "texture.tint",
                "value": "='{{entity.texture.tint}}' == '#ffffff' ? '#890101' : '#ffffff'",
                "chatMessage": false,
                "rollmode": "roll"
              },
              "id": "qy8KqkdEudZYBWRX"
            },
            {
              "action": "alter",
              "data": {
                "entity": {
                  "id": "tagger:bones",
                  "match": "all",
                  "scene": "_active",
                  "name": "<i class=\"fas fa-tag fa-sm\"></i> bones"
                },
                "collection": "tokens",
                "attribute": "alpha",
                "value": "={{entity.alpha}} == 0 ? 1 : 0",
                "chatMessage": false,
                "rollmode": "roll"
              },
              "id": "1judkZc5OLhZokww"
            }
          ],
          "files": []
        }
      },
      "_id": "ZtWDjBg9ePwJpYDC",
      "elevation": 20,
      "sort": 6,
      "restrictions": {
        "light": false,
        "weather": false
      },
      "_key": "!scenes.tiles!tgFyqsWl8P9Y7XVL.ZtWDjBg9ePwJpYDC"
    },
    {
      "texture": {
        "src": "fa_battlemaps/Maps/2023/September/fa_4_enigmaticgravevault/Tiles/2.webp",
        "scaleX": 1,
        "scaleY": 1,
        "offsetX": 0,
        "offsetY": 0,
        "rotation": 0,
        "tint": "#ffffff",
        "anchorX": 0.5,
        "anchorY": 0.5,
        "fit": "fill",
        "alphaThreshold": 0.75
      },
      "x": 1000,
      "y": 600,
      "width": 100,
      "height": 200,
      "_id": "xXJAvAoeqLhlqDe5",
      "rotation": 0,
      "alpha": 0,
      "hidden": false,
      "locked": false,
      "occlusion": {
        "mode": 0,
        "alpha": 1
      },
      "video": {
        "loop": true,
        "autoplay": true,
        "volume": 0
      },
      "flags": {
        "tagger": {
          "tags": [
            "body2"
          ]
        },
        "monks-active-tiles": {
          "active": true,
          "record": false,
          "restriction": "all",
          "controlled": "gm",
          "trigger": [
            "enter"
          ],
          "allowpaused": false,
          "usealpha": false,
          "pointer": false,
          "pertoken": false,
          "minrequired": 0,
          "chance": 100,
          "fileindex": -1,
          "actions": [],
          "files": []
        }
      },
      "sort": 100,
      "restrictions": {
        "light": false,
        "weather": false
      },
      "elevation": 0,
      "_key": "!scenes.tiles!tgFyqsWl8P9Y7XVL.xXJAvAoeqLhlqDe5"
    },
    {
      "texture": {
        "src": "fa_battlemaps/Maps/2023/September/fa_4_enigmaticgravevault/Tiles/1.webp",
        "scaleX": 1,
        "scaleY": 1,
        "offsetX": 0,
        "offsetY": 0,
        "rotation": 0,
        "tint": "#ffffff",
        "anchorX": 0.5,
        "anchorY": 0.5,
        "fit": "fill",
        "alphaThreshold": 0.75
      },
      "x": 600,
      "y": 1000,
      "width": 200,
      "height": 100,
      "_id": "ubpyRNTcSTK1s0XW",
      "rotation": 0,
      "alpha": 0,
      "hidden": false,
      "locked": false,
      "occlusion": {
        "mode": 0,
        "alpha": 1
      },
      "video": {
        "loop": true,
        "autoplay": true,
        "volume": 0
      },
      "flags": {
        "tagger": {
          "tags": [
            "body1"
          ]
        },
        "monks-active-tiles": {
          "active": true,
          "record": false,
          "restriction": "all",
          "controlled": "gm",
          "trigger": [
            "enter"
          ],
          "allowpaused": false,
          "usealpha": false,
          "pointer": false,
          "pertoken": false,
          "minrequired": 0,
          "chance": 100,
          "fileindex": -1,
          "actions": [],
          "files": []
        }
      },
      "sort": 100,
      "restrictions": {
        "light": false,
        "weather": false
      },
      "elevation": 0,
      "_key": "!scenes.tiles!tgFyqsWl8P9Y7XVL.ubpyRNTcSTK1s0XW"
    },
    {
      "texture": {
        "src": "fa_battlemaps/Maps/2023/September/fa_4_enigmaticgravevault/Tiles/Blood.webp",
        "scaleX": 1,
        "scaleY": 1,
        "offsetX": 0,
        "offsetY": 0,
        "rotation": 0,
        "tint": "#ffffff",
        "anchorX": 0.5,
        "anchorY": 0.5,
        "fit": "fill",
        "alphaThreshold": 0.75
      },
      "x": 600,
      "y": 1200,
      "width": 200,
      "height": 300,
      "_id": "lVA1dAbNCepmATsr",
      "rotation": 0,
      "alpha": 0,
      "hidden": false,
      "locked": false,
      "occlusion": {
        "mode": 0,
        "alpha": 1
      },
      "video": {
        "loop": true,
        "autoplay": true,
        "volume": 0
      },
      "flags": {
        "tagger": {
          "tags": [
            "blood"
          ]
        },
        "monks-active-tiles": {
          "active": true,
          "record": false,
          "restriction": "all",
          "controlled": "gm",
          "trigger": [
            "enter"
          ],
          "allowpaused": false,
          "usealpha": false,
          "pointer": false,
          "pertoken": false,
          "minrequired": 0,
          "chance": 100,
          "fileindex": -1,
          "actions": [],
          "files": []
        }
      },
      "sort": 100,
      "restrictions": {
        "light": false,
        "weather": false
      },
      "elevation": 0,
      "_key": "!scenes.tiles!tgFyqsWl8P9Y7XVL.lVA1dAbNCepmATsr"
    },
    {
      "texture": {
        "src": "fa_battlemaps/Maps/2023/September/fa_4_enigmaticgravevault/Tiles/AltarEmpty2.webp",
        "scaleX": 1,
        "scaleY": 1,
        "offsetX": 0,
        "offsetY": 0,
        "rotation": 0,
        "tint": "#ffffff",
        "anchorX": 0.5,
        "anchorY": 0.5,
        "fit": "fill",
        "alphaThreshold": 0.75
      },
      "x": 1200,
      "y": 700,
      "width": 400,
      "height": 100,
      "_id": "XZzi2lOd1ONCNs5o",
      "rotation": 0,
      "alpha": 0,
      "hidden": false,
      "locked": false,
      "occlusion": {
        "mode": 0,
        "alpha": 1
      },
      "video": {
        "loop": true,
        "autoplay": true,
        "volume": 0
      },
      "flags": {
        "tagger": {
          "tags": [
            "sword"
          ]
        },
        "monks-active-tiles": {
          "active": true,
          "record": false,
          "restriction": "all",
          "controlled": "gm",
          "trigger": [
            "enter"
          ],
          "allowpaused": false,
          "usealpha": false,
          "pointer": false,
          "pertoken": false,
          "minrequired": 0,
          "chance": 100,
          "fileindex": -1,
          "actions": [],
          "files": []
        }
      },
      "sort": 100,
      "restrictions": {
        "light": false,
        "weather": false
      },
      "elevation": 0,
      "_key": "!scenes.tiles!tgFyqsWl8P9Y7XVL.XZzi2lOd1ONCNs5o"
    },
    {
      "texture": {
        "src": "fa_battlemaps/Maps/2023/September/fa_4_enigmaticgravevault/Tiles/AltarEmpty.webp",
        "scaleX": 1,
        "scaleY": 1,
        "offsetX": 0,
        "offsetY": 0,
        "rotation": 0,
        "tint": "#ffffff",
        "anchorX": 0.5,
        "anchorY": 0.5,
        "fit": "fill",
        "alphaThreshold": 0.75
      },
      "x": 1800,
      "y": 1700,
      "width": 100,
      "height": 300,
      "_id": "NZmRqXSqb4FC2Y0v",
      "rotation": 0,
      "alpha": 0,
      "hidden": false,
      "locked": false,
      "occlusion": {
        "mode": 0,
        "alpha": 1
      },
      "video": {
        "loop": true,
        "autoplay": true,
        "volume": 0
      },
      "flags": {
        "tagger": {
          "tags": [
            "bones"
          ]
        },
        "monks-active-tiles": {
          "active": true,
          "record": false,
          "restriction": "all",
          "controlled": "gm",
          "trigger": [
            "enter"
          ],
          "allowpaused": false,
          "usealpha": false,
          "pointer": false,
          "pertoken": false,
          "minrequired": 0,
          "chance": 100,
          "fileindex": -1,
          "actions": [],
          "files": []
        }
      },
      "sort": 100,
      "restrictions": {
        "light": false,
        "weather": false
      },
      "elevation": 0,
      "_key": "!scenes.tiles!tgFyqsWl8P9Y7XVL.NZmRqXSqb4FC2Y0v"
    },
    {
      "texture": {
        "src": "fa_battlemaps/Maps/2023/September/fa_4_enigmaticgravevault/Text/Blood.png",
        "scaleX": 1,
        "scaleY": 1,
        "offsetX": 0,
        "offsetY": 0,
        "rotation": 0,
        "tint": "#890101",
        "anchorX": 0.5,
        "anchorY": 0.5,
        "fit": "fill",
        "alphaThreshold": 0.75
      },
      "x": 509,
      "y": 1330,
      "width": 90,
      "height": 30,
      "rotation": 0,
      "alpha": 1,
      "hidden": false,
      "locked": false,
      "occlusion": {
        "mode": 1,
        "alpha": 1
      },
      "video": {
        "loop": true,
        "autoplay": true,
        "volume": 0
      },
      "flags": {
        "tagger": {},
        "monks-active-tiles": {
          "active": true,
          "record": false,
          "restriction": "all",
          "controlled": "gm",
          "trigger": [
            "",
            "dblclick"
          ],
          "allowpaused": false,
          "usealpha": false,
          "pointer": true,
          "pertoken": false,
          "minrequired": 0,
          "chance": 100,
          "fileindex": 0,
          "actions": [
            {
              "action": "alter",
              "data": {
                "entity": {
                  "id": "tile",
                  "name": "This Tile"
                },
                "collection": "tokens",
                "attribute": "texture.tint",
                "value": "='{{entity.texture.tint}}' == '#ffffff' ? '#890101' : '#ffffff'",
                "chatMessage": false,
                "rollmode": "roll"
              },
              "id": "qy8KqkdEudZYBWRX"
            },
            {
              "action": "alter",
              "data": {
                "entity": {
                  "id": "tagger:blood",
                  "match": "all",
                  "scene": "_active",
                  "name": "<i class=\"fas fa-tag fa-sm\"></i> blood"
                },
                "collection": "tokens",
                "attribute": "alpha",
                "value": "={{entity.alpha}} == 0 ? 1 : 0",
                "chatMessage": false,
                "rollmode": "roll"
              },
              "id": "1judkZc5OLhZokww"
            }
          ],
          "files": []
        }
      },
      "_id": "9lZwze72s2Lgjfcy",
      "elevation": 20,
      "sort": 5,
      "restrictions": {
        "light": false,
        "weather": false
      },
      "_key": "!scenes.tiles!tgFyqsWl8P9Y7XVL.9lZwze72s2Lgjfcy"
    },
    {
      "texture": {
        "src": "fa_battlemaps/Maps/2023/September/fa_4_enigmaticgravevault/Text/collapse.png",
        "scaleX": 1,
        "scaleY": 1,
        "offsetX": 0,
        "offsetY": 0,
        "rotation": 0,
        "tint": "#890101",
        "anchorX": 0.5,
        "anchorY": 0.5,
        "fit": "fill",
        "alphaThreshold": 0.75
      },
      "x": 1150,
      "y": 2100,
      "width": 120,
      "height": 40,
      "rotation": 0,
      "alpha": 1,
      "hidden": false,
      "locked": false,
      "occlusion": {
        "mode": 1,
        "alpha": 1
      },
      "video": {
        "loop": true,
        "autoplay": true,
        "volume": 0
      },
      "flags": {
        "tagger": {},
        "monks-active-tiles": {
          "active": true,
          "record": false,
          "restriction": "all",
          "controlled": "gm",
          "trigger": [
            "",
            "dblclick"
          ],
          "allowpaused": false,
          "usealpha": false,
          "pointer": true,
          "pertoken": false,
          "minrequired": 0,
          "chance": 100,
          "fileindex": 0,
          "actions": [
            {
              "action": "alter",
              "data": {
                "entity": {
                  "id": "tile",
                  "name": "This Tile"
                },
                "collection": "tokens",
                "attribute": "texture.tint",
                "value": "='{{entity.texture.tint}}' == '#ffffff' ? '#890101' : '#ffffff'",
                "chatMessage": false,
                "rollmode": "roll"
              },
              "id": "qy8KqkdEudZYBWRX"
            },
            {
              "action": "alter",
              "data": {
                "entity": {
                  "id": "tagger:cll",
                  "match": "all",
                  "scene": "_active",
                  "name": "<i class=\"fas fa-tag fa-sm\"></i> cll"
                },
                "collection": "tokens",
                "attribute": "alpha",
                "value": "={{entity.alpha}} == 0 ? 1 : 0",
                "chatMessage": false,
                "rollmode": "roll"
              },
              "id": "1judkZc5OLhZokww"
            },
            {
              "action": "tileimage",
              "data": {
                "entity": {
                  "id": "tagger:cll1",
                  "match": "all",
                  "scene": "_active",
                  "name": "<i class=\"fas fa-tag fa-sm\"></i> cll1"
                },
                "select": "next",
                "transition": "none",
                "speed": 1,
                "loop": 1
              },
              "id": "EusYwShxzItqbVAY"
            },
            {
              "action": "playsound",
              "data": {
                "audiofile": "fa_battlemaps/Audio/groundimpactheavy.ogg",
                "audiofor": "all",
                "volume": 1,
                "loop": false,
                "fade": 0.25,
                "scenerestrict": false,
                "prevent": false,
                "playlist": true
              },
              "id": "eWuAukhRTZxs4T2y"
            }
          ],
          "files": []
        }
      },
      "_id": "7VDPOCo5U63psMIZ",
      "elevation": 20,
      "sort": 4,
      "restrictions": {
        "light": false,
        "weather": false
      },
      "_key": "!scenes.tiles!tgFyqsWl8P9Y7XVL.7VDPOCo5U63psMIZ"
    },
    {
      "texture": {
        "src": "fa_battlemaps/Maps/2023/September/fa_4_enigmaticgravevault/Tiles/Collapse.webp",
        "scaleX": 1,
        "scaleY": 1,
        "offsetX": 0,
        "offsetY": 0,
        "rotation": 0,
        "tint": "#ffffff",
        "anchorX": 0.5,
        "anchorY": 0.5,
        "fit": "fill",
        "alphaThreshold": 0.75
      },
      "x": 1200,
      "y": 2000,
      "width": 400,
      "height": 200,
      "_id": "9BrWhVxYtLq9yYn7",
      "rotation": 0,
      "alpha": 0,
      "hidden": false,
      "locked": false,
      "occlusion": {
        "mode": 0,
        "alpha": 1
      },
      "video": {
        "loop": true,
        "autoplay": true,
        "volume": 0
      },
      "flags": {
        "tagger": {
          "tags": [
            "cll"
          ]
        },
        "monks-active-tiles": {
          "active": true,
          "record": false,
          "restriction": "all",
          "controlled": "gm",
          "trigger": [
            "enter"
          ],
          "allowpaused": false,
          "usealpha": false,
          "pointer": false,
          "pertoken": false,
          "minrequired": 0,
          "chance": 100,
          "fileindex": -1,
          "actions": [],
          "files": []
        }
      },
      "sort": 100,
      "restrictions": {
        "light": false,
        "weather": false
      },
      "elevation": 0,
      "_key": "!scenes.tiles!tgFyqsWl8P9Y7XVL.9BrWhVxYtLq9yYn7"
    },
    {
      "texture": {
        "src": "modules/fa-battlemaps/images/Transparent.webp",
        "scaleX": 1,
        "scaleY": 1,
        "offsetX": 0,
        "offsetY": 0,
        "rotation": 0,
        "tint": "#ffffff",
        "anchorX": 0.5,
        "anchorY": 0.5,
        "fit": "fill",
        "alphaThreshold": 0.75
      },
      "x": 1200,
      "y": 2000,
      "width": 400,
      "height": 200,
      "_id": "0NAMf8yN5P3JHIWV",
      "rotation": 0,
      "alpha": 1,
      "hidden": false,
      "locked": false,
      "occlusion": {
        "mode": 0,
        "alpha": 1
      },
      "video": {
        "loop": true,
        "autoplay": true,
        "volume": 0
      },
      "flags": {
        "tagger": {
          "tags": [
            "cll1"
          ]
        },
        "monks-active-tiles": {
          "active": true,
          "record": false,
          "restriction": "all",
          "controlled": "gm",
          "trigger": [
            "enter"
          ],
          "allowpaused": false,
          "usealpha": false,
          "pointer": false,
          "pertoken": false,
          "minrequired": 0,
          "chance": 100,
          "fileindex": 1,
          "actions": [],
          "files": [
            {
              "id": "3k4DtMyJ7uUSW27P",
              "name": "fa_battlemaps/Maps/2023/September/fa_4_enigmaticgravevault/Tiles/Cll.webp",
              "selected": false
            },
            {
              "id": "d9au8YYGJuIQxeCa",
              "name": "modules/fa-battlemaps/images/Transparent.webp",
              "selected": true
            }
          ]
        }
      },
      "elevation": 20,
      "sort": 11,
      "restrictions": {
        "light": false,
        "weather": false
      },
      "_key": "!scenes.tiles!tgFyqsWl8P9Y7XVL.0NAMf8yN5P3JHIWV"
    },
    {
      "texture": {
        "src": "fa_battlemaps/Maps/2023/September/fa_4_enigmaticgravevault/Text/passage.png",
        "scaleX": 1,
        "scaleY": 1,
        "offsetX": 0,
        "offsetY": 0,
        "rotation": 0,
        "tint": "#ffffff",
        "anchorX": 0.5,
        "anchorY": 0.5,
        "fit": "fill",
        "alphaThreshold": 0.75
      },
      "x": 1922,
      "y": 582,
      "width": 120,
      "height": 40,
      "rotation": 0,
      "alpha": 1,
      "hidden": false,
      "locked": false,
      "occlusion": {
        "mode": 1,
        "alpha": 1
      },
      "video": {
        "loop": true,
        "autoplay": true,
        "volume": 0
      },
      "flags": {
        "tagger": {},
        "monks-active-tiles": {
          "active": true,
          "record": false,
          "restriction": "all",
          "controlled": "gm",
          "trigger": [
            "",
            "dblclick"
          ],
          "allowpaused": false,
          "usealpha": false,
          "pointer": true,
          "pertoken": false,
          "minrequired": 0,
          "chance": 100,
          "fileindex": 0,
          "actions": [
            {
              "action": "alter",
              "data": {
                "entity": {
                  "id": "tile",
                  "name": "This Tile"
                },
                "collection": "tokens",
                "attribute": "texture.tint",
                "value": "='{{entity.texture.tint}}' == '#ffffff' ? '#890101' : '#ffffff'",
                "chatMessage": false,
                "rollmode": "roll"
              },
              "id": "qy8KqkdEudZYBWRX"
            },
            {
              "action": "playsound",
              "data": {
                "audiofile": "fa_battlemaps/Audio/groundimpactlight.ogg",
                "audiofor": "all",
                "volume": 1,
                "loop": false,
                "fade": 0.25,
                "scenerestrict": false,
                "prevent": false,
                "playlist": true
              },
              "id": "mte2kBYTyYySJCrh"
            },
            {
              "action": "alter",
              "data": {
                "entity": {
                  "id": "tagger:passw",
                  "match": "all",
                  "scene": "_active",
                  "name": "<i class=\"fas fa-tag fa-sm\"></i> passw"
                },
                "collection": "tokens",
                "attribute": "move",
                "value": "={{entity.move}} == 0 ? 20 : 0 ",
                "chatMessage": false,
                "rollmode": "roll"
              },
              "id": "ebpCcgEmIiHywPvu"
            },
            {
              "action": "alter",
              "data": {
                "entity": {
                  "id": "tagger:passw",
                  "match": "all",
                  "scene": "_active",
                  "name": "<i class=\"fas fa-tag fa-sm\"></i> passw"
                },
                "collection": "tokens",
                "attribute": "sight",
                "value": "={{entity.sight}} == 0 ? 20 : 0 ",
                "chatMessage": false,
                "rollmode": "roll"
              },
              "id": "BcB6rALN2GmZw6Td"
            },
            {
              "action": "alter",
              "data": {
                "entity": {
                  "id": "tagger:passw",
                  "match": "all",
                  "scene": "_active",
                  "name": "<i class=\"fas fa-tag fa-sm\"></i> passw"
                },
                "collection": "tokens",
                "attribute": "light",
                "value": "={{entity.light}} == 0 ? 20 : 0 ",
                "chatMessage": false,
                "rollmode": "roll"
              },
              "id": "i8gQ6rBScGI8NZSB"
            },
            {
              "action": "alter",
              "data": {
                "entity": {
                  "id": "tagger:passw",
                  "match": "all",
                  "scene": "_active",
                  "name": "<i class=\"fas fa-tag fa-sm\"></i> passw"
                },
                "collection": "tokens",
                "attribute": "sound",
                "value": "={{entity.sound}} == 0 ? 20 : 0 ",
                "chatMessage": false,
                "rollmode": "roll"
              },
              "id": "clzcoeHzKodfLkAk"
            },
            {
              "action": "alter",
              "data": {
                "entity": {
                  "id": "tagger:pass",
                  "match": "all",
                  "scene": "_active",
                  "name": "<i class=\"fas fa-tag fa-sm\"></i> pass"
                },
                "collection": "tokens",
                "attribute": "alpha",
                "value": "={{entity.alpha}} == 0 ? 1 : 0",
                "chatMessage": false,
                "rollmode": "roll"
              },
              "id": "yf7yv2Et7wKKtF8B"
            }
          ],
          "files": []
        }
      },
      "_id": "OL3INlgARW5Ex72L",
      "elevation": 20,
      "sort": 10,
      "restrictions": {
        "light": false,
        "weather": false
      },
      "_key": "!scenes.tiles!tgFyqsWl8P9Y7XVL.OL3INlgARW5Ex72L"
    },
    {
      "texture": {
        "src": "fa_battlemaps/Maps/2023/September/fa_4_enigmaticgravevault/Tiles/passL.webp",
        "scaleX": 1,
        "scaleY": 1,
        "offsetX": 0,
        "offsetY": 0,
        "rotation": 0,
        "tint": "#ffffff",
        "anchorX": 0.5,
        "anchorY": 0.5,
        "fit": "fill",
        "alphaThreshold": 0.75
      },
      "x": 1600,
      "y": 500,
      "width": 400,
      "height": 300,
      "_id": "FEvm9PBUOQcEtvpW",
      "rotation": 0,
      "alpha": 0,
      "hidden": false,
      "locked": false,
      "occlusion": {
        "mode": 0,
        "alpha": 1
      },
      "video": {
        "loop": true,
        "autoplay": true,
        "volume": 0
      },
      "flags": {
        "tagger": {
          "tags": [
            "pass",
            "light11"
          ]
        },
        "monks-active-tiles": {
          "active": false,
          "record": false,
          "restriction": "all",
          "controlled": "gm",
          "trigger": [
            ""
          ],
          "allowpaused": false,
          "usealpha": false,
          "pointer": false,
          "pertoken": false,
          "minrequired": 0,
          "chance": 50,
          "fileindex": 1,
          "actions": [],
          "files": [
            {
              "id": "0GkXo6uvWGUsRSwW",
              "name": "fa_battlemaps/Maps/2023/September/fa_4_enigmaticgravevault/Tiles/pass.webp",
              "selected": true
            },
            {
              "id": "2hIHAWlXSqeWX2Mc",
              "name": "fa_battlemaps/Maps/2023/September/fa_4_enigmaticgravevault/Tiles/passL.webp",
              "selected": false
            }
          ]
        }
      },
      "elevation": 20,
      "sort": 3,
      "restrictions": {
        "light": false,
        "weather": false
      },
      "_key": "!scenes.tiles!tgFyqsWl8P9Y7XVL.FEvm9PBUOQcEtvpW"
    },
    {
      "texture": {
        "src": "fa_battlemaps/Maps/2023/September/fa_4_enigmaticgravevault/Tiles/pass.webp",
        "scaleX": 1,
        "scaleY": 1,
        "offsetX": 0,
        "offsetY": 0,
        "rotation": 0,
        "tint": "#ffffff",
        "anchorX": 0.5,
        "anchorY": 0.5,
        "fit": "fill",
        "alphaThreshold": 0.75
      },
      "x": 1600,
      "y": 500,
      "width": 400,
      "height": 300,
      "rotation": 0,
      "alpha": 0,
      "hidden": false,
      "locked": false,
      "occlusion": {
        "mode": 0,
        "alpha": 1
      },
      "video": {
        "loop": true,
        "autoplay": true,
        "volume": 0
      },
      "flags": {
        "tagger": {
          "tags": [
            "pass"
          ]
        },
        "monks-active-tiles": {
          "active": false,
          "record": false,
          "restriction": "all",
          "controlled": "gm",
          "trigger": [
            ""
          ],
          "allowpaused": false,
          "usealpha": false,
          "pointer": false,
          "pertoken": false,
          "minrequired": 0,
          "chance": 50,
          "fileindex": 0,
          "actions": [],
          "files": []
        }
      },
      "_id": "3z2kFHgaz3iEFHcK",
      "sort": 100,
      "restrictions": {
        "light": false,
        "weather": false
      },
      "elevation": 0,
      "_key": "!scenes.tiles!tgFyqsWl8P9Y7XVL.3z2kFHgaz3iEFHcK"
    },
    {
      "texture": {
        "src": "modules/fa-battlemaps/images/Transparent.webp",
        "scaleX": 1,
        "scaleY": 1,
        "offsetX": 0,
        "offsetY": 0,
        "rotation": 0,
        "tint": "#ffffff",
        "anchorX": 0.5,
        "anchorY": 0.5,
        "fit": "fill",
        "alphaThreshold": 0.75
      },
      "x": 600,
      "y": 600,
      "width": 183,
      "height": 187.8,
      "rotation": 0,
      "alpha": 1,
      "hidden": false,
      "locked": false,
      "occlusion": {
        "mode": 1,
        "alpha": 1
      },
      "video": {
        "loop": true,
        "autoplay": true,
        "volume": 0
      },
      "flags": {
        "tagger": {},
        "monks-active-tiles": {
          "active": true,
          "record": false,
          "restriction": "all",
          "controlled": "gm",
          "trigger": [
            "",
            "dblclick"
          ],
          "allowpaused": false,
          "usealpha": false,
          "pointer": true,
          "pertoken": false,
          "minrequired": 0,
          "chance": 100,
          "fileindex": 0,
          "actions": [
            {
              "action": "activate",
              "data": {
                "entity": {
                  "id": "within",
                  "name": "Tiles within Tile"
                },
                "collection": "lights",
                "activate": "toggle"
              },
              "id": "HNZ7ltMFjYg65dd9"
            },
            {
              "action": "activate",
              "data": {
                "entity": {
                  "id": "within",
                  "name": "Tiles within Tile"
                },
                "collection": "sounds",
                "activate": "toggle"
              },
              "id": "PevCNbQrlkloZ0Cj"
            },
            {
              "action": "alter",
              "data": {
                "entity": {
                  "id": "tagger:light",
                  "match": "all",
                  "scene": "_active",
                  "name": "<i class=\"fas fa-tag fa-sm\"></i> light"
                },
                "collection": "tokens",
                "attribute": "alpha",
                "value": "={{entity.alpha}} == 0 ? 1 : 0",
                "chatMessage": false,
                "rollmode": "roll"
              },
              "id": "o4jlHzM0hlQreALL"
            },
            {
              "action": "tileimage",
              "data": {
                "entity": {
                  "id": "tagger:light1",
                  "match": "all",
                  "scene": "_active",
                  "name": "<i class=\"fas fa-tag fa-sm\"></i> light1"
                },
                "select": "next",
                "transition": "none",
                "speed": 1,
                "loop": 1
              },
              "id": "gzvrax6L0UeOuaPu"
            },
            {
              "action": "playsound",
              "data": {
                "audiofile": "fa_battlemaps/Audio/candleblowout.ogg",
                "audiofor": "all",
                "volume": 1,
                "loop": false,
                "fade": 0.25,
                "scenerestrict": false,
                "prevent": false,
                "playlist": true
              },
              "id": "JI5NOSYERDMB6cp8"
            }
          ],
          "files": []
        }
      },
      "_id": "9CjTkkHNe7VtB0jO",
      "elevation": 20,
      "sort": 13,
      "restrictions": {
        "light": false,
        "weather": false
      },
      "_key": "!scenes.tiles!tgFyqsWl8P9Y7XVL.9CjTkkHNe7VtB0jO"
    },
    {
      "texture": {
        "src": "fa_battlemaps/Maps/2023/September/fa_4_enigmaticgravevault/Tiles/Light1.webp",
        "scaleX": 1,
        "scaleY": 1,
        "offsetX": 0,
        "offsetY": 0,
        "rotation": 0,
        "tint": "#ffffff",
        "anchorX": 0.5,
        "anchorY": 0.5,
        "fit": "fill",
        "alphaThreshold": 0.75
      },
      "x": 500,
      "y": 500,
      "width": 500,
      "height": 500,
      "_id": "1I7IjHJUqHEmXxtw",
      "rotation": 0,
      "alpha": 1,
      "hidden": false,
      "locked": false,
      "occlusion": {
        "mode": 0,
        "alpha": 1
      },
      "video": {
        "loop": true,
        "autoplay": true,
        "volume": 0
      },
      "flags": {
        "tagger": {
          "tags": [
            "light"
          ]
        },
        "monks-active-tiles": {
          "active": true,
          "record": false,
          "restriction": "all",
          "controlled": "gm",
          "trigger": [
            "enter"
          ],
          "allowpaused": false,
          "usealpha": false,
          "pointer": false,
          "pertoken": false,
          "minrequired": 0,
          "chance": 100,
          "fileindex": -1,
          "actions": [],
          "files": []
        }
      },
      "sort": 100,
      "restrictions": {
        "light": false,
        "weather": false
      },
      "elevation": 0,
      "_key": "!scenes.tiles!tgFyqsWl8P9Y7XVL.1I7IjHJUqHEmXxtw"
    },
    {
      "texture": {
        "src": "fa_battlemaps/Maps/2023/September/fa_4_enigmaticgravevault/Tiles/l2.webp",
        "scaleX": 1,
        "scaleY": 1,
        "offsetX": 0,
        "offsetY": 0,
        "rotation": 0,
        "tint": "#ffffff",
        "anchorX": 0.5,
        "anchorY": 0.5,
        "fit": "fill",
        "alphaThreshold": 0.75
      },
      "x": 500,
      "y": 500,
      "width": 600,
      "height": 600,
      "_id": "K339sGLKYFVrfQ2a",
      "rotation": 0,
      "alpha": 1,
      "hidden": false,
      "locked": false,
      "occlusion": {
        "mode": 0,
        "alpha": 1
      },
      "video": {
        "loop": true,
        "autoplay": true,
        "volume": 0
      },
      "flags": {
        "tagger": {
          "tags": [
            "light1"
          ]
        },
        "monks-active-tiles": {
          "active": true,
          "record": false,
          "restriction": "all",
          "controlled": "gm",
          "trigger": [
            "enter"
          ],
          "allowpaused": false,
          "usealpha": false,
          "pointer": false,
          "pertoken": false,
          "minrequired": 0,
          "chance": 100,
          "fileindex": 0,
          "actions": [],
          "files": [
            {
              "id": "JVBDfWG5HqAOm0pF",
              "name": "fa_battlemaps/Maps/2023/September/fa_4_enigmaticgravevault/Tiles/l2.webp",
              "selected": false
            },
            {
              "id": "hm2Y9VqYTpdOlyWg",
              "name": "modules/fa-battlemaps/images/Transparent.webp",
              "selected": true
            }
          ]
        }
      },
      "elevation": 20,
      "sort": 2,
      "restrictions": {
        "light": false,
        "weather": false
      },
      "_key": "!scenes.tiles!tgFyqsWl8P9Y7XVL.K339sGLKYFVrfQ2a"
    },
    {
      "texture": {
        "src": "modules/fa-battlemaps/images/Transparent.webp",
        "scaleX": 1,
        "scaleY": 1,
        "offsetX": 0,
        "offsetY": 0,
        "rotation": 0,
        "tint": "#ffffff",
        "anchorX": 0.5,
        "anchorY": 0.5,
        "fit": "fill",
        "alphaThreshold": 0.75
      },
      "x": 1900,
      "y": 700,
      "width": 100,
      "height": 400,
      "rotation": 0,
      "alpha": 1,
      "hidden": false,
      "locked": false,
      "occlusion": {
        "mode": 1,
        "alpha": 1
      },
      "video": {
        "loop": true,
        "autoplay": true,
        "volume": 0
      },
      "flags": {
        "tagger": {},
        "monks-active-tiles": {
          "active": true,
          "record": false,
          "restriction": "all",
          "controlled": "gm",
          "trigger": [
            "",
            "dblclick"
          ],
          "allowpaused": false,
          "usealpha": false,
          "pointer": true,
          "pertoken": false,
          "minrequired": 0,
          "chance": 100,
          "fileindex": 0,
          "actions": [
            {
              "action": "activate",
              "data": {
                "entity": {
                  "id": "within",
                  "name": "Tiles within Tile"
                },
                "collection": "lights",
                "activate": "toggle"
              },
              "id": "HNZ7ltMFjYg65dd9"
            },
            {
              "action": "activate",
              "data": {
                "entity": {
                  "id": "within",
                  "name": "Tiles within Tile"
                },
                "collection": "sounds",
                "activate": "toggle"
              },
              "id": "PevCNbQrlkloZ0Cj"
            },
            {
              "action": "alter",
              "data": {
                "entity": {
                  "id": "tagger:light2",
                  "match": "all",
                  "scene": "_active",
                  "name": "<i class=\"fas fa-tag fa-sm\"></i> light2"
                },
                "collection": "tokens",
                "attribute": "alpha",
                "value": "={{entity.alpha}} == 0 ? 1 : 0",
                "chatMessage": false,
                "rollmode": "roll"
              },
              "id": "o4jlHzM0hlQreALL"
            },
            {
              "action": "tileimage",
              "data": {
                "entity": {
                  "id": "tagger:light11",
                  "match": "all",
                  "scene": "_active",
                  "name": "<i class=\"fas fa-tag fa-sm\"></i> light11"
                },
                "select": "next",
                "transition": "none",
                "speed": 1,
                "loop": 1
              },
              "id": "gzvrax6L0UeOuaPu"
            },
            {
              "action": "playsound",
              "data": {
                "audiofile": "fa_battlemaps/Audio/candleblowout.ogg",
                "audiofor": "all",
                "volume": 1,
                "loop": false,
                "fade": 0.25,
                "scenerestrict": false,
                "prevent": false,
                "playlist": true
              },
              "id": "JI5NOSYERDMB6cp8"
            }
          ],
          "files": []
        }
      },
      "_id": "nbiB9QFoR0bSMFmC",
      "elevation": 20,
      "sort": 12,
      "restrictions": {
        "light": false,
        "weather": false
      },
      "_key": "!scenes.tiles!tgFyqsWl8P9Y7XVL.nbiB9QFoR0bSMFmC"
    },
    {
      "texture": {
        "src": "fa_battlemaps/Maps/2023/September/fa_4_enigmaticgravevault/Tiles/Light2.webp",
        "scaleX": 1,
        "scaleY": 1,
        "offsetX": 0,
        "offsetY": 0,
        "rotation": 0,
        "tint": "#ffffff",
        "anchorX": 0.5,
        "anchorY": 0.5,
        "fit": "fill",
        "alphaThreshold": 0.75
      },
      "x": 1600,
      "y": 500,
      "width": 500,
      "height": 700,
      "_id": "rc6joc9Vp0DG9r05",
      "rotation": 0,
      "alpha": 1,
      "hidden": false,
      "locked": false,
      "occlusion": {
        "mode": 0,
        "alpha": 1
      },
      "video": {
        "loop": true,
        "autoplay": true,
        "volume": 0
      },
      "flags": {
        "tagger": {
          "tags": [
            "light2"
          ]
        },
        "monks-active-tiles": {
          "active": true,
          "record": false,
          "restriction": "all",
          "controlled": "gm",
          "trigger": [
            "enter"
          ],
          "allowpaused": false,
          "usealpha": false,
          "pointer": false,
          "pertoken": false,
          "minrequired": 0,
          "chance": 100,
          "fileindex": 0,
          "actions": [],
          "files": []
        }
      },
      "sort": 98,
      "restrictions": {
        "light": false,
        "weather": false
      },
      "elevation": 0,
      "_key": "!scenes.tiles!tgFyqsWl8P9Y7XVL.rc6joc9Vp0DG9r05"
    },
    {
      "texture": {
        "src": "fa_battlemaps/Maps/2023/September/fa_4_enigmaticgravevault/Tiles/ll.png",
        "scaleX": 1,
        "scaleY": 1,
        "offsetX": 0,
        "offsetY": 0,
        "rotation": 0,
        "tint": "#ffffff",
        "anchorX": 0.5,
        "anchorY": 0.5,
        "fit": "fill",
        "alphaThreshold": 0.75
      },
      "x": 1600,
      "y": 500,
      "width": 500,
      "height": 700,
      "_id": "V1AlPb67rznA8uJX",
      "rotation": 0,
      "alpha": 1,
      "hidden": false,
      "locked": false,
      "occlusion": {
        "mode": 0,
        "alpha": 1
      },
      "video": {
        "loop": true,
        "autoplay": true,
        "volume": 0
      },
      "flags": {
        "tagger": {
          "tags": [
            "light11"
          ]
        },
        "monks-active-tiles": {
          "active": true,
          "record": false,
          "restriction": "all",
          "controlled": "gm",
          "trigger": [
            "enter"
          ],
          "allowpaused": false,
          "usealpha": false,
          "pointer": false,
          "pertoken": false,
          "minrequired": 0,
          "chance": 100,
          "fileindex": 0,
          "actions": [],
          "files": [
            {
              "id": "f3Ux2Mg7x2MbBsli",
              "name": "fa_battlemaps/Maps/2023/September/fa_4_enigmaticgravevault/Tiles/ll.png",
              "selected": false
            },
            {
              "id": "9My269XJ0WQrJ0LN",
              "name": "modules/fa-battlemaps/images/Transparent.webp",
              "selected": true
            }
          ]
        }
      },
      "elevation": 20,
      "sort": 1,
      "restrictions": {
        "light": false,
        "weather": false
      },
      "_key": "!scenes.tiles!tgFyqsWl8P9Y7XVL.V1AlPb67rznA8uJX"
    }
  ],
  "walls": [
    {
      "_id": "QZrru71OvffrUUrl",
      "c": [
        500,
        2200,
        2200,
        2200
      ],
      "light": 20,
      "move": 20,
      "sight": 20,
      "sound": 20,
      "dir": 0,
      "door": 0,
      "ds": 0,
      "flags": {},
      "threshold": {
        "light": null,
        "sight": null,
        "sound": null,
        "attenuation": false
      },
      "_key": "!scenes.walls!tgFyqsWl8P9Y7XVL.QZrru71OvffrUUrl"
    },
    {
      "_id": "CZ3BDf7EVx4sW3kF",
      "c": [
        2200,
        2200,
        2200,
        500
      ],
      "light": 20,
      "move": 20,
      "sight": 20,
      "sound": 20,
      "dir": 0,
      "door": 0,
      "ds": 0,
      "flags": {},
      "threshold": {
        "light": null,
        "sight": null,
        "sound": null,
        "attenuation": false
      },
      "_key": "!scenes.walls!tgFyqsWl8P9Y7XVL.CZ3BDf7EVx4sW3kF"
    },
    {
      "_id": "bNpAzd3Mhytmqx1q",
      "c": [
        2200,
        500,
        500,
        500
      ],
      "light": 20,
      "move": 20,
      "sight": 20,
      "sound": 20,
      "dir": 0,
      "door": 0,
      "ds": 0,
      "flags": {},
      "threshold": {
        "light": null,
        "sight": null,
        "sound": null,
        "attenuation": false
      },
      "_key": "!scenes.walls!tgFyqsWl8P9Y7XVL.bNpAzd3Mhytmqx1q"
    },
    {
      "_id": "naQQwzmyr5xPHpVc",
      "c": [
        500,
        500,
        500,
        2200
      ],
      "light": 20,
      "move": 20,
      "sight": 20,
      "sound": 20,
      "dir": 0,
      "door": 0,
      "ds": 0,
      "flags": {},
      "threshold": {
        "light": null,
        "sight": null,
        "sound": null,
        "attenuation": false
      },
      "_key": "!scenes.walls!tgFyqsWl8P9Y7XVL.naQQwzmyr5xPHpVc"
    },
    {
      "_id": "b1q9m9IrRRLyM7Yq",
      "c": [
        1300,
        2200,
        1300,
        2000
      ],
      "light": 20,
      "move": 20,
      "sight": 20,
      "sound": 20,
      "dir": 0,
      "door": 0,
      "ds": 0,
      "flags": {},
      "threshold": {
        "light": null,
        "sight": null,
        "sound": null,
        "attenuation": false
      },
      "_key": "!scenes.walls!tgFyqsWl8P9Y7XVL.b1q9m9IrRRLyM7Yq"
    },
    {
      "_id": "vSIzsT97QrAxd1Rl",
      "c": [
        1300,
        2000,
        1200,
        2000
      ],
      "light": 20,
      "move": 20,
      "sight": 20,
      "sound": 20,
      "dir": 0,
      "door": 0,
      "ds": 0,
      "flags": {},
      "threshold": {
        "light": null,
        "sight": null,
        "sound": null,
        "attenuation": false
      },
      "_key": "!scenes.walls!tgFyqsWl8P9Y7XVL.vSIzsT97QrAxd1Rl"
    },
    {
      "_id": "z4KKun5orDwjERPL",
      "c": [
        1200,
        2000,
        1200,
        1900
      ],
      "light": 20,
      "move": 20,
      "sight": 20,
      "sound": 20,
      "dir": 0,
      "door": 0,
      "ds": 0,
      "flags": {},
      "threshold": {
        "light": null,
        "sight": null,
        "sound": null,
        "attenuation": false
      },
      "_key": "!scenes.walls!tgFyqsWl8P9Y7XVL.z4KKun5orDwjERPL"
    },
    {
      "_id": "fl5eqGySCtU7SSAR",
      "c": [
        1200,
        1900,
        1100,
        1900
      ],
      "light": 20,
      "move": 20,
      "sight": 20,
      "sound": 20,
      "dir": 0,
      "door": 0,
      "ds": 0,
      "flags": {},
      "threshold": {
        "light": null,
        "sight": null,
        "sound": null,
        "attenuation": false
      },
      "_key": "!scenes.walls!tgFyqsWl8P9Y7XVL.fl5eqGySCtU7SSAR"
    },
    {
      "_id": "0LwmkIsGRMCqyZTy",
      "c": [
        1100,
        1900,
        1100,
        2100
      ],
      "light": 20,
      "move": 20,
      "sight": 20,
      "sound": 20,
      "dir": 0,
      "door": 0,
      "ds": 0,
      "flags": {},
      "threshold": {
        "light": null,
        "sight": null,
        "sound": null,
        "attenuation": false
      },
      "_key": "!scenes.walls!tgFyqsWl8P9Y7XVL.0LwmkIsGRMCqyZTy"
    },
    {
      "_id": "pXjwrwJtZ0vYRbma",
      "c": [
        1100,
        2100,
        700,
        2100
      ],
      "light": 20,
      "move": 20,
      "sight": 20,
      "sound": 20,
      "dir": 0,
      "door": 0,
      "ds": 0,
      "flags": {},
      "threshold": {
        "light": null,
        "sight": null,
        "sound": null,
        "attenuation": false
      },
      "_key": "!scenes.walls!tgFyqsWl8P9Y7XVL.pXjwrwJtZ0vYRbma"
    },
    {
      "_id": "X8MYJuQW3UTVRnBi",
      "c": [
        700,
        2100,
        700,
        1600
      ],
      "light": 20,
      "move": 20,
      "sight": 20,
      "sound": 20,
      "dir": 0,
      "door": 0,
      "ds": 0,
      "flags": {},
      "threshold": {
        "light": null,
        "sight": null,
        "sound": null,
        "attenuation": false
      },
      "_key": "!scenes.walls!tgFyqsWl8P9Y7XVL.X8MYJuQW3UTVRnBi"
    },
    {
      "_id": "ch0HuHbObQtNkbO9",
      "c": [
        700,
        1600,
        800,
        1600
      ],
      "light": 20,
      "move": 20,
      "sight": 20,
      "sound": 20,
      "dir": 0,
      "door": 0,
      "ds": 0,
      "flags": {},
      "threshold": {
        "light": null,
        "sight": null,
        "sound": null,
        "attenuation": false
      },
      "_key": "!scenes.walls!tgFyqsWl8P9Y7XVL.ch0HuHbObQtNkbO9"
    },
    {
      "_id": "aQVRKF6gCwYdSk6Z",
      "c": [
        800,
        1600,
        800,
        1500
      ],
      "light": 20,
      "move": 20,
      "sight": 20,
      "sound": 20,
      "dir": 0,
      "door": 0,
      "ds": 0,
      "flags": {},
      "threshold": {
        "light": null,
        "sight": null,
        "sound": null,
        "attenuation": false
      },
      "_key": "!scenes.walls!tgFyqsWl8P9Y7XVL.aQVRKF6gCwYdSk6Z"
    },
    {
      "_id": "Nx0xAWsp6ZoraXPV",
      "c": [
        800,
        1500,
        700,
        1500
      ],
      "light": 20,
      "move": 20,
      "sight": 20,
      "sound": 20,
      "dir": 0,
      "door": 0,
      "ds": 0,
      "flags": {},
      "threshold": {
        "light": null,
        "sight": null,
        "sound": null,
        "attenuation": false
      },
      "_key": "!scenes.walls!tgFyqsWl8P9Y7XVL.Nx0xAWsp6ZoraXPV"
    },
    {
      "_id": "OrS7Ts2KgZLifXrV",
      "c": [
        1100,
        1700,
        1200,
        1700
      ],
      "light": 20,
      "move": 20,
      "sight": 20,
      "sound": 20,
      "dir": 0,
      "door": 0,
      "ds": 0,
      "flags": {},
      "threshold": {
        "light": null,
        "sight": null,
        "sound": null,
        "attenuation": false
      },
      "_key": "!scenes.walls!tgFyqsWl8P9Y7XVL.OrS7Ts2KgZLifXrV"
    },
    {
      "_id": "q8JZO2e1MWyC2O83",
      "c": [
        1200,
        1700,
        1200,
        1600
      ],
      "light": 20,
      "move": 20,
      "sight": 20,
      "sound": 20,
      "dir": 0,
      "door": 0,
      "ds": 0,
      "flags": {},
      "threshold": {
        "light": null,
        "sight": null,
        "sound": null,
        "attenuation": false
      },
      "_key": "!scenes.walls!tgFyqsWl8P9Y7XVL.q8JZO2e1MWyC2O83"
    },
    {
      "_id": "rT9ZRjGg3tcj4Aaf",
      "c": [
        1200,
        1600,
        1300,
        1600
      ],
      "light": 20,
      "move": 20,
      "sight": 20,
      "sound": 20,
      "dir": 0,
      "door": 0,
      "ds": 0,
      "flags": {},
      "threshold": {
        "light": null,
        "sight": null,
        "sound": null,
        "attenuation": false
      },
      "_key": "!scenes.walls!tgFyqsWl8P9Y7XVL.rT9ZRjGg3tcj4Aaf"
    },
    {
      "_id": "Di3nz1vfO5pLa1w9",
      "c": [
        1300,
        1600,
        1300,
        1500
      ],
      "light": 20,
      "move": 20,
      "sight": 20,
      "sound": 20,
      "dir": 0,
      "door": 0,
      "ds": 0,
      "flags": {},
      "threshold": {
        "light": null,
        "sight": null,
        "sound": null,
        "attenuation": false
      },
      "_key": "!scenes.walls!tgFyqsWl8P9Y7XVL.Di3nz1vfO5pLa1w9"
    },
    {
      "_id": "AZZ0Ln3oMyqoa5yF",
      "c": [
        1300,
        1500,
        1200,
        1500
      ],
      "light": 20,
      "move": 20,
      "sight": 20,
      "sound": 20,
      "dir": 0,
      "door": 0,
      "ds": 0,
      "flags": {},
      "threshold": {
        "light": null,
        "sight": null,
        "sound": null,
        "attenuation": false
      },
      "_key": "!scenes.walls!tgFyqsWl8P9Y7XVL.AZZ0Ln3oMyqoa5yF"
    },
    {
      "_id": "1bWpfZSc4noaSZ0o",
      "c": [
        1200,
        1500,
        1200,
        1200
      ],
      "light": 20,
      "move": 20,
      "sight": 20,
      "sound": 20,
      "dir": 0,
      "door": 0,
      "ds": 0,
      "flags": {},
      "threshold": {
        "light": null,
        "sight": null,
        "sound": null,
        "attenuation": false
      },
      "_key": "!scenes.walls!tgFyqsWl8P9Y7XVL.1bWpfZSc4noaSZ0o"
    },
    {
      "_id": "lcowgD4iat3c50zH",
      "c": [
        1200,
        1200,
        1300,
        1200
      ],
      "light": 20,
      "move": 20,
      "sight": 20,
      "sound": 20,
      "dir": 0,
      "door": 0,
      "ds": 0,
      "flags": {},
      "threshold": {
        "light": null,
        "sight": null,
        "sound": null,
        "attenuation": false
      },
      "_key": "!scenes.walls!tgFyqsWl8P9Y7XVL.lcowgD4iat3c50zH"
    },
    {
      "_id": "vwb1ZbFnYtIRYAVv",
      "c": [
        1300,
        1200,
        1300,
        1100
      ],
      "light": 20,
      "move": 20,
      "sight": 20,
      "sound": 20,
      "dir": 0,
      "door": 0,
      "ds": 0,
      "flags": {},
      "threshold": {
        "light": null,
        "sight": null,
        "sound": null,
        "attenuation": false
      },
      "_key": "!scenes.walls!tgFyqsWl8P9Y7XVL.vwb1ZbFnYtIRYAVv"
    },
    {
      "_id": "zN6Ri6EL6o9NaEeq",
      "c": [
        1300,
        1100,
        1200,
        1100
      ],
      "light": 20,
      "move": 20,
      "sight": 20,
      "sound": 20,
      "dir": 0,
      "door": 0,
      "ds": 0,
      "flags": {},
      "threshold": {
        "light": null,
        "sight": null,
        "sound": null,
        "attenuation": false
      },
      "_key": "!scenes.walls!tgFyqsWl8P9Y7XVL.zN6Ri6EL6o9NaEeq"
    },
    {
      "_id": "HwGUaqyQrc1PFYi3",
      "c": [
        1200,
        1100,
        1200,
        1000
      ],
      "light": 20,
      "move": 20,
      "sight": 20,
      "sound": 20,
      "dir": 0,
      "door": 0,
      "ds": 0,
      "flags": {},
      "threshold": {
        "light": null,
        "sight": null,
        "sound": null,
        "attenuation": false
      },
      "_key": "!scenes.walls!tgFyqsWl8P9Y7XVL.HwGUaqyQrc1PFYi3"
    },
    {
      "_id": "snUWRUaahJPpnbVA",
      "c": [
        1200,
        1000,
        1100,
        1000
      ],
      "light": 20,
      "move": 20,
      "sight": 20,
      "sound": 20,
      "dir": 0,
      "door": 0,
      "ds": 0,
      "flags": {},
      "threshold": {
        "light": null,
        "sight": null,
        "sound": null,
        "attenuation": false
      },
      "_key": "!scenes.walls!tgFyqsWl8P9Y7XVL.snUWRUaahJPpnbVA"
    },
    {
      "_id": "GFA8pa1zcq8USmwK",
      "c": [
        1100,
        1000,
        1000,
        1100
      ],
      "light": 20,
      "move": 20,
      "sight": 20,
      "sound": 20,
      "dir": 0,
      "door": 0,
      "ds": 0,
      "flags": {},
      "threshold": {
        "light": null,
        "sight": null,
        "sound": null,
        "attenuation": false
      },
      "_key": "!scenes.walls!tgFyqsWl8P9Y7XVL.GFA8pa1zcq8USmwK"
    },
    {
      "_id": "3uagaO5m2PR9QM6y",
      "c": [
        1000,
        1100,
        1000,
        1200
      ],
      "light": 20,
      "move": 20,
      "sight": 20,
      "sound": 20,
      "dir": 0,
      "door": 0,
      "ds": 0,
      "flags": {},
      "threshold": {
        "light": null,
        "sight": null,
        "sound": null,
        "attenuation": false
      },
      "_key": "!scenes.walls!tgFyqsWl8P9Y7XVL.3uagaO5m2PR9QM6y"
    },
    {
      "_id": "M5uMiQbssZziqw8F",
      "c": [
        1000,
        1200,
        1100,
        1200
      ],
      "light": 20,
      "move": 20,
      "sight": 20,
      "sound": 20,
      "dir": 0,
      "door": 0,
      "ds": 0,
      "flags": {},
      "threshold": {
        "light": null,
        "sight": null,
        "sound": null,
        "attenuation": false
      },
      "_key": "!scenes.walls!tgFyqsWl8P9Y7XVL.M5uMiQbssZziqw8F"
    },
    {
      "_id": "7xoyn7rSEjkavmZY",
      "c": [
        1100,
        1200,
        1100,
        1500
      ],
      "light": 20,
      "move": 20,
      "sight": 20,
      "sound": 20,
      "dir": 0,
      "door": 0,
      "ds": 0,
      "flags": {},
      "threshold": {
        "light": null,
        "sight": null,
        "sound": null,
        "attenuation": false
      },
      "_key": "!scenes.walls!tgFyqsWl8P9Y7XVL.7xoyn7rSEjkavmZY"
    },
    {
      "_id": "WX2H3OwryX4siBRO",
      "c": [
        1100,
        1500,
        1000,
        1500
      ],
      "light": 20,
      "move": 20,
      "sight": 20,
      "sound": 20,
      "dir": 0,
      "door": 0,
      "ds": 0,
      "flags": {},
      "threshold": {
        "light": null,
        "sight": null,
        "sound": null,
        "attenuation": false
      },
      "_key": "!scenes.walls!tgFyqsWl8P9Y7XVL.WX2H3OwryX4siBRO"
    },
    {
      "_id": "uCmBZ6O8Gt7B6qqc",
      "c": [
        1000,
        1500,
        1000,
        1600
      ],
      "light": 20,
      "move": 20,
      "sight": 20,
      "sound": 20,
      "dir": 0,
      "door": 0,
      "ds": 0,
      "flags": {},
      "threshold": {
        "light": null,
        "sight": null,
        "sound": null,
        "attenuation": false
      },
      "_key": "!scenes.walls!tgFyqsWl8P9Y7XVL.uCmBZ6O8Gt7B6qqc"
    },
    {
      "_id": "WlPX11Eg8RzjUTWd",
      "c": [
        1000,
        1600,
        1100,
        1600
      ],
      "light": 20,
      "move": 20,
      "sight": 20,
      "sound": 20,
      "dir": 0,
      "door": 0,
      "ds": 0,
      "flags": {},
      "threshold": {
        "light": null,
        "sight": null,
        "sound": null,
        "attenuation": false
      },
      "_key": "!scenes.walls!tgFyqsWl8P9Y7XVL.WlPX11Eg8RzjUTWd"
    },
    {
      "_id": "VbL5Thd3UjAOj8xO",
      "c": [
        1100,
        1600,
        1100,
        1700
      ],
      "light": 20,
      "move": 20,
      "sight": 20,
      "sound": 20,
      "dir": 0,
      "door": 0,
      "ds": 0,
      "flags": {},
      "threshold": {
        "light": null,
        "sight": null,
        "sound": null,
        "attenuation": false
      },
      "_key": "!scenes.walls!tgFyqsWl8P9Y7XVL.VbL5Thd3UjAOj8xO"
    },
    {
      "_id": "7WRaax9G71fjU2Lk",
      "c": [
        1500,
        2200,
        1500,
        2000
      ],
      "light": 20,
      "move": 20,
      "sight": 20,
      "sound": 20,
      "dir": 0,
      "door": 0,
      "ds": 0,
      "flags": {},
      "threshold": {
        "light": null,
        "sight": null,
        "sound": null,
        "attenuation": false
      },
      "_key": "!scenes.walls!tgFyqsWl8P9Y7XVL.7WRaax9G71fjU2Lk"
    },
    {
      "_id": "rrwU6qQjHccdmogS",
      "c": [
        1500,
        2000,
        1600,
        2000
      ],
      "light": 20,
      "move": 20,
      "sight": 20,
      "sound": 20,
      "dir": 0,
      "door": 0,
      "ds": 0,
      "flags": {},
      "threshold": {
        "light": null,
        "sight": null,
        "sound": null,
        "attenuation": false
      },
      "_key": "!scenes.walls!tgFyqsWl8P9Y7XVL.rrwU6qQjHccdmogS"
    },
    {
      "_id": "8nihhkZRGCj2972p",
      "c": [
        1600,
        2000,
        1600,
        1900
      ],
      "light": 20,
      "move": 20,
      "sight": 20,
      "sound": 20,
      "dir": 0,
      "door": 0,
      "ds": 0,
      "flags": {},
      "threshold": {
        "light": null,
        "sight": null,
        "sound": null,
        "attenuation": false
      },
      "_key": "!scenes.walls!tgFyqsWl8P9Y7XVL.8nihhkZRGCj2972p"
    },
    {
      "_id": "ahwieExcvAlEPtNZ",
      "c": [
        1600,
        1900,
        1700,
        1900
      ],
      "light": 20,
      "move": 20,
      "sight": 20,
      "sound": 20,
      "dir": 0,
      "door": 0,
      "ds": 0,
      "flags": {},
      "threshold": {
        "light": null,
        "sight": null,
        "sound": null,
        "attenuation": false
      },
      "_key": "!scenes.walls!tgFyqsWl8P9Y7XVL.ahwieExcvAlEPtNZ"
    },
    {
      "_id": "ZYDT7yZNuQrp4WFq",
      "c": [
        1700,
        1900,
        1700,
        2100
      ],
      "light": 20,
      "move": 20,
      "sight": 20,
      "sound": 20,
      "dir": 0,
      "door": 0,
      "ds": 0,
      "flags": {},
      "threshold": {
        "light": null,
        "sight": null,
        "sound": null,
        "attenuation": false
      },
      "_key": "!scenes.walls!tgFyqsWl8P9Y7XVL.ZYDT7yZNuQrp4WFq"
    },
    {
      "_id": "0Rvj0y9wARfMLTmi",
      "c": [
        1700,
        2100,
        2000,
        2100
      ],
      "light": 20,
      "move": 20,
      "sight": 20,
      "sound": 20,
      "dir": 0,
      "door": 0,
      "ds": 0,
      "flags": {},
      "threshold": {
        "light": null,
        "sight": null,
        "sound": null,
        "attenuation": false
      },
      "_key": "!scenes.walls!tgFyqsWl8P9Y7XVL.0Rvj0y9wARfMLTmi"
    },
    {
      "_id": "jKmcfFJVBfoo8ppH",
      "c": [
        2000,
        2100,
        2000,
        1600
      ],
      "light": 20,
      "move": 20,
      "sight": 20,
      "sound": 20,
      "dir": 0,
      "door": 0,
      "ds": 0,
      "flags": {},
      "threshold": {
        "light": null,
        "sight": null,
        "sound": null,
        "attenuation": false
      },
      "_key": "!scenes.walls!tgFyqsWl8P9Y7XVL.jKmcfFJVBfoo8ppH"
    },
    {
      "_id": "obiE9PPKa36H5RUb",
      "c": [
        2000,
        1600,
        1700,
        1600
      ],
      "light": 20,
      "move": 20,
      "sight": 20,
      "sound": 20,
      "dir": 0,
      "door": 0,
      "ds": 0,
      "flags": {},
      "threshold": {
        "light": null,
        "sight": null,
        "sound": null,
        "attenuation": false
      },
      "_key": "!scenes.walls!tgFyqsWl8P9Y7XVL.obiE9PPKa36H5RUb"
    },
    {
      "_id": "v0RnLt6qCxzizhHJ",
      "c": [
        1700,
        1600,
        1700,
        1700
      ],
      "light": 20,
      "move": 20,
      "sight": 20,
      "sound": 20,
      "dir": 0,
      "door": 0,
      "ds": 0,
      "flags": {},
      "threshold": {
        "light": null,
        "sight": null,
        "sound": null,
        "attenuation": false
      },
      "_key": "!scenes.walls!tgFyqsWl8P9Y7XVL.v0RnLt6qCxzizhHJ"
    },
    {
      "_id": "7pD8iOjmolAI1Imf",
      "c": [
        1700,
        1700,
        1600,
        1700
      ],
      "light": 20,
      "move": 20,
      "sight": 20,
      "sound": 20,
      "dir": 0,
      "door": 0,
      "ds": 0,
      "flags": {},
      "threshold": {
        "light": null,
        "sight": null,
        "sound": null,
        "attenuation": false
      },
      "_key": "!scenes.walls!tgFyqsWl8P9Y7XVL.7pD8iOjmolAI1Imf"
    },
    {
      "_id": "TlP1LYUlpsziL5zB",
      "c": [
        1600,
        1700,
        1600,
        1600
      ],
      "light": 20,
      "move": 20,
      "sight": 20,
      "sound": 20,
      "dir": 0,
      "door": 0,
      "ds": 0,
      "flags": {},
      "threshold": {
        "light": null,
        "sight": null,
        "sound": null,
        "attenuation": false
      },
      "_key": "!scenes.walls!tgFyqsWl8P9Y7XVL.TlP1LYUlpsziL5zB"
    },
    {
      "_id": "kTFEjOSwtTsxG2RR",
      "c": [
        1600,
        1600,
        1500,
        1600
      ],
      "light": 20,
      "move": 20,
      "sight": 20,
      "sound": 20,
      "dir": 0,
      "door": 0,
      "ds": 0,
      "flags": {},
      "threshold": {
        "light": null,
        "sight": null,
        "sound": null,
        "attenuation": false
      },
      "_key": "!scenes.walls!tgFyqsWl8P9Y7XVL.kTFEjOSwtTsxG2RR"
    },
    {
      "_id": "dTMRKXxWI1OCVF28",
      "c": [
        1500,
        1600,
        1500,
        1500
      ],
      "light": 20,
      "move": 20,
      "sight": 20,
      "sound": 20,
      "dir": 0,
      "door": 0,
      "ds": 0,
      "flags": {},
      "threshold": {
        "light": null,
        "sight": null,
        "sound": null,
        "attenuation": false
      },
      "_key": "!scenes.walls!tgFyqsWl8P9Y7XVL.dTMRKXxWI1OCVF28"
    },
    {
      "_id": "e9S7NynOlmlEVvs0",
      "c": [
        1500,
        1500,
        1600,
        1500
      ],
      "light": 20,
      "move": 20,
      "sight": 20,
      "sound": 20,
      "dir": 0,
      "door": 0,
      "ds": 0,
      "flags": {},
      "threshold": {
        "light": null,
        "sight": null,
        "sound": null,
        "attenuation": false
      },
      "_key": "!scenes.walls!tgFyqsWl8P9Y7XVL.e9S7NynOlmlEVvs0"
    },
    {
      "_id": "XVR3ouqhgTzABZz3",
      "c": [
        1600,
        1500,
        1600,
        1400
      ],
      "light": 20,
      "move": 20,
      "sight": 20,
      "sound": 20,
      "dir": 0,
      "door": 0,
      "ds": 0,
      "flags": {},
      "threshold": {
        "light": null,
        "sight": null,
        "sound": null,
        "attenuation": false
      },
      "_key": "!scenes.walls!tgFyqsWl8P9Y7XVL.XVR3ouqhgTzABZz3"
    },
    {
      "_id": "ICt1C9uGOAp879Cd",
      "c": [
        1600,
        1400,
        1700,
        1400
      ],
      "light": 20,
      "move": 20,
      "sight": 20,
      "sound": 20,
      "dir": 0,
      "door": 0,
      "ds": 0,
      "flags": {},
      "threshold": {
        "light": null,
        "sight": null,
        "sound": null,
        "attenuation": false
      },
      "_key": "!scenes.walls!tgFyqsWl8P9Y7XVL.ICt1C9uGOAp879Cd"
    },
    {
      "_id": "7Ihy2Xe9j9c4WTjY",
      "c": [
        1700,
        1400,
        1700,
        1500
      ],
      "light": 20,
      "move": 20,
      "sight": 20,
      "sound": 20,
      "dir": 0,
      "door": 0,
      "ds": 0,
      "flags": {},
      "threshold": {
        "light": null,
        "sight": null,
        "sound": null,
        "attenuation": false
      },
      "_key": "!scenes.walls!tgFyqsWl8P9Y7XVL.7Ihy2Xe9j9c4WTjY"
    },
    {
      "_id": "DP3HUUIUtpkIk1xl",
      "c": [
        1700,
        1500,
        2000,
        1500
      ],
      "light": 20,
      "move": 20,
      "sight": 20,
      "sound": 20,
      "dir": 0,
      "door": 0,
      "ds": 0,
      "flags": {},
      "threshold": {
        "light": null,
        "sight": null,
        "sound": null,
        "attenuation": false
      },
      "_key": "!scenes.walls!tgFyqsWl8P9Y7XVL.DP3HUUIUtpkIk1xl"
    },
    {
      "_id": "RHLDrAWNEzyj86Bn",
      "c": [
        2000,
        1200,
        1900,
        1200
      ],
      "light": 20,
      "move": 20,
      "sight": 20,
      "sound": 20,
      "dir": 0,
      "door": 0,
      "ds": 0,
      "flags": {},
      "threshold": {
        "light": null,
        "sight": null,
        "sound": null,
        "attenuation": false
      },
      "_key": "!scenes.walls!tgFyqsWl8P9Y7XVL.RHLDrAWNEzyj86Bn"
    },
    {
      "_id": "Ap3APMux3IexXMdw",
      "c": [
        1900,
        1200,
        1900,
        1100
      ],
      "light": 20,
      "move": 20,
      "sight": 20,
      "sound": 20,
      "dir": 0,
      "door": 0,
      "ds": 0,
      "flags": {},
      "threshold": {
        "light": null,
        "sight": null,
        "sound": null,
        "attenuation": false
      },
      "_key": "!scenes.walls!tgFyqsWl8P9Y7XVL.Ap3APMux3IexXMdw"
    },
    {
      "_id": "i94wufMdA1ozrA57",
      "c": [
        1900,
        1100,
        2000,
        1100
      ],
      "light": 20,
      "move": 20,
      "sight": 20,
      "sound": 20,
      "dir": 0,
      "door": 0,
      "ds": 0,
      "flags": {},
      "threshold": {
        "light": null,
        "sight": null,
        "sound": null,
        "attenuation": false
      },
      "_key": "!scenes.walls!tgFyqsWl8P9Y7XVL.i94wufMdA1ozrA57"
    },
    {
      "_id": "QjZAzkUGjKb6egNB",
      "c": [
        2000,
        1100,
        2000,
        700
      ],
      "light": 20,
      "move": 20,
      "sight": 20,
      "sound": 20,
      "dir": 0,
      "door": 0,
      "ds": 0,
      "flags": {},
      "threshold": {
        "light": null,
        "sight": null,
        "sound": null,
        "attenuation": false
      },
      "_key": "!scenes.walls!tgFyqsWl8P9Y7XVL.QjZAzkUGjKb6egNB"
    },
    {
      "_id": "ZNvIO58CH8s5vPvi",
      "c": [
        2000,
        700,
        1900,
        700
      ],
      "light": 20,
      "move": 20,
      "sight": 20,
      "sound": 20,
      "dir": 0,
      "door": 0,
      "ds": 0,
      "flags": {},
      "threshold": {
        "light": null,
        "sight": null,
        "sound": null,
        "attenuation": false
      },
      "_key": "!scenes.walls!tgFyqsWl8P9Y7XVL.ZNvIO58CH8s5vPvi"
    },
    {
      "_id": "ZFHRaS5mROTQTXCi",
      "c": [
        1900,
        700,
        1900,
        500
      ],
      "light": 20,
      "move": 20,
      "sight": 20,
      "sound": 20,
      "dir": 0,
      "door": 0,
      "ds": 0,
      "flags": {},
      "threshold": {
        "light": null,
        "sight": null,
        "sound": null,
        "attenuation": false
      },
      "_key": "!scenes.walls!tgFyqsWl8P9Y7XVL.ZFHRaS5mROTQTXCi"
    },
    {
      "_id": "YHtYzEjc91SZjaTc",
      "c": [
        1700,
        500,
        1700,
        800
      ],
      "light": 20,
      "move": 20,
      "sight": 20,
      "sound": 20,
      "dir": 0,
      "door": 0,
      "ds": 0,
      "flags": {},
      "threshold": {
        "light": null,
        "sight": null,
        "sound": null,
        "attenuation": false
      },
      "_key": "!scenes.walls!tgFyqsWl8P9Y7XVL.YHtYzEjc91SZjaTc"
    },
    {
      "_id": "hPSUSrhCYAkHKdiz",
      "c": [
        1700,
        800,
        1600,
        800
      ],
      "light": 20,
      "move": 20,
      "sight": 20,
      "sound": 20,
      "dir": 0,
      "door": 0,
      "ds": 0,
      "flags": {},
      "threshold": {
        "light": null,
        "sight": null,
        "sound": null,
        "attenuation": false
      },
      "_key": "!scenes.walls!tgFyqsWl8P9Y7XVL.hPSUSrhCYAkHKdiz"
    },
    {
      "_id": "RBkcvyxln3dQdW0g",
      "c": [
        1600,
        800,
        1500,
        700
      ],
      "light": 20,
      "move": 20,
      "sight": 20,
      "sound": 20,
      "dir": 0,
      "door": 0,
      "ds": 0,
      "flags": {},
      "threshold": {
        "light": null,
        "sight": null,
        "sound": null,
        "attenuation": false
      },
      "_key": "!scenes.walls!tgFyqsWl8P9Y7XVL.RBkcvyxln3dQdW0g"
    },
    {
      "_id": "I7wohjfM9XIteQZV",
      "c": [
        1500,
        700,
        1300,
        700
      ],
      "light": 20,
      "move": 20,
      "sight": 20,
      "sound": 20,
      "dir": 0,
      "door": 0,
      "ds": 0,
      "flags": {},
      "threshold": {
        "light": null,
        "sight": null,
        "sound": null,
        "attenuation": false
      },
      "_key": "!scenes.walls!tgFyqsWl8P9Y7XVL.I7wohjfM9XIteQZV"
    },
    {
      "_id": "vpbiNpB8BzUg9TfP",
      "c": [
        1300,
        700,
        1200,
        800
      ],
      "light": 20,
      "move": 20,
      "sight": 20,
      "sound": 20,
      "dir": 0,
      "door": 0,
      "ds": 0,
      "flags": {},
      "threshold": {
        "light": null,
        "sight": null,
        "sound": null,
        "attenuation": false
      },
      "_key": "!scenes.walls!tgFyqsWl8P9Y7XVL.vpbiNpB8BzUg9TfP"
    },
    {
      "_id": "4It3OvoLjUnx2wG9",
      "c": [
        1200,
        800,
        1100,
        800
      ],
      "light": 20,
      "move": 20,
      "sight": 20,
      "sound": 20,
      "dir": 0,
      "door": 0,
      "ds": 0,
      "flags": {},
      "threshold": {
        "light": null,
        "sight": null,
        "sound": null,
        "attenuation": false
      },
      "_key": "!scenes.walls!tgFyqsWl8P9Y7XVL.4It3OvoLjUnx2wG9"
    },
    {
      "_id": "A6s2qLKcDpUReCy6",
      "c": [
        1100,
        800,
        1100,
        600
      ],
      "light": 20,
      "move": 20,
      "sight": 20,
      "sound": 20,
      "dir": 0,
      "door": 0,
      "ds": 0,
      "flags": {},
      "threshold": {
        "light": null,
        "sight": null,
        "sound": null,
        "attenuation": false
      },
      "_key": "!scenes.walls!tgFyqsWl8P9Y7XVL.A6s2qLKcDpUReCy6"
    },
    {
      "_id": "R7LuyBbaF88X3q1i",
      "c": [
        1100,
        600,
        662,
        600
      ],
      "light": 20,
      "move": 20,
      "sight": 20,
      "sound": 20,
      "dir": 0,
      "door": 0,
      "ds": 0,
      "flags": {},
      "threshold": {
        "light": null,
        "sight": null,
        "sound": null,
        "attenuation": false
      },
      "_key": "!scenes.walls!tgFyqsWl8P9Y7XVL.R7LuyBbaF88X3q1i"
    },
    {
      "_id": "hwvvDHgHZpo6YeDn",
      "c": [
        600,
        662,
        600,
        1100
      ],
      "light": 20,
      "move": 20,
      "sight": 20,
      "sound": 20,
      "dir": 0,
      "door": 0,
      "ds": 0,
      "flags": {},
      "threshold": {
        "light": null,
        "sight": null,
        "sound": null,
        "attenuation": false
      },
      "_key": "!scenes.walls!tgFyqsWl8P9Y7XVL.hwvvDHgHZpo6YeDn"
    },
    {
      "_id": "curDesj0N3XcZVaP",
      "c": [
        600,
        1100,
        800,
        1100
      ],
      "light": 20,
      "move": 20,
      "sight": 20,
      "sound": 20,
      "dir": 0,
      "door": 0,
      "ds": 0,
      "flags": {},
      "threshold": {
        "light": null,
        "sight": null,
        "sound": null,
        "attenuation": false
      },
      "_key": "!scenes.walls!tgFyqsWl8P9Y7XVL.curDesj0N3XcZVaP"
    },
    {
      "_id": "kDoBKbo0LL3pj5eP",
      "c": [
        800,
        1100,
        800,
        1200
      ],
      "light": 20,
      "move": 20,
      "sight": 20,
      "sound": 20,
      "dir": 0,
      "door": 0,
      "ds": 0,
      "flags": {},
      "threshold": {
        "light": null,
        "sight": null,
        "sound": null,
        "attenuation": false
      },
      "_key": "!scenes.walls!tgFyqsWl8P9Y7XVL.kDoBKbo0LL3pj5eP"
    },
    {
      "_id": "MEIQcryh4kHu8q0U",
      "c": [
        800,
        1200,
        700,
        1200
      ],
      "light": 20,
      "move": 20,
      "sight": 20,
      "sound": 20,
      "dir": 0,
      "door": 0,
      "ds": 0,
      "flags": {},
      "threshold": {
        "light": null,
        "sight": null,
        "sound": null,
        "attenuation": false
      },
      "_key": "!scenes.walls!tgFyqsWl8P9Y7XVL.MEIQcryh4kHu8q0U"
    },
    {
      "_id": "FRqjvzL1hNr2pomB",
      "c": [
        1500,
        1100,
        1500,
        1200
      ],
      "light": 20,
      "move": 20,
      "sight": 20,
      "sound": 20,
      "dir": 0,
      "door": 0,
      "ds": 0,
      "flags": {},
      "threshold": {
        "light": null,
        "sight": null,
        "sound": null,
        "attenuation": false
      },
      "_key": "!scenes.walls!tgFyqsWl8P9Y7XVL.FRqjvzL1hNr2pomB"
    },
    {
      "_id": "7GvMDAF93BqGzLVF",
      "c": [
        1500,
        1200,
        1700,
        1200
      ],
      "light": 20,
      "move": 20,
      "sight": 20,
      "sound": 20,
      "dir": 0,
      "door": 0,
      "ds": 0,
      "flags": {},
      "threshold": {
        "light": null,
        "sight": null,
        "sound": null,
        "attenuation": false
      },
      "_key": "!scenes.walls!tgFyqsWl8P9Y7XVL.7GvMDAF93BqGzLVF"
    },
    {
      "_id": "eZwdepjMrDT392ia",
      "c": [
        1700,
        1200,
        1700,
        1000
      ],
      "light": 20,
      "move": 20,
      "sight": 20,
      "sound": 20,
      "dir": 0,
      "door": 0,
      "ds": 0,
      "flags": {},
      "threshold": {
        "light": null,
        "sight": null,
        "sound": null,
        "attenuation": false
      },
      "_key": "!scenes.walls!tgFyqsWl8P9Y7XVL.eZwdepjMrDT392ia"
    },
    {
      "_id": "g5ZRCvo0SsRiwRjf",
      "c": [
        1700,
        1000,
        1600,
        1000
      ],
      "light": 20,
      "move": 20,
      "sight": 20,
      "sound": 20,
      "dir": 0,
      "door": 0,
      "ds": 0,
      "flags": {},
      "threshold": {
        "light": null,
        "sight": null,
        "sound": null,
        "attenuation": false
      },
      "_key": "!scenes.walls!tgFyqsWl8P9Y7XVL.g5ZRCvo0SsRiwRjf"
    },
    {
      "_id": "KffKbEBaGma8YNil",
      "c": [
        1600,
        1000,
        1600,
        1100
      ],
      "light": 20,
      "move": 20,
      "sight": 20,
      "sound": 20,
      "dir": 0,
      "door": 0,
      "ds": 0,
      "flags": {},
      "threshold": {
        "light": null,
        "sight": null,
        "sound": null,
        "attenuation": false
      },
      "_key": "!scenes.walls!tgFyqsWl8P9Y7XVL.KffKbEBaGma8YNil"
    },
    {
      "_id": "Z5d1nqOkvPyHEahD",
      "c": [
        1600,
        1100,
        1500,
        1100
      ],
      "light": 20,
      "move": 20,
      "sight": 20,
      "sound": 20,
      "dir": 0,
      "door": 0,
      "ds": 0,
      "flags": {},
      "threshold": {
        "light": null,
        "sight": null,
        "sound": null,
        "attenuation": false
      },
      "_key": "!scenes.walls!tgFyqsWl8P9Y7XVL.Z5d1nqOkvPyHEahD"
    },
    {
      "_id": "mkPhACOc3wpbKl7J",
      "c": [
        600,
        662,
        662,
        600
      ],
      "light": 20,
      "move": 20,
      "sight": 20,
      "sound": 20,
      "dir": 0,
      "door": 0,
      "ds": 0,
      "flags": {},
      "threshold": {
        "light": null,
        "sight": null,
        "sound": null,
        "attenuation": false
      },
      "_key": "!scenes.walls!tgFyqsWl8P9Y7XVL.mkPhACOc3wpbKl7J"
    },
    {
      "_id": "JWZ3fehtURw0HGxv",
      "c": [
        700,
        1200,
        650,
        1225
      ],
      "light": 20,
      "move": 20,
      "sight": 20,
      "sound": 20,
      "dir": 0,
      "door": 0,
      "ds": 0,
      "flags": {},
      "threshold": {
        "light": null,
        "sight": null,
        "sound": null,
        "attenuation": false
      },
      "_key": "!scenes.walls!tgFyqsWl8P9Y7XVL.JWZ3fehtURw0HGxv"
    },
    {
      "_id": "bAuOPus4KfH0dced",
      "c": [
        650,
        1225,
        612,
        1275
      ],
      "light": 20,
      "move": 20,
      "sight": 20,
      "sound": 20,
      "dir": 0,
      "door": 0,
      "ds": 0,
      "flags": {},
      "threshold": {
        "light": null,
        "sight": null,
        "sound": null,
        "attenuation": false
      },
      "_key": "!scenes.walls!tgFyqsWl8P9Y7XVL.bAuOPus4KfH0dced"
    },
    {
      "_id": "Qi4tANdMEviycx3Q",
      "c": [
        612,
        1275,
        600,
        1337
      ],
      "light": 20,
      "move": 20,
      "sight": 20,
      "sound": 20,
      "dir": 0,
      "door": 0,
      "ds": 0,
      "flags": {},
      "threshold": {
        "light": null,
        "sight": null,
        "sound": null,
        "attenuation": false
      },
      "_key": "!scenes.walls!tgFyqsWl8P9Y7XVL.Qi4tANdMEviycx3Q"
    },
    {
      "_id": "PsvnWgaYJJ1YkBIW",
      "c": [
        600,
        1337,
        600,
        1412
      ],
      "light": 20,
      "move": 20,
      "sight": 20,
      "sound": 20,
      "dir": 0,
      "door": 0,
      "ds": 0,
      "flags": {},
      "threshold": {
        "light": null,
        "sight": null,
        "sound": null,
        "attenuation": false
      },
      "_key": "!scenes.walls!tgFyqsWl8P9Y7XVL.PsvnWgaYJJ1YkBIW"
    },
    {
      "_id": "fjArNY0FzKX6lxKG",
      "c": [
        600,
        1412,
        637,
        1475
      ],
      "light": 20,
      "move": 20,
      "sight": 20,
      "sound": 20,
      "dir": 0,
      "door": 0,
      "ds": 0,
      "flags": {},
      "threshold": {
        "light": null,
        "sight": null,
        "sound": null,
        "attenuation": false
      },
      "_key": "!scenes.walls!tgFyqsWl8P9Y7XVL.fjArNY0FzKX6lxKG"
    },
    {
      "_id": "YVBXTrWvMqCNjXoS",
      "c": [
        637,
        1475,
        700,
        1500
      ],
      "light": 20,
      "move": 20,
      "sight": 20,
      "sound": 20,
      "dir": 0,
      "door": 0,
      "ds": 0,
      "flags": {},
      "threshold": {
        "light": null,
        "sight": null,
        "sound": null,
        "attenuation": false
      },
      "_key": "!scenes.walls!tgFyqsWl8P9Y7XVL.YVBXTrWvMqCNjXoS"
    },
    {
      "_id": "Anf2IgdAAmItg7pi",
      "c": [
        2000,
        1200,
        2062,
        1250
      ],
      "light": 20,
      "move": 20,
      "sight": 20,
      "sound": 20,
      "dir": 0,
      "door": 0,
      "ds": 0,
      "flags": {},
      "threshold": {
        "light": null,
        "sight": null,
        "sound": null,
        "attenuation": false
      },
      "_key": "!scenes.walls!tgFyqsWl8P9Y7XVL.Anf2IgdAAmItg7pi"
    },
    {
      "_id": "O5e7cZYratCGeRLq",
      "c": [
        2062,
        1250,
        2100,
        1325
      ],
      "light": 20,
      "move": 20,
      "sight": 20,
      "sound": 20,
      "dir": 0,
      "door": 0,
      "ds": 0,
      "flags": {},
      "threshold": {
        "light": null,
        "sight": null,
        "sound": null,
        "attenuation": false
      },
      "_key": "!scenes.walls!tgFyqsWl8P9Y7XVL.O5e7cZYratCGeRLq"
    },
    {
      "_id": "SUGRx3oJAGrpYsvQ",
      "c": [
        2100,
        1325,
        2087,
        1412
      ],
      "light": 20,
      "move": 20,
      "sight": 20,
      "sound": 20,
      "dir": 0,
      "door": 0,
      "ds": 0,
      "flags": {},
      "threshold": {
        "light": null,
        "sight": null,
        "sound": null,
        "attenuation": false
      },
      "_key": "!scenes.walls!tgFyqsWl8P9Y7XVL.SUGRx3oJAGrpYsvQ"
    },
    {
      "_id": "IOCrcXFvqd6UDele",
      "c": [
        2087,
        1412,
        2050,
        1475
      ],
      "light": 20,
      "move": 20,
      "sight": 20,
      "sound": 20,
      "dir": 0,
      "door": 0,
      "ds": 0,
      "flags": {},
      "threshold": {
        "light": null,
        "sight": null,
        "sound": null,
        "attenuation": false
      },
      "_key": "!scenes.walls!tgFyqsWl8P9Y7XVL.IOCrcXFvqd6UDele"
    },
    {
      "_id": "eJJpVAh3rbW5s2X2",
      "c": [
        2050,
        1475,
        2000,
        1500
      ],
      "light": 20,
      "move": 20,
      "sight": 20,
      "sound": 20,
      "dir": 0,
      "door": 0,
      "ds": 0,
      "flags": {},
      "threshold": {
        "light": null,
        "sight": null,
        "sound": null,
        "attenuation": false
      },
      "_key": "!scenes.walls!tgFyqsWl8P9Y7XVL.eJJpVAh3rbW5s2X2"
    },
    {
      "_id": "FCSkga5FRspUFrql",
      "c": [
        1700,
        700,
        1900,
        700
      ],
      "light": 0,
      "move": 0,
      "sight": 0,
      "sound": 0,
      "dir": 0,
      "door": 0,
      "ds": 0,
      "flags": {
        "tagger": {
          "tags": [
            "passw"
          ]
        },
        "monks-active-tiles": {
          "entity": {},
          "open": false,
          "close": false,
          "lock": false,
          "checklock": false,
          "secret": false
        }
      },
      "threshold": {
        "light": null,
        "sight": null,
        "sound": null,
        "attenuation": false
      },
      "_key": "!scenes.walls!tgFyqsWl8P9Y7XVL.FCSkga5FRspUFrql"
    }
  ],
  "playlist": null,
  "playlistSound": null,
  "journal": null,
  "journalEntryPage": null,
  "weather": "",
  "flags": {
    "scene-packer": {
      "hash": "933a17fa48f248a051b4df31bf4328e87d953577",
      "sourceId": "Scene.tgFyqsWl8P9Y7XVL"
    }
  },
  "_stats": {
    "systemId": "dnd5e",
    "systemVersion": "2.4.1",
    "coreVersion": "12.330",
    "createdTime": 1693518339139,
    "modifiedTime": 1723948098318,
    "lastModifiedBy": "dnd5ebuilder0000",
    "compendiumSource": "Compendium.fa-battlemaps.maps.tgFyqsWl8P9Y7XVL",
    "duplicateSource": null
  },
  "_id": "tgFyqsWl8P9Y7XVL",
  "active": false,
  "folder": null,
  "sort": 0,
  "ownership": {
    "default": 0
  },
  "regions": [],
  "environment": {
    "globalLight": {
      "luminosity": 0,
      "enabled": true,
      "darkness": {
        "max": 1,
        "min": 0
      },
      "alpha": 0.5,
      "bright": false,
      "color": null,
      "coloration": 1,
      "saturation": 0,
      "contrast": 0,
      "shadows": 0
    },
    "darknessLevel": 0.3,
    "darknessLock": false,
    "cycle": true,
    "base": {
      "hue": 0,
      "intensity": 0,
      "luminosity": 0,
      "saturation": 0,
      "shadows": 0
    },
    "dark": {
      "hue": 0.7138888888888889,
      "intensity": 0,
      "luminosity": -0.25,
      "saturation": 0,
      "shadows": 0
    }
  },
  "fog": {
    "exploration": true,
    "reset": 1693518339136,
    "overlay": null,
    "colors": {
      "explored": null,
      "unexplored": null
    }
  },
  "_key": "!scenes!tgFyqsWl8P9Y7XVL"
}
