{
  "_id": "qT99brUhsCTrA2zA",
  "name": "Forest River A [40x32]",
  "navigation": false,
  "navOrder": 0,
  "navName": "",
  "foreground": "fa_battlemaps/Maps/2022/August/fa_forest-river-a/Maps/ForestRiverFG.webp",
  "thumb": "modules/fa-battlemaps/assets/scenes/qT99brUhsCTrA2zA-thumb.webp",
  "width": 4000,
  "height": 3200,
  "padding": 0.25,
  "initial": {
    "x": 3454,
    "y": 2525,
    "scale": 0.42
  },
  "backgroundColor": "#000000",
  "grid": {
    "size": 100,
    "type": 1,
    "color": "#000000",
    "alpha": 0.2,
    "distance": 5,
    "units": "ft",
    "style": "solidLines",
    "thickness": 1
  },
  "tokenVision": true,
  "drawings": [],
  "tokens": [],
  "lights": [
    {
      "_id": "0ZIsHWw5EFBNyfER",
      "x": 1786,
      "y": 962,
      "rotation": 90,
      "walls": true,
      "vision": false,
      "config": {
        "dim": 13,
        "bright": 0,
        "angle": 360,
        "color": "#82b0bf",
        "alpha": 0.25,
        "animation": {
          "speed": 6,
          "intensity": 7,
          "type": "dome",
          "reverse": true
        },
        "darkness": {
          "min": 0,
          "max": 0.69
        },
        "coloration": 0,
        "luminosity": 0,
        "saturation": 0,
        "contrast": 0,
        "shadows": 0,
        "attenuation": 0.5,
        "negative": false,
        "priority": 0
      },
      "hidden": false,
      "flags": {},
      "elevation": 0,
      "_key": "!scenes.lights!qT99brUhsCTrA2zA.0ZIsHWw5EFBNyfER"
    },
    {
      "_id": "WnkjRI8a3HTxrVaa",
      "x": 2049,
      "y": 1250,
      "rotation": 90,
      "walls": true,
      "vision": false,
      "config": {
        "dim": 12,
        "bright": 0,
        "angle": 360,
        "color": "#82b0bf",
        "alpha": 0.25,
        "animation": {
          "speed": 6,
          "intensity": 7,
          "type": "dome",
          "reverse": true
        },
        "darkness": {
          "min": 0,
          "max": 0.69
        },
        "coloration": 0,
        "luminosity": 0,
        "saturation": 0,
        "contrast": 0,
        "shadows": 0,
        "attenuation": 0.5,
        "negative": false,
        "priority": 0
      },
      "hidden": false,
      "flags": {},
      "elevation": 0,
      "_key": "!scenes.lights!qT99brUhsCTrA2zA.WnkjRI8a3HTxrVaa"
    },
    {
      "_id": "mlg37p7t60JfKuAG",
      "x": 2350,
      "y": 1450,
      "rotation": 90,
      "walls": true,
      "vision": false,
      "config": {
        "dim": 13,
        "bright": 0,
        "angle": 360,
        "color": "#82b0bf",
        "alpha": 0.25,
        "animation": {
          "speed": 6,
          "intensity": 7,
          "type": "dome",
          "reverse": true
        },
        "darkness": {
          "min": 0,
          "max": 0.69
        },
        "coloration": 0,
        "luminosity": 0,
        "saturation": 0,
        "contrast": 0,
        "shadows": 0,
        "attenuation": 0.5,
        "negative": false,
        "priority": 0
      },
      "hidden": false,
      "flags": {},
      "elevation": 0,
      "_key": "!scenes.lights!qT99brUhsCTrA2zA.mlg37p7t60JfKuAG"
    },
    {
      "_id": "TSlUhZyLOjgg43IS",
      "x": 2700,
      "y": 1750,
      "rotation": 90,
      "walls": true,
      "vision": false,
      "config": {
        "dim": 14,
        "bright": 0,
        "angle": 360,
        "color": "#82b0bf",
        "alpha": 0.25,
        "animation": {
          "speed": 6,
          "intensity": 7,
          "type": "dome",
          "reverse": true
        },
        "darkness": {
          "min": 0,
          "max": 0.69
        },
        "coloration": 0,
        "luminosity": 0,
        "saturation": 0,
        "contrast": 0,
        "shadows": 0,
        "attenuation": 0.5,
        "negative": false,
        "priority": 0
      },
      "hidden": false,
      "flags": {},
      "elevation": 0,
      "_key": "!scenes.lights!qT99brUhsCTrA2zA.TSlUhZyLOjgg43IS"
    },
    {
      "_id": "733V72kMTC4c9gQo",
      "x": 3400,
      "y": 3000,
      "rotation": 90,
      "walls": true,
      "vision": false,
      "config": {
        "dim": 16,
        "bright": 0,
        "angle": 360,
        "color": "#eff4f5",
        "alpha": 0.3,
        "animation": {
          "speed": 5,
          "intensity": 2,
          "type": "fog",
          "reverse": true
        },
        "darkness": {
          "min": 0,
          "max": 0.69
        },
        "coloration": 0,
        "luminosity": 0,
        "saturation": 0,
        "contrast": 0,
        "shadows": 0,
        "attenuation": 0.5,
        "negative": false,
        "priority": 0
      },
      "hidden": false,
      "flags": {},
      "elevation": 0,
      "_key": "!scenes.lights!qT99brUhsCTrA2zA.733V72kMTC4c9gQo"
    },
    {
      "_id": "7k2apvjH5QYaDHkm",
      "x": 3326,
      "y": 2634,
      "rotation": 90,
      "walls": true,
      "vision": false,
      "config": {
        "dim": 15,
        "bright": 0,
        "angle": 360,
        "color": "#eff4f5",
        "alpha": 0.45,
        "animation": {
          "speed": 5,
          "intensity": 2,
          "type": "fog",
          "reverse": true
        },
        "darkness": {
          "min": 0,
          "max": 0.69
        },
        "coloration": 0,
        "luminosity": 0,
        "saturation": 0,
        "contrast": 0,
        "shadows": 0,
        "attenuation": 0.5,
        "negative": false,
        "priority": 0
      },
      "hidden": false,
      "flags": {
        "tagger": {
          "tags": ""
        }
      },
      "elevation": 0,
      "_key": "!scenes.lights!qT99brUhsCTrA2zA.7k2apvjH5QYaDHkm"
    },
    {
      "_id": "86fTbWcoqrHCq5qY",
      "x": 3450,
      "y": 3100,
      "rotation": 90,
      "walls": true,
      "vision": false,
      "config": {
        "dim": 15,
        "bright": 0,
        "angle": 360,
        "color": "#eff4f5",
        "alpha": 0.35,
        "animation": {
          "speed": 7,
          "intensity": 2,
          "type": "ghost",
          "reverse": true
        },
        "darkness": {
          "min": 0,
          "max": 0.69
        },
        "coloration": 0,
        "luminosity": 0,
        "saturation": 0,
        "contrast": 0,
        "shadows": 0,
        "attenuation": 0.5,
        "negative": false,
        "priority": 0
      },
      "hidden": false,
      "flags": {},
      "elevation": 0,
      "_key": "!scenes.lights!qT99brUhsCTrA2zA.86fTbWcoqrHCq5qY"
    },
    {
      "_id": "r1a3Lv5JOez2XPTc",
      "x": 3300,
      "y": 2650,
      "rotation": 90,
      "walls": true,
      "vision": false,
      "config": {
        "dim": 12,
        "bright": 0,
        "angle": 360,
        "color": "#eff4f5",
        "alpha": 0.35,
        "animation": {
          "speed": 7,
          "intensity": 2,
          "type": "ghost",
          "reverse": true
        },
        "darkness": {
          "min": 0,
          "max": 0.69
        },
        "coloration": 0,
        "luminosity": 0,
        "saturation": 0,
        "contrast": 0,
        "shadows": 0,
        "attenuation": 0.5,
        "negative": false,
        "priority": 0
      },
      "hidden": false,
      "flags": {},
      "elevation": 0,
      "_key": "!scenes.lights!qT99brUhsCTrA2zA.r1a3Lv5JOez2XPTc"
    },
    {
      "_id": "novwMZxLpcU7JJog",
      "x": 3200,
      "y": 2350,
      "rotation": 90,
      "walls": true,
      "vision": false,
      "config": {
        "dim": 11,
        "bright": 0,
        "angle": 360,
        "color": "#eff4f5",
        "alpha": 0.35,
        "animation": {
          "speed": 7,
          "intensity": 2,
          "type": "ghost",
          "reverse": true
        },
        "darkness": {
          "min": 0,
          "max": 0.69
        },
        "coloration": 0,
        "luminosity": 0,
        "saturation": 0,
        "contrast": 0,
        "shadows": 0,
        "attenuation": 0.5,
        "negative": false,
        "priority": 0
      },
      "hidden": false,
      "flags": {},
      "elevation": 0,
      "_key": "!scenes.lights!qT99brUhsCTrA2zA.novwMZxLpcU7JJog"
    },
    {
      "_id": "jBZOgU2newJ9Y2MN",
      "x": 3225,
      "y": 2355,
      "rotation": 90,
      "walls": true,
      "vision": false,
      "config": {
        "dim": 11,
        "bright": 0,
        "angle": 360,
        "color": "#eff4f5",
        "alpha": 0.45,
        "animation": {
          "speed": 5,
          "intensity": 2,
          "type": "fog",
          "reverse": true
        },
        "darkness": {
          "min": 0,
          "max": 0.69
        },
        "coloration": 0,
        "luminosity": 0,
        "saturation": 0,
        "contrast": 0,
        "shadows": 0,
        "attenuation": 0.5,
        "negative": false,
        "priority": 0
      },
      "hidden": false,
      "flags": {},
      "elevation": 0,
      "_key": "!scenes.lights!qT99brUhsCTrA2zA.jBZOgU2newJ9Y2MN"
    },
    {
      "_id": "dldqVdFLoMgDUkeU",
      "x": 3300,
      "y": 3950,
      "rotation": 90,
      "walls": true,
      "vision": false,
      "config": {
        "dim": 11,
        "bright": 0,
        "angle": 360,
        "color": "#82b0bf",
        "alpha": 0.25,
        "animation": {
          "speed": 6,
          "intensity": 7,
          "type": "dome",
          "reverse": true
        },
        "darkness": {
          "min": 0,
          "max": 0.69
        },
        "coloration": 0,
        "luminosity": 0,
        "saturation": 0,
        "contrast": 0,
        "shadows": 0,
        "attenuation": 0.5,
        "negative": false,
        "priority": 0
      },
      "hidden": false,
      "flags": {},
      "elevation": 0,
      "_key": "!scenes.lights!qT99brUhsCTrA2zA.dldqVdFLoMgDUkeU"
    },
    {
      "_id": "U0hzxELTj4711FSH",
      "x": 3400,
      "y": 3700,
      "rotation": 90,
      "walls": true,
      "vision": false,
      "config": {
        "dim": 10,
        "bright": 0,
        "angle": 360,
        "color": "#82b0bf",
        "alpha": 0.25,
        "animation": {
          "speed": 6,
          "intensity": 7,
          "type": "dome",
          "reverse": true
        },
        "darkness": {
          "min": 0,
          "max": 0.69
        },
        "coloration": 0,
        "luminosity": 0,
        "saturation": 0,
        "contrast": 0,
        "shadows": 0,
        "attenuation": 0.5,
        "negative": false,
        "priority": 0
      },
      "hidden": false,
      "flags": {},
      "elevation": 0,
      "_key": "!scenes.lights!qT99brUhsCTrA2zA.U0hzxELTj4711FSH"
    },
    {
      "_id": "aCpy4G7ozRSeQEBq",
      "x": 3300,
      "y": 3250,
      "rotation": 90,
      "walls": true,
      "vision": false,
      "config": {
        "dim": 17,
        "bright": 0,
        "angle": 360,
        "color": "#82b0bf",
        "alpha": 0.25,
        "animation": {
          "speed": 6,
          "intensity": 7,
          "type": "dome",
          "reverse": true
        },
        "darkness": {
          "min": 0,
          "max": 0.69
        },
        "coloration": 0,
        "luminosity": 0,
        "saturation": 0,
        "contrast": 0,
        "shadows": 0,
        "attenuation": 0.5,
        "negative": false,
        "priority": 0
      },
      "hidden": false,
      "flags": {},
      "elevation": 0,
      "_key": "!scenes.lights!qT99brUhsCTrA2zA.aCpy4G7ozRSeQEBq"
    },
    {
      "_id": "ZEFII8prqToCicjV",
      "x": 3692,
      "y": 3175,
      "rotation": 90,
      "walls": true,
      "vision": false,
      "config": {
        "dim": 8,
        "bright": 0,
        "angle": 360,
        "color": "#82b0bf",
        "alpha": 0.25,
        "animation": {
          "speed": 6,
          "intensity": 7,
          "type": "dome",
          "reverse": true
        },
        "darkness": {
          "min": 0,
          "max": 0.69
        },
        "coloration": 0,
        "luminosity": 0,
        "saturation": 0,
        "contrast": 0,
        "shadows": 0,
        "attenuation": 0.5,
        "negative": false,
        "priority": 0
      },
      "hidden": false,
      "flags": {},
      "elevation": 0,
      "_key": "!scenes.lights!qT99brUhsCTrA2zA.ZEFII8prqToCicjV"
    },
    {
      "_id": "QAPKfgTQTqFLuCkm",
      "x": 2987,
      "y": 2082,
      "rotation": 90,
      "walls": true,
      "vision": false,
      "config": {
        "dim": 14,
        "bright": 0,
        "angle": 360,
        "color": "#82b0bf",
        "alpha": 0.25,
        "animation": {
          "speed": 6,
          "intensity": 7,
          "type": "dome",
          "reverse": true
        },
        "darkness": {
          "min": 0,
          "max": 0.69
        },
        "coloration": 0,
        "luminosity": 0,
        "saturation": 0,
        "contrast": 0,
        "shadows": 0,
        "attenuation": 0.5,
        "negative": false,
        "priority": 0
      },
      "hidden": true,
      "flags": {
        "tagger": {
          "tags": [
            "ub"
          ]
        }
      },
      "elevation": 0,
      "_key": "!scenes.lights!qT99brUhsCTrA2zA.QAPKfgTQTqFLuCkm"
    }
  ],
  "notes": [],
  "sounds": [
    {
      "_id": "NMnMEDtbQlfBsF7p",
      "x": 3100,
      "y": 2250,
      "radius": 143.88,
      "path": "fa_battlemaps/Audio/C-ForestDeep.ogg",
      "repeat": false,
      "volume": 0.1,
      "walls": false,
      "easing": false,
      "hidden": false,
      "darkness": {
        "min": 0,
        "max": 0.69
      },
      "flags": {
        "tagger": {
          "tags": ""
        }
      },
      "elevation": 0,
      "effects": {
        "base": {
          "intensity": 5
        },
        "muffled": {
          "intensity": 5
        }
      },
      "_key": "!scenes.sounds!qT99brUhsCTrA2zA.NMnMEDtbQlfBsF7p"
    },
    {
      "_id": "kxoGn73VgQpYqamK",
      "x": 1850,
      "y": 1050,
      "radius": 50,
      "path": "fa_battlemaps/Audio/C-River.ogg",
      "repeat": false,
      "volume": 0.2,
      "walls": false,
      "easing": true,
      "hidden": false,
      "darkness": {
        "min": 0,
        "max": 1
      },
      "flags": {
        "tagger": {
          "tags": ""
        }
      },
      "elevation": 0,
      "effects": {
        "base": {
          "intensity": 5
        },
        "muffled": {
          "intensity": 5
        }
      },
      "_key": "!scenes.sounds!qT99brUhsCTrA2zA.kxoGn73VgQpYqamK"
    },
    {
      "_id": "Jhwxus7wuEsjfmrX",
      "x": 2300,
      "y": 1500,
      "radius": 50,
      "path": "fa_battlemaps/Audio/C-River.ogg",
      "repeat": false,
      "volume": 0.2,
      "walls": false,
      "easing": true,
      "hidden": false,
      "darkness": {
        "min": 0,
        "max": 1
      },
      "flags": {
        "tagger": {
          "tags": ""
        }
      },
      "elevation": 0,
      "effects": {
        "base": {
          "intensity": 5
        },
        "muffled": {
          "intensity": 5
        }
      },
      "_key": "!scenes.sounds!qT99brUhsCTrA2zA.Jhwxus7wuEsjfmrX"
    },
    {
      "_id": "OaeqeFHpeaj8Z13F",
      "x": 2850,
      "y": 1950,
      "radius": 50,
      "path": "fa_battlemaps/Audio/C-River.ogg",
      "repeat": false,
      "volume": 0.2,
      "walls": false,
      "easing": true,
      "hidden": false,
      "darkness": {
        "min": 0,
        "max": 1
      },
      "flags": {
        "tagger": {
          "tags": ""
        }
      },
      "elevation": 0,
      "effects": {
        "base": {
          "intensity": 5
        },
        "muffled": {
          "intensity": 5
        }
      },
      "_key": "!scenes.sounds!qT99brUhsCTrA2zA.OaeqeFHpeaj8Z13F"
    },
    {
      "_id": "8XrbjRPytkrS5poT",
      "x": 3400,
      "y": 3550,
      "radius": 50,
      "path": "fa_battlemaps/Audio/C-River.ogg",
      "repeat": false,
      "volume": 0.2,
      "walls": false,
      "easing": true,
      "hidden": false,
      "darkness": {
        "min": 0,
        "max": 1
      },
      "flags": {
        "tagger": {
          "tags": ""
        }
      },
      "elevation": 0,
      "effects": {
        "base": {
          "intensity": 5
        },
        "muffled": {
          "intensity": 5
        }
      },
      "_key": "!scenes.sounds!qT99brUhsCTrA2zA.8XrbjRPytkrS5poT"
    },
    {
      "_id": "rMVRxN15v5EWwelt",
      "x": 3400,
      "y": 2950,
      "radius": 70,
      "path": "fa_battlemaps/Audio/C-Waterfall.ogg",
      "repeat": false,
      "volume": 0.2,
      "walls": false,
      "easing": true,
      "hidden": false,
      "darkness": {
        "min": 0,
        "max": 1
      },
      "flags": {
        "tagger": {
          "tags": ""
        }
      },
      "elevation": 0,
      "effects": {
        "base": {
          "intensity": 5
        },
        "muffled": {
          "intensity": 5
        }
      },
      "_key": "!scenes.sounds!qT99brUhsCTrA2zA.rMVRxN15v5EWwelt"
    },
    {
      "_id": "Yx0BVMhgt53sRjv0",
      "x": 3150,
      "y": 2250,
      "radius": 143.88,
      "path": "fa_battlemaps/Audio/C-ForestOutskirtsNight.ogg",
      "repeat": false,
      "volume": 0.1,
      "walls": false,
      "easing": false,
      "hidden": false,
      "darkness": {
        "min": 0.7,
        "max": 1
      },
      "flags": {
        "tagger": {
          "tags": ""
        }
      },
      "elevation": 0,
      "effects": {
        "base": {
          "intensity": 5
        },
        "muffled": {
          "intensity": 5
        }
      },
      "_key": "!scenes.sounds!qT99brUhsCTrA2zA.Yx0BVMhgt53sRjv0"
    },
    {
      "_id": "2rbW494kH6QotF7N",
      "x": 3250,
      "y": 2600,
      "radius": 75,
      "path": "fa_battlemaps/Audio/C-River.ogg",
      "repeat": false,
      "volume": 0.15,
      "walls": false,
      "easing": true,
      "hidden": false,
      "darkness": {
        "min": 0,
        "max": 1
      },
      "flags": {
        "tagger": {
          "tags": ""
        }
      },
      "elevation": 0,
      "effects": {
        "base": {
          "intensity": 5
        },
        "muffled": {
          "intensity": 5
        }
      },
      "_key": "!scenes.sounds!qT99brUhsCTrA2zA.2rbW494kH6QotF7N"
    },
    {
      "_id": "asPeKkSw4L6WdX3R",
      "x": 3100,
      "y": 2300,
      "radius": 143.88,
      "path": "fa_battlemaps/Audio/C-WindAndSand.ogg",
      "repeat": false,
      "volume": 0.1,
      "walls": false,
      "easing": false,
      "hidden": false,
      "darkness": {
        "min": 0,
        "max": 1
      },
      "flags": {
        "tagger": {
          "tags": ""
        }
      },
      "elevation": 0,
      "effects": {
        "base": {
          "intensity": 5
        },
        "muffled": {
          "intensity": 5
        }
      },
      "_key": "!scenes.sounds!qT99brUhsCTrA2zA.asPeKkSw4L6WdX3R"
    }
  ],
  "templates": [],
  "tiles": [
    {
      "_id": "hm2eV2Xxg9eawRJ7",
      "width": 1000,
      "height": 800,
      "x": 2500,
      "y": 1700,
      "rotation": 0,
      "alpha": 0,
      "hidden": false,
      "locked": true,
      "occlusion": {
        "mode": 0,
        "alpha": 1
      },
      "video": {
        "loop": true,
        "autoplay": true,
        "volume": 0
      },
      "flags": {
        "tagger": {
          "tags": [
            "bb"
          ]
        },
        "monks-active-tiles": {
          "active": true,
          "record": false,
          "restriction": "all",
          "controlled": "gm",
          "trigger": "enter",
          "usealpha": false,
          "pointer": false,
          "pertoken": false,
          "minrequired": 0,
          "chance": 100,
          "actions": []
        }
      },
      "texture": {
        "src": "fa_battlemaps/Maps/2022/August/fa_forest-river-a/Tiles/BrokenB.webp",
        "tint": "#ffffff",
        "scaleX": 1,
        "scaleY": 1,
        "offsetX": 0,
        "offsetY": 0,
        "rotation": 0,
        "anchorX": 0.5,
        "anchorY": 0.5,
        "fit": "fill",
        "alphaThreshold": 0.75
      },
      "sort": 9,
      "restrictions": {
        "light": false,
        "weather": false
      },
      "elevation": 0,
      "_key": "!scenes.tiles!qT99brUhsCTrA2zA.hm2eV2Xxg9eawRJ7"
    },
    {
      "_id": "CBLWWEf9yJ6hPqoB",
      "width": 1000,
      "height": 800,
      "x": 2500,
      "y": 1700,
      "rotation": 0,
      "alpha": 0,
      "hidden": false,
      "locked": true,
      "occlusion": {
        "mode": 0,
        "alpha": 1
      },
      "video": {
        "loop": true,
        "autoplay": true,
        "volume": 0
      },
      "flags": {
        "tagger": {
          "tags": [
            "nb"
          ]
        },
        "monks-active-tiles": {
          "active": true,
          "record": false,
          "restriction": "all",
          "controlled": "gm",
          "trigger": "enter",
          "usealpha": false,
          "pointer": false,
          "pertoken": false,
          "minrequired": 0,
          "chance": 100,
          "actions": []
        }
      },
      "texture": {
        "src": "fa_battlemaps/Maps/2022/August/fa_forest-river-a/Tiles/NoB.webp",
        "tint": "#ffffff",
        "scaleX": 1,
        "scaleY": 1,
        "offsetX": 0,
        "offsetY": 0,
        "rotation": 0,
        "anchorX": 0.5,
        "anchorY": 0.5,
        "fit": "fill",
        "alphaThreshold": 0.75
      },
      "sort": 8,
      "restrictions": {
        "light": false,
        "weather": false
      },
      "elevation": 0,
      "_key": "!scenes.tiles!qT99brUhsCTrA2zA.CBLWWEf9yJ6hPqoB"
    },
    {
      "_id": "5SRuFvKnDsuJsiRJ",
      "width": 301.5,
      "height": 520,
      "x": 5006,
      "y": 821,
      "rotation": 0,
      "alpha": 1,
      "hidden": false,
      "locked": true,
      "occlusion": {
        "mode": 0,
        "alpha": 1
      },
      "video": {
        "loop": true,
        "autoplay": true,
        "volume": 0
      },
      "flags": {
        "tagger": {
          "tags": ""
        },
        "monks-active-tiles": {
          "active": true,
          "record": false,
          "restriction": "all",
          "controlled": "gm",
          "trigger": "enter",
          "allowpaused": false,
          "usealpha": false,
          "pointer": false,
          "pertoken": false,
          "minrequired": 0,
          "chance": 100,
          "fileindex": -1,
          "actions": [],
          "files": []
        }
      },
      "texture": {
        "src": "modules/fa-battlemaps/images/Scroll2.webp",
        "tint": "#ffffff",
        "scaleX": 1,
        "scaleY": 1,
        "offsetX": 0,
        "offsetY": 0,
        "rotation": 0,
        "anchorX": 0.5,
        "anchorY": 0.5,
        "fit": "fill",
        "alphaThreshold": 0.75
      },
      "sort": 1,
      "restrictions": {
        "light": false,
        "weather": false
      },
      "elevation": 0,
      "_key": "!scenes.tiles!qT99brUhsCTrA2zA.5SRuFvKnDsuJsiRJ"
    },
    {
      "_id": "L5iDpg6CdQDqQKgn",
      "width": 177,
      "height": 5.5,
      "x": 5077,
      "y": 976,
      "rotation": 0,
      "alpha": 1,
      "hidden": false,
      "locked": true,
      "occlusion": {
        "mode": 0,
        "alpha": 1
      },
      "video": {
        "loop": true,
        "autoplay": true,
        "volume": 0
      },
      "flags": {
        "tagger": {
          "tags": ""
        },
        "monks-active-tiles": {
          "active": true,
          "record": false,
          "restriction": "all",
          "controlled": "gm",
          "trigger": "enter",
          "allowpaused": false,
          "usealpha": false,
          "pointer": false,
          "pertoken": false,
          "minrequired": 0,
          "chance": 100,
          "fileindex": -1,
          "actions": [],
          "files": []
        }
      },
      "texture": {
        "src": "modules/fa-battlemaps/images/Swoosh.webp",
        "tint": "#ffffff",
        "scaleX": 1,
        "scaleY": 1,
        "offsetX": 0,
        "offsetY": 0,
        "rotation": 0,
        "anchorX": 0.5,
        "anchorY": 0.5,
        "fit": "fill",
        "alphaThreshold": 0.75
      },
      "sort": 6,
      "restrictions": {
        "light": false,
        "weather": false
      },
      "elevation": 0,
      "_key": "!scenes.tiles!qT99brUhsCTrA2zA.L5iDpg6CdQDqQKgn"
    },
    {
      "_id": "FHvbMYzEBuMvduUi",
      "width": 225,
      "height": 75,
      "x": 5048,
      "y": 887,
      "rotation": 0,
      "alpha": 1,
      "hidden": false,
      "locked": true,
      "occlusion": {
        "mode": 0,
        "alpha": 1
      },
      "video": {
        "loop": true,
        "autoplay": true,
        "volume": 0
      },
      "flags": {
        "tagger": {
          "tags": [
            "b1"
          ]
        },
        "monks-active-tiles": {
          "active": true,
          "record": false,
          "restriction": "all",
          "controlled": "gm",
          "trigger": "dblclick",
          "usealpha": false,
          "pointer": true,
          "pertoken": false,
          "minrequired": 0,
          "chance": 100,
          "actions": [
            {
              "action": "alter",
              "data": {
                "entity": {
                  "id": "tagger:b1",
                  "name": "[Tagger] b1"
                },
                "attribute": "texture.tint",
                "value": "='{{entity.texture.tint}}' == '#000000' ? '#890101' : '#000000'",
                "chatMessage": false,
                "rollmode": "roll"
              },
              "id": "mLTuUYtVXy2Bk8U8"
            },
            {
              "action": "alter",
              "data": {
                "entity": {
                  "id": "tagger:ce",
                  "name": "[Tagger] ce"
                },
                "attribute": "alpha",
                "value": "={{entity.alpha}} == 0 ? 1 : 0",
                "chatMessage": false,
                "rollmode": "roll"
              },
              "id": "6FJWPJ3jLRPy2vl9"
            }
          ]
        }
      },
      "texture": {
        "src": "fa_battlemaps/Maps/2022/August/fa_forest-river-a/Text/ce.png",
        "tint": "#000000",
        "scaleX": 1,
        "scaleY": 1,
        "offsetX": 0,
        "offsetY": 0,
        "rotation": 0,
        "anchorX": 0.5,
        "anchorY": 0.5,
        "fit": "fill",
        "alphaThreshold": 0.75
      },
      "sort": 5,
      "restrictions": {
        "light": false,
        "weather": false
      },
      "elevation": 0,
      "_key": "!scenes.tiles!qT99brUhsCTrA2zA.FHvbMYzEBuMvduUi"
    },
    {
      "_id": "OGDuNTKRZZv65I0B",
      "width": 225,
      "height": 75,
      "x": 5046,
      "y": 988,
      "rotation": 0,
      "alpha": 1,
      "hidden": false,
      "locked": true,
      "occlusion": {
        "mode": 0,
        "alpha": 1
      },
      "video": {
        "loop": true,
        "autoplay": true,
        "volume": 0
      },
      "flags": {
        "tagger": {
          "tags": [
            "b2"
          ]
        },
        "monks-active-tiles": {
          "active": true,
          "record": false,
          "restriction": "all",
          "controlled": "gm",
          "trigger": "dblclick",
          "usealpha": false,
          "pointer": true,
          "pertoken": false,
          "minrequired": 0,
          "chance": 100,
          "actions": [
            {
              "action": "alter",
              "data": {
                "entity": {
                  "id": "tagger:nb",
                  "name": "[Tagger] nb"
                },
                "attribute": "alpha",
                "value": "0",
                "chatMessage": false,
                "rollmode": "roll"
              },
              "id": "O5htMQMglE5AdVN8"
            },
            {
              "action": "alter",
              "data": {
                "entity": {
                  "id": "tagger:bb",
                  "name": "[Tagger] bb"
                },
                "attribute": "alpha",
                "value": "0",
                "chatMessage": false,
                "rollmode": "roll"
              },
              "id": "cGIxTuP5LmYtUHbf"
            },
            {
              "action": "alter",
              "data": {
                "entity": {
                  "id": "tagger:b3",
                  "name": "[Tagger] b3"
                },
                "attribute": "texture.tint",
                "value": "#890101",
                "chatMessage": false,
                "rollmode": "roll"
              },
              "id": "A61KJh8zHezKiAoj"
            },
            {
              "action": "alter",
              "data": {
                "entity": {
                  "id": "tagger:b4",
                  "name": "[Tagger] b4"
                },
                "attribute": "texture.tint",
                "value": "#890101",
                "chatMessage": false,
                "rollmode": "roll"
              },
              "id": "NONfI5kfMsirpoVn"
            },
            {
              "action": "alter",
              "data": {
                "entity": {
                  "id": "tagger:b2",
                  "name": "[Tagger] b2"
                },
                "attribute": "texture.tint",
                "value": "#000000",
                "chatMessage": false,
                "rollmode": "roll"
              },
              "id": "T86mdC4VUJwSrBJS"
            },
            {
              "action": "activate",
              "data": {
                "entity": {
                  "id": "tagger:ub",
                  "name": "[Tagger] ub"
                },
                "activate": "deactivate"
              },
              "id": "qydW1PHk1ABXIveA"
            }
          ]
        }
      },
      "texture": {
        "src": "fa_battlemaps/Maps/2022/August/fa_forest-river-a/Text/b.png",
        "tint": "#000000",
        "scaleX": 1,
        "scaleY": 1,
        "offsetX": 0,
        "offsetY": 0,
        "rotation": 0,
        "anchorX": 0.5,
        "anchorY": 0.5,
        "fit": "fill",
        "alphaThreshold": 0.75
      },
      "sort": 4,
      "restrictions": {
        "light": false,
        "weather": false
      },
      "elevation": 0,
      "_key": "!scenes.tiles!qT99brUhsCTrA2zA.OGDuNTKRZZv65I0B"
    },
    {
      "_id": "8YiuaAsJH2TAyLUt",
      "width": 175,
      "height": 61,
      "x": 5069,
      "y": 1096,
      "rotation": 0,
      "alpha": 1,
      "hidden": false,
      "locked": true,
      "occlusion": {
        "mode": 0,
        "alpha": 1
      },
      "video": {
        "loop": true,
        "autoplay": true,
        "volume": 0
      },
      "flags": {
        "tagger": {
          "tags": [
            "b3"
          ]
        },
        "monks-active-tiles": {
          "active": true,
          "record": false,
          "restriction": "all",
          "controlled": "gm",
          "trigger": "dblclick",
          "usealpha": false,
          "pointer": true,
          "pertoken": false,
          "minrequired": 0,
          "chance": 100,
          "actions": [
            {
              "action": "alter",
              "data": {
                "entity": {
                  "id": "tagger:nb",
                  "name": "[Tagger] nb"
                },
                "attribute": "alpha",
                "value": "1",
                "chatMessage": false,
                "rollmode": "roll"
              },
              "id": "wpvyiyRHX5n545UK"
            },
            {
              "action": "alter",
              "data": {
                "entity": {
                  "id": "tagger:bb",
                  "name": "[Tagger] bb"
                },
                "attribute": "alpha",
                "value": "0",
                "chatMessage": false,
                "rollmode": "roll"
              },
              "id": "taONMZWYj7gV2cd6"
            },
            {
              "action": "alter",
              "data": {
                "entity": {
                  "id": "tagger:b2",
                  "name": "[Tagger] b2"
                },
                "attribute": "texture.tint",
                "value": "#890101",
                "chatMessage": false,
                "rollmode": "roll"
              },
              "id": "R3iMfiYHW5F6zSSJ"
            },
            {
              "action": "alter",
              "data": {
                "entity": {
                  "id": "tagger:b4",
                  "name": "[Tagger] b4"
                },
                "attribute": "texture.tint",
                "value": "#890101",
                "chatMessage": false,
                "rollmode": "roll"
              },
              "id": "yCZS5Nk2uwgpMekw"
            },
            {
              "action": "alter",
              "data": {
                "entity": {
                  "id": "tagger:b3",
                  "name": "[Tagger] b3"
                },
                "attribute": "texture.tint",
                "value": "#000000",
                "chatMessage": false,
                "rollmode": "roll"
              },
              "id": "gkKOw7KDrkSmJorf"
            },
            {
              "action": "activate",
              "data": {
                "entity": {
                  "id": "tagger:ub",
                  "name": "[Tagger] ub"
                },
                "activate": "activate"
              },
              "id": "3vBcuy4DW0noeJQU"
            }
          ]
        }
      },
      "texture": {
        "src": "fa_battlemaps/Maps/2022/August/fa_forest-river-a/Text/nb.png",
        "tint": "#890101",
        "scaleX": 1,
        "scaleY": 1,
        "offsetX": 0,
        "offsetY": 0,
        "rotation": 0,
        "anchorX": 0.5,
        "anchorY": 0.5,
        "fit": "fill",
        "alphaThreshold": 0.75
      },
      "sort": 3,
      "restrictions": {
        "light": false,
        "weather": false
      },
      "elevation": 0,
      "_key": "!scenes.tiles!qT99brUhsCTrA2zA.8YiuaAsJH2TAyLUt"
    },
    {
      "_id": "W9CISqLYZdoEkljt",
      "width": 225,
      "height": 75,
      "x": 5044,
      "y": 1189,
      "rotation": 0,
      "alpha": 1,
      "hidden": false,
      "locked": true,
      "occlusion": {
        "mode": 0,
        "alpha": 1
      },
      "video": {
        "loop": true,
        "autoplay": true,
        "volume": 0
      },
      "flags": {
        "tagger": {
          "tags": [
            "b4"
          ]
        },
        "monks-active-tiles": {
          "active": true,
          "record": false,
          "restriction": "all",
          "controlled": "gm",
          "trigger": "dblclick",
          "usealpha": false,
          "pointer": true,
          "pertoken": false,
          "minrequired": 0,
          "chance": 100,
          "actions": [
            {
              "action": "alter",
              "data": {
                "entity": {
                  "id": "tagger:nb",
                  "name": "[Tagger] nb"
                },
                "attribute": "alpha",
                "value": "0",
                "chatMessage": false,
                "rollmode": "roll"
              },
              "id": "ZAZflJNuacmxR8TJ"
            },
            {
              "action": "alter",
              "data": {
                "entity": {
                  "id": "tagger:bb",
                  "name": "[Tagger] bb"
                },
                "attribute": "alpha",
                "value": "1",
                "chatMessage": false,
                "rollmode": "roll"
              },
              "id": "KiZsDfkEpdjIFJBF"
            },
            {
              "action": "alter",
              "data": {
                "entity": {
                  "id": "tagger:b2",
                  "name": "[Tagger] b2"
                },
                "attribute": "texture.tint",
                "value": "#890101",
                "chatMessage": false,
                "rollmode": "roll"
              },
              "id": "Avycv9AtchJVkQ4g"
            },
            {
              "action": "alter",
              "data": {
                "entity": {
                  "id": "tagger:b3",
                  "name": "[Tagger] b3"
                },
                "attribute": "texture.tint",
                "value": "#890101",
                "chatMessage": false,
                "rollmode": "roll"
              },
              "id": "RzMqy4rMhZc2CF9t"
            },
            {
              "action": "alter",
              "data": {
                "entity": {
                  "id": "tagger:b4",
                  "name": "[Tagger] b4"
                },
                "attribute": "texture.tint",
                "value": "#000000",
                "chatMessage": false,
                "rollmode": "roll"
              },
              "id": "vQjPt1pydURnktIq"
            },
            {
              "action": "activate",
              "data": {
                "entity": {
                  "id": "tagger:ub",
                  "name": "[Tagger] ub"
                },
                "activate": "activate"
              },
              "id": "4tah5zTyTujc69r0"
            }
          ]
        }
      },
      "texture": {
        "src": "fa_battlemaps/Maps/2022/August/fa_forest-river-a/Text/bb.png",
        "tint": "#890101",
        "scaleX": 1,
        "scaleY": 1,
        "offsetX": 0,
        "offsetY": 0,
        "rotation": 0,
        "anchorX": 0.5,
        "anchorY": 0.5,
        "fit": "fill",
        "alphaThreshold": 0.75
      },
      "sort": 2,
      "restrictions": {
        "light": false,
        "weather": false
      },
      "elevation": 0,
      "_key": "!scenes.tiles!qT99brUhsCTrA2zA.W9CISqLYZdoEkljt"
    },
    {
      "_id": "CQC4zSDEIL47CIvX",
      "width": 600,
      "height": 300,
      "x": 1900,
      "y": 2900,
      "rotation": 0,
      "alpha": 1,
      "hidden": false,
      "locked": true,
      "occlusion": {
        "mode": 0,
        "alpha": 1
      },
      "video": {
        "loop": true,
        "autoplay": true,
        "volume": 0
      },
      "flags": {
        "tagger": {
          "tags": [
            "ce"
          ]
        },
        "monks-active-tiles": {
          "active": true,
          "record": false,
          "restriction": "all",
          "controlled": "gm",
          "trigger": "enter",
          "usealpha": false,
          "pointer": false,
          "pertoken": false,
          "minrequired": 0,
          "chance": 100,
          "actions": []
        }
      },
      "texture": {
        "src": "fa_battlemaps/Maps/2022/August/fa_forest-river-a/Tiles/CaveEntrance.webp",
        "tint": "#ffffff",
        "scaleX": 1,
        "scaleY": 1,
        "offsetX": 0,
        "offsetY": 0,
        "rotation": 0,
        "anchorX": 0.5,
        "anchorY": 0.5,
        "fit": "fill",
        "alphaThreshold": 0.75
      },
      "sort": 7,
      "restrictions": {
        "light": false,
        "weather": false
      },
      "elevation": 0,
      "_key": "!scenes.tiles!qT99brUhsCTrA2zA.CQC4zSDEIL47CIvX"
    }
  ],
  "walls": [
    {
      "_id": "fiZpGaEpBmROvqrz",
      "c": [
        1000,
        800,
        1000,
        4000
      ],
      "light": 20,
      "move": 20,
      "sight": 20,
      "sound": 20,
      "dir": 2,
      "door": 0,
      "ds": 0,
      "flags": {
        "tagger": {
          "tags": ""
        },
        "monks-active-tiles": {
          "entity": "",
          "open": false,
          "close": false,
          "lock": false,
          "secret": false
        }
      },
      "threshold": {
        "light": null,
        "sight": null,
        "sound": null,
        "attenuation": false
      },
      "_key": "!scenes.walls!qT99brUhsCTrA2zA.fiZpGaEpBmROvqrz"
    },
    {
      "_id": "8Tk6MDft0vuWJTIa",
      "c": [
        1000,
        4000,
        5000,
        4000
      ],
      "light": 20,
      "move": 20,
      "sight": 20,
      "sound": 20,
      "dir": 2,
      "door": 0,
      "ds": 0,
      "flags": {
        "tagger": {
          "tags": ""
        },
        "monks-active-tiles": {
          "entity": "",
          "open": false,
          "close": false,
          "lock": false,
          "secret": false
        }
      },
      "threshold": {
        "light": null,
        "sight": null,
        "sound": null,
        "attenuation": false
      },
      "_key": "!scenes.walls!qT99brUhsCTrA2zA.8Tk6MDft0vuWJTIa"
    },
    {
      "_id": "AsiFyzDkpnTqCH2A",
      "c": [
        5000,
        4000,
        5000,
        800
      ],
      "light": 20,
      "move": 20,
      "sight": 20,
      "sound": 20,
      "dir": 2,
      "door": 0,
      "ds": 0,
      "flags": {
        "tagger": {
          "tags": ""
        },
        "monks-active-tiles": {
          "entity": "",
          "open": false,
          "close": false,
          "lock": false,
          "secret": false
        }
      },
      "threshold": {
        "light": null,
        "sight": null,
        "sound": null,
        "attenuation": false
      },
      "_key": "!scenes.walls!qT99brUhsCTrA2zA.AsiFyzDkpnTqCH2A"
    },
    {
      "_id": "knRKrK6NjUJ3Mand",
      "c": [
        5000,
        800,
        1000,
        800
      ],
      "light": 20,
      "move": 20,
      "sight": 20,
      "sound": 20,
      "dir": 2,
      "door": 0,
      "ds": 0,
      "flags": {
        "tagger": {
          "tags": ""
        },
        "monks-active-tiles": {
          "entity": "",
          "open": false,
          "close": false,
          "lock": false,
          "secret": false
        }
      },
      "threshold": {
        "light": null,
        "sight": null,
        "sound": null,
        "attenuation": false
      },
      "_key": "!scenes.walls!qT99brUhsCTrA2zA.knRKrK6NjUJ3Mand"
    },
    {
      "_id": "71XZcxDatcB4vAtf",
      "c": [
        1000,
        2963,
        1088,
        2969
      ],
      "light": 20,
      "move": 20,
      "sight": 20,
      "sound": 20,
      "dir": 2,
      "door": 0,
      "ds": 0,
      "flags": {
        "tagger": {
          "tags": ""
        },
        "monks-active-tiles": {
          "entity": "",
          "open": false,
          "close": false,
          "lock": false,
          "secret": false
        }
      },
      "threshold": {
        "light": null,
        "sight": null,
        "sound": null,
        "attenuation": false
      },
      "_key": "!scenes.walls!qT99brUhsCTrA2zA.71XZcxDatcB4vAtf"
    },
    {
      "_id": "M4F2QlOO9clemhpb",
      "c": [
        1088,
        2969,
        1238,
        2925
      ],
      "light": 20,
      "move": 20,
      "sight": 20,
      "sound": 20,
      "dir": 2,
      "door": 0,
      "ds": 0,
      "flags": {
        "tagger": {
          "tags": ""
        },
        "monks-active-tiles": {
          "entity": "",
          "open": false,
          "close": false,
          "lock": false,
          "secret": false
        }
      },
      "threshold": {
        "light": null,
        "sight": null,
        "sound": null,
        "attenuation": false
      },
      "_key": "!scenes.walls!qT99brUhsCTrA2zA.M4F2QlOO9clemhpb"
    },
    {
      "_id": "R0NklCLCdw4JpWnn",
      "c": [
        1238,
        2925,
        1338,
        2925
      ],
      "light": 20,
      "move": 20,
      "sight": 20,
      "sound": 20,
      "dir": 2,
      "door": 0,
      "ds": 0,
      "flags": {
        "tagger": {
          "tags": ""
        },
        "monks-active-tiles": {
          "entity": "",
          "open": false,
          "close": false,
          "lock": false,
          "secret": false
        }
      },
      "threshold": {
        "light": null,
        "sight": null,
        "sound": null,
        "attenuation": false
      },
      "_key": "!scenes.walls!qT99brUhsCTrA2zA.R0NklCLCdw4JpWnn"
    },
    {
      "_id": "YHZ2WgwvX7HCFASW",
      "c": [
        1338,
        2925,
        1456,
        2944
      ],
      "light": 20,
      "move": 20,
      "sight": 20,
      "sound": 20,
      "dir": 2,
      "door": 0,
      "ds": 0,
      "flags": {
        "tagger": {
          "tags": ""
        },
        "monks-active-tiles": {
          "entity": "",
          "open": false,
          "close": false,
          "lock": false,
          "secret": false
        }
      },
      "threshold": {
        "light": null,
        "sight": null,
        "sound": null,
        "attenuation": false
      },
      "_key": "!scenes.walls!qT99brUhsCTrA2zA.YHZ2WgwvX7HCFASW"
    },
    {
      "_id": "DceT1fxPLGYABC29",
      "c": [
        1456,
        2944,
        1531,
        2981
      ],
      "light": 20,
      "move": 20,
      "sight": 20,
      "sound": 20,
      "dir": 2,
      "door": 0,
      "ds": 0,
      "flags": {
        "tagger": {
          "tags": ""
        },
        "monks-active-tiles": {
          "entity": "",
          "open": false,
          "close": false,
          "lock": false,
          "secret": false
        }
      },
      "threshold": {
        "light": null,
        "sight": null,
        "sound": null,
        "attenuation": false
      },
      "_key": "!scenes.walls!qT99brUhsCTrA2zA.DceT1fxPLGYABC29"
    },
    {
      "_id": "q3tML8SoYvK5nKfk",
      "c": [
        1531,
        2981,
        1600,
        3031
      ],
      "light": 20,
      "move": 20,
      "sight": 20,
      "sound": 20,
      "dir": 2,
      "door": 0,
      "ds": 0,
      "flags": {
        "tagger": {
          "tags": ""
        },
        "monks-active-tiles": {
          "entity": "",
          "open": false,
          "close": false,
          "lock": false,
          "secret": false
        }
      },
      "threshold": {
        "light": null,
        "sight": null,
        "sound": null,
        "attenuation": false
      },
      "_key": "!scenes.walls!qT99brUhsCTrA2zA.q3tML8SoYvK5nKfk"
    },
    {
      "_id": "g7ZcpYc3PyCLPJlj",
      "c": [
        1600,
        3031,
        1713,
        3031
      ],
      "light": 20,
      "move": 20,
      "sight": 20,
      "sound": 20,
      "dir": 2,
      "door": 0,
      "ds": 0,
      "flags": {
        "tagger": {
          "tags": ""
        },
        "monks-active-tiles": {
          "entity": "",
          "open": false,
          "close": false,
          "lock": false,
          "secret": false
        }
      },
      "threshold": {
        "light": null,
        "sight": null,
        "sound": null,
        "attenuation": false
      },
      "_key": "!scenes.walls!qT99brUhsCTrA2zA.g7ZcpYc3PyCLPJlj"
    },
    {
      "_id": "kpY0SfSn2LrJiXBA",
      "c": [
        1713,
        3031,
        1856,
        3006
      ],
      "light": 20,
      "move": 20,
      "sight": 20,
      "sound": 20,
      "dir": 2,
      "door": 0,
      "ds": 0,
      "flags": {
        "tagger": {
          "tags": ""
        },
        "monks-active-tiles": {
          "entity": "",
          "open": false,
          "close": false,
          "lock": false,
          "secret": false
        }
      },
      "threshold": {
        "light": null,
        "sight": null,
        "sound": null,
        "attenuation": false
      },
      "_key": "!scenes.walls!qT99brUhsCTrA2zA.kpY0SfSn2LrJiXBA"
    },
    {
      "_id": "FEHcrcG2frzbdHmb",
      "c": [
        1856,
        3006,
        2025,
        3038
      ],
      "light": 20,
      "move": 20,
      "sight": 20,
      "sound": 20,
      "dir": 2,
      "door": 0,
      "ds": 0,
      "flags": {
        "tagger": {
          "tags": ""
        },
        "monks-active-tiles": {
          "entity": "",
          "open": false,
          "close": false,
          "lock": false,
          "secret": false
        }
      },
      "threshold": {
        "light": null,
        "sight": null,
        "sound": null,
        "attenuation": false
      },
      "_key": "!scenes.walls!qT99brUhsCTrA2zA.FEHcrcG2frzbdHmb"
    },
    {
      "_id": "EAfE7FIO7RZ4mlrl",
      "c": [
        2025,
        3038,
        2175,
        2994
      ],
      "light": 20,
      "move": 20,
      "sight": 20,
      "sound": 20,
      "dir": 2,
      "door": 0,
      "ds": 0,
      "flags": {
        "tagger": {
          "tags": ""
        },
        "monks-active-tiles": {
          "entity": "",
          "open": false,
          "close": false,
          "lock": false,
          "secret": false
        }
      },
      "threshold": {
        "light": null,
        "sight": null,
        "sound": null,
        "attenuation": false
      },
      "_key": "!scenes.walls!qT99brUhsCTrA2zA.EAfE7FIO7RZ4mlrl"
    },
    {
      "_id": "2AWTWLB7ag3K7g1h",
      "c": [
        2175,
        2994,
        2281,
        2969
      ],
      "light": 20,
      "move": 20,
      "sight": 20,
      "sound": 20,
      "dir": 2,
      "door": 0,
      "ds": 0,
      "flags": {
        "tagger": {
          "tags": ""
        },
        "monks-active-tiles": {
          "entity": "",
          "open": false,
          "close": false,
          "lock": false,
          "secret": false
        }
      },
      "threshold": {
        "light": null,
        "sight": null,
        "sound": null,
        "attenuation": false
      },
      "_key": "!scenes.walls!qT99brUhsCTrA2zA.2AWTWLB7ag3K7g1h"
    },
    {
      "_id": "avMqjvQiwIDjUWix",
      "c": [
        2281,
        2969,
        2438,
        2975
      ],
      "light": 20,
      "move": 20,
      "sight": 20,
      "sound": 20,
      "dir": 2,
      "door": 0,
      "ds": 0,
      "flags": {
        "tagger": {
          "tags": ""
        },
        "monks-active-tiles": {
          "entity": "",
          "open": false,
          "close": false,
          "lock": false,
          "secret": false
        }
      },
      "threshold": {
        "light": null,
        "sight": null,
        "sound": null,
        "attenuation": false
      },
      "_key": "!scenes.walls!qT99brUhsCTrA2zA.avMqjvQiwIDjUWix"
    },
    {
      "_id": "MZiZkav0fjB3XYyD",
      "c": [
        2438,
        2975,
        2619,
        3013
      ],
      "light": 20,
      "move": 20,
      "sight": 20,
      "sound": 20,
      "dir": 2,
      "door": 0,
      "ds": 0,
      "flags": {
        "tagger": {
          "tags": ""
        },
        "monks-active-tiles": {
          "entity": "",
          "open": false,
          "close": false,
          "lock": false,
          "secret": false
        }
      },
      "threshold": {
        "light": null,
        "sight": null,
        "sound": null,
        "attenuation": false
      },
      "_key": "!scenes.walls!qT99brUhsCTrA2zA.MZiZkav0fjB3XYyD"
    },
    {
      "_id": "aXkLBt12Dc7XOgRw",
      "c": [
        2619,
        3013,
        2788,
        2925
      ],
      "light": 20,
      "move": 20,
      "sight": 20,
      "sound": 20,
      "dir": 2,
      "door": 0,
      "ds": 0,
      "flags": {
        "tagger": {
          "tags": ""
        },
        "monks-active-tiles": {
          "entity": "",
          "open": false,
          "close": false,
          "lock": false,
          "secret": false
        }
      },
      "threshold": {
        "light": null,
        "sight": null,
        "sound": null,
        "attenuation": false
      },
      "_key": "!scenes.walls!qT99brUhsCTrA2zA.aXkLBt12Dc7XOgRw"
    },
    {
      "_id": "ly5NsMXfplbgeSz9",
      "c": [
        2788,
        2925,
        2894,
        2888
      ],
      "light": 20,
      "move": 20,
      "sight": 20,
      "sound": 20,
      "dir": 2,
      "door": 0,
      "ds": 0,
      "flags": {
        "tagger": {
          "tags": ""
        },
        "monks-active-tiles": {
          "entity": "",
          "open": false,
          "close": false,
          "lock": false,
          "secret": false
        }
      },
      "threshold": {
        "light": null,
        "sight": null,
        "sound": null,
        "attenuation": false
      },
      "_key": "!scenes.walls!qT99brUhsCTrA2zA.ly5NsMXfplbgeSz9"
    },
    {
      "_id": "RuCitdXFlUH4lHaj",
      "c": [
        2894,
        2888,
        3000,
        2888
      ],
      "light": 20,
      "move": 20,
      "sight": 20,
      "sound": 20,
      "dir": 2,
      "door": 0,
      "ds": 0,
      "flags": {
        "tagger": {
          "tags": ""
        },
        "monks-active-tiles": {
          "entity": "",
          "open": false,
          "close": false,
          "lock": false,
          "secret": false
        }
      },
      "threshold": {
        "light": null,
        "sight": null,
        "sound": null,
        "attenuation": false
      },
      "_key": "!scenes.walls!qT99brUhsCTrA2zA.RuCitdXFlUH4lHaj"
    },
    {
      "_id": "L54Pc36nEJNWwlsr",
      "c": [
        3000,
        2888,
        3113,
        2906
      ],
      "light": 20,
      "move": 0,
      "sight": 20,
      "sound": 20,
      "dir": 2,
      "door": 0,
      "ds": 0,
      "flags": {
        "tagger": {
          "tags": ""
        },
        "monks-active-tiles": {
          "entity": "",
          "open": false,
          "close": false,
          "lock": false,
          "secret": false
        }
      },
      "threshold": {
        "light": null,
        "sight": null,
        "sound": null,
        "attenuation": false
      },
      "_key": "!scenes.walls!qT99brUhsCTrA2zA.L54Pc36nEJNWwlsr"
    },
    {
      "_id": "3SRQdDmcw1Freq2c",
      "c": [
        3113,
        2906,
        3194,
        2825
      ],
      "light": 20,
      "move": 20,
      "sight": 20,
      "sound": 20,
      "dir": 2,
      "door": 0,
      "ds": 0,
      "flags": {
        "tagger": {
          "tags": ""
        },
        "monks-active-tiles": {
          "entity": "",
          "open": false,
          "close": false,
          "lock": false,
          "secret": false
        }
      },
      "threshold": {
        "light": null,
        "sight": null,
        "sound": null,
        "attenuation": false
      },
      "_key": "!scenes.walls!qT99brUhsCTrA2zA.3SRQdDmcw1Freq2c"
    },
    {
      "_id": "PBcJtumFX7dTReUU",
      "c": [
        3194,
        2825,
        3344,
        2794
      ],
      "light": 20,
      "move": 20,
      "sight": 20,
      "sound": 20,
      "dir": 2,
      "door": 0,
      "ds": 0,
      "flags": {
        "tagger": {
          "tags": ""
        },
        "monks-active-tiles": {
          "entity": "",
          "open": false,
          "close": false,
          "lock": false,
          "secret": false
        }
      },
      "threshold": {
        "light": null,
        "sight": null,
        "sound": null,
        "attenuation": false
      },
      "_key": "!scenes.walls!qT99brUhsCTrA2zA.PBcJtumFX7dTReUU"
    },
    {
      "_id": "aPJCoxKNtRGQ3z4t",
      "c": [
        3344,
        2794,
        3425,
        2744
      ],
      "light": 20,
      "move": 20,
      "sight": 20,
      "sound": 20,
      "dir": 2,
      "door": 0,
      "ds": 0,
      "flags": {
        "tagger": {
          "tags": ""
        },
        "monks-active-tiles": {
          "entity": "",
          "open": false,
          "close": false,
          "lock": false,
          "secret": false
        }
      },
      "threshold": {
        "light": null,
        "sight": null,
        "sound": null,
        "attenuation": false
      },
      "_key": "!scenes.walls!qT99brUhsCTrA2zA.aPJCoxKNtRGQ3z4t"
    },
    {
      "_id": "pOFdue7VaREQeCCu",
      "c": [
        3425,
        2744,
        3575,
        2669
      ],
      "light": 20,
      "move": 20,
      "sight": 20,
      "sound": 20,
      "dir": 2,
      "door": 0,
      "ds": 0,
      "flags": {
        "tagger": {
          "tags": ""
        },
        "monks-active-tiles": {
          "entity": "",
          "open": false,
          "close": false,
          "lock": false,
          "secret": false
        }
      },
      "threshold": {
        "light": null,
        "sight": null,
        "sound": null,
        "attenuation": false
      },
      "_key": "!scenes.walls!qT99brUhsCTrA2zA.pOFdue7VaREQeCCu"
    },
    {
      "_id": "vtitLihxltzeEJK1",
      "c": [
        3575,
        2669,
        3625,
        2588
      ],
      "light": 20,
      "move": 20,
      "sight": 20,
      "sound": 20,
      "dir": 2,
      "door": 0,
      "ds": 0,
      "flags": {
        "tagger": {
          "tags": ""
        },
        "monks-active-tiles": {
          "entity": "",
          "open": false,
          "close": false,
          "lock": false,
          "secret": false
        }
      },
      "threshold": {
        "light": null,
        "sight": null,
        "sound": null,
        "attenuation": false
      },
      "_key": "!scenes.walls!qT99brUhsCTrA2zA.vtitLihxltzeEJK1"
    },
    {
      "_id": "R5VttWmYsuFqgvzm",
      "c": [
        3625,
        2588,
        3694,
        2425
      ],
      "light": 20,
      "move": 20,
      "sight": 20,
      "sound": 20,
      "dir": 2,
      "door": 0,
      "ds": 0,
      "flags": {
        "tagger": {
          "tags": ""
        },
        "monks-active-tiles": {
          "entity": "",
          "open": false,
          "close": false,
          "lock": false,
          "secret": false
        }
      },
      "threshold": {
        "light": null,
        "sight": null,
        "sound": null,
        "attenuation": false
      },
      "_key": "!scenes.walls!qT99brUhsCTrA2zA.R5VttWmYsuFqgvzm"
    },
    {
      "_id": "Q7v3torpVkSx446W",
      "c": [
        3694,
        2425,
        3775,
        2319
      ],
      "light": 20,
      "move": 20,
      "sight": 20,
      "sound": 20,
      "dir": 2,
      "door": 0,
      "ds": 0,
      "flags": {
        "tagger": {
          "tags": ""
        },
        "monks-active-tiles": {
          "entity": "",
          "open": false,
          "close": false,
          "lock": false,
          "secret": false
        }
      },
      "threshold": {
        "light": null,
        "sight": null,
        "sound": null,
        "attenuation": false
      },
      "_key": "!scenes.walls!qT99brUhsCTrA2zA.Q7v3torpVkSx446W"
    },
    {
      "_id": "MVhEJT4Xs8IwgA3m",
      "c": [
        3775,
        2319,
        3888,
        2256
      ],
      "light": 20,
      "move": 20,
      "sight": 20,
      "sound": 20,
      "dir": 2,
      "door": 0,
      "ds": 0,
      "flags": {
        "tagger": {
          "tags": ""
        },
        "monks-active-tiles": {
          "entity": "",
          "open": false,
          "close": false,
          "lock": false,
          "secret": false
        }
      },
      "threshold": {
        "light": null,
        "sight": null,
        "sound": null,
        "attenuation": false
      },
      "_key": "!scenes.walls!qT99brUhsCTrA2zA.MVhEJT4Xs8IwgA3m"
    },
    {
      "_id": "BKEfXvGYxBQYrUdr",
      "c": [
        3888,
        2256,
        3994,
        2225
      ],
      "light": 20,
      "move": 20,
      "sight": 20,
      "sound": 20,
      "dir": 2,
      "door": 0,
      "ds": 0,
      "flags": {
        "tagger": {
          "tags": ""
        },
        "monks-active-tiles": {
          "entity": "",
          "open": false,
          "close": false,
          "lock": false,
          "secret": false
        }
      },
      "threshold": {
        "light": null,
        "sight": null,
        "sound": null,
        "attenuation": false
      },
      "_key": "!scenes.walls!qT99brUhsCTrA2zA.BKEfXvGYxBQYrUdr"
    },
    {
      "_id": "MVIxWIHuwVx6re5b",
      "c": [
        3994,
        2225,
        4038,
        2125
      ],
      "light": 20,
      "move": 20,
      "sight": 20,
      "sound": 20,
      "dir": 2,
      "door": 0,
      "ds": 0,
      "flags": {
        "tagger": {
          "tags": ""
        },
        "monks-active-tiles": {
          "entity": "",
          "open": false,
          "close": false,
          "lock": false,
          "secret": false
        }
      },
      "threshold": {
        "light": null,
        "sight": null,
        "sound": null,
        "attenuation": false
      },
      "_key": "!scenes.walls!qT99brUhsCTrA2zA.MVIxWIHuwVx6re5b"
    },
    {
      "_id": "DwUc2IfoIDRiX2Bi",
      "c": [
        4038,
        2125,
        4094,
        2069
      ],
      "light": 20,
      "move": 20,
      "sight": 20,
      "sound": 20,
      "dir": 2,
      "door": 0,
      "ds": 0,
      "flags": {
        "tagger": {
          "tags": ""
        },
        "monks-active-tiles": {
          "entity": "",
          "open": false,
          "close": false,
          "lock": false,
          "secret": false
        }
      },
      "threshold": {
        "light": null,
        "sight": null,
        "sound": null,
        "attenuation": false
      },
      "_key": "!scenes.walls!qT99brUhsCTrA2zA.DwUc2IfoIDRiX2Bi"
    },
    {
      "_id": "Hyc9OXMkG19BXWoE",
      "c": [
        4094,
        2069,
        4163,
        2031
      ],
      "light": 20,
      "move": 20,
      "sight": 20,
      "sound": 20,
      "dir": 2,
      "door": 0,
      "ds": 0,
      "flags": {
        "tagger": {
          "tags": ""
        },
        "monks-active-tiles": {
          "entity": "",
          "open": false,
          "close": false,
          "lock": false,
          "secret": false
        }
      },
      "threshold": {
        "light": null,
        "sight": null,
        "sound": null,
        "attenuation": false
      },
      "_key": "!scenes.walls!qT99brUhsCTrA2zA.Hyc9OXMkG19BXWoE"
    },
    {
      "_id": "vuZzakIVr4ZX9HwA",
      "c": [
        4163,
        2031,
        4325,
        1950
      ],
      "light": 20,
      "move": 20,
      "sight": 20,
      "sound": 20,
      "dir": 2,
      "door": 0,
      "ds": 0,
      "flags": {
        "tagger": {
          "tags": ""
        },
        "monks-active-tiles": {
          "entity": "",
          "open": false,
          "close": false,
          "lock": false,
          "secret": false
        }
      },
      "threshold": {
        "light": null,
        "sight": null,
        "sound": null,
        "attenuation": false
      },
      "_key": "!scenes.walls!qT99brUhsCTrA2zA.vuZzakIVr4ZX9HwA"
    },
    {
      "_id": "9xjYzA8wTydHWOSR",
      "c": [
        4325,
        1950,
        4375,
        1894
      ],
      "light": 20,
      "move": 20,
      "sight": 20,
      "sound": 20,
      "dir": 2,
      "door": 0,
      "ds": 0,
      "flags": {
        "tagger": {
          "tags": ""
        },
        "monks-active-tiles": {
          "entity": "",
          "open": false,
          "close": false,
          "lock": false,
          "secret": false
        }
      },
      "threshold": {
        "light": null,
        "sight": null,
        "sound": null,
        "attenuation": false
      },
      "_key": "!scenes.walls!qT99brUhsCTrA2zA.9xjYzA8wTydHWOSR"
    },
    {
      "_id": "qZk5pg4XGVNB3Qrk",
      "c": [
        4069,
        2475,
        4113,
        2450
      ],
      "light": 20,
      "move": 20,
      "sight": 20,
      "sound": 20,
      "dir": 2,
      "door": 0,
      "ds": 0,
      "flags": {
        "tagger": {
          "tags": ""
        },
        "monks-active-tiles": {
          "entity": "",
          "open": false,
          "close": false,
          "lock": false,
          "secret": false
        }
      },
      "threshold": {
        "light": null,
        "sight": null,
        "sound": null,
        "attenuation": false
      },
      "_key": "!scenes.walls!qT99brUhsCTrA2zA.qZk5pg4XGVNB3Qrk"
    },
    {
      "_id": "pdTBVkm54IkLcD0E",
      "c": [
        4113,
        2450,
        4250,
        2375
      ],
      "light": 20,
      "move": 20,
      "sight": 20,
      "sound": 20,
      "dir": 2,
      "door": 0,
      "ds": 0,
      "flags": {
        "tagger": {
          "tags": ""
        },
        "monks-active-tiles": {
          "entity": "",
          "open": false,
          "close": false,
          "lock": false,
          "secret": false
        }
      },
      "threshold": {
        "light": null,
        "sight": null,
        "sound": null,
        "attenuation": false
      },
      "_key": "!scenes.walls!qT99brUhsCTrA2zA.pdTBVkm54IkLcD0E"
    },
    {
      "_id": "NJ0EpPxtgdfsTk99",
      "c": [
        4250,
        2375,
        4350,
        2306
      ],
      "light": 20,
      "move": 20,
      "sight": 20,
      "sound": 20,
      "dir": 2,
      "door": 0,
      "ds": 0,
      "flags": {
        "tagger": {
          "tags": ""
        },
        "monks-active-tiles": {
          "entity": "",
          "open": false,
          "close": false,
          "lock": false,
          "secret": false
        }
      },
      "threshold": {
        "light": null,
        "sight": null,
        "sound": null,
        "attenuation": false
      },
      "_key": "!scenes.walls!qT99brUhsCTrA2zA.NJ0EpPxtgdfsTk99"
    },
    {
      "_id": "YDeGyfpzm5L5kFop",
      "c": [
        4350,
        2306,
        4438,
        2206
      ],
      "light": 20,
      "move": 20,
      "sight": 20,
      "sound": 20,
      "dir": 2,
      "door": 0,
      "ds": 0,
      "flags": {
        "tagger": {
          "tags": ""
        },
        "monks-active-tiles": {
          "entity": "",
          "open": false,
          "close": false,
          "lock": false,
          "secret": false
        }
      },
      "threshold": {
        "light": null,
        "sight": null,
        "sound": null,
        "attenuation": false
      },
      "_key": "!scenes.walls!qT99brUhsCTrA2zA.YDeGyfpzm5L5kFop"
    },
    {
      "_id": "JySUgrtPWU1oChLc",
      "c": [
        4438,
        2206,
        4500,
        2094
      ],
      "light": 20,
      "move": 20,
      "sight": 20,
      "sound": 20,
      "dir": 2,
      "door": 0,
      "ds": 0,
      "flags": {
        "tagger": {
          "tags": ""
        },
        "monks-active-tiles": {
          "entity": "",
          "open": false,
          "close": false,
          "lock": false,
          "secret": false
        }
      },
      "threshold": {
        "light": null,
        "sight": null,
        "sound": null,
        "attenuation": false
      },
      "_key": "!scenes.walls!qT99brUhsCTrA2zA.JySUgrtPWU1oChLc"
    },
    {
      "_id": "opvNWgRu09kutbNj",
      "c": [
        4500,
        2094,
        4556,
        2006
      ],
      "light": 20,
      "move": 20,
      "sight": 20,
      "sound": 20,
      "dir": 2,
      "door": 0,
      "ds": 0,
      "flags": {
        "tagger": {
          "tags": ""
        },
        "monks-active-tiles": {
          "entity": "",
          "open": false,
          "close": false,
          "lock": false,
          "secret": false
        }
      },
      "threshold": {
        "light": null,
        "sight": null,
        "sound": null,
        "attenuation": false
      },
      "_key": "!scenes.walls!qT99brUhsCTrA2zA.opvNWgRu09kutbNj"
    },
    {
      "_id": "ooMaoIaJgWuLAO21",
      "c": [
        4556,
        2006,
        4669,
        1931
      ],
      "light": 20,
      "move": 20,
      "sight": 20,
      "sound": 20,
      "dir": 2,
      "door": 0,
      "ds": 0,
      "flags": {
        "tagger": {
          "tags": ""
        },
        "monks-active-tiles": {
          "entity": "",
          "open": false,
          "close": false,
          "lock": false,
          "secret": false
        }
      },
      "threshold": {
        "light": null,
        "sight": null,
        "sound": null,
        "attenuation": false
      },
      "_key": "!scenes.walls!qT99brUhsCTrA2zA.ooMaoIaJgWuLAO21"
    },
    {
      "_id": "xSzh5YEXO0Zh7Lru",
      "c": [
        4669,
        1931,
        4844,
        1888
      ],
      "light": 20,
      "move": 20,
      "sight": 20,
      "sound": 20,
      "dir": 2,
      "door": 0,
      "ds": 0,
      "flags": {
        "tagger": {
          "tags": ""
        },
        "monks-active-tiles": {
          "entity": "",
          "open": false,
          "close": false,
          "lock": false,
          "secret": false
        }
      },
      "threshold": {
        "light": null,
        "sight": null,
        "sound": null,
        "attenuation": false
      },
      "_key": "!scenes.walls!qT99brUhsCTrA2zA.xSzh5YEXO0Zh7Lru"
    },
    {
      "_id": "hGG5SpQWC14qJVBf",
      "c": [
        4844,
        1888,
        5000,
        1863
      ],
      "light": 20,
      "move": 20,
      "sight": 20,
      "sound": 20,
      "dir": 2,
      "door": 0,
      "ds": 0,
      "flags": {
        "tagger": {
          "tags": ""
        },
        "monks-active-tiles": {
          "entity": "",
          "open": false,
          "close": false,
          "lock": false,
          "secret": false
        }
      },
      "threshold": {
        "light": null,
        "sight": null,
        "sound": null,
        "attenuation": false
      },
      "_key": "!scenes.walls!qT99brUhsCTrA2zA.hGG5SpQWC14qJVBf"
    },
    {
      "_id": "Apz7CptS5hDeF8xc",
      "c": [
        1456,
        3606,
        1419,
        3638
      ],
      "light": 10,
      "move": 20,
      "sight": 10,
      "sound": 10,
      "dir": 0,
      "door": 0,
      "ds": 0,
      "flags": {},
      "threshold": {
        "light": null,
        "sight": null,
        "sound": null,
        "attenuation": false
      },
      "_key": "!scenes.walls!qT99brUhsCTrA2zA.Apz7CptS5hDeF8xc"
    },
    {
      "_id": "WLLZklhb5FbzcBp4",
      "c": [
        1419,
        3638,
        1450,
        3669
      ],
      "light": 10,
      "move": 20,
      "sight": 10,
      "sound": 10,
      "dir": 0,
      "door": 0,
      "ds": 0,
      "flags": {},
      "threshold": {
        "light": null,
        "sight": null,
        "sound": null,
        "attenuation": false
      },
      "_key": "!scenes.walls!qT99brUhsCTrA2zA.WLLZklhb5FbzcBp4"
    },
    {
      "_id": "pvVOoSFfNKdeXjUH",
      "c": [
        1450,
        3669,
        1488,
        3638
      ],
      "light": 10,
      "move": 20,
      "sight": 10,
      "sound": 10,
      "dir": 0,
      "door": 0,
      "ds": 0,
      "flags": {},
      "threshold": {
        "light": null,
        "sight": null,
        "sound": null,
        "attenuation": false
      },
      "_key": "!scenes.walls!qT99brUhsCTrA2zA.pvVOoSFfNKdeXjUH"
    },
    {
      "_id": "xVWtdiUgAfVNIvUV",
      "c": [
        1488,
        3638,
        1456,
        3606
      ],
      "light": 10,
      "move": 20,
      "sight": 10,
      "sound": 10,
      "dir": 0,
      "door": 0,
      "ds": 0,
      "flags": {},
      "threshold": {
        "light": null,
        "sight": null,
        "sound": null,
        "attenuation": false
      },
      "_key": "!scenes.walls!qT99brUhsCTrA2zA.xVWtdiUgAfVNIvUV"
    },
    {
      "_id": "yL9MJ6ZV2OxTHrxV",
      "c": [
        2156,
        3763,
        2125,
        3794
      ],
      "light": 10,
      "move": 20,
      "sight": 10,
      "sound": 10,
      "dir": 0,
      "door": 0,
      "ds": 0,
      "flags": {},
      "threshold": {
        "light": null,
        "sight": null,
        "sound": null,
        "attenuation": false
      },
      "_key": "!scenes.walls!qT99brUhsCTrA2zA.yL9MJ6ZV2OxTHrxV"
    },
    {
      "_id": "xUfYQ5LtdL27kSYq",
      "c": [
        2125,
        3794,
        2156,
        3825
      ],
      "light": 10,
      "move": 20,
      "sight": 10,
      "sound": 10,
      "dir": 0,
      "door": 0,
      "ds": 0,
      "flags": {},
      "threshold": {
        "light": null,
        "sight": null,
        "sound": null,
        "attenuation": false
      },
      "_key": "!scenes.walls!qT99brUhsCTrA2zA.xUfYQ5LtdL27kSYq"
    },
    {
      "_id": "LqBY1whLZfLkgzl6",
      "c": [
        2156,
        3825,
        2188,
        3794
      ],
      "light": 10,
      "move": 20,
      "sight": 10,
      "sound": 10,
      "dir": 0,
      "door": 0,
      "ds": 0,
      "flags": {},
      "threshold": {
        "light": null,
        "sight": null,
        "sound": null,
        "attenuation": false
      },
      "_key": "!scenes.walls!qT99brUhsCTrA2zA.LqBY1whLZfLkgzl6"
    },
    {
      "_id": "dkQbV7OQQuPZaENQ",
      "c": [
        2188,
        3794,
        2156,
        3763
      ],
      "light": 10,
      "move": 20,
      "sight": 10,
      "sound": 10,
      "dir": 0,
      "door": 0,
      "ds": 0,
      "flags": {},
      "threshold": {
        "light": null,
        "sight": null,
        "sound": null,
        "attenuation": false
      },
      "_key": "!scenes.walls!qT99brUhsCTrA2zA.dkQbV7OQQuPZaENQ"
    },
    {
      "_id": "SQJJM0dvzVh3ugid",
      "c": [
        3825,
        1025,
        3788,
        1056
      ],
      "light": 10,
      "move": 20,
      "sight": 10,
      "sound": 10,
      "dir": 0,
      "door": 0,
      "ds": 0,
      "flags": {},
      "threshold": {
        "light": null,
        "sight": null,
        "sound": null,
        "attenuation": false
      },
      "_key": "!scenes.walls!qT99brUhsCTrA2zA.SQJJM0dvzVh3ugid"
    },
    {
      "_id": "YJzK8txQAUutdbLL",
      "c": [
        3788,
        1056,
        3819,
        1100
      ],
      "light": 10,
      "move": 20,
      "sight": 10,
      "sound": 10,
      "dir": 0,
      "door": 0,
      "ds": 0,
      "flags": {},
      "threshold": {
        "light": null,
        "sight": null,
        "sound": null,
        "attenuation": false
      },
      "_key": "!scenes.walls!qT99brUhsCTrA2zA.YJzK8txQAUutdbLL"
    },
    {
      "_id": "zobTq9PmPrk1XRD3",
      "c": [
        3819,
        1100,
        3863,
        1069
      ],
      "light": 10,
      "move": 20,
      "sight": 10,
      "sound": 10,
      "dir": 0,
      "door": 0,
      "ds": 0,
      "flags": {},
      "threshold": {
        "light": null,
        "sight": null,
        "sound": null,
        "attenuation": false
      },
      "_key": "!scenes.walls!qT99brUhsCTrA2zA.zobTq9PmPrk1XRD3"
    },
    {
      "_id": "Q23QRSTxoWRS7NXW",
      "c": [
        3863,
        1069,
        3825,
        1025
      ],
      "light": 10,
      "move": 20,
      "sight": 10,
      "sound": 10,
      "dir": 0,
      "door": 0,
      "ds": 0,
      "flags": {},
      "threshold": {
        "light": null,
        "sight": null,
        "sound": null,
        "attenuation": false
      },
      "_key": "!scenes.walls!qT99brUhsCTrA2zA.Q23QRSTxoWRS7NXW"
    },
    {
      "_id": "0IgzzPemfUHjHWEQ",
      "c": [
        1050,
        950,
        1088,
        994
      ],
      "light": 0,
      "move": 20,
      "sight": 0,
      "sound": 0,
      "dir": 0,
      "door": 0,
      "ds": 0,
      "flags": {},
      "threshold": {
        "light": null,
        "sight": null,
        "sound": null,
        "attenuation": false
      },
      "_key": "!scenes.walls!qT99brUhsCTrA2zA.0IgzzPemfUHjHWEQ"
    },
    {
      "_id": "ShF8J9Ey7OaZfOEi",
      "c": [
        1088,
        994,
        1038,
        1025
      ],
      "light": 0,
      "move": 20,
      "sight": 0,
      "sound": 0,
      "dir": 0,
      "door": 0,
      "ds": 0,
      "flags": {},
      "threshold": {
        "light": null,
        "sight": null,
        "sound": null,
        "attenuation": false
      },
      "_key": "!scenes.walls!qT99brUhsCTrA2zA.ShF8J9Ey7OaZfOEi"
    },
    {
      "_id": "8QdtEpn52eTgebG8",
      "c": [
        1038,
        1025,
        1006,
        994
      ],
      "light": 0,
      "move": 20,
      "sight": 0,
      "sound": 0,
      "dir": 0,
      "door": 0,
      "ds": 0,
      "flags": {},
      "threshold": {
        "light": null,
        "sight": null,
        "sound": null,
        "attenuation": false
      },
      "_key": "!scenes.walls!qT99brUhsCTrA2zA.8QdtEpn52eTgebG8"
    },
    {
      "_id": "uty3aVdX2rJ8kE6o",
      "c": [
        1006,
        994,
        1050,
        950
      ],
      "light": 0,
      "move": 20,
      "sight": 0,
      "sound": 0,
      "dir": 0,
      "door": 0,
      "ds": 0,
      "flags": {},
      "threshold": {
        "light": null,
        "sight": null,
        "sound": null,
        "attenuation": false
      },
      "_key": "!scenes.walls!qT99brUhsCTrA2zA.uty3aVdX2rJ8kE6o"
    },
    {
      "_id": "roLTH4CNzpHghi1e",
      "c": [
        1000,
        2613,
        1044,
        2644
      ],
      "light": 0,
      "move": 20,
      "sight": 0,
      "sound": 0,
      "dir": 0,
      "door": 0,
      "ds": 0,
      "flags": {},
      "threshold": {
        "light": null,
        "sight": null,
        "sound": null,
        "attenuation": false
      },
      "_key": "!scenes.walls!qT99brUhsCTrA2zA.roLTH4CNzpHghi1e"
    },
    {
      "_id": "MI34cV5PWUfus1eW",
      "c": [
        1044,
        2644,
        1000,
        2681
      ],
      "light": 0,
      "move": 20,
      "sight": 0,
      "sound": 0,
      "dir": 0,
      "door": 0,
      "ds": 0,
      "flags": {},
      "threshold": {
        "light": null,
        "sight": null,
        "sound": null,
        "attenuation": false
      },
      "_key": "!scenes.walls!qT99brUhsCTrA2zA.MI34cV5PWUfus1eW"
    },
    {
      "_id": "efP4ir9h7wy3pl39",
      "c": [
        1000,
        2681,
        1000,
        2613
      ],
      "light": 0,
      "move": 20,
      "sight": 0,
      "sound": 0,
      "dir": 0,
      "door": 0,
      "ds": 0,
      "flags": {},
      "threshold": {
        "light": null,
        "sight": null,
        "sound": null,
        "attenuation": false
      },
      "_key": "!scenes.walls!qT99brUhsCTrA2zA.efP4ir9h7wy3pl39"
    },
    {
      "_id": "nEUGBjMcVmNOIrkM",
      "c": [
        4138,
        3906,
        4181,
        3950
      ],
      "light": 0,
      "move": 20,
      "sight": 0,
      "sound": 0,
      "dir": 0,
      "door": 0,
      "ds": 0,
      "flags": {},
      "threshold": {
        "light": null,
        "sight": null,
        "sound": null,
        "attenuation": false
      },
      "_key": "!scenes.walls!qT99brUhsCTrA2zA.nEUGBjMcVmNOIrkM"
    },
    {
      "_id": "bdwh9EDrwIVWCFHu",
      "c": [
        4181,
        3950,
        4131,
        3981
      ],
      "light": 0,
      "move": 20,
      "sight": 0,
      "sound": 0,
      "dir": 0,
      "door": 0,
      "ds": 0,
      "flags": {},
      "threshold": {
        "light": null,
        "sight": null,
        "sound": null,
        "attenuation": false
      },
      "_key": "!scenes.walls!qT99brUhsCTrA2zA.bdwh9EDrwIVWCFHu"
    },
    {
      "_id": "NwVgnA2yslgULlS1",
      "c": [
        4131,
        3981,
        4100,
        3944
      ],
      "light": 0,
      "move": 20,
      "sight": 0,
      "sound": 0,
      "dir": 0,
      "door": 0,
      "ds": 0,
      "flags": {},
      "threshold": {
        "light": null,
        "sight": null,
        "sound": null,
        "attenuation": false
      },
      "_key": "!scenes.walls!qT99brUhsCTrA2zA.NwVgnA2yslgULlS1"
    },
    {
      "_id": "UyUJyMRFKHGHWMxl",
      "c": [
        4100,
        3944,
        4138,
        3906
      ],
      "light": 0,
      "move": 20,
      "sight": 0,
      "sound": 0,
      "dir": 0,
      "door": 0,
      "ds": 0,
      "flags": {},
      "threshold": {
        "light": null,
        "sight": null,
        "sound": null,
        "attenuation": false
      },
      "_key": "!scenes.walls!qT99brUhsCTrA2zA.UyUJyMRFKHGHWMxl"
    },
    {
      "_id": "sAAJGCEvdcqK1ZNF",
      "c": [
        5000,
        3475,
        4963,
        3506
      ],
      "light": 0,
      "move": 20,
      "sight": 0,
      "sound": 0,
      "dir": 0,
      "door": 0,
      "ds": 0,
      "flags": {},
      "threshold": {
        "light": null,
        "sight": null,
        "sound": null,
        "attenuation": false
      },
      "_key": "!scenes.walls!qT99brUhsCTrA2zA.sAAJGCEvdcqK1ZNF"
    },
    {
      "_id": "8NPQnjGtowdkZY3e",
      "c": [
        4963,
        3506,
        5000,
        3544
      ],
      "light": 0,
      "move": 20,
      "sight": 0,
      "sound": 0,
      "dir": 0,
      "door": 0,
      "ds": 0,
      "flags": {},
      "threshold": {
        "light": null,
        "sight": null,
        "sound": null,
        "attenuation": false
      },
      "_key": "!scenes.walls!qT99brUhsCTrA2zA.8NPQnjGtowdkZY3e"
    },
    {
      "_id": "YnQdCleOudksIGSC",
      "c": [
        5000,
        3544,
        5000,
        3475
      ],
      "light": 0,
      "move": 20,
      "sight": 0,
      "sound": 0,
      "dir": 0,
      "door": 0,
      "ds": 0,
      "flags": {},
      "threshold": {
        "light": null,
        "sight": null,
        "sound": null,
        "attenuation": false
      },
      "_key": "!scenes.walls!qT99brUhsCTrA2zA.YnQdCleOudksIGSC"
    },
    {
      "_id": "d3c8o15BbuFo5bsQ",
      "c": [
        4969,
        1525,
        4944,
        1556
      ],
      "light": 0,
      "move": 20,
      "sight": 0,
      "sound": 0,
      "dir": 0,
      "door": 0,
      "ds": 0,
      "flags": {},
      "threshold": {
        "light": null,
        "sight": null,
        "sound": null,
        "attenuation": false
      },
      "_key": "!scenes.walls!qT99brUhsCTrA2zA.d3c8o15BbuFo5bsQ"
    },
    {
      "_id": "jcYNPWVxNCGAvK3p",
      "c": [
        4944,
        1556,
        4975,
        1575
      ],
      "light": 0,
      "move": 20,
      "sight": 0,
      "sound": 0,
      "dir": 0,
      "door": 0,
      "ds": 0,
      "flags": {},
      "threshold": {
        "light": null,
        "sight": null,
        "sound": null,
        "attenuation": false
      },
      "_key": "!scenes.walls!qT99brUhsCTrA2zA.jcYNPWVxNCGAvK3p"
    },
    {
      "_id": "HzjClMViBY29EGpM",
      "c": [
        4975,
        1575,
        4994,
        1544
      ],
      "light": 0,
      "move": 20,
      "sight": 0,
      "sound": 0,
      "dir": 0,
      "door": 0,
      "ds": 0,
      "flags": {},
      "threshold": {
        "light": null,
        "sight": null,
        "sound": null,
        "attenuation": false
      },
      "_key": "!scenes.walls!qT99brUhsCTrA2zA.HzjClMViBY29EGpM"
    },
    {
      "_id": "04wsOUW50Sm8UJMP",
      "c": [
        4994,
        1544,
        4969,
        1525
      ],
      "light": 0,
      "move": 20,
      "sight": 0,
      "sound": 0,
      "dir": 0,
      "door": 0,
      "ds": 0,
      "flags": {},
      "threshold": {
        "light": null,
        "sight": null,
        "sound": null,
        "attenuation": false
      },
      "_key": "!scenes.walls!qT99brUhsCTrA2zA.04wsOUW50Sm8UJMP"
    },
    {
      "_id": "0XIc7lXB7TYPbiqn",
      "c": [
        4150,
        850,
        4181,
        800
      ],
      "light": 0,
      "move": 20,
      "sight": 0,
      "sound": 0,
      "dir": 0,
      "door": 0,
      "ds": 0,
      "flags": {},
      "threshold": {
        "light": null,
        "sight": null,
        "sound": null,
        "attenuation": false
      },
      "_key": "!scenes.walls!qT99brUhsCTrA2zA.0XIc7lXB7TYPbiqn"
    },
    {
      "_id": "CKcnAwIHh5WF22gg",
      "c": [
        4181,
        800,
        4113,
        800
      ],
      "light": 0,
      "move": 20,
      "sight": 0,
      "sound": 0,
      "dir": 0,
      "door": 0,
      "ds": 0,
      "flags": {},
      "threshold": {
        "light": null,
        "sight": null,
        "sound": null,
        "attenuation": false
      },
      "_key": "!scenes.walls!qT99brUhsCTrA2zA.CKcnAwIHh5WF22gg"
    },
    {
      "_id": "pqzAvBcUjT1wbTsn",
      "c": [
        4113,
        800,
        4150,
        850
      ],
      "light": 0,
      "move": 20,
      "sight": 0,
      "sound": 0,
      "dir": 0,
      "door": 0,
      "ds": 0,
      "flags": {},
      "threshold": {
        "light": null,
        "sight": null,
        "sound": null,
        "attenuation": false
      },
      "_key": "!scenes.walls!qT99brUhsCTrA2zA.pqzAvBcUjT1wbTsn"
    },
    {
      "_id": "TqmcsWa8BiefzCY6",
      "c": [
        2525,
        825,
        2488,
        863
      ],
      "light": 0,
      "move": 20,
      "sight": 0,
      "sound": 0,
      "dir": 0,
      "door": 0,
      "ds": 0,
      "flags": {},
      "threshold": {
        "light": null,
        "sight": null,
        "sound": null,
        "attenuation": false
      },
      "_key": "!scenes.walls!qT99brUhsCTrA2zA.TqmcsWa8BiefzCY6"
    },
    {
      "_id": "RFhwJruU1qQIZWZF",
      "c": [
        2488,
        863,
        2525,
        900
      ],
      "light": 0,
      "move": 20,
      "sight": 0,
      "sound": 0,
      "dir": 0,
      "door": 0,
      "ds": 0,
      "flags": {},
      "threshold": {
        "light": null,
        "sight": null,
        "sound": null,
        "attenuation": false
      },
      "_key": "!scenes.walls!qT99brUhsCTrA2zA.RFhwJruU1qQIZWZF"
    },
    {
      "_id": "LbWp5KlYJldgLCRD",
      "c": [
        2525,
        900,
        2569,
        863
      ],
      "light": 0,
      "move": 20,
      "sight": 0,
      "sound": 0,
      "dir": 0,
      "door": 0,
      "ds": 0,
      "flags": {},
      "threshold": {
        "light": null,
        "sight": null,
        "sound": null,
        "attenuation": false
      },
      "_key": "!scenes.walls!qT99brUhsCTrA2zA.LbWp5KlYJldgLCRD"
    },
    {
      "_id": "guwu7Vw4db5ipMpj",
      "c": [
        2569,
        863,
        2525,
        825
      ],
      "light": 0,
      "move": 20,
      "sight": 0,
      "sound": 0,
      "dir": 0,
      "door": 0,
      "ds": 0,
      "flags": {},
      "threshold": {
        "light": null,
        "sight": null,
        "sound": null,
        "attenuation": false
      },
      "_key": "!scenes.walls!qT99brUhsCTrA2zA.guwu7Vw4db5ipMpj"
    },
    {
      "_id": "WQ9wvLH68Itx9T9A",
      "c": [
        3138,
        875,
        3106,
        906
      ],
      "light": 10,
      "move": 20,
      "sight": 10,
      "sound": 10,
      "dir": 0,
      "door": 0,
      "ds": 0,
      "flags": {},
      "threshold": {
        "light": null,
        "sight": null,
        "sound": null,
        "attenuation": false
      },
      "_key": "!scenes.walls!qT99brUhsCTrA2zA.WQ9wvLH68Itx9T9A"
    },
    {
      "_id": "iPczkEwIFCZyqOwV",
      "c": [
        3106,
        906,
        3138,
        944
      ],
      "light": 10,
      "move": 20,
      "sight": 10,
      "sound": 10,
      "dir": 0,
      "door": 0,
      "ds": 0,
      "flags": {},
      "threshold": {
        "light": null,
        "sight": null,
        "sound": null,
        "attenuation": false
      },
      "_key": "!scenes.walls!qT99brUhsCTrA2zA.iPczkEwIFCZyqOwV"
    },
    {
      "_id": "5PHacDFetC1myOIn",
      "c": [
        3138,
        944,
        3169,
        913
      ],
      "light": 10,
      "move": 20,
      "sight": 10,
      "sound": 10,
      "dir": 0,
      "door": 0,
      "ds": 0,
      "flags": {},
      "threshold": {
        "light": null,
        "sight": null,
        "sound": null,
        "attenuation": false
      },
      "_key": "!scenes.walls!qT99brUhsCTrA2zA.5PHacDFetC1myOIn"
    },
    {
      "_id": "NHFRW7XSTRKoMpc2",
      "c": [
        3169,
        913,
        3138,
        875
      ],
      "light": 10,
      "move": 20,
      "sight": 10,
      "sound": 10,
      "dir": 0,
      "door": 0,
      "ds": 0,
      "flags": {},
      "threshold": {
        "light": null,
        "sight": null,
        "sound": null,
        "attenuation": false
      },
      "_key": "!scenes.walls!qT99brUhsCTrA2zA.NHFRW7XSTRKoMpc2"
    }
  ],
  "playlist": null,
  "playlistSound": null,
  "journal": null,
  "weather": "",
  "flags": {
    "scene-packer": {
      "hash": "c5e68802ab8ca8b2de7fb096e63cd23230e15c05",
      "source-module": "fa_battlemaps",
      "packed-with-version": "2.4.5",
      "sourceId": "Scene.qT99brUhsCTrA2zA"
    },
    "fa_battlemaps": {
      "imported": "1.0.2"
    },
    "perfect-vision": {
      "revealed": false,
      "sightLimit": null,
      "daylightColor": "",
      "darknessColor": "",
      "saturation": null
    },
    "wall-height": {
      "advancedVision": true
    }
  },
  "background": {
    "src": "fa_battlemaps/Maps/2022/August/fa_forest-river-a/Maps/ForestRiverBG.webp",
    "offsetX": 0,
    "offsetY": 0,
    "scaleX": 1,
    "scaleY": 1,
    "rotation": 0,
    "tint": "#ffffff",
    "anchorX": 0,
    "anchorY": 0,
    "fit": "fill",
    "alphaThreshold": 0
  },
  "foregroundElevation": 20,
  "journalEntryPage": null,
  "_stats": {
    "systemId": "dnd5e",
    "systemVersion": "2.4.1",
    "coreVersion": "12.330",
    "createdTime": 1672863463751,
    "modifiedTime": 1723946703582,
    "lastModifiedBy": "dnd5ebuilder0000",
    "compendiumSource": "Compendium.world.forgotten-adventures-battlemaps-11.tv8RFADWD6ufA7M4",
    "duplicateSource": null
  },
  "active": false,
  "folder": null,
  "sort": 0,
  "ownership": {
    "default": 0
  },
  "regions": [],
  "environment": {
    "globalLight": {
      "luminosity": 0,
      "enabled": true,
      "darkness": {
        "max": 1,
        "min": 0
      },
      "alpha": 0.5,
      "bright": false,
      "color": null,
      "coloration": 1,
      "saturation": 0,
      "contrast": 0,
      "shadows": 0
    },
    "darknessLevel": 0,
    "darknessLock": false,
    "cycle": true,
    "base": {
      "hue": 0,
      "intensity": 0,
      "luminosity": 0,
      "saturation": 0,
      "shadows": 0
    },
    "dark": {
      "hue": 0.7138888888888889,
      "intensity": 0,
      "luminosity": -0.25,
      "saturation": 0,
      "shadows": 0
    }
  },
  "fog": {
    "exploration": true,
    "reset": 1651944202711,
    "overlay": null,
    "colors": {
      "explored": null,
      "unexplored": null
    }
  },
  "_key": "!scenes!qT99brUhsCTrA2zA"
}
