{
  "name": "Fungi Cavern [20x19]",
  "navigation": false,
  "navOrder": 0,
  "navName": "",
  "background": {
    "src": null,
    "scaleX": 1,
    "scaleY": 1,
    "offsetX": 0,
    "offsetY": 0,
    "rotation": 0,
    "tint": "#ffffff",
    "anchorX": 0,
    "anchorY": 0,
    "fit": "fill",
    "alphaThreshold": 0
  },
  "foreground": null,
  "foregroundElevation": 20,
  "thumb": "modules/fa-battlemaps/assets/scenes/bhLHO2MbIcJ4TXjX-thumb.webp",
  "width": 2000,
  "height": 1900,
  "padding": 0.25,
  "initial": {
    "x": 1713,
    "y": 1451,
    "scale": 0.5341686752504725
  },
  "backgroundColor": "#000000",
  "grid": {
    "type": 1,
    "size": 100,
    "color": "#000000",
    "alpha": 0.2,
    "distance": 5,
    "units": "ft",
    "style": "solidLines",
    "thickness": 1
  },
  "tokenVision": true,
  "drawings": [],
  "tokens": [],
  "lights": [
    {
      "x": 1480,
      "y": 1421,
      "rotation": 0,
      "walls": true,
      "vision": false,
      "config": {
        "alpha": 0.7,
        "angle": 360,
        "bright": 25.48,
        "color": "#76bf14",
        "coloration": 10,
        "dim": 50.96,
        "attenuation": 0.5,
        "luminosity": 0.25,
        "saturation": 0,
        "contrast": 0,
        "shadows": 0,
        "animation": {
          "type": "fog",
          "speed": 3,
          "intensity": 5,
          "reverse": false
        },
        "darkness": {
          "min": 0,
          "max": 1
        },
        "negative": false,
        "priority": 0
      },
      "hidden": false,
      "flags": {
        "tagger": {
          "tags": [
            "glight"
          ]
        }
      },
      "_id": "qNfEFwz6tfqpp4Fy",
      "elevation": 0,
      "_key": "!scenes.lights!bhLHO2MbIcJ4TXjX.qNfEFwz6tfqpp4Fy"
    }
  ],
  "notes": [],
  "sounds": [
    {
      "path": "fa_battlemaps/Audio/CaveAmbience.ogg",
      "x": 1450,
      "y": 1400,
      "radius": 108.19,
      "easing": false,
      "walls": false,
      "volume": 0.3,
      "darkness": {
        "min": 0,
        "max": 1
      },
      "flags": {
        "tagger": {
          "tags": ""
        }
      },
      "repeat": false,
      "hidden": false,
      "_id": "5UvSAkgEWXljZTHX",
      "elevation": 0,
      "effects": {
        "base": {
          "intensity": 5
        },
        "muffled": {
          "intensity": 5
        }
      },
      "_key": "!scenes.sounds!bhLHO2MbIcJ4TXjX.5UvSAkgEWXljZTHX"
    }
  ],
  "templates": [],
  "tiles": [
    {
      "texture": {
        "src": "fa_battlemaps/Maps/2022/December/fa_wec-fungi-cavern/Maps/fungicavernbg.webp",
        "scaleX": 1,
        "scaleY": 1,
        "offsetX": 0,
        "offsetY": 0,
        "rotation": 0,
        "tint": "#ffffff",
        "anchorX": 0.5,
        "anchorY": 0.5,
        "fit": "fill",
        "alphaThreshold": 0.75
      },
      "x": 500,
      "y": 500,
      "width": 2000,
      "height": 1900,
      "_id": "840wBIKObem83F7z",
      "rotation": 0,
      "alpha": 1,
      "hidden": false,
      "locked": true,
      "occlusion": {
        "mode": 0,
        "alpha": 1
      },
      "video": {
        "loop": true,
        "autoplay": true,
        "volume": 0
      },
      "flags": {
        "tagger": {
          "tags": [
            "map"
          ]
        },
        "monks-active-tiles": {
          "active": true,
          "record": false,
          "restriction": "all",
          "controlled": "gm",
          "trigger": [
            "dblclick"
          ],
          "allowpaused": false,
          "usealpha": false,
          "pointer": false,
          "pertoken": false,
          "minrequired": 0,
          "chance": 100,
          "fileindex": 0,
          "actions": [],
          "files": [
            {
              "id": "aSKXmYD3YX5kn8Nx",
              "name": "fa_battlemaps/Maps/2022/December/fa_wec-fungi-cavern/Maps/fungicavernbg.webp",
              "selected": false
            },
            {
              "id": "h1GZNn2CuDDC2lJu",
              "name": "fa_battlemaps/Maps/2022/December/fa_wec-fungi-cavern/Maps/blankcavernbg.webp",
              "selected": false
            }
          ]
        }
      },
      "sort": 1,
      "restrictions": {
        "light": false,
        "weather": false
      },
      "elevation": 0,
      "_key": "!scenes.tiles!bhLHO2MbIcJ4TXjX.840wBIKObem83F7z"
    },
    {
      "texture": {
        "src": "fa_battlemaps/Maps/2022/December/fa_wec-fungi-cavern/Maps/fungicavernfg.webp",
        "scaleX": 1,
        "scaleY": 1,
        "offsetX": 0,
        "offsetY": 0,
        "rotation": 0,
        "tint": "#ffffff",
        "anchorX": 0.5,
        "anchorY": 0.5,
        "fit": "fill",
        "alphaThreshold": 0.75
      },
      "x": 500,
      "y": 500,
      "width": 2000,
      "height": 1900,
      "_id": "Pg2xzBz5AjGWd2lP",
      "rotation": 0,
      "alpha": 1,
      "hidden": false,
      "locked": true,
      "occlusion": {
        "mode": 0,
        "alpha": 1
      },
      "video": {
        "loop": true,
        "autoplay": true,
        "volume": 0
      },
      "flags": {
        "tagger": {
          "tags": [
            "map"
          ]
        },
        "monks-active-tiles": {
          "active": true,
          "record": false,
          "restriction": "all",
          "controlled": "gm",
          "trigger": [
            "dblclick"
          ],
          "allowpaused": false,
          "usealpha": false,
          "pointer": false,
          "pertoken": false,
          "minrequired": 0,
          "chance": 100,
          "fileindex": 0,
          "actions": [],
          "files": [
            {
              "id": "Yk16TnbYC1KDM3vW",
              "name": "fa_battlemaps/Maps/2022/December/fa_wec-fungi-cavern/Maps/fungicavernfg.webp",
              "selected": false
            },
            {
              "id": "sRsiRQW6V79rEe7f",
              "name": "fa_battlemaps/Maps/2022/December/fa_wec-fungi-cavern/Maps/blankcavernfg.webp",
              "selected": false
            }
          ]
        }
      },
      "elevation": 20,
      "sort": 100,
      "restrictions": {
        "light": false,
        "weather": false
      },
      "_key": "!scenes.tiles!bhLHO2MbIcJ4TXjX.Pg2xzBz5AjGWd2lP"
    },
    {
      "texture": {
        "src": "modules/fa-battlemaps/images/Transparent.webp",
        "scaleX": 1,
        "scaleY": 1,
        "offsetX": 0,
        "offsetY": 0,
        "rotation": 0,
        "tint": "#ffffff",
        "anchorX": 0.5,
        "anchorY": 0.5,
        "fit": "fill",
        "alphaThreshold": 0.75
      },
      "x": 500,
      "y": 600,
      "width": 1900,
      "height": 1600,
      "_id": "mHXkfki57VULhWrH",
      "rotation": 0,
      "alpha": 1,
      "hidden": false,
      "locked": true,
      "occlusion": {
        "mode": 0,
        "alpha": 1
      },
      "video": {
        "loop": true,
        "autoplay": true,
        "volume": 0
      },
      "flags": {
        "tagger": {
          "tags": [
            "gas",
            "Tile"
          ]
        },
        "monks-active-tiles": {
          "active": true,
          "record": false,
          "restriction": "all",
          "controlled": "gm",
          "trigger": [
            "dblclick"
          ],
          "allowpaused": false,
          "usealpha": false,
          "pointer": false,
          "pertoken": false,
          "minrequired": 0,
          "chance": 100,
          "fileindex": 1,
          "actions": [],
          "files": [
            {
              "id": "SiQFf3zl67xGSoli",
              "name": "fa_battlemaps/Maps/2022/December/fa_wec-fungi-cavern/Tiles/FungiCavernGasTrap.webp",
              "selected": false
            },
            {
              "id": "hXNTqNeHWUioIeqP",
              "name": "modules/fa-battlemaps/images/Transparent.webp",
              "selected": true
            }
          ]
        }
      },
      "elevation": 20,
      "sort": 100,
      "restrictions": {
        "light": false,
        "weather": false
      },
      "_key": "!scenes.tiles!bhLHO2MbIcJ4TXjX.mHXkfki57VULhWrH"
    },
    {
      "texture": {
        "src": "icons/svg/trap.svg",
        "scaleX": 1,
        "scaleY": 1,
        "offsetX": 0,
        "offsetY": 0,
        "rotation": 0,
        "tint": "#ffffff",
        "anchorX": 0.5,
        "anchorY": 0.5,
        "fit": "fill",
        "alphaThreshold": 0.75
      },
      "width": 150,
      "height": 150,
      "_id": "feAEIr2rKQO70Rvx",
      "rotation": 0,
      "alpha": 1,
      "hidden": false,
      "locked": false,
      "occlusion": {
        "mode": 1,
        "alpha": 1
      },
      "video": {
        "loop": true,
        "autoplay": true,
        "volume": 0
      },
      "flags": {
        "tagger": {
          "tags": [
            "Tile"
          ]
        },
        "monks-active-tiles": {
          "active": true,
          "record": false,
          "restriction": "all",
          "controlled": "gm",
          "trigger": [
            "dblclick"
          ],
          "allowpaused": false,
          "usealpha": false,
          "pointer": false,
          "pertoken": false,
          "minrequired": 0,
          "chance": 100,
          "fileindex": 0,
          "actions": [
            {
              "action": "tileimage",
              "data": {
                "entity": {
                  "id": "tagger:gas",
                  "match": "all",
                  "scene": "_active",
                  "name": "<i class=\"fas fa-tag fa-sm\"></i> gas"
                },
                "select": "next",
                "transition": "none",
                "speed": 1,
                "loop": 1
              },
              "id": "7vgc4drFvSWhcqtQ"
            }
          ],
          "files": [
            {
              "id": "97ti7SKgis9vU4zI",
              "name": "icons/svg/trap.svg",
              "selected": true
            },
            {
              "id": "Kb0qFF7V6vi3gp6V",
              "name": "modules/fa-battlemaps/images/Transparent.webp",
              "selected": false
            }
          ],
          "name": "",
          "vision": false,
          "cooldown": null
        }
      },
      "x": 550,
      "y": 1000,
      "elevation": 20,
      "sort": 101,
      "restrictions": {
        "light": false,
        "weather": false
      },
      "_key": "!scenes.tiles!bhLHO2MbIcJ4TXjX.feAEIr2rKQO70Rvx"
    },
    {
      "texture": {
        "src": "modules/fa-battlemaps/images/SmallScroll.png",
        "scaleX": 1,
        "scaleY": 1,
        "offsetX": 0,
        "offsetY": 0,
        "rotation": 0,
        "tint": "#ffffff",
        "anchorX": 0.5,
        "anchorY": 0.5,
        "fit": "fill",
        "alphaThreshold": 0.75
      },
      "x": 2500,
      "y": 500,
      "width": 300,
      "height": 100,
      "_id": "s7dOSDMfz7Li21Mm",
      "rotation": 0,
      "alpha": 1,
      "hidden": false,
      "locked": true,
      "occlusion": {
        "mode": 0,
        "alpha": 1
      },
      "video": {
        "loop": true,
        "autoplay": true,
        "volume": 0
      },
      "flags": {},
      "sort": 3,
      "restrictions": {
        "light": false,
        "weather": false
      },
      "elevation": 0,
      "_key": "!scenes.tiles!bhLHO2MbIcJ4TXjX.s7dOSDMfz7Li21Mm"
    },
    {
      "texture": {
        "src": "fa_battlemaps/Maps/2022/December/fa_wec-caveentrance/Text/Alternate.webp",
        "scaleX": 1,
        "scaleY": 1,
        "offsetX": 0,
        "offsetY": 0,
        "rotation": 0,
        "tint": "#000000",
        "anchorX": 0.5,
        "anchorY": 0.5,
        "fit": "fill",
        "alphaThreshold": 0.75
      },
      "width": 300,
      "height": 50,
      "_id": "hm1FluiqYEopxicL",
      "rotation": 0,
      "alpha": 1,
      "hidden": false,
      "locked": true,
      "occlusion": {
        "mode": 0,
        "alpha": 1
      },
      "video": {
        "loop": true,
        "autoplay": true,
        "volume": 0
      },
      "flags": {
        "tagger": {},
        "monks-active-tiles": {
          "active": true,
          "record": false,
          "restriction": "all",
          "controlled": "gm",
          "trigger": [
            "dblclick"
          ],
          "allowpaused": false,
          "usealpha": false,
          "pointer": false,
          "pertoken": false,
          "minrequired": 0,
          "chance": 100,
          "fileindex": 0,
          "actions": [
            {
              "action": "alter",
              "data": {
                "entity": {
                  "id": "tile",
                  "name": "This Tile"
                },
                "attribute": "texture.tint",
                "value": "='{{entity.texture.tint}}' == '#000000' ? '#890101' : '#000000'",
                "chatMessage": false,
                "rollmode": "roll"
              },
              "id": "ixNwRVtN7pLL1KOA"
            },
            {
              "action": "tileimage",
              "data": {
                "entity": {
                  "id": "tagger:map",
                  "match": "all",
                  "scene": "_active",
                  "name": "<i class=\"fas fa-tag fa-sm\"></i> map"
                },
                "select": "next",
                "transition": "none",
                "speed": 1,
                "loop": 1
              },
              "id": "1jTxXlRkqOHT0QhZ"
            },
            {
              "action": "activate",
              "data": {
                "entity": {
                  "id": "tagger:glight",
                  "match": "all",
                  "scene": "_active",
                  "name": "<i class=\"fas fa-tag fa-sm\"></i> glight"
                },
                "activate": "toggle",
                "collection": "tiles"
              },
              "id": "OkVUNsotinXHQCUJ"
            },
            {
              "action": "activate",
              "data": {
                "entity": {
                  "id": "tagger:Tile",
                  "match": "all",
                  "scene": "_active",
                  "name": "<i class=\"fas fa-tag fa-sm\"></i> Tile"
                },
                "activate": "toggle",
                "collection": "tiles"
              },
              "id": "CBxI0Kdnj4zJ2VvZ"
            },
            {
              "action": "tileimage",
              "data": {
                "entity": {
                  "id": "tagger:Tile",
                  "match": "all",
                  "scene": "_active",
                  "name": "<i class=\"fas fa-tag fa-sm\"></i> Tile"
                },
                "select": "next",
                "transition": "none",
                "speed": 1,
                "loop": 1
              },
              "id": "9MGBvNvO1mTL4IEm"
            },
            {
              "action": "tileimage",
              "data": {
                "entity": {
                  "id": "tagger:gas",
                  "match": "all",
                  "scene": "_active",
                  "name": "<i class=\"fas fa-tag fa-sm\"></i> gas"
                },
                "select": "last",
                "transition": "none",
                "speed": 1,
                "loop": 1
              },
              "id": "Zs6P3jJZpxNzSj7U"
            },
            {
              "action": "alter",
              "data": {
                "entity": {
                  "id": "tagger:wall",
                  "match": "all",
                  "scene": "_active",
                  "name": "<i class=\"fas fa-tag fa-sm\"></i> wall"
                },
                "attribute": "light",
                "value": "={{entity.light}} == 0 ? 10 : 0",
                "chatMessage": false,
                "rollmode": "roll"
              },
              "id": "8kAjVjGqbMcaJnTa"
            },
            {
              "action": "alter",
              "data": {
                "entity": {
                  "id": "tagger:animation",
                  "match": "all",
                  "scene": "_active",
                  "name": "<i class=\"fas fa-tag fa-sm\"></i> animation"
                },
                "attribute": "overhead",
                "value": "={{entity.overhead}} == 0 ? 1 : 0",
                "chatMessage": false,
                "rollmode": "roll"
              },
              "id": "otf7ZQh0Y4FvnSSO"
            },
            {
              "action": "alter",
              "data": {
                "entity": {
                  "id": "tagger:animation",
                  "match": "all",
                  "scene": "_active",
                  "name": "<i class=\"fas fa-tag fa-sm\"></i> animation"
                },
                "attribute": "alpha",
                "value": "={{entity.alpha}} == 0 ? 1 : 0",
                "chatMessage": false,
                "rollmode": "roll"
              },
              "id": "yUn9XvCOpnigSEe7"
            }
          ],
          "files": [],
          "name": "",
          "vision": false,
          "cooldown": null
        }
      },
      "x": 2498,
      "y": 526,
      "sort": 5,
      "restrictions": {
        "light": false,
        "weather": false
      },
      "elevation": 0,
      "_key": "!scenes.tiles!bhLHO2MbIcJ4TXjX.hm1FluiqYEopxicL"
    },
    {
      "texture": {
        "src": "modules/fa-battlemaps/images/Transparent.webp",
        "scaleX": 1,
        "scaleY": 1,
        "offsetX": 0,
        "offsetY": 0,
        "rotation": 0,
        "tint": "#ffffff",
        "anchorX": 0.5,
        "anchorY": 0.5,
        "fit": "fill",
        "alphaThreshold": 0.75
      },
      "width": 500,
      "height": 500,
      "_id": "2QaYzGyAhRwwJfiH",
      "rotation": 0,
      "alpha": 1,
      "hidden": false,
      "locked": false,
      "occlusion": {
        "mode": 0,
        "alpha": 1
      },
      "video": {
        "loop": true,
        "autoplay": false,
        "volume": 0
      },
      "flags": {
        "tagger": {
          "tags": [
            "animation"
          ]
        },
        "monks-active-tiles": {
          "active": false,
          "fileindex": 1,
          "record": false,
          "restriction": "all",
          "controlled": "gm",
          "trigger": [
            ""
          ],
          "allowpaused": false,
          "usealpha": false,
          "pointer": false,
          "pertoken": false,
          "minrequired": 0,
          "chance": 50,
          "actions": [],
          "files": [
            {
              "id": "FratX1rCxadbb0WP",
              "name": "fa_battlemaps/Animations/Spores_A1_01.webm",
              "selected": true
            },
            {
              "id": "8bZghey5wpH3J2PR",
              "name": "modules/fa-battlemaps/images/Transparent.webp",
              "selected": false
            }
          ]
        }
      },
      "x": 1500,
      "y": 1500,
      "elevation": 20,
      "sort": 100,
      "restrictions": {
        "light": false,
        "weather": false
      },
      "_key": "!scenes.tiles!bhLHO2MbIcJ4TXjX.2QaYzGyAhRwwJfiH"
    },
    {
      "texture": {
        "src": "modules/fa-battlemaps/images/Transparent.webp",
        "scaleX": 1,
        "scaleY": 1,
        "offsetX": 0,
        "offsetY": 0,
        "rotation": 0,
        "tint": "#ffffff",
        "anchorX": 0.5,
        "anchorY": 0.5,
        "fit": "fill",
        "alphaThreshold": 0.75
      },
      "width": 500,
      "height": 500,
      "_id": "LpywkLqYkwmI6Uyk",
      "rotation": 0,
      "alpha": 1,
      "hidden": false,
      "locked": false,
      "occlusion": {
        "mode": 0,
        "alpha": 1
      },
      "video": {
        "loop": true,
        "autoplay": false,
        "volume": 0
      },
      "flags": {
        "tagger": {
          "tags": [
            "animation"
          ]
        },
        "monks-active-tiles": {
          "active": false,
          "record": false,
          "restriction": "all",
          "controlled": "gm",
          "trigger": [
            "dblclick"
          ],
          "allowpaused": false,
          "usealpha": false,
          "pointer": false,
          "pertoken": false,
          "minrequired": 0,
          "chance": 100,
          "fileindex": 1,
          "actions": [],
          "files": [
            {
              "id": "FratX1rCxadbb0WP",
              "name": "fa_battlemaps/Animations/Spores_A2_01.webm",
              "selected": true
            },
            {
              "id": "8bZghey5wpH3J2PR",
              "name": "modules/fa-battlemaps/images/Transparent.webp",
              "selected": false
            }
          ]
        }
      },
      "x": 1000,
      "y": 1400,
      "elevation": 20,
      "sort": 100,
      "restrictions": {
        "light": false,
        "weather": false
      },
      "_key": "!scenes.tiles!bhLHO2MbIcJ4TXjX.LpywkLqYkwmI6Uyk"
    },
    {
      "texture": {
        "src": "modules/fa-battlemaps/images/Transparent.webp",
        "scaleX": 1,
        "scaleY": 1,
        "offsetX": 0,
        "offsetY": 0,
        "rotation": 0,
        "tint": "#ffffff",
        "anchorX": 0.5,
        "anchorY": 0.5,
        "fit": "fill",
        "alphaThreshold": 0.75
      },
      "width": 500,
      "height": 500,
      "_id": "h467v99XdWQcUhvX",
      "rotation": 0,
      "alpha": 1,
      "hidden": false,
      "locked": false,
      "occlusion": {
        "mode": 0,
        "alpha": 1
      },
      "video": {
        "loop": true,
        "autoplay": true,
        "volume": 0
      },
      "flags": {
        "tagger": {
          "tags": [
            "animation"
          ]
        },
        "monks-active-tiles": {
          "active": false,
          "fileindex": 1,
          "record": false,
          "restriction": "all",
          "controlled": "gm",
          "trigger": [
            ""
          ],
          "allowpaused": false,
          "usealpha": false,
          "pointer": false,
          "pertoken": false,
          "minrequired": 0,
          "chance": 50,
          "actions": [],
          "files": [
            {
              "id": "FratX1rCxadbb0WP",
              "name": "fa_battlemaps/Animations/Spores_A1_01.webm",
              "selected": true
            },
            {
              "id": "8bZghey5wpH3J2PR",
              "name": "modules/fa-battlemaps/images/Transparent.webp",
              "selected": false
            }
          ]
        }
      },
      "x": 1100,
      "y": 1000,
      "elevation": 20,
      "sort": 100,
      "restrictions": {
        "light": false,
        "weather": false
      },
      "_key": "!scenes.tiles!bhLHO2MbIcJ4TXjX.h467v99XdWQcUhvX"
    },
    {
      "texture": {
        "src": "modules/fa-battlemaps/images/Transparent.webp",
        "scaleX": 1,
        "scaleY": 1,
        "offsetX": 0,
        "offsetY": 0,
        "rotation": 0,
        "tint": "#ffffff",
        "anchorX": 0.5,
        "anchorY": 0.5,
        "fit": "fill",
        "alphaThreshold": 0.75
      },
      "width": 500,
      "height": 500,
      "_id": "704PutTXhPlXNrt7",
      "rotation": 0,
      "alpha": 1,
      "hidden": false,
      "locked": false,
      "occlusion": {
        "mode": 0,
        "alpha": 1
      },
      "video": {
        "loop": true,
        "autoplay": true,
        "volume": 0
      },
      "flags": {
        "tagger": {
          "tags": [
            "animation"
          ]
        },
        "monks-active-tiles": {
          "active": false,
          "record": false,
          "restriction": "all",
          "controlled": "gm",
          "trigger": [
            "dblclick"
          ],
          "allowpaused": false,
          "usealpha": false,
          "pointer": false,
          "pertoken": false,
          "minrequired": 0,
          "chance": 100,
          "fileindex": 1,
          "actions": [],
          "files": [
            {
              "id": "FratX1rCxadbb0WP",
              "name": "fa_battlemaps/Animations/Spores_A2_01.webm",
              "selected": true
            },
            {
              "id": "8bZghey5wpH3J2PR",
              "name": "modules/fa-battlemaps/images/Transparent.webp",
              "selected": false
            }
          ]
        }
      },
      "x": 1500,
      "y": 1100,
      "elevation": 20,
      "sort": 100,
      "restrictions": {
        "light": false,
        "weather": false
      },
      "_key": "!scenes.tiles!bhLHO2MbIcJ4TXjX.704PutTXhPlXNrt7"
    },
    {
      "texture": {
        "src": "modules/fa-battlemaps/images/Transparent.webp",
        "scaleX": 1,
        "scaleY": 1,
        "offsetX": 0,
        "offsetY": 0,
        "rotation": 0,
        "tint": "#ffffff",
        "anchorX": 0.5,
        "anchorY": 0.5,
        "fit": "fill",
        "alphaThreshold": 0.75
      },
      "width": 500,
      "height": 500,
      "_id": "WduqWIoH7nU577X7",
      "rotation": 0,
      "alpha": 1,
      "hidden": false,
      "locked": false,
      "occlusion": {
        "mode": 0,
        "alpha": 1
      },
      "video": {
        "loop": true,
        "autoplay": true,
        "volume": 0
      },
      "flags": {
        "tagger": {
          "tags": [
            "animation"
          ]
        },
        "monks-active-tiles": {
          "active": false,
          "record": false,
          "restriction": "all",
          "controlled": "gm",
          "trigger": [
            "dblclick"
          ],
          "allowpaused": false,
          "usealpha": false,
          "pointer": false,
          "pertoken": false,
          "minrequired": 0,
          "chance": 100,
          "fileindex": 1,
          "actions": [],
          "files": [
            {
              "id": "FratX1rCxadbb0WP",
              "name": "fa_battlemaps/Animations/Spores_A2_01.webm",
              "selected": true
            },
            {
              "id": "8bZghey5wpH3J2PR",
              "name": "modules/fa-battlemaps/images/Transparent.webp",
              "selected": false
            }
          ]
        }
      },
      "x": 850,
      "y": 800,
      "elevation": 20,
      "sort": 100,
      "restrictions": {
        "light": false,
        "weather": false
      },
      "_key": "!scenes.tiles!bhLHO2MbIcJ4TXjX.WduqWIoH7nU577X7"
    },
    {
      "texture": {
        "src": "modules/fa-battlemaps/images/SmallScroll.png",
        "scaleX": 1,
        "scaleY": 1,
        "offsetX": 0,
        "offsetY": 0,
        "rotation": 0,
        "tint": "#ffffff",
        "anchorX": 0.5,
        "anchorY": 0.5,
        "fit": "fill",
        "alphaThreshold": 0.75
      },
      "width": 300,
      "height": 100,
      "_id": "sAUT8tO6vQIQj8e2",
      "rotation": 0,
      "alpha": 1,
      "hidden": false,
      "locked": true,
      "occlusion": {
        "mode": 0,
        "alpha": 1
      },
      "video": {
        "loop": true,
        "autoplay": true,
        "volume": 0
      },
      "flags": {},
      "x": 2500,
      "y": 600,
      "sort": 2,
      "restrictions": {
        "light": false,
        "weather": false
      },
      "elevation": 0,
      "_key": "!scenes.tiles!bhLHO2MbIcJ4TXjX.sAUT8tO6vQIQj8e2"
    },
    {
      "texture": {
        "src": "modules/fa-battlemaps/images/AnimationsText.png",
        "scaleX": 1,
        "scaleY": 1,
        "offsetX": 0,
        "offsetY": 0,
        "rotation": 0,
        "tint": "#890101",
        "anchorX": 0.5,
        "anchorY": 0.5,
        "fit": "fill",
        "alphaThreshold": 0.75
      },
      "width": 300,
      "height": 50,
      "_id": "5sKoots9AniwG6sQ",
      "rotation": 0,
      "alpha": 1,
      "hidden": false,
      "locked": true,
      "occlusion": {
        "mode": 0,
        "alpha": 1
      },
      "video": {
        "loop": true,
        "autoplay": true,
        "volume": 0
      },
      "flags": {
        "tagger": {},
        "monks-active-tiles": {
          "active": true,
          "record": false,
          "restriction": "all",
          "controlled": "gm",
          "trigger": [
            "dblclick"
          ],
          "allowpaused": false,
          "usealpha": false,
          "pointer": false,
          "pertoken": false,
          "minrequired": 0,
          "chance": 100,
          "fileindex": 0,
          "actions": [
            {
              "action": "alter",
              "data": {
                "entity": {
                  "id": "tile",
                  "name": "This Tile"
                },
                "attribute": "texture.tint",
                "value": "='{{entity.texture.tint}}' == '#000000' ? '#890101' : '#000000'",
                "chatMessage": false,
                "rollmode": "roll"
              },
              "id": "fvLp0ljjW6MzvkyP"
            },
            {
              "action": "tileimage",
              "data": {
                "entity": {
                  "id": "tagger:animation",
                  "match": "all",
                  "scene": "_active",
                  "name": "<i class=\"fas fa-tag fa-sm\"></i> animation"
                },
                "select": "next",
                "transition": "none",
                "speed": 1,
                "loop": 1
              },
              "id": "E1mIlGeoHkKxFNyu"
            },
            {
              "action": "playanimation",
              "data": {
                "entity": {
                  "id": "tagger:animation",
                  "match": "all",
                  "scene": "_active",
                  "name": "<i class=\"fas fa-tag fa-sm\"></i> animation"
                },
                "play": "start",
                "animatefor": "all"
              },
              "id": "XCIeetk0uQ77qyxJ"
            }
          ],
          "files": [],
          "name": "",
          "vision": false,
          "cooldown": null
        }
      },
      "x": 2501,
      "y": 623,
      "sort": 4,
      "restrictions": {
        "light": false,
        "weather": false
      },
      "elevation": 0,
      "_key": "!scenes.tiles!bhLHO2MbIcJ4TXjX.5sKoots9AniwG6sQ"
    },
    {
      "texture": {
        "src": "modules/fa-battlemaps/images/Transparent.webp",
        "scaleX": 1,
        "scaleY": 1,
        "offsetX": 0,
        "offsetY": 0,
        "rotation": 0,
        "tint": "#ffffff",
        "anchorX": 0.5,
        "anchorY": 0.5,
        "fit": "fill",
        "alphaThreshold": 0.75
      },
      "width": 500,
      "height": 500,
      "_id": "NZ6YoHn87Pe7zzmk",
      "rotation": 0,
      "alpha": 1,
      "hidden": false,
      "locked": false,
      "occlusion": {
        "mode": 0,
        "alpha": 1
      },
      "video": {
        "loop": true,
        "autoplay": true,
        "volume": 0
      },
      "flags": {
        "tagger": {
          "tags": [
            "animation"
          ]
        },
        "monks-active-tiles": {
          "active": false,
          "fileindex": 1,
          "record": false,
          "restriction": "all",
          "controlled": "gm",
          "trigger": [
            ""
          ],
          "allowpaused": false,
          "usealpha": false,
          "pointer": false,
          "pertoken": false,
          "minrequired": 0,
          "chance": 50,
          "actions": [],
          "files": [
            {
              "id": "FratX1rCxadbb0WP",
              "name": "fa_battlemaps/Animations/Spores_A1_01.webm",
              "selected": true
            },
            {
              "id": "8bZghey5wpH3J2PR",
              "name": "modules/fa-battlemaps/images/Transparent.webp",
              "selected": false
            }
          ]
        }
      },
      "x": 700,
      "y": 1250,
      "elevation": 20,
      "sort": 100,
      "restrictions": {
        "light": false,
        "weather": false
      },
      "_key": "!scenes.tiles!bhLHO2MbIcJ4TXjX.NZ6YoHn87Pe7zzmk"
    }
  ],
  "walls": [
    {
      "_id": "FBZXKe4UXTlwQLNF",
      "c": [
        2500,
        2400,
        500,
        2400
      ],
      "light": 20,
      "move": 20,
      "sight": 20,
      "sound": 20,
      "dir": 0,
      "door": 0,
      "ds": 0,
      "flags": {},
      "threshold": {
        "light": null,
        "sight": null,
        "sound": null,
        "attenuation": false
      },
      "_key": "!scenes.walls!bhLHO2MbIcJ4TXjX.FBZXKe4UXTlwQLNF"
    },
    {
      "_id": "2PjlwiVUAbJTsRN4",
      "c": [
        500,
        2400,
        500,
        500
      ],
      "light": 20,
      "move": 20,
      "sight": 20,
      "sound": 20,
      "dir": 0,
      "door": 0,
      "ds": 0,
      "flags": {},
      "threshold": {
        "light": null,
        "sight": null,
        "sound": null,
        "attenuation": false
      },
      "_key": "!scenes.walls!bhLHO2MbIcJ4TXjX.2PjlwiVUAbJTsRN4"
    },
    {
      "_id": "YgN9DjQH4aG1Zy7h",
      "c": [
        500,
        500,
        2500,
        500
      ],
      "light": 20,
      "move": 20,
      "sight": 20,
      "sound": 20,
      "dir": 0,
      "door": 0,
      "ds": 0,
      "flags": {},
      "threshold": {
        "light": null,
        "sight": null,
        "sound": null,
        "attenuation": false
      },
      "_key": "!scenes.walls!bhLHO2MbIcJ4TXjX.YgN9DjQH4aG1Zy7h"
    },
    {
      "_id": "Y6zhbL9gHy6RHQRC",
      "c": [
        2500,
        500,
        2500,
        2400
      ],
      "light": 20,
      "move": 20,
      "sight": 20,
      "sound": 20,
      "dir": 0,
      "door": 0,
      "ds": 0,
      "flags": {},
      "threshold": {
        "light": null,
        "sight": null,
        "sound": null,
        "attenuation": false
      },
      "_key": "!scenes.walls!bhLHO2MbIcJ4TXjX.Y6zhbL9gHy6RHQRC"
    },
    {
      "_id": "gp2wUHVjuSmXTHYV",
      "c": [
        500,
        1762,
        625,
        1800
      ],
      "light": 20,
      "move": 20,
      "sight": 20,
      "sound": 20,
      "dir": 0,
      "door": 0,
      "ds": 0,
      "flags": {},
      "threshold": {
        "light": null,
        "sight": null,
        "sound": null,
        "attenuation": false
      },
      "_key": "!scenes.walls!bhLHO2MbIcJ4TXjX.gp2wUHVjuSmXTHYV"
    },
    {
      "_id": "X1SKXo8tjP0eyZm7",
      "c": [
        625,
        1800,
        725,
        1787
      ],
      "light": 20,
      "move": 20,
      "sight": 20,
      "sound": 20,
      "dir": 0,
      "door": 0,
      "ds": 0,
      "flags": {},
      "threshold": {
        "light": null,
        "sight": null,
        "sound": null,
        "attenuation": false
      },
      "_key": "!scenes.walls!bhLHO2MbIcJ4TXjX.X1SKXo8tjP0eyZm7"
    },
    {
      "_id": "6gHc7tAdmCc7pILA",
      "c": [
        725,
        1787,
        800,
        1737
      ],
      "light": 20,
      "move": 20,
      "sight": 20,
      "sound": 20,
      "dir": 0,
      "door": 0,
      "ds": 0,
      "flags": {},
      "threshold": {
        "light": null,
        "sight": null,
        "sound": null,
        "attenuation": false
      },
      "_key": "!scenes.walls!bhLHO2MbIcJ4TXjX.6gHc7tAdmCc7pILA"
    },
    {
      "_id": "w6fC02mjiaNk2RMD",
      "c": [
        800,
        1737,
        987,
        1737
      ],
      "light": 20,
      "move": 20,
      "sight": 20,
      "sound": 20,
      "dir": 0,
      "door": 0,
      "ds": 0,
      "flags": {},
      "threshold": {
        "light": null,
        "sight": null,
        "sound": null,
        "attenuation": false
      },
      "_key": "!scenes.walls!bhLHO2MbIcJ4TXjX.w6fC02mjiaNk2RMD"
    },
    {
      "_id": "JXWUlQs6AmqLGRtp",
      "c": [
        987,
        1737,
        1025,
        1750
      ],
      "light": 20,
      "move": 20,
      "sight": 20,
      "sound": 20,
      "dir": 0,
      "door": 0,
      "ds": 0,
      "flags": {},
      "threshold": {
        "light": null,
        "sight": null,
        "sound": null,
        "attenuation": false
      },
      "_key": "!scenes.walls!bhLHO2MbIcJ4TXjX.JXWUlQs6AmqLGRtp"
    },
    {
      "_id": "GXQ7PjnTa4wFrLIC",
      "c": [
        1025,
        1750,
        1062,
        1862
      ],
      "light": 20,
      "move": 20,
      "sight": 20,
      "sound": 20,
      "dir": 0,
      "door": 0,
      "ds": 0,
      "flags": {},
      "threshold": {
        "light": null,
        "sight": null,
        "sound": null,
        "attenuation": false
      },
      "_key": "!scenes.walls!bhLHO2MbIcJ4TXjX.GXQ7PjnTa4wFrLIC"
    },
    {
      "_id": "FEjU7GJEhzdY15Jj",
      "c": [
        1062,
        1862,
        1150,
        1987
      ],
      "light": 20,
      "move": 20,
      "sight": 20,
      "sound": 20,
      "dir": 0,
      "door": 0,
      "ds": 0,
      "flags": {},
      "threshold": {
        "light": null,
        "sight": null,
        "sound": null,
        "attenuation": false
      },
      "_key": "!scenes.walls!bhLHO2MbIcJ4TXjX.FEjU7GJEhzdY15Jj"
    },
    {
      "_id": "JC4T9m2UH8gz5s5s",
      "c": [
        1150,
        1987,
        1250,
        2050
      ],
      "light": 20,
      "move": 20,
      "sight": 20,
      "sound": 20,
      "dir": 0,
      "door": 0,
      "ds": 0,
      "flags": {},
      "threshold": {
        "light": null,
        "sight": null,
        "sound": null,
        "attenuation": false
      },
      "_key": "!scenes.walls!bhLHO2MbIcJ4TXjX.JC4T9m2UH8gz5s5s"
    },
    {
      "_id": "m252nanSdKxAEDLf",
      "c": [
        1250,
        2050,
        1337,
        2000
      ],
      "light": 20,
      "move": 20,
      "sight": 20,
      "sound": 20,
      "dir": 0,
      "door": 0,
      "ds": 0,
      "flags": {},
      "threshold": {
        "light": null,
        "sight": null,
        "sound": null,
        "attenuation": false
      },
      "_key": "!scenes.walls!bhLHO2MbIcJ4TXjX.m252nanSdKxAEDLf"
    },
    {
      "_id": "vEbXmL00xpy7bTiz",
      "c": [
        1337,
        2000,
        1362,
        1925
      ],
      "light": 20,
      "move": 20,
      "sight": 20,
      "sound": 20,
      "dir": 0,
      "door": 0,
      "ds": 0,
      "flags": {},
      "threshold": {
        "light": null,
        "sight": null,
        "sound": null,
        "attenuation": false
      },
      "_key": "!scenes.walls!bhLHO2MbIcJ4TXjX.vEbXmL00xpy7bTiz"
    },
    {
      "_id": "1IKqFKjbT64Xro8g",
      "c": [
        1362,
        1925,
        1487,
        1925
      ],
      "light": 20,
      "move": 20,
      "sight": 20,
      "sound": 20,
      "dir": 0,
      "door": 0,
      "ds": 0,
      "flags": {},
      "threshold": {
        "light": null,
        "sight": null,
        "sound": null,
        "attenuation": false
      },
      "_key": "!scenes.walls!bhLHO2MbIcJ4TXjX.1IKqFKjbT64Xro8g"
    },
    {
      "_id": "xXsVnfJwkxDhIc3B",
      "c": [
        1487,
        1925,
        1487,
        2012
      ],
      "light": 20,
      "move": 20,
      "sight": 20,
      "sound": 20,
      "dir": 0,
      "door": 0,
      "ds": 0,
      "flags": {},
      "threshold": {
        "light": null,
        "sight": null,
        "sound": null,
        "attenuation": false
      },
      "_key": "!scenes.walls!bhLHO2MbIcJ4TXjX.xXsVnfJwkxDhIc3B"
    },
    {
      "_id": "tswf1RF2x1nMdWDP",
      "c": [
        1487,
        2012,
        1625,
        2100
      ],
      "light": 20,
      "move": 20,
      "sight": 20,
      "sound": 20,
      "dir": 0,
      "door": 0,
      "ds": 0,
      "flags": {},
      "threshold": {
        "light": null,
        "sight": null,
        "sound": null,
        "attenuation": false
      },
      "_key": "!scenes.walls!bhLHO2MbIcJ4TXjX.tswf1RF2x1nMdWDP"
    },
    {
      "_id": "niPMOXKYa7HnCFLw",
      "c": [
        1625,
        2100,
        1650,
        2075
      ],
      "light": 20,
      "move": 20,
      "sight": 20,
      "sound": 20,
      "dir": 0,
      "door": 0,
      "ds": 0,
      "flags": {},
      "threshold": {
        "light": null,
        "sight": null,
        "sound": null,
        "attenuation": false
      },
      "_key": "!scenes.walls!bhLHO2MbIcJ4TXjX.niPMOXKYa7HnCFLw"
    },
    {
      "_id": "gWwdyEznt6bUCstH",
      "c": [
        1650,
        2075,
        1712,
        2100
      ],
      "light": 20,
      "move": 20,
      "sight": 20,
      "sound": 20,
      "dir": 0,
      "door": 0,
      "ds": 0,
      "flags": {},
      "threshold": {
        "light": null,
        "sight": null,
        "sound": null,
        "attenuation": false
      },
      "_key": "!scenes.walls!bhLHO2MbIcJ4TXjX.gWwdyEznt6bUCstH"
    },
    {
      "_id": "M85PbzQlQgHqeAEO",
      "c": [
        1712,
        2100,
        1737,
        2187
      ],
      "light": 20,
      "move": 20,
      "sight": 20,
      "sound": 20,
      "dir": 0,
      "door": 0,
      "ds": 0,
      "flags": {},
      "threshold": {
        "light": null,
        "sight": null,
        "sound": null,
        "attenuation": false
      },
      "_key": "!scenes.walls!bhLHO2MbIcJ4TXjX.M85PbzQlQgHqeAEO"
    },
    {
      "_id": "iY9qtVAZAL0yAeds",
      "c": [
        1737,
        2187,
        1812,
        2225
      ],
      "light": 20,
      "move": 20,
      "sight": 20,
      "sound": 20,
      "dir": 0,
      "door": 0,
      "ds": 0,
      "flags": {},
      "threshold": {
        "light": null,
        "sight": null,
        "sound": null,
        "attenuation": false
      },
      "_key": "!scenes.walls!bhLHO2MbIcJ4TXjX.iY9qtVAZAL0yAeds"
    },
    {
      "_id": "tHBuaVKlK9KRaRS3",
      "c": [
        1812,
        2225,
        1962,
        2162
      ],
      "light": 20,
      "move": 20,
      "sight": 20,
      "sound": 20,
      "dir": 0,
      "door": 0,
      "ds": 0,
      "flags": {},
      "threshold": {
        "light": null,
        "sight": null,
        "sound": null,
        "attenuation": false
      },
      "_key": "!scenes.walls!bhLHO2MbIcJ4TXjX.tHBuaVKlK9KRaRS3"
    },
    {
      "_id": "1WJYOlt1iPWRdQeh",
      "c": [
        1962,
        2162,
        2100,
        2212
      ],
      "light": 20,
      "move": 20,
      "sight": 20,
      "sound": 20,
      "dir": 0,
      "door": 0,
      "ds": 0,
      "flags": {},
      "threshold": {
        "light": null,
        "sight": null,
        "sound": null,
        "attenuation": false
      },
      "_key": "!scenes.walls!bhLHO2MbIcJ4TXjX.1WJYOlt1iPWRdQeh"
    },
    {
      "_id": "jjd0cO5DPEiB0ttm",
      "c": [
        2100,
        2212,
        2212,
        2175
      ],
      "light": 20,
      "move": 20,
      "sight": 20,
      "sound": 20,
      "dir": 0,
      "door": 0,
      "ds": 0,
      "flags": {},
      "threshold": {
        "light": null,
        "sight": null,
        "sound": null,
        "attenuation": false
      },
      "_key": "!scenes.walls!bhLHO2MbIcJ4TXjX.jjd0cO5DPEiB0ttm"
    },
    {
      "_id": "geGi5NRFam4VU6Br",
      "c": [
        2212,
        2175,
        2237,
        2125
      ],
      "light": 20,
      "move": 20,
      "sight": 20,
      "sound": 20,
      "dir": 0,
      "door": 0,
      "ds": 0,
      "flags": {},
      "threshold": {
        "light": null,
        "sight": null,
        "sound": null,
        "attenuation": false
      },
      "_key": "!scenes.walls!bhLHO2MbIcJ4TXjX.geGi5NRFam4VU6Br"
    },
    {
      "_id": "D6QKg1DVtUMMApvT",
      "c": [
        2237,
        2125,
        2275,
        2112
      ],
      "light": 20,
      "move": 20,
      "sight": 20,
      "sound": 20,
      "dir": 0,
      "door": 0,
      "ds": 0,
      "flags": {},
      "threshold": {
        "light": null,
        "sight": null,
        "sound": null,
        "attenuation": false
      },
      "_key": "!scenes.walls!bhLHO2MbIcJ4TXjX.D6QKg1DVtUMMApvT"
    },
    {
      "_id": "DSmnAOjD48xIvkEz",
      "c": [
        2275,
        2112,
        2300,
        2037
      ],
      "light": 20,
      "move": 20,
      "sight": 20,
      "sound": 20,
      "dir": 0,
      "door": 0,
      "ds": 0,
      "flags": {},
      "threshold": {
        "light": null,
        "sight": null,
        "sound": null,
        "attenuation": false
      },
      "_key": "!scenes.walls!bhLHO2MbIcJ4TXjX.DSmnAOjD48xIvkEz"
    },
    {
      "_id": "6I166PoyiaKKNVKv",
      "c": [
        2300,
        2037,
        2225,
        1937
      ],
      "light": 20,
      "move": 20,
      "sight": 20,
      "sound": 20,
      "dir": 0,
      "door": 0,
      "ds": 0,
      "flags": {},
      "threshold": {
        "light": null,
        "sight": null,
        "sound": null,
        "attenuation": false
      },
      "_key": "!scenes.walls!bhLHO2MbIcJ4TXjX.6I166PoyiaKKNVKv"
    },
    {
      "_id": "RBWp9FvQGfn8ADh6",
      "c": [
        2225,
        1937,
        2237,
        1900
      ],
      "light": 20,
      "move": 20,
      "sight": 20,
      "sound": 20,
      "dir": 0,
      "door": 0,
      "ds": 0,
      "flags": {},
      "threshold": {
        "light": null,
        "sight": null,
        "sound": null,
        "attenuation": false
      },
      "_key": "!scenes.walls!bhLHO2MbIcJ4TXjX.RBWp9FvQGfn8ADh6"
    },
    {
      "_id": "WTcXWVMGPkovYVTT",
      "c": [
        2237,
        1900,
        2200,
        1837
      ],
      "light": 20,
      "move": 20,
      "sight": 20,
      "sound": 20,
      "dir": 0,
      "door": 0,
      "ds": 0,
      "flags": {},
      "threshold": {
        "light": null,
        "sight": null,
        "sound": null,
        "attenuation": false
      },
      "_key": "!scenes.walls!bhLHO2MbIcJ4TXjX.WTcXWVMGPkovYVTT"
    },
    {
      "_id": "ce5YMbSsD3GU2Eth",
      "c": [
        2200,
        1837,
        2112,
        1800
      ],
      "light": 20,
      "move": 20,
      "sight": 20,
      "sound": 20,
      "dir": 0,
      "door": 0,
      "ds": 0,
      "flags": {},
      "threshold": {
        "light": null,
        "sight": null,
        "sound": null,
        "attenuation": false
      },
      "_key": "!scenes.walls!bhLHO2MbIcJ4TXjX.ce5YMbSsD3GU2Eth"
    },
    {
      "_id": "f57xcnUkmebsNG6T",
      "c": [
        2112,
        1800,
        2050,
        1750
      ],
      "light": 20,
      "move": 20,
      "sight": 20,
      "sound": 20,
      "dir": 0,
      "door": 0,
      "ds": 0,
      "flags": {},
      "threshold": {
        "light": null,
        "sight": null,
        "sound": null,
        "attenuation": false
      },
      "_key": "!scenes.walls!bhLHO2MbIcJ4TXjX.f57xcnUkmebsNG6T"
    },
    {
      "_id": "ixDJMARU7Mq9dPmM",
      "c": [
        2050,
        1750,
        2087,
        1725
      ],
      "light": 20,
      "move": 20,
      "sight": 20,
      "sound": 20,
      "dir": 0,
      "door": 0,
      "ds": 0,
      "flags": {},
      "threshold": {
        "light": null,
        "sight": null,
        "sound": null,
        "attenuation": false
      },
      "_key": "!scenes.walls!bhLHO2MbIcJ4TXjX.ixDJMARU7Mq9dPmM"
    },
    {
      "_id": "gqq31YN3ohjVE9Cv",
      "c": [
        2087,
        1725,
        2125,
        1725
      ],
      "light": 20,
      "move": 20,
      "sight": 20,
      "sound": 20,
      "dir": 0,
      "door": 0,
      "ds": 0,
      "flags": {},
      "threshold": {
        "light": null,
        "sight": null,
        "sound": null,
        "attenuation": false
      },
      "_key": "!scenes.walls!bhLHO2MbIcJ4TXjX.gqq31YN3ohjVE9Cv"
    },
    {
      "_id": "1NMpKVub3DZs326U",
      "c": [
        2125,
        1725,
        2175,
        1762
      ],
      "light": 20,
      "move": 20,
      "sight": 20,
      "sound": 20,
      "dir": 0,
      "door": 0,
      "ds": 0,
      "flags": {},
      "threshold": {
        "light": null,
        "sight": null,
        "sound": null,
        "attenuation": false
      },
      "_key": "!scenes.walls!bhLHO2MbIcJ4TXjX.1NMpKVub3DZs326U"
    },
    {
      "_id": "NRoa7uP1l6KhO2Vg",
      "c": [
        2175,
        1762,
        2387,
        1725
      ],
      "light": 20,
      "move": 20,
      "sight": 20,
      "sound": 20,
      "dir": 0,
      "door": 0,
      "ds": 0,
      "flags": {},
      "threshold": {
        "light": null,
        "sight": null,
        "sound": null,
        "attenuation": false
      },
      "_key": "!scenes.walls!bhLHO2MbIcJ4TXjX.NRoa7uP1l6KhO2Vg"
    },
    {
      "_id": "X7Z7L4jSs3LqdNNf",
      "c": [
        2387,
        1725,
        2425,
        1662
      ],
      "light": 20,
      "move": 20,
      "sight": 20,
      "sound": 20,
      "dir": 0,
      "door": 0,
      "ds": 0,
      "flags": {},
      "threshold": {
        "light": null,
        "sight": null,
        "sound": null,
        "attenuation": false
      },
      "_key": "!scenes.walls!bhLHO2MbIcJ4TXjX.X7Z7L4jSs3LqdNNf"
    },
    {
      "_id": "jC1Z6lvjoVz8pbFM",
      "c": [
        2425,
        1662,
        2375,
        1550
      ],
      "light": 20,
      "move": 20,
      "sight": 20,
      "sound": 20,
      "dir": 0,
      "door": 0,
      "ds": 0,
      "flags": {},
      "threshold": {
        "light": null,
        "sight": null,
        "sound": null,
        "attenuation": false
      },
      "_key": "!scenes.walls!bhLHO2MbIcJ4TXjX.jC1Z6lvjoVz8pbFM"
    },
    {
      "_id": "KLmRGBTNnFmSphJ5",
      "c": [
        2375,
        1550,
        2212,
        1450
      ],
      "light": 20,
      "move": 20,
      "sight": 20,
      "sound": 20,
      "dir": 0,
      "door": 0,
      "ds": 0,
      "flags": {},
      "threshold": {
        "light": null,
        "sight": null,
        "sound": null,
        "attenuation": false
      },
      "_key": "!scenes.walls!bhLHO2MbIcJ4TXjX.KLmRGBTNnFmSphJ5"
    },
    {
      "_id": "9VOEDns3I7TrUaFL",
      "c": [
        2212,
        1450,
        2100,
        1475
      ],
      "light": 20,
      "move": 20,
      "sight": 20,
      "sound": 20,
      "dir": 0,
      "door": 0,
      "ds": 0,
      "flags": {},
      "threshold": {
        "light": null,
        "sight": null,
        "sound": null,
        "attenuation": false
      },
      "_key": "!scenes.walls!bhLHO2MbIcJ4TXjX.9VOEDns3I7TrUaFL"
    },
    {
      "_id": "gYGPbABSTHEt2dF0",
      "c": [
        2100,
        1475,
        2025,
        1450
      ],
      "light": 20,
      "move": 20,
      "sight": 20,
      "sound": 20,
      "dir": 0,
      "door": 0,
      "ds": 0,
      "flags": {},
      "threshold": {
        "light": null,
        "sight": null,
        "sound": null,
        "attenuation": false
      },
      "_key": "!scenes.walls!bhLHO2MbIcJ4TXjX.gYGPbABSTHEt2dF0"
    },
    {
      "_id": "801xskxECgvSto4G",
      "c": [
        2025,
        1450,
        2012,
        1412
      ],
      "light": 20,
      "move": 20,
      "sight": 20,
      "sound": 20,
      "dir": 0,
      "door": 0,
      "ds": 0,
      "flags": {},
      "threshold": {
        "light": null,
        "sight": null,
        "sound": null,
        "attenuation": false
      },
      "_key": "!scenes.walls!bhLHO2MbIcJ4TXjX.801xskxECgvSto4G"
    },
    {
      "_id": "z81y5qKAviflyQa4",
      "c": [
        2012,
        1412,
        2012,
        1325
      ],
      "light": 20,
      "move": 20,
      "sight": 20,
      "sound": 20,
      "dir": 0,
      "door": 0,
      "ds": 0,
      "flags": {},
      "threshold": {
        "light": null,
        "sight": null,
        "sound": null,
        "attenuation": false
      },
      "_key": "!scenes.walls!bhLHO2MbIcJ4TXjX.z81y5qKAviflyQa4"
    },
    {
      "_id": "5au7Wy8wwdQASD9I",
      "c": [
        2012,
        1325,
        2075,
        1262
      ],
      "light": 20,
      "move": 20,
      "sight": 20,
      "sound": 20,
      "dir": 0,
      "door": 0,
      "ds": 0,
      "flags": {},
      "threshold": {
        "light": null,
        "sight": null,
        "sound": null,
        "attenuation": false
      },
      "_key": "!scenes.walls!bhLHO2MbIcJ4TXjX.5au7Wy8wwdQASD9I"
    },
    {
      "_id": "tPwQmGLSPuyD01mI",
      "c": [
        2075,
        1262,
        2075,
        1137
      ],
      "light": 20,
      "move": 20,
      "sight": 20,
      "sound": 20,
      "dir": 0,
      "door": 0,
      "ds": 0,
      "flags": {},
      "threshold": {
        "light": null,
        "sight": null,
        "sound": null,
        "attenuation": false
      },
      "_key": "!scenes.walls!bhLHO2MbIcJ4TXjX.tPwQmGLSPuyD01mI"
    },
    {
      "_id": "Lm7B1xZpPt3NKUm1",
      "c": [
        2075,
        1137,
        2012,
        1075
      ],
      "light": 20,
      "move": 20,
      "sight": 20,
      "sound": 20,
      "dir": 0,
      "door": 0,
      "ds": 0,
      "flags": {},
      "threshold": {
        "light": null,
        "sight": null,
        "sound": null,
        "attenuation": false
      },
      "_key": "!scenes.walls!bhLHO2MbIcJ4TXjX.Lm7B1xZpPt3NKUm1"
    },
    {
      "_id": "kEr5rdDfHfiAiJLs",
      "c": [
        2012,
        1075,
        1962,
        1087
      ],
      "light": 20,
      "move": 20,
      "sight": 20,
      "sound": 20,
      "dir": 0,
      "door": 0,
      "ds": 0,
      "flags": {},
      "threshold": {
        "light": null,
        "sight": null,
        "sound": null,
        "attenuation": false
      },
      "_key": "!scenes.walls!bhLHO2MbIcJ4TXjX.kEr5rdDfHfiAiJLs"
    },
    {
      "_id": "3quXg7Z9PN1iDNhK",
      "c": [
        1962,
        1087,
        1937,
        1112
      ],
      "light": 20,
      "move": 20,
      "sight": 20,
      "sound": 20,
      "dir": 0,
      "door": 0,
      "ds": 0,
      "flags": {},
      "threshold": {
        "light": null,
        "sight": null,
        "sound": null,
        "attenuation": false
      },
      "_key": "!scenes.walls!bhLHO2MbIcJ4TXjX.3quXg7Z9PN1iDNhK"
    },
    {
      "_id": "Dmz0rn6W17Rc4FtU",
      "c": [
        1937,
        1112,
        1812,
        1012
      ],
      "light": 20,
      "move": 20,
      "sight": 20,
      "sound": 20,
      "dir": 0,
      "door": 0,
      "ds": 0,
      "flags": {},
      "threshold": {
        "light": null,
        "sight": null,
        "sound": null,
        "attenuation": false
      },
      "_key": "!scenes.walls!bhLHO2MbIcJ4TXjX.Dmz0rn6W17Rc4FtU"
    },
    {
      "_id": "qyfgBvmbl2y8mqs2",
      "c": [
        1812,
        1012,
        1737,
        1000
      ],
      "light": 20,
      "move": 20,
      "sight": 20,
      "sound": 20,
      "dir": 0,
      "door": 0,
      "ds": 0,
      "flags": {},
      "threshold": {
        "light": null,
        "sight": null,
        "sound": null,
        "attenuation": false
      },
      "_key": "!scenes.walls!bhLHO2MbIcJ4TXjX.qyfgBvmbl2y8mqs2"
    },
    {
      "_id": "4jAdRvwM95Fi3qpK",
      "c": [
        1737,
        1000,
        1637,
        912
      ],
      "light": 20,
      "move": 20,
      "sight": 20,
      "sound": 20,
      "dir": 0,
      "door": 0,
      "ds": 0,
      "flags": {},
      "threshold": {
        "light": null,
        "sight": null,
        "sound": null,
        "attenuation": false
      },
      "_key": "!scenes.walls!bhLHO2MbIcJ4TXjX.4jAdRvwM95Fi3qpK"
    },
    {
      "_id": "cnMUjOrrQME8Xh4W",
      "c": [
        1637,
        912,
        1662,
        875
      ],
      "light": 20,
      "move": 20,
      "sight": 20,
      "sound": 20,
      "dir": 0,
      "door": 0,
      "ds": 0,
      "flags": {},
      "threshold": {
        "light": null,
        "sight": null,
        "sound": null,
        "attenuation": false
      },
      "_key": "!scenes.walls!bhLHO2MbIcJ4TXjX.cnMUjOrrQME8Xh4W"
    },
    {
      "_id": "uzcZe8j5fmXY2n5Z",
      "c": [
        1662,
        875,
        1662,
        825
      ],
      "light": 20,
      "move": 20,
      "sight": 20,
      "sound": 20,
      "dir": 0,
      "door": 0,
      "ds": 0,
      "flags": {},
      "threshold": {
        "light": null,
        "sight": null,
        "sound": null,
        "attenuation": false
      },
      "_key": "!scenes.walls!bhLHO2MbIcJ4TXjX.uzcZe8j5fmXY2n5Z"
    },
    {
      "_id": "88ePllLQQd5rZbKT",
      "c": [
        1662,
        825,
        1700,
        712
      ],
      "light": 20,
      "move": 20,
      "sight": 20,
      "sound": 20,
      "dir": 0,
      "door": 0,
      "ds": 0,
      "flags": {},
      "threshold": {
        "light": null,
        "sight": null,
        "sound": null,
        "attenuation": false
      },
      "_key": "!scenes.walls!bhLHO2MbIcJ4TXjX.88ePllLQQd5rZbKT"
    },
    {
      "_id": "Pr7vIpVnWASfqodi",
      "c": [
        1700,
        712,
        1625,
        600
      ],
      "light": 20,
      "move": 20,
      "sight": 20,
      "sound": 20,
      "dir": 0,
      "door": 0,
      "ds": 0,
      "flags": {},
      "threshold": {
        "light": null,
        "sight": null,
        "sound": null,
        "attenuation": false
      },
      "_key": "!scenes.walls!bhLHO2MbIcJ4TXjX.Pr7vIpVnWASfqodi"
    },
    {
      "_id": "rmmj8pcMkt1bBYxt",
      "c": [
        1625,
        600,
        1662,
        500
      ],
      "light": 20,
      "move": 20,
      "sight": 20,
      "sound": 20,
      "dir": 0,
      "door": 0,
      "ds": 0,
      "flags": {},
      "threshold": {
        "light": null,
        "sight": null,
        "sound": null,
        "attenuation": false
      },
      "_key": "!scenes.walls!bhLHO2MbIcJ4TXjX.rmmj8pcMkt1bBYxt"
    },
    {
      "_id": "riROJTTaEd4aTSqr",
      "c": [
        1362,
        500,
        1325,
        637
      ],
      "light": 20,
      "move": 20,
      "sight": 20,
      "sound": 20,
      "dir": 0,
      "door": 0,
      "ds": 0,
      "flags": {},
      "threshold": {
        "light": null,
        "sight": null,
        "sound": null,
        "attenuation": false
      },
      "_key": "!scenes.walls!bhLHO2MbIcJ4TXjX.riROJTTaEd4aTSqr"
    },
    {
      "_id": "zbrcqDAYkoEaBgFm",
      "c": [
        1325,
        637,
        1362,
        675
      ],
      "light": 20,
      "move": 20,
      "sight": 20,
      "sound": 20,
      "dir": 0,
      "door": 0,
      "ds": 0,
      "flags": {},
      "threshold": {
        "light": null,
        "sight": null,
        "sound": null,
        "attenuation": false
      },
      "_key": "!scenes.walls!bhLHO2MbIcJ4TXjX.zbrcqDAYkoEaBgFm"
    },
    {
      "_id": "iiZZ90EGQHBuq6u6",
      "c": [
        1362,
        675,
        1362,
        737
      ],
      "light": 20,
      "move": 20,
      "sight": 20,
      "sound": 20,
      "dir": 0,
      "door": 0,
      "ds": 0,
      "flags": {},
      "threshold": {
        "light": null,
        "sight": null,
        "sound": null,
        "attenuation": false
      },
      "_key": "!scenes.walls!bhLHO2MbIcJ4TXjX.iiZZ90EGQHBuq6u6"
    },
    {
      "_id": "buh6uskf1bmMmjuw",
      "c": [
        1362,
        737,
        1375,
        775
      ],
      "light": 20,
      "move": 20,
      "sight": 20,
      "sound": 20,
      "dir": 0,
      "door": 0,
      "ds": 0,
      "flags": {},
      "threshold": {
        "light": null,
        "sight": null,
        "sound": null,
        "attenuation": false
      },
      "_key": "!scenes.walls!bhLHO2MbIcJ4TXjX.buh6uskf1bmMmjuw"
    },
    {
      "_id": "OdFkiLPavMVkkLEk",
      "c": [
        1375,
        775,
        1350,
        812
      ],
      "light": 20,
      "move": 20,
      "sight": 20,
      "sound": 20,
      "dir": 0,
      "door": 0,
      "ds": 0,
      "flags": {},
      "threshold": {
        "light": null,
        "sight": null,
        "sound": null,
        "attenuation": false
      },
      "_key": "!scenes.walls!bhLHO2MbIcJ4TXjX.OdFkiLPavMVkkLEk"
    },
    {
      "_id": "crlqADM77fnDXyCB",
      "c": [
        1350,
        812,
        1287,
        787
      ],
      "light": 20,
      "move": 20,
      "sight": 20,
      "sound": 20,
      "dir": 0,
      "door": 0,
      "ds": 0,
      "flags": {},
      "threshold": {
        "light": null,
        "sight": null,
        "sound": null,
        "attenuation": false
      },
      "_key": "!scenes.walls!bhLHO2MbIcJ4TXjX.crlqADM77fnDXyCB"
    },
    {
      "_id": "0MGirrOAHGmIcIKb",
      "c": [
        1287,
        787,
        1237,
        862
      ],
      "light": 20,
      "move": 20,
      "sight": 20,
      "sound": 20,
      "dir": 0,
      "door": 0,
      "ds": 0,
      "flags": {},
      "threshold": {
        "light": null,
        "sight": null,
        "sound": null,
        "attenuation": false
      },
      "_key": "!scenes.walls!bhLHO2MbIcJ4TXjX.0MGirrOAHGmIcIKb"
    },
    {
      "_id": "l0L2PQ4xRierCJvQ",
      "c": [
        1237,
        862,
        1237,
        912
      ],
      "light": 20,
      "move": 20,
      "sight": 20,
      "sound": 20,
      "dir": 0,
      "door": 0,
      "ds": 0,
      "flags": {},
      "threshold": {
        "light": null,
        "sight": null,
        "sound": null,
        "attenuation": false
      },
      "_key": "!scenes.walls!bhLHO2MbIcJ4TXjX.l0L2PQ4xRierCJvQ"
    },
    {
      "_id": "3a1KoEP5ZbpxFbzT",
      "c": [
        1237,
        912,
        1212,
        912
      ],
      "light": 20,
      "move": 20,
      "sight": 20,
      "sound": 20,
      "dir": 0,
      "door": 0,
      "ds": 0,
      "flags": {},
      "threshold": {
        "light": null,
        "sight": null,
        "sound": null,
        "attenuation": false
      },
      "_key": "!scenes.walls!bhLHO2MbIcJ4TXjX.3a1KoEP5ZbpxFbzT"
    },
    {
      "_id": "mc2KZkBp5SCidwya",
      "c": [
        1212,
        912,
        1175,
        875
      ],
      "light": 20,
      "move": 20,
      "sight": 20,
      "sound": 20,
      "dir": 0,
      "door": 0,
      "ds": 0,
      "flags": {},
      "threshold": {
        "light": null,
        "sight": null,
        "sound": null,
        "attenuation": false
      },
      "_key": "!scenes.walls!bhLHO2MbIcJ4TXjX.mc2KZkBp5SCidwya"
    },
    {
      "_id": "aiPH9XeGLMFNaE58",
      "c": [
        1175,
        875,
        1112,
        862
      ],
      "light": 20,
      "move": 20,
      "sight": 20,
      "sound": 20,
      "dir": 0,
      "door": 0,
      "ds": 0,
      "flags": {},
      "threshold": {
        "light": null,
        "sight": null,
        "sound": null,
        "attenuation": false
      },
      "_key": "!scenes.walls!bhLHO2MbIcJ4TXjX.aiPH9XeGLMFNaE58"
    },
    {
      "_id": "eHl3qAgiVOeegAXz",
      "c": [
        1112,
        862,
        1075,
        812
      ],
      "light": 20,
      "move": 20,
      "sight": 20,
      "sound": 20,
      "dir": 0,
      "door": 0,
      "ds": 0,
      "flags": {},
      "threshold": {
        "light": null,
        "sight": null,
        "sound": null,
        "attenuation": false
      },
      "_key": "!scenes.walls!bhLHO2MbIcJ4TXjX.eHl3qAgiVOeegAXz"
    },
    {
      "_id": "Fz5wLC5Esr800HE1",
      "c": [
        1075,
        812,
        1075,
        750
      ],
      "light": 20,
      "move": 20,
      "sight": 20,
      "sound": 20,
      "dir": 0,
      "door": 0,
      "ds": 0,
      "flags": {},
      "threshold": {
        "light": null,
        "sight": null,
        "sound": null,
        "attenuation": false
      },
      "_key": "!scenes.walls!bhLHO2MbIcJ4TXjX.Fz5wLC5Esr800HE1"
    },
    {
      "_id": "HbnHXQOwvlW9TeK2",
      "c": [
        1075,
        750,
        1000,
        675
      ],
      "light": 20,
      "move": 20,
      "sight": 20,
      "sound": 20,
      "dir": 0,
      "door": 0,
      "ds": 0,
      "flags": {},
      "threshold": {
        "light": null,
        "sight": null,
        "sound": null,
        "attenuation": false
      },
      "_key": "!scenes.walls!bhLHO2MbIcJ4TXjX.HbnHXQOwvlW9TeK2"
    },
    {
      "_id": "2XzRW2s2ZVwN4qZS",
      "c": [
        1000,
        675,
        912,
        625
      ],
      "light": 20,
      "move": 20,
      "sight": 20,
      "sound": 20,
      "dir": 0,
      "door": 0,
      "ds": 0,
      "flags": {},
      "threshold": {
        "light": null,
        "sight": null,
        "sound": null,
        "attenuation": false
      },
      "_key": "!scenes.walls!bhLHO2MbIcJ4TXjX.2XzRW2s2ZVwN4qZS"
    },
    {
      "_id": "lloiGVp7Fg1ww3FO",
      "c": [
        912,
        625,
        825,
        587
      ],
      "light": 20,
      "move": 20,
      "sight": 20,
      "sound": 20,
      "dir": 0,
      "door": 0,
      "ds": 0,
      "flags": {},
      "threshold": {
        "light": null,
        "sight": null,
        "sound": null,
        "attenuation": false
      },
      "_key": "!scenes.walls!bhLHO2MbIcJ4TXjX.lloiGVp7Fg1ww3FO"
    },
    {
      "_id": "WsBkAIeyq9GY3iem",
      "c": [
        825,
        587,
        750,
        612
      ],
      "light": 20,
      "move": 20,
      "sight": 20,
      "sound": 20,
      "dir": 0,
      "door": 0,
      "ds": 0,
      "flags": {},
      "threshold": {
        "light": null,
        "sight": null,
        "sound": null,
        "attenuation": false
      },
      "_key": "!scenes.walls!bhLHO2MbIcJ4TXjX.WsBkAIeyq9GY3iem"
    },
    {
      "_id": "jHWxAFFU81phsrab",
      "c": [
        750,
        612,
        712,
        687
      ],
      "light": 20,
      "move": 20,
      "sight": 20,
      "sound": 20,
      "dir": 0,
      "door": 0,
      "ds": 0,
      "flags": {},
      "threshold": {
        "light": null,
        "sight": null,
        "sound": null,
        "attenuation": false
      },
      "_key": "!scenes.walls!bhLHO2MbIcJ4TXjX.jHWxAFFU81phsrab"
    },
    {
      "_id": "yAm3MkOaa2GWETP0",
      "c": [
        712,
        687,
        725,
        812
      ],
      "light": 20,
      "move": 20,
      "sight": 20,
      "sound": 20,
      "dir": 0,
      "door": 0,
      "ds": 0,
      "flags": {},
      "threshold": {
        "light": null,
        "sight": null,
        "sound": null,
        "attenuation": false
      },
      "_key": "!scenes.walls!bhLHO2MbIcJ4TXjX.yAm3MkOaa2GWETP0"
    },
    {
      "_id": "PfwuGbQ2X2keaHJV",
      "c": [
        725,
        812,
        762,
        850
      ],
      "light": 20,
      "move": 20,
      "sight": 20,
      "sound": 20,
      "dir": 0,
      "door": 0,
      "ds": 0,
      "flags": {},
      "threshold": {
        "light": null,
        "sight": null,
        "sound": null,
        "attenuation": false
      },
      "_key": "!scenes.walls!bhLHO2MbIcJ4TXjX.PfwuGbQ2X2keaHJV"
    },
    {
      "_id": "cTOnR5SZUXtjDClW",
      "c": [
        762,
        850,
        787,
        925
      ],
      "light": 20,
      "move": 20,
      "sight": 20,
      "sound": 20,
      "dir": 0,
      "door": 0,
      "ds": 0,
      "flags": {},
      "threshold": {
        "light": null,
        "sight": null,
        "sound": null,
        "attenuation": false
      },
      "_key": "!scenes.walls!bhLHO2MbIcJ4TXjX.cTOnR5SZUXtjDClW"
    },
    {
      "_id": "9xBLmEUirj9g0KyQ",
      "c": [
        787,
        925,
        825,
        937
      ],
      "light": 20,
      "move": 20,
      "sight": 20,
      "sound": 20,
      "dir": 0,
      "door": 0,
      "ds": 0,
      "flags": {},
      "threshold": {
        "light": null,
        "sight": null,
        "sound": null,
        "attenuation": false
      },
      "_key": "!scenes.walls!bhLHO2MbIcJ4TXjX.9xBLmEUirj9g0KyQ"
    },
    {
      "_id": "iliaLXhU54tDmRTo",
      "c": [
        825,
        937,
        825,
        1012
      ],
      "light": 20,
      "move": 20,
      "sight": 20,
      "sound": 20,
      "dir": 0,
      "door": 0,
      "ds": 0,
      "flags": {},
      "threshold": {
        "light": null,
        "sight": null,
        "sound": null,
        "attenuation": false
      },
      "_key": "!scenes.walls!bhLHO2MbIcJ4TXjX.iliaLXhU54tDmRTo"
    },
    {
      "_id": "f2iT5sjo5Cr8nzjc",
      "c": [
        825,
        1012,
        862,
        1050
      ],
      "light": 20,
      "move": 20,
      "sight": 20,
      "sound": 20,
      "dir": 0,
      "door": 0,
      "ds": 0,
      "flags": {},
      "threshold": {
        "light": null,
        "sight": null,
        "sound": null,
        "attenuation": false
      },
      "_key": "!scenes.walls!bhLHO2MbIcJ4TXjX.f2iT5sjo5Cr8nzjc"
    },
    {
      "_id": "w7X8Va51LedwFIpD",
      "c": [
        862,
        1050,
        837,
        1100
      ],
      "light": 20,
      "move": 20,
      "sight": 20,
      "sound": 20,
      "dir": 0,
      "door": 0,
      "ds": 0,
      "flags": {},
      "threshold": {
        "light": null,
        "sight": null,
        "sound": null,
        "attenuation": false
      },
      "_key": "!scenes.walls!bhLHO2MbIcJ4TXjX.w7X8Va51LedwFIpD"
    },
    {
      "_id": "OEhvY2tThyzGmAzd",
      "c": [
        837,
        1100,
        825,
        1162
      ],
      "light": 20,
      "move": 20,
      "sight": 20,
      "sound": 20,
      "dir": 0,
      "door": 0,
      "ds": 0,
      "flags": {},
      "threshold": {
        "light": null,
        "sight": null,
        "sound": null,
        "attenuation": false
      },
      "_key": "!scenes.walls!bhLHO2MbIcJ4TXjX.OEhvY2tThyzGmAzd"
    },
    {
      "_id": "kEFUB9DvFxrwUyaP",
      "c": [
        825,
        1162,
        750,
        1212
      ],
      "light": 20,
      "move": 20,
      "sight": 20,
      "sound": 20,
      "dir": 0,
      "door": 0,
      "ds": 0,
      "flags": {},
      "threshold": {
        "light": null,
        "sight": null,
        "sound": null,
        "attenuation": false
      },
      "_key": "!scenes.walls!bhLHO2MbIcJ4TXjX.kEFUB9DvFxrwUyaP"
    },
    {
      "_id": "5osUbGAwP7u49zQD",
      "c": [
        750,
        1212,
        687,
        1225
      ],
      "light": 20,
      "move": 20,
      "sight": 20,
      "sound": 20,
      "dir": 0,
      "door": 0,
      "ds": 0,
      "flags": {},
      "threshold": {
        "light": null,
        "sight": null,
        "sound": null,
        "attenuation": false
      },
      "_key": "!scenes.walls!bhLHO2MbIcJ4TXjX.5osUbGAwP7u49zQD"
    },
    {
      "_id": "rL7bjkG6d04WhJHm",
      "c": [
        687,
        1225,
        637,
        1262
      ],
      "light": 20,
      "move": 20,
      "sight": 20,
      "sound": 20,
      "dir": 0,
      "door": 0,
      "ds": 0,
      "flags": {},
      "threshold": {
        "light": null,
        "sight": null,
        "sound": null,
        "attenuation": false
      },
      "_key": "!scenes.walls!bhLHO2MbIcJ4TXjX.rL7bjkG6d04WhJHm"
    },
    {
      "_id": "DvHLls6IocR49QhC",
      "c": [
        637,
        1262,
        625,
        1312
      ],
      "light": 20,
      "move": 20,
      "sight": 20,
      "sound": 20,
      "dir": 0,
      "door": 0,
      "ds": 0,
      "flags": {},
      "threshold": {
        "light": null,
        "sight": null,
        "sound": null,
        "attenuation": false
      },
      "_key": "!scenes.walls!bhLHO2MbIcJ4TXjX.DvHLls6IocR49QhC"
    },
    {
      "_id": "GpMjuoe23ioMnLq3",
      "c": [
        625,
        1312,
        637,
        1487
      ],
      "light": 20,
      "move": 20,
      "sight": 20,
      "sound": 20,
      "dir": 0,
      "door": 0,
      "ds": 0,
      "flags": {},
      "threshold": {
        "light": null,
        "sight": null,
        "sound": null,
        "attenuation": false
      },
      "_key": "!scenes.walls!bhLHO2MbIcJ4TXjX.GpMjuoe23ioMnLq3"
    },
    {
      "_id": "cqww1jxxUo6O0JSV",
      "c": [
        637,
        1487,
        587,
        1500
      ],
      "light": 20,
      "move": 20,
      "sight": 20,
      "sound": 20,
      "dir": 0,
      "door": 0,
      "ds": 0,
      "flags": {},
      "threshold": {
        "light": null,
        "sight": null,
        "sound": null,
        "attenuation": false
      },
      "_key": "!scenes.walls!bhLHO2MbIcJ4TXjX.cqww1jxxUo6O0JSV"
    },
    {
      "_id": "0qCNjCVlcGe53ZG8",
      "c": [
        587,
        1500,
        537,
        1537
      ],
      "light": 20,
      "move": 20,
      "sight": 20,
      "sound": 20,
      "dir": 0,
      "door": 0,
      "ds": 0,
      "flags": {},
      "threshold": {
        "light": null,
        "sight": null,
        "sound": null,
        "attenuation": false
      },
      "_key": "!scenes.walls!bhLHO2MbIcJ4TXjX.0qCNjCVlcGe53ZG8"
    },
    {
      "_id": "jWULMywMlt1bqUBd",
      "c": [
        537,
        1537,
        500,
        1537
      ],
      "light": 20,
      "move": 20,
      "sight": 20,
      "sound": 20,
      "dir": 0,
      "door": 0,
      "ds": 0,
      "flags": {},
      "threshold": {
        "light": null,
        "sight": null,
        "sound": null,
        "attenuation": false
      },
      "_key": "!scenes.walls!bhLHO2MbIcJ4TXjX.jWULMywMlt1bqUBd"
    },
    {
      "_id": "XpuJ4jagZaL5V1ap",
      "c": [
        975,
        1200,
        900,
        1262
      ],
      "light": 0,
      "move": 20,
      "sight": 10,
      "sound": 10,
      "dir": 0,
      "door": 0,
      "ds": 0,
      "flags": {
        "tagger": {
          "tags": [
            "wall"
          ]
        },
        "monks-active-tiles": {
          "entity": {},
          "open": false,
          "close": false,
          "lock": false,
          "checklock": false,
          "secret": false
        }
      },
      "threshold": {
        "light": null,
        "sight": null,
        "sound": null,
        "attenuation": false
      },
      "_key": "!scenes.walls!bhLHO2MbIcJ4TXjX.XpuJ4jagZaL5V1ap"
    },
    {
      "_id": "WX1x25y5aRrIwQca",
      "c": [
        900,
        1262,
        900,
        1325
      ],
      "light": 0,
      "move": 20,
      "sight": 10,
      "sound": 10,
      "dir": 0,
      "door": 0,
      "ds": 0,
      "flags": {
        "tagger": {
          "tags": [
            "wall"
          ]
        },
        "monks-active-tiles": {
          "entity": {},
          "open": false,
          "close": false,
          "lock": false,
          "checklock": false,
          "secret": false
        }
      },
      "threshold": {
        "light": null,
        "sight": null,
        "sound": null,
        "attenuation": false
      },
      "_key": "!scenes.walls!bhLHO2MbIcJ4TXjX.WX1x25y5aRrIwQca"
    },
    {
      "_id": "10u71kQz7kDArAYE",
      "c": [
        900,
        1325,
        950,
        1362
      ],
      "light": 0,
      "move": 20,
      "sight": 10,
      "sound": 10,
      "dir": 0,
      "door": 0,
      "ds": 0,
      "flags": {
        "tagger": {
          "tags": [
            "wall"
          ]
        },
        "monks-active-tiles": {
          "entity": {},
          "open": false,
          "close": false,
          "lock": false,
          "checklock": false,
          "secret": false
        }
      },
      "threshold": {
        "light": null,
        "sight": null,
        "sound": null,
        "attenuation": false
      },
      "_key": "!scenes.walls!bhLHO2MbIcJ4TXjX.10u71kQz7kDArAYE"
    },
    {
      "_id": "gwq9QvDZIdqTOEeN",
      "c": [
        950,
        1362,
        987,
        1325
      ],
      "light": 0,
      "move": 20,
      "sight": 10,
      "sound": 10,
      "dir": 0,
      "door": 0,
      "ds": 0,
      "flags": {
        "tagger": {
          "tags": [
            "wall"
          ]
        },
        "monks-active-tiles": {
          "entity": {},
          "open": false,
          "close": false,
          "lock": false,
          "checklock": false,
          "secret": false
        }
      },
      "threshold": {
        "light": null,
        "sight": null,
        "sound": null,
        "attenuation": false
      },
      "_key": "!scenes.walls!bhLHO2MbIcJ4TXjX.gwq9QvDZIdqTOEeN"
    },
    {
      "_id": "2HINKomHe6QdzG0S",
      "c": [
        987,
        1325,
        1025,
        1275
      ],
      "light": 0,
      "move": 20,
      "sight": 10,
      "sound": 10,
      "dir": 0,
      "door": 0,
      "ds": 0,
      "flags": {
        "tagger": {
          "tags": [
            "wall"
          ]
        },
        "monks-active-tiles": {
          "entity": {},
          "open": false,
          "close": false,
          "lock": false,
          "checklock": false,
          "secret": false
        }
      },
      "threshold": {
        "light": null,
        "sight": null,
        "sound": null,
        "attenuation": false
      },
      "_key": "!scenes.walls!bhLHO2MbIcJ4TXjX.2HINKomHe6QdzG0S"
    },
    {
      "_id": "D6A0MOIQfFpdQYzm",
      "c": [
        1025,
        1275,
        975,
        1200
      ],
      "light": 0,
      "move": 20,
      "sight": 10,
      "sound": 10,
      "dir": 0,
      "door": 0,
      "ds": 0,
      "flags": {
        "tagger": {
          "tags": [
            "wall"
          ]
        },
        "monks-active-tiles": {
          "entity": {},
          "open": false,
          "close": false,
          "lock": false,
          "checklock": false,
          "secret": false
        }
      },
      "threshold": {
        "light": null,
        "sight": null,
        "sound": null,
        "attenuation": false
      },
      "_key": "!scenes.walls!bhLHO2MbIcJ4TXjX.D6A0MOIQfFpdQYzm"
    },
    {
      "_id": "D2W6P4C9E3BsmdrI",
      "c": [
        1200,
        1125,
        1175,
        1212
      ],
      "light": 0,
      "move": 20,
      "sight": 10,
      "sound": 10,
      "dir": 0,
      "door": 0,
      "ds": 0,
      "flags": {
        "tagger": {
          "tags": [
            "wall"
          ]
        },
        "monks-active-tiles": {
          "entity": {},
          "open": false,
          "close": false,
          "lock": false,
          "checklock": false,
          "secret": false
        }
      },
      "threshold": {
        "light": null,
        "sight": null,
        "sound": null,
        "attenuation": false
      },
      "_key": "!scenes.walls!bhLHO2MbIcJ4TXjX.D2W6P4C9E3BsmdrI"
    },
    {
      "_id": "sP6Di1XLfQyKRInK",
      "c": [
        1175,
        1212,
        1137,
        1212
      ],
      "light": 0,
      "move": 20,
      "sight": 10,
      "sound": 10,
      "dir": 0,
      "door": 0,
      "ds": 0,
      "flags": {
        "tagger": {
          "tags": [
            "wall"
          ]
        },
        "monks-active-tiles": {
          "entity": {},
          "open": false,
          "close": false,
          "lock": false,
          "checklock": false,
          "secret": false
        }
      },
      "threshold": {
        "light": null,
        "sight": null,
        "sound": null,
        "attenuation": false
      },
      "_key": "!scenes.walls!bhLHO2MbIcJ4TXjX.sP6Di1XLfQyKRInK"
    },
    {
      "_id": "QqWtF24rMGpITiWZ",
      "c": [
        1137,
        1212,
        1087,
        1175
      ],
      "light": 0,
      "move": 20,
      "sight": 10,
      "sound": 10,
      "dir": 0,
      "door": 0,
      "ds": 0,
      "flags": {
        "tagger": {
          "tags": [
            "wall"
          ]
        },
        "monks-active-tiles": {
          "entity": {},
          "open": false,
          "close": false,
          "lock": false,
          "checklock": false,
          "secret": false
        }
      },
      "threshold": {
        "light": null,
        "sight": null,
        "sound": null,
        "attenuation": false
      },
      "_key": "!scenes.walls!bhLHO2MbIcJ4TXjX.QqWtF24rMGpITiWZ"
    },
    {
      "_id": "xwSWtA7XV3o8ukeR",
      "c": [
        1087,
        1175,
        1112,
        1112
      ],
      "light": 0,
      "move": 20,
      "sight": 10,
      "sound": 10,
      "dir": 0,
      "door": 0,
      "ds": 0,
      "flags": {
        "tagger": {
          "tags": [
            "wall"
          ]
        },
        "monks-active-tiles": {
          "entity": {},
          "open": false,
          "close": false,
          "lock": false,
          "checklock": false,
          "secret": false
        }
      },
      "threshold": {
        "light": null,
        "sight": null,
        "sound": null,
        "attenuation": false
      },
      "_key": "!scenes.walls!bhLHO2MbIcJ4TXjX.xwSWtA7XV3o8ukeR"
    },
    {
      "_id": "9yNG7r4cenI2v4zc",
      "c": [
        1112,
        1112,
        1175,
        1112
      ],
      "light": 0,
      "move": 20,
      "sight": 10,
      "sound": 10,
      "dir": 0,
      "door": 0,
      "ds": 0,
      "flags": {
        "tagger": {
          "tags": [
            "wall"
          ]
        },
        "monks-active-tiles": {
          "entity": {},
          "open": false,
          "close": false,
          "lock": false,
          "checklock": false,
          "secret": false
        }
      },
      "threshold": {
        "light": null,
        "sight": null,
        "sound": null,
        "attenuation": false
      },
      "_key": "!scenes.walls!bhLHO2MbIcJ4TXjX.9yNG7r4cenI2v4zc"
    },
    {
      "_id": "Eq1Hw3cvQxeNVIoy",
      "c": [
        1175,
        1112,
        1200,
        1125
      ],
      "light": 0,
      "move": 20,
      "sight": 10,
      "sound": 10,
      "dir": 0,
      "door": 0,
      "ds": 0,
      "flags": {
        "tagger": {
          "tags": [
            "wall"
          ]
        },
        "monks-active-tiles": {
          "entity": {},
          "open": false,
          "close": false,
          "lock": false,
          "checklock": false,
          "secret": false
        }
      },
      "threshold": {
        "light": null,
        "sight": null,
        "sound": null,
        "attenuation": false
      },
      "_key": "!scenes.walls!bhLHO2MbIcJ4TXjX.Eq1Hw3cvQxeNVIoy"
    },
    {
      "_id": "tbu2zekLIDGCO5as",
      "c": [
        1675,
        1475,
        1587,
        1525
      ],
      "light": 0,
      "move": 20,
      "sight": 10,
      "sound": 10,
      "dir": 0,
      "door": 0,
      "ds": 0,
      "flags": {
        "tagger": {
          "tags": [
            "wall"
          ]
        },
        "monks-active-tiles": {
          "entity": {},
          "open": false,
          "close": false,
          "lock": false,
          "checklock": false,
          "secret": false
        }
      },
      "threshold": {
        "light": null,
        "sight": null,
        "sound": null,
        "attenuation": false
      },
      "_key": "!scenes.walls!bhLHO2MbIcJ4TXjX.tbu2zekLIDGCO5as"
    },
    {
      "_id": "OgeMhQckHAdCjWtU",
      "c": [
        1587,
        1525,
        1575,
        1587
      ],
      "light": 0,
      "move": 20,
      "sight": 10,
      "sound": 10,
      "dir": 0,
      "door": 0,
      "ds": 0,
      "flags": {
        "tagger": {
          "tags": [
            "wall"
          ]
        },
        "monks-active-tiles": {
          "entity": {},
          "open": false,
          "close": false,
          "lock": false,
          "checklock": false,
          "secret": false
        }
      },
      "threshold": {
        "light": null,
        "sight": null,
        "sound": null,
        "attenuation": false
      },
      "_key": "!scenes.walls!bhLHO2MbIcJ4TXjX.OgeMhQckHAdCjWtU"
    },
    {
      "_id": "BZFXhmkNVJOz8Szn",
      "c": [
        1575,
        1587,
        1637,
        1625
      ],
      "light": 0,
      "move": 20,
      "sight": 10,
      "sound": 10,
      "dir": 0,
      "door": 0,
      "ds": 0,
      "flags": {
        "tagger": {
          "tags": [
            "wall"
          ]
        },
        "monks-active-tiles": {
          "entity": {},
          "open": false,
          "close": false,
          "lock": false,
          "checklock": false,
          "secret": false
        }
      },
      "threshold": {
        "light": null,
        "sight": null,
        "sound": null,
        "attenuation": false
      },
      "_key": "!scenes.walls!bhLHO2MbIcJ4TXjX.BZFXhmkNVJOz8Szn"
    },
    {
      "_id": "i9U46kvY5exKW0jM",
      "c": [
        1637,
        1625,
        1700,
        1612
      ],
      "light": 0,
      "move": 20,
      "sight": 10,
      "sound": 10,
      "dir": 0,
      "door": 0,
      "ds": 0,
      "flags": {
        "tagger": {
          "tags": [
            "wall"
          ]
        },
        "monks-active-tiles": {
          "entity": {},
          "open": false,
          "close": false,
          "lock": false,
          "checklock": false,
          "secret": false
        }
      },
      "threshold": {
        "light": null,
        "sight": null,
        "sound": null,
        "attenuation": false
      },
      "_key": "!scenes.walls!bhLHO2MbIcJ4TXjX.i9U46kvY5exKW0jM"
    },
    {
      "_id": "MNiIGYWWrPUaFhXP",
      "c": [
        1700,
        1612,
        1725,
        1537
      ],
      "light": 0,
      "move": 20,
      "sight": 10,
      "sound": 10,
      "dir": 0,
      "door": 0,
      "ds": 0,
      "flags": {
        "tagger": {
          "tags": [
            "wall"
          ]
        },
        "monks-active-tiles": {
          "entity": {},
          "open": false,
          "close": false,
          "lock": false,
          "checklock": false,
          "secret": false
        }
      },
      "threshold": {
        "light": null,
        "sight": null,
        "sound": null,
        "attenuation": false
      },
      "_key": "!scenes.walls!bhLHO2MbIcJ4TXjX.MNiIGYWWrPUaFhXP"
    },
    {
      "_id": "ogSfvFLIu60FrBk4",
      "c": [
        1725,
        1537,
        1675,
        1475
      ],
      "light": 0,
      "move": 20,
      "sight": 10,
      "sound": 10,
      "dir": 0,
      "door": 0,
      "ds": 0,
      "flags": {
        "tagger": {
          "tags": [
            "wall"
          ]
        },
        "monks-active-tiles": {
          "entity": {},
          "open": false,
          "close": false,
          "lock": false,
          "checklock": false,
          "secret": false
        }
      },
      "threshold": {
        "light": null,
        "sight": null,
        "sound": null,
        "attenuation": false
      },
      "_key": "!scenes.walls!bhLHO2MbIcJ4TXjX.ogSfvFLIu60FrBk4"
    },
    {
      "_id": "cvtXl3vWonXRopt5",
      "c": [
        1587,
        1175,
        1525,
        1175
      ],
      "light": 0,
      "move": 20,
      "sight": 10,
      "sound": 10,
      "dir": 0,
      "door": 0,
      "ds": 0,
      "flags": {
        "tagger": {
          "tags": [
            "wall"
          ]
        },
        "monks-active-tiles": {
          "entity": {},
          "open": false,
          "close": false,
          "lock": false,
          "checklock": false,
          "secret": false
        }
      },
      "threshold": {
        "light": null,
        "sight": null,
        "sound": null,
        "attenuation": false
      },
      "_key": "!scenes.walls!bhLHO2MbIcJ4TXjX.cvtXl3vWonXRopt5"
    },
    {
      "_id": "tny7NC22csrEr7FR",
      "c": [
        1525,
        1175,
        1487,
        1225
      ],
      "light": 0,
      "move": 20,
      "sight": 10,
      "sound": 10,
      "dir": 0,
      "door": 0,
      "ds": 0,
      "flags": {
        "tagger": {
          "tags": [
            "wall"
          ]
        },
        "monks-active-tiles": {
          "entity": {},
          "open": false,
          "close": false,
          "lock": false,
          "checklock": false,
          "secret": false
        }
      },
      "threshold": {
        "light": null,
        "sight": null,
        "sound": null,
        "attenuation": false
      },
      "_key": "!scenes.walls!bhLHO2MbIcJ4TXjX.tny7NC22csrEr7FR"
    },
    {
      "_id": "NDvLBrbIyXwvXSDx",
      "c": [
        1487,
        1225,
        1537,
        1300
      ],
      "light": 0,
      "move": 20,
      "sight": 10,
      "sound": 10,
      "dir": 0,
      "door": 0,
      "ds": 0,
      "flags": {
        "tagger": {
          "tags": [
            "wall"
          ]
        },
        "monks-active-tiles": {
          "entity": {},
          "open": false,
          "close": false,
          "lock": false,
          "checklock": false,
          "secret": false
        }
      },
      "threshold": {
        "light": null,
        "sight": null,
        "sound": null,
        "attenuation": false
      },
      "_key": "!scenes.walls!bhLHO2MbIcJ4TXjX.NDvLBrbIyXwvXSDx"
    },
    {
      "_id": "NvyZnmNm74IlBr7z",
      "c": [
        1537,
        1300,
        1612,
        1275
      ],
      "light": 0,
      "move": 20,
      "sight": 10,
      "sound": 10,
      "dir": 0,
      "door": 0,
      "ds": 0,
      "flags": {
        "tagger": {
          "tags": [
            "wall"
          ]
        },
        "monks-active-tiles": {
          "entity": {},
          "open": false,
          "close": false,
          "lock": false,
          "checklock": false,
          "secret": false
        }
      },
      "threshold": {
        "light": null,
        "sight": null,
        "sound": null,
        "attenuation": false
      },
      "_key": "!scenes.walls!bhLHO2MbIcJ4TXjX.NvyZnmNm74IlBr7z"
    },
    {
      "_id": "Q6s3He84ezqM1siv",
      "c": [
        1612,
        1275,
        1625,
        1225
      ],
      "light": 0,
      "move": 20,
      "sight": 10,
      "sound": 10,
      "dir": 0,
      "door": 0,
      "ds": 0,
      "flags": {
        "tagger": {
          "tags": [
            "wall"
          ]
        },
        "monks-active-tiles": {
          "entity": {},
          "open": false,
          "close": false,
          "lock": false,
          "checklock": false,
          "secret": false
        }
      },
      "threshold": {
        "light": null,
        "sight": null,
        "sound": null,
        "attenuation": false
      },
      "_key": "!scenes.walls!bhLHO2MbIcJ4TXjX.Q6s3He84ezqM1siv"
    },
    {
      "_id": "gVe7zcskhn5uISfC",
      "c": [
        1625,
        1225,
        1587,
        1175
      ],
      "light": 0,
      "move": 20,
      "sight": 10,
      "sound": 10,
      "dir": 0,
      "door": 0,
      "ds": 0,
      "flags": {
        "tagger": {
          "tags": [
            "wall"
          ]
        },
        "monks-active-tiles": {
          "entity": {},
          "open": false,
          "close": false,
          "lock": false,
          "checklock": false,
          "secret": false
        }
      },
      "threshold": {
        "light": null,
        "sight": null,
        "sound": null,
        "attenuation": false
      },
      "_key": "!scenes.walls!bhLHO2MbIcJ4TXjX.gVe7zcskhn5uISfC"
    }
  ],
  "playlist": null,
  "playlistSound": null,
  "journal": null,
  "journalEntryPage": null,
  "weather": "",
  "flags": {},
  "_stats": {
    "systemId": "dnd5e",
    "systemVersion": "2.4.1",
    "coreVersion": "12.330",
    "createdTime": 1670367731592,
    "modifiedTime": 1723946803705,
    "lastModifiedBy": "dnd5ebuilder0000",
    "compendiumSource": "Compendium.fa-battlemaps.maps.bhLHO2MbIcJ4TXjX",
    "duplicateSource": null
  },
  "_id": "bhLHO2MbIcJ4TXjX",
  "active": false,
  "folder": null,
  "sort": 0,
  "ownership": {
    "default": 0
  },
  "regions": [],
  "environment": {
    "globalLight": {
      "luminosity": 0,
      "enabled": false,
      "darkness": {
        "max": 1,
        "min": 0
      },
      "alpha": 0.5,
      "bright": false,
      "color": null,
      "coloration": 1,
      "saturation": 0,
      "contrast": 0,
      "shadows": 0
    },
    "darknessLevel": 0.45,
    "darknessLock": false,
    "cycle": true,
    "base": {
      "hue": 0,
      "intensity": 0,
      "luminosity": 0,
      "saturation": 0,
      "shadows": 0
    },
    "dark": {
      "hue": 0.7138888888888889,
      "intensity": 0,
      "luminosity": -0.25,
      "saturation": 0,
      "shadows": 0
    }
  },
  "fog": {
    "exploration": true,
    "reset": 1670367731589,
    "overlay": null,
    "colors": {
      "explored": null,
      "unexplored": null
    }
  },
  "_key": "!scenes!bhLHO2MbIcJ4TXjX"
}
