{
  "name": "Goblin Ambush [19x26]",
  "navigation": false,
  "navOrder": 0,
  "navName": "",
  "background": {
    "src": "fa_battlemaps/Maps/2024/May/fa_goblinambush/Maps/GoblinAmbushBG.webp",
    "scaleX": 1,
    "scaleY": 1,
    "offsetX": 0,
    "offsetY": 0,
    "rotation": 0,
    "tint": "#ffffff",
    "anchorX": 0,
    "anchorY": 0,
    "fit": "fill",
    "alphaThreshold": 0
  },
  "foreground": "fa_battlemaps/Maps/2024/May/fa_goblinambush/Maps/GoblinAmbushFG.webp",
  "foregroundElevation": 20,
  "thumb": "modules/fa-battlemaps/assets/scenes/hQxmXfQwPEP8kjTl-thumb.webp",
  "width": 1900,
  "height": 2600,
  "padding": 0.25,
  "initial": {
    "x": 1457,
    "y": 1962,
    "scale": 0.48980733319939235
  },
  "backgroundColor": "#000000",
  "grid": {
    "type": 1,
    "size": 100,
    "color": "#000000",
    "alpha": 0.2,
    "distance": 5,
    "units": "ft",
    "style": "solidLines",
    "thickness": 1
  },
  "tokenVision": true,
  "drawings": [],
  "tokens": [],
  "lights": [],
  "notes": [],
  "sounds": [
    {
      "x": 1454,
      "y": 2187,
      "radius": 115,
      "path": "fa_battlemaps/Audio/C-ForestOutskirtsNight.ogg",
      "repeat": false,
      "volume": 0.15,
      "walls": false,
      "easing": false,
      "hidden": false,
      "darkness": {
        "min": 0.7,
        "max": 1
      },
      "flags": {
        "tagger": {
          "tags": ""
        }
      },
      "_id": "Rx6I6WB46iLgib3M",
      "elevation": 0,
      "effects": {
        "base": {
          "intensity": 5
        },
        "muffled": {
          "intensity": 5
        }
      },
      "_key": "!scenes.sounds!hQxmXfQwPEP8kjTl.Rx6I6WB46iLgib3M"
    },
    {
      "x": 1516,
      "y": 2180,
      "radius": 115,
      "path": "fa_battlemaps/Audio/Forest.ogg",
      "repeat": false,
      "volume": 0.15,
      "walls": false,
      "easing": false,
      "hidden": false,
      "darkness": {
        "min": 0,
        "max": 0.69
      },
      "flags": {
        "tagger": {
          "tags": ""
        }
      },
      "_id": "EtqibF5e34eWpI7m",
      "elevation": 0,
      "effects": {
        "base": {
          "intensity": 5
        },
        "muffled": {
          "intensity": 5
        }
      },
      "_key": "!scenes.sounds!hQxmXfQwPEP8kjTl.EtqibF5e34eWpI7m"
    }
  ],
  "templates": [],
  "tiles": [
    {
      "texture": {
        "src": "fa_battlemaps/Maps/2024/May/fa_goblinambush/Maps/TreeCanopy1.webp",
        "scaleX": 1,
        "scaleY": 1,
        "offsetX": 0,
        "offsetY": 0,
        "rotation": 0,
        "tint": "#ffffff",
        "anchorX": 0.5,
        "anchorY": 0.5,
        "fit": "fill",
        "alphaThreshold": 0.75
      },
      "x": 500,
      "y": 700,
      "width": 1400,
      "height": 1300,
      "_id": "uL29EeyREbEROX8L",
      "rotation": 0,
      "alpha": 1,
      "hidden": false,
      "locked": true,
      "occlusion": {
        "mode": 1,
        "alpha": 0
      },
      "video": {
        "loop": true,
        "autoplay": true,
        "volume": 0
      },
      "flags": {},
      "elevation": 20,
      "sort": 100,
      "restrictions": {
        "light": false,
        "weather": false
      },
      "_key": "!scenes.tiles!hQxmXfQwPEP8kjTl.uL29EeyREbEROX8L"
    },
    {
      "texture": {
        "src": "fa_battlemaps/Maps/2024/May/fa_goblinambush/Maps/TreeCanopy2.webp",
        "scaleX": 1,
        "scaleY": 1,
        "offsetX": 0,
        "offsetY": 0,
        "rotation": 0,
        "tint": "#ffffff",
        "anchorX": 0.5,
        "anchorY": 0.5,
        "fit": "fill",
        "alphaThreshold": 0.75
      },
      "x": 1400,
      "y": 700,
      "width": 1000,
      "height": 1100,
      "_id": "pqZbRRa3ObJlRVUi",
      "rotation": 0,
      "alpha": 1,
      "hidden": false,
      "locked": true,
      "occlusion": {
        "mode": 1,
        "alpha": 0
      },
      "video": {
        "loop": true,
        "autoplay": true,
        "volume": 0
      },
      "flags": {},
      "elevation": 20,
      "sort": 100,
      "restrictions": {
        "light": false,
        "weather": false
      },
      "_key": "!scenes.tiles!hQxmXfQwPEP8kjTl.pqZbRRa3ObJlRVUi"
    },
    {
      "texture": {
        "src": "fa_battlemaps/Maps/2024/May/fa_goblinambush/Maps/TreeCanopy3.webp",
        "scaleX": 1,
        "scaleY": 1,
        "offsetX": 0,
        "offsetY": 0,
        "rotation": 0,
        "tint": "#ffffff",
        "anchorX": 0.5,
        "anchorY": 0.5,
        "fit": "fill",
        "alphaThreshold": 0.75
      },
      "x": 500,
      "y": 2300,
      "width": 1900,
      "height": 1000,
      "_id": "vA02XNNVjIMHzfDZ",
      "rotation": 0,
      "alpha": 1,
      "hidden": false,
      "locked": true,
      "occlusion": {
        "mode": 1,
        "alpha": 0
      },
      "video": {
        "loop": true,
        "autoplay": true,
        "volume": 0
      },
      "flags": {},
      "elevation": 20,
      "sort": 100,
      "restrictions": {
        "light": false,
        "weather": false
      },
      "_key": "!scenes.tiles!hQxmXfQwPEP8kjTl.vA02XNNVjIMHzfDZ"
    },
    {
      "texture": {
        "src": "fa_battlemaps/Maps/2024/May/fa_goblinambush/Tiles/DeadHorses.webp",
        "scaleX": 1,
        "scaleY": 1,
        "offsetX": 0,
        "offsetY": 0,
        "rotation": 0,
        "tint": "#ffffff",
        "anchorX": 0.5,
        "anchorY": 0.5,
        "fit": "fill",
        "alphaThreshold": 0.75
      },
      "x": 1700,
      "y": 1900,
      "width": 500,
      "height": 400,
      "_id": "JoljDDkrj1Hk6nhl",
      "rotation": 0,
      "alpha": 0,
      "hidden": false,
      "locked": true,
      "occlusion": {
        "mode": 0,
        "alpha": 0
      },
      "video": {
        "loop": true,
        "autoplay": true,
        "volume": 0
      },
      "flags": {
        "tagger": {
          "tags": [
            "ambush"
          ]
        },
        "betterroofs": {
          "brMode": false,
          "occlusionLinkId": "",
          "occlusionLinkSource": false
        },
        "monks-active-tiles": {
          "active": true,
          "record": false,
          "restriction": "all",
          "controlled": "all",
          "trigger": [
            "dblclick"
          ],
          "allowpaused": false,
          "usealpha": false,
          "pointer": false,
          "pertoken": false,
          "minrequired": 0,
          "chance": 100,
          "fileindex": 0,
          "actions": [],
          "files": []
        }
      },
      "sort": 100,
      "restrictions": {
        "light": false,
        "weather": false
      },
      "elevation": 0,
      "_key": "!scenes.tiles!hQxmXfQwPEP8kjTl.JoljDDkrj1Hk6nhl"
    },
    {
      "texture": {
        "src": "fa_battlemaps/Maps/2024/May/fa_goblinambush/Text/ambush.webp",
        "scaleX": 1,
        "scaleY": 1,
        "offsetX": 0,
        "offsetY": 0,
        "rotation": 0,
        "tint": "#890101",
        "anchorX": 0.5,
        "anchorY": 0.5,
        "fit": "fill",
        "alphaThreshold": 0.75
      },
      "x": 2362,
      "y": 714,
      "width": 300,
      "height": 50,
      "_id": "xu0mspgZzN3aUmNv",
      "rotation": 0,
      "alpha": 1,
      "hidden": false,
      "locked": true,
      "occlusion": {
        "mode": 0,
        "alpha": 0
      },
      "video": {
        "loop": true,
        "autoplay": true,
        "volume": 0
      },
      "flags": {
        "tagger": {},
        "betterroofs": {
          "brMode": false,
          "occlusionLinkId": "",
          "occlusionLinkSource": false
        },
        "monks-active-tiles": {
          "active": true,
          "record": false,
          "restriction": "all",
          "controlled": "gm",
          "trigger": [
            "dblclick"
          ],
          "allowpaused": false,
          "usealpha": false,
          "pointer": true,
          "pertoken": false,
          "minrequired": 0,
          "chance": 100,
          "fileindex": 0,
          "actions": [
            {
              "action": "alter",
              "data": {
                "entity": {
                  "id": "tile",
                  "name": "This Tile"
                },
                "collection": "tokens",
                "attribute": "texture.tint",
                "value": "='{{entity.texture.tint}}' == '#000000' ? '#890101' : '#000000'",
                "chatMessage": false,
                "rollmode": "roll"
              },
              "id": "yAaxz58bA8jUXLZB"
            },
            {
              "action": "alter",
              "data": {
                "entity": {
                  "id": "tagger:ambush",
                  "match": "all",
                  "scene": "_active",
                  "name": "<i class=\"fas fa-tag fa-sm\"></i> ambush"
                },
                "collection": "tokens",
                "attribute": "alpha",
                "value": "={{entity.alpha}} == 0 ? 1 : 0",
                "chatMessage": false,
                "rollmode": "roll"
              },
              "id": "SMcjE94WstJ4gVL8"
            }
          ],
          "files": []
        }
      },
      "sort": 100,
      "restrictions": {
        "light": false,
        "weather": false
      },
      "elevation": 0,
      "_key": "!scenes.tiles!hQxmXfQwPEP8kjTl.xu0mspgZzN3aUmNv"
    },
    {
      "texture": {
        "src": "modules/fa-battlemaps/images/SmallScroll.png",
        "scaleX": 1,
        "scaleY": 1,
        "offsetX": 0,
        "offsetY": 0,
        "rotation": 0,
        "tint": "#ffffff",
        "anchorX": 0.5,
        "anchorY": 0.5,
        "fit": "fill",
        "alphaThreshold": 0.75
      },
      "x": 2400,
      "y": 700,
      "width": 230,
      "height": 84,
      "_id": "XDwvy7gdEkd4OPEL",
      "rotation": 0,
      "alpha": 1,
      "hidden": false,
      "locked": true,
      "occlusion": {
        "mode": 0,
        "alpha": 0
      },
      "video": {
        "loop": true,
        "autoplay": true,
        "volume": 0
      },
      "flags": {},
      "sort": 99,
      "restrictions": {
        "light": false,
        "weather": false
      },
      "elevation": 0,
      "_key": "!scenes.tiles!hQxmXfQwPEP8kjTl.XDwvy7gdEkd4OPEL"
    }
  ],
  "walls": [
    {
      "_id": "RddIxhqCcpt2UVvZ",
      "c": [
        637,
        1587,
        650,
        1600
      ],
      "light": 10,
      "move": 20,
      "sight": 10,
      "sound": 10,
      "dir": 0,
      "door": 0,
      "ds": 0,
      "flags": {},
      "threshold": {
        "light": null,
        "sight": null,
        "sound": null,
        "attenuation": false
      },
      "_key": "!scenes.walls!hQxmXfQwPEP8kjTl.RddIxhqCcpt2UVvZ"
    },
    {
      "_id": "RwY3UJkUGISTo4V6",
      "c": [
        650,
        1600,
        662,
        1600
      ],
      "light": 10,
      "move": 20,
      "sight": 10,
      "sound": 10,
      "dir": 0,
      "door": 0,
      "ds": 0,
      "flags": {},
      "threshold": {
        "light": null,
        "sight": null,
        "sound": null,
        "attenuation": false
      },
      "_key": "!scenes.walls!hQxmXfQwPEP8kjTl.RwY3UJkUGISTo4V6"
    },
    {
      "_id": "cGXkGEUDm7u20L3S",
      "c": [
        662,
        1600,
        675,
        1587
      ],
      "light": 10,
      "move": 20,
      "sight": 10,
      "sound": 10,
      "dir": 0,
      "door": 0,
      "ds": 0,
      "flags": {},
      "threshold": {
        "light": null,
        "sight": null,
        "sound": null,
        "attenuation": false
      },
      "_key": "!scenes.walls!hQxmXfQwPEP8kjTl.cGXkGEUDm7u20L3S"
    },
    {
      "_id": "OJkF9I4kuuerVGSt",
      "c": [
        675,
        1587,
        675,
        1562
      ],
      "light": 10,
      "move": 20,
      "sight": 10,
      "sound": 10,
      "dir": 0,
      "door": 0,
      "ds": 0,
      "flags": {},
      "threshold": {
        "light": null,
        "sight": null,
        "sound": null,
        "attenuation": false
      },
      "_key": "!scenes.walls!hQxmXfQwPEP8kjTl.OJkF9I4kuuerVGSt"
    },
    {
      "_id": "JM5RoxUwKrvS26Th",
      "c": [
        675,
        1562,
        650,
        1550
      ],
      "light": 10,
      "move": 20,
      "sight": 10,
      "sound": 10,
      "dir": 0,
      "door": 0,
      "ds": 0,
      "flags": {},
      "threshold": {
        "light": null,
        "sight": null,
        "sound": null,
        "attenuation": false
      },
      "_key": "!scenes.walls!hQxmXfQwPEP8kjTl.JM5RoxUwKrvS26Th"
    },
    {
      "_id": "uoqqeKsD6JqZSBRv",
      "c": [
        650,
        1550,
        637,
        1562
      ],
      "light": 10,
      "move": 20,
      "sight": 10,
      "sound": 10,
      "dir": 0,
      "door": 0,
      "ds": 0,
      "flags": {},
      "threshold": {
        "light": null,
        "sight": null,
        "sound": null,
        "attenuation": false
      },
      "_key": "!scenes.walls!hQxmXfQwPEP8kjTl.uoqqeKsD6JqZSBRv"
    },
    {
      "_id": "FBPRxZP7tZF4gwKj",
      "c": [
        637,
        1562,
        637,
        1587
      ],
      "light": 10,
      "move": 20,
      "sight": 10,
      "sound": 10,
      "dir": 0,
      "door": 0,
      "ds": 0,
      "flags": {},
      "threshold": {
        "light": null,
        "sight": null,
        "sound": null,
        "attenuation": false
      },
      "_key": "!scenes.walls!hQxmXfQwPEP8kjTl.FBPRxZP7tZF4gwKj"
    },
    {
      "_id": "85RTu7HCwYWC83Qq",
      "c": [
        1100,
        1725,
        1087,
        1750
      ],
      "light": 10,
      "move": 20,
      "sight": 10,
      "sound": 10,
      "dir": 0,
      "door": 0,
      "ds": 0,
      "flags": {},
      "threshold": {
        "light": null,
        "sight": null,
        "sound": null,
        "attenuation": false
      },
      "_key": "!scenes.walls!hQxmXfQwPEP8kjTl.85RTu7HCwYWC83Qq"
    },
    {
      "_id": "H8v3iUBDaJME26Sz",
      "c": [
        1087,
        1750,
        1062,
        1750
      ],
      "light": 10,
      "move": 20,
      "sight": 10,
      "sound": 10,
      "dir": 0,
      "door": 0,
      "ds": 0,
      "flags": {},
      "threshold": {
        "light": null,
        "sight": null,
        "sound": null,
        "attenuation": false
      },
      "_key": "!scenes.walls!hQxmXfQwPEP8kjTl.H8v3iUBDaJME26Sz"
    },
    {
      "_id": "r3LoJN6vC8T1pICy",
      "c": [
        1062,
        1750,
        1050,
        1750
      ],
      "light": 10,
      "move": 20,
      "sight": 10,
      "sound": 10,
      "dir": 0,
      "door": 0,
      "ds": 0,
      "flags": {},
      "threshold": {
        "light": null,
        "sight": null,
        "sound": null,
        "attenuation": false
      },
      "_key": "!scenes.walls!hQxmXfQwPEP8kjTl.r3LoJN6vC8T1pICy"
    },
    {
      "_id": "rMLWqlyebdsXKo1C",
      "c": [
        1050,
        1750,
        1037,
        1725
      ],
      "light": 10,
      "move": 20,
      "sight": 10,
      "sound": 10,
      "dir": 0,
      "door": 0,
      "ds": 0,
      "flags": {},
      "threshold": {
        "light": null,
        "sight": null,
        "sound": null,
        "attenuation": false
      },
      "_key": "!scenes.walls!hQxmXfQwPEP8kjTl.rMLWqlyebdsXKo1C"
    },
    {
      "_id": "e5x984GycAnlZSqQ",
      "c": [
        1037,
        1725,
        1050,
        1712
      ],
      "light": 10,
      "move": 20,
      "sight": 10,
      "sound": 10,
      "dir": 0,
      "door": 0,
      "ds": 0,
      "flags": {},
      "threshold": {
        "light": null,
        "sight": null,
        "sound": null,
        "attenuation": false
      },
      "_key": "!scenes.walls!hQxmXfQwPEP8kjTl.e5x984GycAnlZSqQ"
    },
    {
      "_id": "C8NHkznIABdamX1d",
      "c": [
        1050,
        1712,
        1075,
        1700
      ],
      "light": 10,
      "move": 20,
      "sight": 10,
      "sound": 10,
      "dir": 0,
      "door": 0,
      "ds": 0,
      "flags": {},
      "threshold": {
        "light": null,
        "sight": null,
        "sound": null,
        "attenuation": false
      },
      "_key": "!scenes.walls!hQxmXfQwPEP8kjTl.C8NHkznIABdamX1d"
    },
    {
      "_id": "1fuyIZJYJPaNJ38Z",
      "c": [
        1075,
        1700,
        1100,
        1725
      ],
      "light": 10,
      "move": 20,
      "sight": 10,
      "sound": 10,
      "dir": 0,
      "door": 0,
      "ds": 0,
      "flags": {},
      "threshold": {
        "light": null,
        "sight": null,
        "sound": null,
        "attenuation": false
      },
      "_key": "!scenes.walls!hQxmXfQwPEP8kjTl.1fuyIZJYJPaNJ38Z"
    },
    {
      "_id": "gk2Pr1tloiAqfn59",
      "c": [
        1462,
        1625,
        1450,
        1662
      ],
      "light": 10,
      "move": 20,
      "sight": 10,
      "sound": 10,
      "dir": 0,
      "door": 0,
      "ds": 0,
      "flags": {},
      "threshold": {
        "light": null,
        "sight": null,
        "sound": null,
        "attenuation": false
      },
      "_key": "!scenes.walls!hQxmXfQwPEP8kjTl.gk2Pr1tloiAqfn59"
    },
    {
      "_id": "r3vNtbeo2l7fLjgb",
      "c": [
        1450,
        1662,
        1425,
        1662
      ],
      "light": 10,
      "move": 20,
      "sight": 10,
      "sound": 10,
      "dir": 0,
      "door": 0,
      "ds": 0,
      "flags": {},
      "threshold": {
        "light": null,
        "sight": null,
        "sound": null,
        "attenuation": false
      },
      "_key": "!scenes.walls!hQxmXfQwPEP8kjTl.r3vNtbeo2l7fLjgb"
    },
    {
      "_id": "UYg2vZWlDBJ9tVVv",
      "c": [
        1425,
        1662,
        1400,
        1650
      ],
      "light": 10,
      "move": 20,
      "sight": 10,
      "sound": 10,
      "dir": 0,
      "door": 0,
      "ds": 0,
      "flags": {},
      "threshold": {
        "light": null,
        "sight": null,
        "sound": null,
        "attenuation": false
      },
      "_key": "!scenes.walls!hQxmXfQwPEP8kjTl.UYg2vZWlDBJ9tVVv"
    },
    {
      "_id": "ltuFXo1WB5IV2JAs",
      "c": [
        1400,
        1650,
        1412,
        1612
      ],
      "light": 10,
      "move": 20,
      "sight": 10,
      "sound": 10,
      "dir": 0,
      "door": 0,
      "ds": 0,
      "flags": {},
      "threshold": {
        "light": null,
        "sight": null,
        "sound": null,
        "attenuation": false
      },
      "_key": "!scenes.walls!hQxmXfQwPEP8kjTl.ltuFXo1WB5IV2JAs"
    },
    {
      "_id": "sXZZsQXpXemumDaf",
      "c": [
        1412,
        1612,
        1437,
        1612
      ],
      "light": 10,
      "move": 20,
      "sight": 10,
      "sound": 10,
      "dir": 0,
      "door": 0,
      "ds": 0,
      "flags": {},
      "threshold": {
        "light": null,
        "sight": null,
        "sound": null,
        "attenuation": false
      },
      "_key": "!scenes.walls!hQxmXfQwPEP8kjTl.sXZZsQXpXemumDaf"
    },
    {
      "_id": "uyxZXTQYzTwwBlc7",
      "c": [
        1437,
        1612,
        1462,
        1625
      ],
      "light": 10,
      "move": 20,
      "sight": 10,
      "sound": 10,
      "dir": 0,
      "door": 0,
      "ds": 0,
      "flags": {},
      "threshold": {
        "light": null,
        "sight": null,
        "sound": null,
        "attenuation": false
      },
      "_key": "!scenes.walls!hQxmXfQwPEP8kjTl.uyxZXTQYzTwwBlc7"
    },
    {
      "_id": "Luxdc4jbIAR4YvSC",
      "c": [
        1650,
        1362,
        1650,
        1375
      ],
      "light": 10,
      "move": 20,
      "sight": 10,
      "sound": 10,
      "dir": 0,
      "door": 0,
      "ds": 0,
      "flags": {},
      "threshold": {
        "light": null,
        "sight": null,
        "sound": null,
        "attenuation": false
      },
      "_key": "!scenes.walls!hQxmXfQwPEP8kjTl.Luxdc4jbIAR4YvSC"
    },
    {
      "_id": "3V00d1XwPhXLjmbn",
      "c": [
        1650,
        1375,
        1637,
        1387
      ],
      "light": 10,
      "move": 20,
      "sight": 10,
      "sound": 10,
      "dir": 0,
      "door": 0,
      "ds": 0,
      "flags": {},
      "threshold": {
        "light": null,
        "sight": null,
        "sound": null,
        "attenuation": false
      },
      "_key": "!scenes.walls!hQxmXfQwPEP8kjTl.3V00d1XwPhXLjmbn"
    },
    {
      "_id": "zEIeh3m9zrxorENO",
      "c": [
        1637,
        1387,
        1612,
        1387
      ],
      "light": 10,
      "move": 20,
      "sight": 10,
      "sound": 10,
      "dir": 0,
      "door": 0,
      "ds": 0,
      "flags": {},
      "threshold": {
        "light": null,
        "sight": null,
        "sound": null,
        "attenuation": false
      },
      "_key": "!scenes.walls!hQxmXfQwPEP8kjTl.zEIeh3m9zrxorENO"
    },
    {
      "_id": "2aHJlsjYKRfY3Upk",
      "c": [
        1612,
        1387,
        1600,
        1375
      ],
      "light": 10,
      "move": 20,
      "sight": 10,
      "sound": 10,
      "dir": 0,
      "door": 0,
      "ds": 0,
      "flags": {},
      "threshold": {
        "light": null,
        "sight": null,
        "sound": null,
        "attenuation": false
      },
      "_key": "!scenes.walls!hQxmXfQwPEP8kjTl.2aHJlsjYKRfY3Upk"
    },
    {
      "_id": "hqLHDwAtmvW86bUi",
      "c": [
        1600,
        1375,
        1612,
        1350
      ],
      "light": 10,
      "move": 20,
      "sight": 10,
      "sound": 10,
      "dir": 0,
      "door": 0,
      "ds": 0,
      "flags": {},
      "threshold": {
        "light": null,
        "sight": null,
        "sound": null,
        "attenuation": false
      },
      "_key": "!scenes.walls!hQxmXfQwPEP8kjTl.hqLHDwAtmvW86bUi"
    },
    {
      "_id": "iJhbKhcz4lkL6H6U",
      "c": [
        1612,
        1350,
        1625,
        1337
      ],
      "light": 10,
      "move": 20,
      "sight": 10,
      "sound": 10,
      "dir": 0,
      "door": 0,
      "ds": 0,
      "flags": {},
      "threshold": {
        "light": null,
        "sight": null,
        "sound": null,
        "attenuation": false
      },
      "_key": "!scenes.walls!hQxmXfQwPEP8kjTl.iJhbKhcz4lkL6H6U"
    },
    {
      "_id": "wyhwxAfgmfDVFzRs",
      "c": [
        1625,
        1337,
        1650,
        1350
      ],
      "light": 10,
      "move": 20,
      "sight": 10,
      "sound": 10,
      "dir": 0,
      "door": 0,
      "ds": 0,
      "flags": {},
      "threshold": {
        "light": null,
        "sight": null,
        "sound": null,
        "attenuation": false
      },
      "_key": "!scenes.walls!hQxmXfQwPEP8kjTl.wyhwxAfgmfDVFzRs"
    },
    {
      "_id": "Sg0DYAyzWuDanttb",
      "c": [
        1650,
        1350,
        1650,
        1362
      ],
      "light": 10,
      "move": 20,
      "sight": 10,
      "sound": 10,
      "dir": 0,
      "door": 0,
      "ds": 0,
      "flags": {},
      "threshold": {
        "light": null,
        "sight": null,
        "sound": null,
        "attenuation": false
      },
      "_key": "!scenes.walls!hQxmXfQwPEP8kjTl.Sg0DYAyzWuDanttb"
    },
    {
      "_id": "Rpsdos0RBVnAh5xi",
      "c": [
        2137,
        1162,
        2137,
        1175
      ],
      "light": 10,
      "move": 20,
      "sight": 10,
      "sound": 10,
      "dir": 0,
      "door": 0,
      "ds": 0,
      "flags": {},
      "threshold": {
        "light": null,
        "sight": null,
        "sound": null,
        "attenuation": false
      },
      "_key": "!scenes.walls!hQxmXfQwPEP8kjTl.Rpsdos0RBVnAh5xi"
    },
    {
      "_id": "50U2sAFeaUOQ2mqD",
      "c": [
        2137,
        1175,
        2125,
        1187
      ],
      "light": 10,
      "move": 20,
      "sight": 10,
      "sound": 10,
      "dir": 0,
      "door": 0,
      "ds": 0,
      "flags": {},
      "threshold": {
        "light": null,
        "sight": null,
        "sound": null,
        "attenuation": false
      },
      "_key": "!scenes.walls!hQxmXfQwPEP8kjTl.50U2sAFeaUOQ2mqD"
    },
    {
      "_id": "kaPiChG5zKAyL2si",
      "c": [
        2125,
        1187,
        2112,
        1187
      ],
      "light": 10,
      "move": 20,
      "sight": 10,
      "sound": 10,
      "dir": 0,
      "door": 0,
      "ds": 0,
      "flags": {},
      "threshold": {
        "light": null,
        "sight": null,
        "sound": null,
        "attenuation": false
      },
      "_key": "!scenes.walls!hQxmXfQwPEP8kjTl.kaPiChG5zKAyL2si"
    },
    {
      "_id": "D8U2mwctuZ5xC1v0",
      "c": [
        2112,
        1187,
        2100,
        1175
      ],
      "light": 10,
      "move": 20,
      "sight": 10,
      "sound": 10,
      "dir": 0,
      "door": 0,
      "ds": 0,
      "flags": {},
      "threshold": {
        "light": null,
        "sight": null,
        "sound": null,
        "attenuation": false
      },
      "_key": "!scenes.walls!hQxmXfQwPEP8kjTl.D8U2mwctuZ5xC1v0"
    },
    {
      "_id": "mAyZcqUBIj0bfQyB",
      "c": [
        2100,
        1175,
        2100,
        1150
      ],
      "light": 10,
      "move": 20,
      "sight": 10,
      "sound": 10,
      "dir": 0,
      "door": 0,
      "ds": 0,
      "flags": {},
      "threshold": {
        "light": null,
        "sight": null,
        "sound": null,
        "attenuation": false
      },
      "_key": "!scenes.walls!hQxmXfQwPEP8kjTl.mAyZcqUBIj0bfQyB"
    },
    {
      "_id": "Oh9ZeCTjhwG951L0",
      "c": [
        2100,
        1150,
        2125,
        1150
      ],
      "light": 10,
      "move": 20,
      "sight": 10,
      "sound": 10,
      "dir": 0,
      "door": 0,
      "ds": 0,
      "flags": {},
      "threshold": {
        "light": null,
        "sight": null,
        "sound": null,
        "attenuation": false
      },
      "_key": "!scenes.walls!hQxmXfQwPEP8kjTl.Oh9ZeCTjhwG951L0"
    },
    {
      "_id": "fXFQyfBRLTAQ08I0",
      "c": [
        2125,
        1150,
        2137,
        1162
      ],
      "light": 10,
      "move": 20,
      "sight": 10,
      "sound": 10,
      "dir": 0,
      "door": 0,
      "ds": 0,
      "flags": {},
      "threshold": {
        "light": null,
        "sight": null,
        "sound": null,
        "attenuation": false
      },
      "_key": "!scenes.walls!hQxmXfQwPEP8kjTl.fXFQyfBRLTAQ08I0"
    },
    {
      "_id": "FJAMTMIz4cy9q3m1",
      "c": [
        2387,
        1062,
        2375,
        1087
      ],
      "light": 10,
      "move": 20,
      "sight": 10,
      "sound": 10,
      "dir": 0,
      "door": 0,
      "ds": 0,
      "flags": {},
      "threshold": {
        "light": null,
        "sight": null,
        "sound": null,
        "attenuation": false
      },
      "_key": "!scenes.walls!hQxmXfQwPEP8kjTl.FJAMTMIz4cy9q3m1"
    },
    {
      "_id": "iBAB5M7PWIpDISVj",
      "c": [
        2375,
        1087,
        2350,
        1087
      ],
      "light": 10,
      "move": 20,
      "sight": 10,
      "sound": 10,
      "dir": 0,
      "door": 0,
      "ds": 0,
      "flags": {},
      "threshold": {
        "light": null,
        "sight": null,
        "sound": null,
        "attenuation": false
      },
      "_key": "!scenes.walls!hQxmXfQwPEP8kjTl.iBAB5M7PWIpDISVj"
    },
    {
      "_id": "HSR1qf4KHw7fpJCh",
      "c": [
        2350,
        1087,
        2337,
        1062
      ],
      "light": 10,
      "move": 20,
      "sight": 10,
      "sound": 10,
      "dir": 0,
      "door": 0,
      "ds": 0,
      "flags": {},
      "threshold": {
        "light": null,
        "sight": null,
        "sound": null,
        "attenuation": false
      },
      "_key": "!scenes.walls!hQxmXfQwPEP8kjTl.HSR1qf4KHw7fpJCh"
    },
    {
      "_id": "OiPJSD8pd8JHQe8l",
      "c": [
        2337,
        1062,
        2337,
        1037
      ],
      "light": 10,
      "move": 20,
      "sight": 10,
      "sound": 10,
      "dir": 0,
      "door": 0,
      "ds": 0,
      "flags": {},
      "threshold": {
        "light": null,
        "sight": null,
        "sound": null,
        "attenuation": false
      },
      "_key": "!scenes.walls!hQxmXfQwPEP8kjTl.OiPJSD8pd8JHQe8l"
    },
    {
      "_id": "uaUswblXhGsGklDV",
      "c": [
        2337,
        1037,
        2375,
        1037
      ],
      "light": 10,
      "move": 20,
      "sight": 10,
      "sound": 10,
      "dir": 0,
      "door": 0,
      "ds": 0,
      "flags": {},
      "threshold": {
        "light": null,
        "sight": null,
        "sound": null,
        "attenuation": false
      },
      "_key": "!scenes.walls!hQxmXfQwPEP8kjTl.uaUswblXhGsGklDV"
    },
    {
      "_id": "kVupyVk16YBSMYiT",
      "c": [
        2375,
        1037,
        2387,
        1062
      ],
      "light": 10,
      "move": 20,
      "sight": 10,
      "sound": 10,
      "dir": 0,
      "door": 0,
      "ds": 0,
      "flags": {},
      "threshold": {
        "light": null,
        "sight": null,
        "sound": null,
        "attenuation": false
      },
      "_key": "!scenes.walls!hQxmXfQwPEP8kjTl.kVupyVk16YBSMYiT"
    },
    {
      "_id": "0VpJe6KToz7o07ht",
      "c": [
        2075,
        850,
        2062,
        875
      ],
      "light": 10,
      "move": 20,
      "sight": 10,
      "sound": 10,
      "dir": 0,
      "door": 0,
      "ds": 0,
      "flags": {},
      "threshold": {
        "light": null,
        "sight": null,
        "sound": null,
        "attenuation": false
      },
      "_key": "!scenes.walls!hQxmXfQwPEP8kjTl.0VpJe6KToz7o07ht"
    },
    {
      "_id": "iBN3SKgRuTMxSTlj",
      "c": [
        2062,
        875,
        2037,
        875
      ],
      "light": 10,
      "move": 20,
      "sight": 10,
      "sound": 10,
      "dir": 0,
      "door": 0,
      "ds": 0,
      "flags": {},
      "threshold": {
        "light": null,
        "sight": null,
        "sound": null,
        "attenuation": false
      },
      "_key": "!scenes.walls!hQxmXfQwPEP8kjTl.iBN3SKgRuTMxSTlj"
    },
    {
      "_id": "NE5qBOzNxJoh5TM0",
      "c": [
        2037,
        875,
        2025,
        850
      ],
      "light": 10,
      "move": 20,
      "sight": 10,
      "sound": 10,
      "dir": 0,
      "door": 0,
      "ds": 0,
      "flags": {},
      "threshold": {
        "light": null,
        "sight": null,
        "sound": null,
        "attenuation": false
      },
      "_key": "!scenes.walls!hQxmXfQwPEP8kjTl.NE5qBOzNxJoh5TM0"
    },
    {
      "_id": "sMgv64wiTJrDFTiJ",
      "c": [
        2025,
        850,
        2037,
        825
      ],
      "light": 10,
      "move": 20,
      "sight": 10,
      "sound": 10,
      "dir": 0,
      "door": 0,
      "ds": 0,
      "flags": {},
      "threshold": {
        "light": null,
        "sight": null,
        "sound": null,
        "attenuation": false
      },
      "_key": "!scenes.walls!hQxmXfQwPEP8kjTl.sMgv64wiTJrDFTiJ"
    },
    {
      "_id": "xZVt7cnjRL0CfnuO",
      "c": [
        2037,
        825,
        2062,
        825
      ],
      "light": 10,
      "move": 20,
      "sight": 10,
      "sound": 10,
      "dir": 0,
      "door": 0,
      "ds": 0,
      "flags": {},
      "threshold": {
        "light": null,
        "sight": null,
        "sound": null,
        "attenuation": false
      },
      "_key": "!scenes.walls!hQxmXfQwPEP8kjTl.xZVt7cnjRL0CfnuO"
    },
    {
      "_id": "xhXLfDo2QasGDSPS",
      "c": [
        2062,
        825,
        2075,
        850
      ],
      "light": 10,
      "move": 20,
      "sight": 10,
      "sound": 10,
      "dir": 0,
      "door": 0,
      "ds": 0,
      "flags": {},
      "threshold": {
        "light": null,
        "sight": null,
        "sound": null,
        "attenuation": false
      },
      "_key": "!scenes.walls!hQxmXfQwPEP8kjTl.xhXLfDo2QasGDSPS"
    },
    {
      "_id": "JHEnCWyOlDEMPXXk",
      "c": [
        2375,
        750,
        2375,
        762
      ],
      "light": 10,
      "move": 20,
      "sight": 10,
      "sound": 10,
      "dir": 0,
      "door": 0,
      "ds": 0,
      "flags": {},
      "threshold": {
        "light": null,
        "sight": null,
        "sound": null,
        "attenuation": false
      },
      "_key": "!scenes.walls!hQxmXfQwPEP8kjTl.JHEnCWyOlDEMPXXk"
    },
    {
      "_id": "MwpkOE1Ak8xrfCg4",
      "c": [
        2375,
        762,
        2362,
        775
      ],
      "light": 10,
      "move": 20,
      "sight": 10,
      "sound": 10,
      "dir": 0,
      "door": 0,
      "ds": 0,
      "flags": {},
      "threshold": {
        "light": null,
        "sight": null,
        "sound": null,
        "attenuation": false
      },
      "_key": "!scenes.walls!hQxmXfQwPEP8kjTl.MwpkOE1Ak8xrfCg4"
    },
    {
      "_id": "OrvQrpKPwurIFKzS",
      "c": [
        2362,
        775,
        2337,
        762
      ],
      "light": 10,
      "move": 20,
      "sight": 10,
      "sound": 10,
      "dir": 0,
      "door": 0,
      "ds": 0,
      "flags": {},
      "threshold": {
        "light": null,
        "sight": null,
        "sound": null,
        "attenuation": false
      },
      "_key": "!scenes.walls!hQxmXfQwPEP8kjTl.OrvQrpKPwurIFKzS"
    },
    {
      "_id": "D7BEzen5dAbxMy0w",
      "c": [
        2337,
        762,
        2337,
        737
      ],
      "light": 10,
      "move": 20,
      "sight": 10,
      "sound": 10,
      "dir": 0,
      "door": 0,
      "ds": 0,
      "flags": {},
      "threshold": {
        "light": null,
        "sight": null,
        "sound": null,
        "attenuation": false
      },
      "_key": "!scenes.walls!hQxmXfQwPEP8kjTl.D7BEzen5dAbxMy0w"
    },
    {
      "_id": "JnAY9hwBLuGVLDhX",
      "c": [
        2337,
        737,
        2362,
        725
      ],
      "light": 10,
      "move": 20,
      "sight": 10,
      "sound": 10,
      "dir": 0,
      "door": 0,
      "ds": 0,
      "flags": {},
      "threshold": {
        "light": null,
        "sight": null,
        "sound": null,
        "attenuation": false
      },
      "_key": "!scenes.walls!hQxmXfQwPEP8kjTl.JnAY9hwBLuGVLDhX"
    },
    {
      "_id": "zfBGkMPQm6dH7Bat",
      "c": [
        2362,
        725,
        2375,
        750
      ],
      "light": 10,
      "move": 20,
      "sight": 10,
      "sound": 10,
      "dir": 0,
      "door": 0,
      "ds": 0,
      "flags": {},
      "threshold": {
        "light": null,
        "sight": null,
        "sound": null,
        "attenuation": false
      },
      "_key": "!scenes.walls!hQxmXfQwPEP8kjTl.zfBGkMPQm6dH7Bat"
    },
    {
      "_id": "w9Fmb0eFF0zOHfM8",
      "c": [
        1962,
        725,
        1962,
        737
      ],
      "light": 10,
      "move": 20,
      "sight": 10,
      "sound": 10,
      "dir": 0,
      "door": 0,
      "ds": 0,
      "flags": {},
      "threshold": {
        "light": null,
        "sight": null,
        "sound": null,
        "attenuation": false
      },
      "_key": "!scenes.walls!hQxmXfQwPEP8kjTl.w9Fmb0eFF0zOHfM8"
    },
    {
      "_id": "fAau8yT3g7Sdyslp",
      "c": [
        1962,
        737,
        1950,
        750
      ],
      "light": 10,
      "move": 20,
      "sight": 10,
      "sound": 10,
      "dir": 0,
      "door": 0,
      "ds": 0,
      "flags": {},
      "threshold": {
        "light": null,
        "sight": null,
        "sound": null,
        "attenuation": false
      },
      "_key": "!scenes.walls!hQxmXfQwPEP8kjTl.fAau8yT3g7Sdyslp"
    },
    {
      "_id": "9YieuehIiZl7kwaQ",
      "c": [
        1950,
        750,
        1937,
        750
      ],
      "light": 10,
      "move": 20,
      "sight": 10,
      "sound": 10,
      "dir": 0,
      "door": 0,
      "ds": 0,
      "flags": {},
      "threshold": {
        "light": null,
        "sight": null,
        "sound": null,
        "attenuation": false
      },
      "_key": "!scenes.walls!hQxmXfQwPEP8kjTl.9YieuehIiZl7kwaQ"
    },
    {
      "_id": "J1lKYnayZSdk2pNV",
      "c": [
        1937,
        750,
        1937,
        725
      ],
      "light": 10,
      "move": 20,
      "sight": 10,
      "sound": 10,
      "dir": 0,
      "door": 0,
      "ds": 0,
      "flags": {},
      "threshold": {
        "light": null,
        "sight": null,
        "sound": null,
        "attenuation": false
      },
      "_key": "!scenes.walls!hQxmXfQwPEP8kjTl.J1lKYnayZSdk2pNV"
    },
    {
      "_id": "ygA5JuG5HTfcDPPd",
      "c": [
        1937,
        725,
        1950,
        712
      ],
      "light": 10,
      "move": 20,
      "sight": 10,
      "sound": 10,
      "dir": 0,
      "door": 0,
      "ds": 0,
      "flags": {},
      "threshold": {
        "light": null,
        "sight": null,
        "sound": null,
        "attenuation": false
      },
      "_key": "!scenes.walls!hQxmXfQwPEP8kjTl.ygA5JuG5HTfcDPPd"
    },
    {
      "_id": "MkagYMFN2EBN1PBc",
      "c": [
        1950,
        712,
        1962,
        725
      ],
      "light": 10,
      "move": 20,
      "sight": 10,
      "sound": 10,
      "dir": 0,
      "door": 0,
      "ds": 0,
      "flags": {},
      "threshold": {
        "light": null,
        "sight": null,
        "sound": null,
        "attenuation": false
      },
      "_key": "!scenes.walls!hQxmXfQwPEP8kjTl.MkagYMFN2EBN1PBc"
    },
    {
      "_id": "vnrZ8jPjvq9T7Va4",
      "c": [
        1687,
        725,
        1687,
        750
      ],
      "light": 10,
      "move": 20,
      "sight": 10,
      "sound": 10,
      "dir": 0,
      "door": 0,
      "ds": 0,
      "flags": {},
      "threshold": {
        "light": null,
        "sight": null,
        "sound": null,
        "attenuation": false
      },
      "_key": "!scenes.walls!hQxmXfQwPEP8kjTl.vnrZ8jPjvq9T7Va4"
    },
    {
      "_id": "Zp32toJqVWrFIFVG",
      "c": [
        1687,
        750,
        1662,
        762
      ],
      "light": 10,
      "move": 20,
      "sight": 10,
      "sound": 10,
      "dir": 0,
      "door": 0,
      "ds": 0,
      "flags": {},
      "threshold": {
        "light": null,
        "sight": null,
        "sound": null,
        "attenuation": false
      },
      "_key": "!scenes.walls!hQxmXfQwPEP8kjTl.Zp32toJqVWrFIFVG"
    },
    {
      "_id": "im3ylN9xlysXBrxU",
      "c": [
        1662,
        762,
        1637,
        750
      ],
      "light": 10,
      "move": 20,
      "sight": 10,
      "sound": 10,
      "dir": 0,
      "door": 0,
      "ds": 0,
      "flags": {},
      "threshold": {
        "light": null,
        "sight": null,
        "sound": null,
        "attenuation": false
      },
      "_key": "!scenes.walls!hQxmXfQwPEP8kjTl.im3ylN9xlysXBrxU"
    },
    {
      "_id": "8XPxU60ztB5ECnaE",
      "c": [
        1637,
        750,
        1637,
        712
      ],
      "light": 10,
      "move": 20,
      "sight": 10,
      "sound": 10,
      "dir": 0,
      "door": 0,
      "ds": 0,
      "flags": {},
      "threshold": {
        "light": null,
        "sight": null,
        "sound": null,
        "attenuation": false
      },
      "_key": "!scenes.walls!hQxmXfQwPEP8kjTl.8XPxU60ztB5ECnaE"
    },
    {
      "_id": "d0KdnW1RKul4zLxo",
      "c": [
        1637,
        712,
        1662,
        700
      ],
      "light": 10,
      "move": 20,
      "sight": 10,
      "sound": 10,
      "dir": 0,
      "door": 0,
      "ds": 0,
      "flags": {},
      "threshold": {
        "light": null,
        "sight": null,
        "sound": null,
        "attenuation": false
      },
      "_key": "!scenes.walls!hQxmXfQwPEP8kjTl.d0KdnW1RKul4zLxo"
    },
    {
      "_id": "u9ceT3yMAsXzt51o",
      "c": [
        1662,
        700,
        1687,
        725
      ],
      "light": 10,
      "move": 20,
      "sight": 10,
      "sound": 10,
      "dir": 0,
      "door": 0,
      "ds": 0,
      "flags": {},
      "threshold": {
        "light": null,
        "sight": null,
        "sound": null,
        "attenuation": false
      },
      "_key": "!scenes.walls!hQxmXfQwPEP8kjTl.u9ceT3yMAsXzt51o"
    },
    {
      "_id": "wK5XXXWapj88u0Lw",
      "c": [
        1137,
        875,
        1125,
        887
      ],
      "light": 10,
      "move": 20,
      "sight": 10,
      "sound": 10,
      "dir": 0,
      "door": 0,
      "ds": 0,
      "flags": {},
      "threshold": {
        "light": null,
        "sight": null,
        "sound": null,
        "attenuation": false
      },
      "_key": "!scenes.walls!hQxmXfQwPEP8kjTl.wK5XXXWapj88u0Lw"
    },
    {
      "_id": "41Wgo2BrmcxY6Pwj",
      "c": [
        1125,
        887,
        1100,
        887
      ],
      "light": 10,
      "move": 20,
      "sight": 10,
      "sound": 10,
      "dir": 0,
      "door": 0,
      "ds": 0,
      "flags": {},
      "threshold": {
        "light": null,
        "sight": null,
        "sound": null,
        "attenuation": false
      },
      "_key": "!scenes.walls!hQxmXfQwPEP8kjTl.41Wgo2BrmcxY6Pwj"
    },
    {
      "_id": "6qR8VzqOAhjwsZax",
      "c": [
        1100,
        887,
        1100,
        875
      ],
      "light": 10,
      "move": 20,
      "sight": 10,
      "sound": 10,
      "dir": 0,
      "door": 0,
      "ds": 0,
      "flags": {},
      "threshold": {
        "light": null,
        "sight": null,
        "sound": null,
        "attenuation": false
      },
      "_key": "!scenes.walls!hQxmXfQwPEP8kjTl.6qR8VzqOAhjwsZax"
    },
    {
      "_id": "AFpnsqeuIj0Iiy6h",
      "c": [
        1100,
        875,
        1100,
        862
      ],
      "light": 10,
      "move": 20,
      "sight": 10,
      "sound": 10,
      "dir": 0,
      "door": 0,
      "ds": 0,
      "flags": {},
      "threshold": {
        "light": null,
        "sight": null,
        "sound": null,
        "attenuation": false
      },
      "_key": "!scenes.walls!hQxmXfQwPEP8kjTl.AFpnsqeuIj0Iiy6h"
    },
    {
      "_id": "HdJDHLF3QUGHyxYi",
      "c": [
        1100,
        862,
        1112,
        850
      ],
      "light": 10,
      "move": 20,
      "sight": 10,
      "sound": 10,
      "dir": 0,
      "door": 0,
      "ds": 0,
      "flags": {},
      "threshold": {
        "light": null,
        "sight": null,
        "sound": null,
        "attenuation": false
      },
      "_key": "!scenes.walls!hQxmXfQwPEP8kjTl.HdJDHLF3QUGHyxYi"
    },
    {
      "_id": "OECKVZnOmEa6Papc",
      "c": [
        1112,
        850,
        1137,
        862
      ],
      "light": 10,
      "move": 20,
      "sight": 10,
      "sound": 10,
      "dir": 0,
      "door": 0,
      "ds": 0,
      "flags": {},
      "threshold": {
        "light": null,
        "sight": null,
        "sound": null,
        "attenuation": false
      },
      "_key": "!scenes.walls!hQxmXfQwPEP8kjTl.OECKVZnOmEa6Papc"
    },
    {
      "_id": "hDghkpDhiqjNSRwk",
      "c": [
        1137,
        862,
        1137,
        875
      ],
      "light": 10,
      "move": 20,
      "sight": 10,
      "sound": 10,
      "dir": 0,
      "door": 0,
      "ds": 0,
      "flags": {},
      "threshold": {
        "light": null,
        "sight": null,
        "sound": null,
        "attenuation": false
      },
      "_key": "!scenes.walls!hQxmXfQwPEP8kjTl.hDghkpDhiqjNSRwk"
    },
    {
      "_id": "Vgf9jcg8Bq4aryBo",
      "c": [
        962,
        700,
        950,
        712
      ],
      "light": 10,
      "move": 20,
      "sight": 10,
      "sound": 10,
      "dir": 0,
      "door": 0,
      "ds": 0,
      "flags": {},
      "threshold": {
        "light": null,
        "sight": null,
        "sound": null,
        "attenuation": false
      },
      "_key": "!scenes.walls!hQxmXfQwPEP8kjTl.Vgf9jcg8Bq4aryBo"
    },
    {
      "_id": "oFrYBLec9XzRVcu6",
      "c": [
        950,
        712,
        925,
        712
      ],
      "light": 10,
      "move": 20,
      "sight": 10,
      "sound": 10,
      "dir": 0,
      "door": 0,
      "ds": 0,
      "flags": {},
      "threshold": {
        "light": null,
        "sight": null,
        "sound": null,
        "attenuation": false
      },
      "_key": "!scenes.walls!hQxmXfQwPEP8kjTl.oFrYBLec9XzRVcu6"
    },
    {
      "_id": "17spAhGlnnMM85B8",
      "c": [
        925,
        712,
        912,
        700
      ],
      "light": 10,
      "move": 20,
      "sight": 10,
      "sound": 10,
      "dir": 0,
      "door": 0,
      "ds": 0,
      "flags": {},
      "threshold": {
        "light": null,
        "sight": null,
        "sound": null,
        "attenuation": false
      },
      "_key": "!scenes.walls!hQxmXfQwPEP8kjTl.17spAhGlnnMM85B8"
    },
    {
      "_id": "9XlbUdY7Xx6p3XD4",
      "c": [
        687,
        700,
        700,
        725
      ],
      "light": 10,
      "move": 20,
      "sight": 10,
      "sound": 10,
      "dir": 0,
      "door": 0,
      "ds": 0,
      "flags": {},
      "threshold": {
        "light": null,
        "sight": null,
        "sound": null,
        "attenuation": false
      },
      "_key": "!scenes.walls!hQxmXfQwPEP8kjTl.9XlbUdY7Xx6p3XD4"
    },
    {
      "_id": "32Ci1vG0AjXZZpb0",
      "c": [
        700,
        725,
        675,
        737
      ],
      "light": 10,
      "move": 20,
      "sight": 10,
      "sound": 10,
      "dir": 0,
      "door": 0,
      "ds": 0,
      "flags": {},
      "threshold": {
        "light": null,
        "sight": null,
        "sound": null,
        "attenuation": false
      },
      "_key": "!scenes.walls!hQxmXfQwPEP8kjTl.32Ci1vG0AjXZZpb0"
    },
    {
      "_id": "YPBhipLgjtLRxMz0",
      "c": [
        675,
        737,
        650,
        737
      ],
      "light": 10,
      "move": 20,
      "sight": 10,
      "sound": 10,
      "dir": 0,
      "door": 0,
      "ds": 0,
      "flags": {},
      "threshold": {
        "light": null,
        "sight": null,
        "sound": null,
        "attenuation": false
      },
      "_key": "!scenes.walls!hQxmXfQwPEP8kjTl.YPBhipLgjtLRxMz0"
    },
    {
      "_id": "q45hBzUdizSBH4G1",
      "c": [
        650,
        737,
        650,
        712
      ],
      "light": 10,
      "move": 20,
      "sight": 10,
      "sound": 10,
      "dir": 0,
      "door": 0,
      "ds": 0,
      "flags": {},
      "threshold": {
        "light": null,
        "sight": null,
        "sound": null,
        "attenuation": false
      },
      "_key": "!scenes.walls!hQxmXfQwPEP8kjTl.q45hBzUdizSBH4G1"
    },
    {
      "_id": "kTvxRAi9dV77tWGA",
      "c": [
        650,
        712,
        650,
        700
      ],
      "light": 10,
      "move": 20,
      "sight": 10,
      "sound": 10,
      "dir": 0,
      "door": 0,
      "ds": 0,
      "flags": {},
      "threshold": {
        "light": null,
        "sight": null,
        "sound": null,
        "attenuation": false
      },
      "_key": "!scenes.walls!hQxmXfQwPEP8kjTl.kTvxRAi9dV77tWGA"
    },
    {
      "_id": "kwbyJM17jq7VBqir",
      "c": [
        500,
        937,
        525,
        937
      ],
      "light": 10,
      "move": 20,
      "sight": 10,
      "sound": 10,
      "dir": 0,
      "door": 0,
      "ds": 0,
      "flags": {},
      "threshold": {
        "light": null,
        "sight": null,
        "sound": null,
        "attenuation": false
      },
      "_key": "!scenes.walls!hQxmXfQwPEP8kjTl.kwbyJM17jq7VBqir"
    },
    {
      "_id": "071nqTCefmkQhUCl",
      "c": [
        525,
        937,
        537,
        962
      ],
      "light": 10,
      "move": 20,
      "sight": 10,
      "sound": 10,
      "dir": 0,
      "door": 0,
      "ds": 0,
      "flags": {},
      "threshold": {
        "light": null,
        "sight": null,
        "sound": null,
        "attenuation": false
      },
      "_key": "!scenes.walls!hQxmXfQwPEP8kjTl.071nqTCefmkQhUCl"
    },
    {
      "_id": "lhxkxZeYmYSscxUo",
      "c": [
        537,
        962,
        512,
        987
      ],
      "light": 10,
      "move": 20,
      "sight": 10,
      "sound": 10,
      "dir": 0,
      "door": 0,
      "ds": 0,
      "flags": {},
      "threshold": {
        "light": null,
        "sight": null,
        "sound": null,
        "attenuation": false
      },
      "_key": "!scenes.walls!hQxmXfQwPEP8kjTl.lhxkxZeYmYSscxUo"
    },
    {
      "_id": "gBuEW8FioRDWXdAW",
      "c": [
        512,
        987,
        500,
        987
      ],
      "light": 10,
      "move": 20,
      "sight": 10,
      "sound": 10,
      "dir": 0,
      "door": 0,
      "ds": 0,
      "flags": {},
      "threshold": {
        "light": null,
        "sight": null,
        "sound": null,
        "attenuation": false
      },
      "_key": "!scenes.walls!hQxmXfQwPEP8kjTl.gBuEW8FioRDWXdAW"
    },
    {
      "_id": "5dynY5lUBro73Bp5",
      "c": [
        740,
        1110,
        762,
        1100
      ],
      "light": 10,
      "move": 20,
      "sight": 10,
      "sound": 10,
      "dir": 0,
      "door": 0,
      "ds": 0,
      "flags": {},
      "threshold": {
        "light": null,
        "sight": null,
        "sound": null,
        "attenuation": false
      },
      "_key": "!scenes.walls!hQxmXfQwPEP8kjTl.5dynY5lUBro73Bp5"
    },
    {
      "_id": "VVoDb5WNL5ZXyq1M",
      "c": [
        762,
        1100,
        787,
        1112
      ],
      "light": 10,
      "move": 20,
      "sight": 10,
      "sound": 10,
      "dir": 0,
      "door": 0,
      "ds": 0,
      "flags": {},
      "threshold": {
        "light": null,
        "sight": null,
        "sound": null,
        "attenuation": false
      },
      "_key": "!scenes.walls!hQxmXfQwPEP8kjTl.VVoDb5WNL5ZXyq1M"
    },
    {
      "_id": "Z2hY5ujRDmvHpjHv",
      "c": [
        787,
        1112,
        787,
        1125
      ],
      "light": 10,
      "move": 20,
      "sight": 10,
      "sound": 10,
      "dir": 0,
      "door": 0,
      "ds": 0,
      "flags": {},
      "threshold": {
        "light": null,
        "sight": null,
        "sound": null,
        "attenuation": false
      },
      "_key": "!scenes.walls!hQxmXfQwPEP8kjTl.Z2hY5ujRDmvHpjHv"
    },
    {
      "_id": "75FyWFu7vQYF1mnS",
      "c": [
        787,
        1125,
        775,
        1150
      ],
      "light": 10,
      "move": 20,
      "sight": 10,
      "sound": 10,
      "dir": 0,
      "door": 0,
      "ds": 0,
      "flags": {},
      "threshold": {
        "light": null,
        "sight": null,
        "sound": null,
        "attenuation": false
      },
      "_key": "!scenes.walls!hQxmXfQwPEP8kjTl.75FyWFu7vQYF1mnS"
    },
    {
      "_id": "5go6jfXRjzVPkGye",
      "c": [
        775,
        1150,
        750,
        1150
      ],
      "light": 10,
      "move": 20,
      "sight": 10,
      "sound": 10,
      "dir": 0,
      "door": 0,
      "ds": 0,
      "flags": {},
      "threshold": {
        "light": null,
        "sight": null,
        "sound": null,
        "attenuation": false
      },
      "_key": "!scenes.walls!hQxmXfQwPEP8kjTl.5go6jfXRjzVPkGye"
    },
    {
      "_id": "qkUEZdCWkrWEseFA",
      "c": [
        750,
        1150,
        737,
        1137
      ],
      "light": 10,
      "move": 20,
      "sight": 10,
      "sound": 10,
      "dir": 0,
      "door": 0,
      "ds": 0,
      "flags": {},
      "threshold": {
        "light": null,
        "sight": null,
        "sound": null,
        "attenuation": false
      },
      "_key": "!scenes.walls!hQxmXfQwPEP8kjTl.qkUEZdCWkrWEseFA"
    },
    {
      "_id": "bdCfxl9cAkmxfBm9",
      "c": [
        737,
        1137,
        740,
        1110
      ],
      "light": 10,
      "move": 20,
      "sight": 10,
      "sound": 10,
      "dir": 0,
      "door": 0,
      "ds": 0,
      "flags": {},
      "threshold": {
        "light": null,
        "sight": null,
        "sound": null,
        "attenuation": false
      },
      "_key": "!scenes.walls!hQxmXfQwPEP8kjTl.bdCfxl9cAkmxfBm9"
    },
    {
      "_id": "GpSzguSp37eyH5jF",
      "c": [
        1100,
        1337,
        1087,
        1362
      ],
      "light": 10,
      "move": 20,
      "sight": 10,
      "sound": 10,
      "dir": 0,
      "door": 0,
      "ds": 0,
      "flags": {},
      "threshold": {
        "light": null,
        "sight": null,
        "sound": null,
        "attenuation": false
      },
      "_key": "!scenes.walls!hQxmXfQwPEP8kjTl.GpSzguSp37eyH5jF"
    },
    {
      "_id": "en1w29X0YzNu587I",
      "c": [
        1087,
        1362,
        1065,
        1369
      ],
      "light": 10,
      "move": 20,
      "sight": 10,
      "sound": 10,
      "dir": 0,
      "door": 0,
      "ds": 0,
      "flags": {},
      "threshold": {
        "light": null,
        "sight": null,
        "sound": null,
        "attenuation": false
      },
      "_key": "!scenes.walls!hQxmXfQwPEP8kjTl.en1w29X0YzNu587I"
    },
    {
      "_id": "HRDnhKu5G1oKOb0u",
      "c": [
        1065,
        1369,
        1050,
        1362
      ],
      "light": 10,
      "move": 20,
      "sight": 10,
      "sound": 10,
      "dir": 0,
      "door": 0,
      "ds": 0,
      "flags": {},
      "threshold": {
        "light": null,
        "sight": null,
        "sound": null,
        "attenuation": false
      },
      "_key": "!scenes.walls!hQxmXfQwPEP8kjTl.HRDnhKu5G1oKOb0u"
    },
    {
      "_id": "y3JNX8HbsbehSa7Q",
      "c": [
        1050,
        1362,
        1042,
        1340
      ],
      "light": 10,
      "move": 20,
      "sight": 10,
      "sound": 10,
      "dir": 0,
      "door": 0,
      "ds": 0,
      "flags": {},
      "threshold": {
        "light": null,
        "sight": null,
        "sound": null,
        "attenuation": false
      },
      "_key": "!scenes.walls!hQxmXfQwPEP8kjTl.y3JNX8HbsbehSa7Q"
    },
    {
      "_id": "9LMAp019IN3t4Qzr",
      "c": [
        1042,
        1340,
        1062,
        1325
      ],
      "light": 10,
      "move": 20,
      "sight": 10,
      "sound": 10,
      "dir": 0,
      "door": 0,
      "ds": 0,
      "flags": {},
      "threshold": {
        "light": null,
        "sight": null,
        "sound": null,
        "attenuation": false
      },
      "_key": "!scenes.walls!hQxmXfQwPEP8kjTl.9LMAp019IN3t4Qzr"
    },
    {
      "_id": "5cg3xUKHcamhfbjA",
      "c": [
        1062,
        1325,
        1087,
        1325
      ],
      "light": 10,
      "move": 20,
      "sight": 10,
      "sound": 10,
      "dir": 0,
      "door": 0,
      "ds": 0,
      "flags": {},
      "threshold": {
        "light": null,
        "sight": null,
        "sound": null,
        "attenuation": false
      },
      "_key": "!scenes.walls!hQxmXfQwPEP8kjTl.5cg3xUKHcamhfbjA"
    },
    {
      "_id": "b614FMoQPAVUQwmF",
      "c": [
        1087,
        1325,
        1100,
        1337
      ],
      "light": 10,
      "move": 20,
      "sight": 10,
      "sound": 10,
      "dir": 0,
      "door": 0,
      "ds": 0,
      "flags": {},
      "threshold": {
        "light": null,
        "sight": null,
        "sound": null,
        "attenuation": false
      },
      "_key": "!scenes.walls!hQxmXfQwPEP8kjTl.b614FMoQPAVUQwmF"
    },
    {
      "_id": "3IBUkmyvmJnlDP3L",
      "c": [
        500,
        1312,
        512,
        1312
      ],
      "light": 10,
      "move": 20,
      "sight": 10,
      "sound": 10,
      "dir": 0,
      "door": 0,
      "ds": 0,
      "flags": {},
      "threshold": {
        "light": null,
        "sight": null,
        "sound": null,
        "attenuation": false
      },
      "_key": "!scenes.walls!hQxmXfQwPEP8kjTl.3IBUkmyvmJnlDP3L"
    },
    {
      "_id": "mFrmXH24S86Zfp90",
      "c": [
        512,
        1312,
        525,
        1300
      ],
      "light": 10,
      "move": 20,
      "sight": 10,
      "sound": 10,
      "dir": 0,
      "door": 0,
      "ds": 0,
      "flags": {},
      "threshold": {
        "light": null,
        "sight": null,
        "sound": null,
        "attenuation": false
      },
      "_key": "!scenes.walls!hQxmXfQwPEP8kjTl.mFrmXH24S86Zfp90"
    },
    {
      "_id": "COr2WKLohAUCiI5M",
      "c": [
        525,
        1300,
        523,
        1281
      ],
      "light": 10,
      "move": 20,
      "sight": 10,
      "sound": 10,
      "dir": 0,
      "door": 0,
      "ds": 0,
      "flags": {},
      "threshold": {
        "light": null,
        "sight": null,
        "sound": null,
        "attenuation": false
      },
      "_key": "!scenes.walls!hQxmXfQwPEP8kjTl.COr2WKLohAUCiI5M"
    },
    {
      "_id": "fz9y2hUMTYiTEr14",
      "c": [
        523,
        1281,
        500,
        1275
      ],
      "light": 10,
      "move": 20,
      "sight": 10,
      "sound": 10,
      "dir": 0,
      "door": 0,
      "ds": 0,
      "flags": {},
      "threshold": {
        "light": null,
        "sight": null,
        "sound": null,
        "attenuation": false
      },
      "_key": "!scenes.walls!hQxmXfQwPEP8kjTl.fz9y2hUMTYiTEr14"
    },
    {
      "_id": "9XyujBTxzrVvRDMf",
      "c": [
        2387,
        1475,
        2375,
        1500
      ],
      "light": 10,
      "move": 20,
      "sight": 10,
      "sound": 10,
      "dir": 0,
      "door": 0,
      "ds": 0,
      "flags": {},
      "threshold": {
        "light": null,
        "sight": null,
        "sound": null,
        "attenuation": false
      },
      "_key": "!scenes.walls!hQxmXfQwPEP8kjTl.9XyujBTxzrVvRDMf"
    },
    {
      "_id": "FfTtDXOe6SSC27XR",
      "c": [
        2375,
        1500,
        2350,
        1500
      ],
      "light": 10,
      "move": 20,
      "sight": 10,
      "sound": 10,
      "dir": 0,
      "door": 0,
      "ds": 0,
      "flags": {},
      "threshold": {
        "light": null,
        "sight": null,
        "sound": null,
        "attenuation": false
      },
      "_key": "!scenes.walls!hQxmXfQwPEP8kjTl.FfTtDXOe6SSC27XR"
    },
    {
      "_id": "Bc3yLS7Q0IyfosQL",
      "c": [
        2350,
        1500,
        2337,
        1475
      ],
      "light": 10,
      "move": 20,
      "sight": 10,
      "sound": 10,
      "dir": 0,
      "door": 0,
      "ds": 0,
      "flags": {},
      "threshold": {
        "light": null,
        "sight": null,
        "sound": null,
        "attenuation": false
      },
      "_key": "!scenes.walls!hQxmXfQwPEP8kjTl.Bc3yLS7Q0IyfosQL"
    },
    {
      "_id": "T4GgzxNt9Ot8AkfR",
      "c": [
        2337,
        1475,
        2350,
        1450
      ],
      "light": 10,
      "move": 20,
      "sight": 10,
      "sound": 10,
      "dir": 0,
      "door": 0,
      "ds": 0,
      "flags": {},
      "threshold": {
        "light": null,
        "sight": null,
        "sound": null,
        "attenuation": false
      },
      "_key": "!scenes.walls!hQxmXfQwPEP8kjTl.T4GgzxNt9Ot8AkfR"
    },
    {
      "_id": "MTT5IFYpePhJGhRn",
      "c": [
        2350,
        1450,
        2375,
        1450
      ],
      "light": 10,
      "move": 20,
      "sight": 10,
      "sound": 10,
      "dir": 0,
      "door": 0,
      "ds": 0,
      "flags": {},
      "threshold": {
        "light": null,
        "sight": null,
        "sound": null,
        "attenuation": false
      },
      "_key": "!scenes.walls!hQxmXfQwPEP8kjTl.MTT5IFYpePhJGhRn"
    },
    {
      "_id": "z5VaheSTFOqQaNde",
      "c": [
        2375,
        1450,
        2387,
        1475
      ],
      "light": 10,
      "move": 20,
      "sight": 10,
      "sound": 10,
      "dir": 0,
      "door": 0,
      "ds": 0,
      "flags": {},
      "threshold": {
        "light": null,
        "sight": null,
        "sound": null,
        "attenuation": false
      },
      "_key": "!scenes.walls!hQxmXfQwPEP8kjTl.z5VaheSTFOqQaNde"
    },
    {
      "_id": "6279BtiO6YqeyMd9",
      "c": [
        2225,
        2700,
        2212,
        2687
      ],
      "light": 10,
      "move": 20,
      "sight": 10,
      "sound": 10,
      "dir": 0,
      "door": 0,
      "ds": 0,
      "flags": {},
      "threshold": {
        "light": null,
        "sight": null,
        "sound": null,
        "attenuation": false
      },
      "_key": "!scenes.walls!hQxmXfQwPEP8kjTl.6279BtiO6YqeyMd9"
    },
    {
      "_id": "sLXY9clgo7GCSOwx",
      "c": [
        2212,
        2687,
        2187,
        2687
      ],
      "light": 10,
      "move": 20,
      "sight": 10,
      "sound": 10,
      "dir": 0,
      "door": 0,
      "ds": 0,
      "flags": {},
      "threshold": {
        "light": null,
        "sight": null,
        "sound": null,
        "attenuation": false
      },
      "_key": "!scenes.walls!hQxmXfQwPEP8kjTl.sLXY9clgo7GCSOwx"
    },
    {
      "_id": "CyWXuyuwaEwrMpOy",
      "c": [
        2187,
        2687,
        2175,
        2712
      ],
      "light": 10,
      "move": 20,
      "sight": 10,
      "sound": 10,
      "dir": 0,
      "door": 0,
      "ds": 0,
      "flags": {},
      "threshold": {
        "light": null,
        "sight": null,
        "sound": null,
        "attenuation": false
      },
      "_key": "!scenes.walls!hQxmXfQwPEP8kjTl.CyWXuyuwaEwrMpOy"
    },
    {
      "_id": "uj63cwJnNcls5dIY",
      "c": [
        2175,
        2712,
        2200,
        2725
      ],
      "light": 10,
      "move": 20,
      "sight": 10,
      "sound": 10,
      "dir": 0,
      "door": 0,
      "ds": 0,
      "flags": {},
      "threshold": {
        "light": null,
        "sight": null,
        "sound": null,
        "attenuation": false
      },
      "_key": "!scenes.walls!hQxmXfQwPEP8kjTl.uj63cwJnNcls5dIY"
    },
    {
      "_id": "HKZXTMcCNrqajTTk",
      "c": [
        2200,
        2725,
        2212,
        2725
      ],
      "light": 10,
      "move": 20,
      "sight": 10,
      "sound": 10,
      "dir": 0,
      "door": 0,
      "ds": 0,
      "flags": {},
      "threshold": {
        "light": null,
        "sight": null,
        "sound": null,
        "attenuation": false
      },
      "_key": "!scenes.walls!hQxmXfQwPEP8kjTl.HKZXTMcCNrqajTTk"
    },
    {
      "_id": "kxj8iJLQrTOBRsz8",
      "c": [
        2212,
        2725,
        2225,
        2700
      ],
      "light": 10,
      "move": 20,
      "sight": 10,
      "sound": 10,
      "dir": 0,
      "door": 0,
      "ds": 0,
      "flags": {},
      "threshold": {
        "light": null,
        "sight": null,
        "sound": null,
        "attenuation": false
      },
      "_key": "!scenes.walls!hQxmXfQwPEP8kjTl.kxj8iJLQrTOBRsz8"
    },
    {
      "_id": "qsvTpYilhBbL9mQ7",
      "c": [
        1787,
        2750,
        1775,
        2762
      ],
      "light": 10,
      "move": 20,
      "sight": 10,
      "sound": 10,
      "dir": 0,
      "door": 0,
      "ds": 0,
      "flags": {},
      "threshold": {
        "light": null,
        "sight": null,
        "sound": null,
        "attenuation": false
      },
      "_key": "!scenes.walls!hQxmXfQwPEP8kjTl.qsvTpYilhBbL9mQ7"
    },
    {
      "_id": "8e1bmvQalzMJvnfC",
      "c": [
        1775,
        2762,
        1750,
        2762
      ],
      "light": 10,
      "move": 20,
      "sight": 10,
      "sound": 10,
      "dir": 0,
      "door": 0,
      "ds": 0,
      "flags": {},
      "threshold": {
        "light": null,
        "sight": null,
        "sound": null,
        "attenuation": false
      },
      "_key": "!scenes.walls!hQxmXfQwPEP8kjTl.8e1bmvQalzMJvnfC"
    },
    {
      "_id": "l1At2pasHO9oioGG",
      "c": [
        1750,
        2762,
        1750,
        2737
      ],
      "light": 10,
      "move": 20,
      "sight": 10,
      "sound": 10,
      "dir": 0,
      "door": 0,
      "ds": 0,
      "flags": {},
      "threshold": {
        "light": null,
        "sight": null,
        "sound": null,
        "attenuation": false
      },
      "_key": "!scenes.walls!hQxmXfQwPEP8kjTl.l1At2pasHO9oioGG"
    },
    {
      "_id": "WrpNV7GBlzjrg9XK",
      "c": [
        1750,
        2737,
        1762,
        2725
      ],
      "light": 10,
      "move": 20,
      "sight": 10,
      "sound": 10,
      "dir": 0,
      "door": 0,
      "ds": 0,
      "flags": {},
      "threshold": {
        "light": null,
        "sight": null,
        "sound": null,
        "attenuation": false
      },
      "_key": "!scenes.walls!hQxmXfQwPEP8kjTl.WrpNV7GBlzjrg9XK"
    },
    {
      "_id": "o86XtFet01fT3lJz",
      "c": [
        1762,
        2725,
        1787,
        2725
      ],
      "light": 10,
      "move": 20,
      "sight": 10,
      "sound": 10,
      "dir": 0,
      "door": 0,
      "ds": 0,
      "flags": {},
      "threshold": {
        "light": null,
        "sight": null,
        "sound": null,
        "attenuation": false
      },
      "_key": "!scenes.walls!hQxmXfQwPEP8kjTl.o86XtFet01fT3lJz"
    },
    {
      "_id": "zXjs43uv1tubcAxn",
      "c": [
        1787,
        2725,
        1787,
        2750
      ],
      "light": 10,
      "move": 20,
      "sight": 10,
      "sound": 10,
      "dir": 0,
      "door": 0,
      "ds": 0,
      "flags": {},
      "threshold": {
        "light": null,
        "sight": null,
        "sound": null,
        "attenuation": false
      },
      "_key": "!scenes.walls!hQxmXfQwPEP8kjTl.zXjs43uv1tubcAxn"
    },
    {
      "_id": "FPa1ekfxXngY5eNg",
      "c": [
        1462,
        2962,
        1462,
        2975
      ],
      "light": 10,
      "move": 20,
      "sight": 10,
      "sound": 10,
      "dir": 0,
      "door": 0,
      "ds": 0,
      "flags": {},
      "threshold": {
        "light": null,
        "sight": null,
        "sound": null,
        "attenuation": false
      },
      "_key": "!scenes.walls!hQxmXfQwPEP8kjTl.FPa1ekfxXngY5eNg"
    },
    {
      "_id": "Vm76lsLmU0NrX5UK",
      "c": [
        1462,
        2975,
        1437,
        2987
      ],
      "light": 10,
      "move": 20,
      "sight": 10,
      "sound": 10,
      "dir": 0,
      "door": 0,
      "ds": 0,
      "flags": {},
      "threshold": {
        "light": null,
        "sight": null,
        "sound": null,
        "attenuation": false
      },
      "_key": "!scenes.walls!hQxmXfQwPEP8kjTl.Vm76lsLmU0NrX5UK"
    },
    {
      "_id": "uAp0ikoesWUicbWT",
      "c": [
        1437,
        2987,
        1425,
        2987
      ],
      "light": 10,
      "move": 20,
      "sight": 10,
      "sound": 10,
      "dir": 0,
      "door": 0,
      "ds": 0,
      "flags": {},
      "threshold": {
        "light": null,
        "sight": null,
        "sound": null,
        "attenuation": false
      },
      "_key": "!scenes.walls!hQxmXfQwPEP8kjTl.uAp0ikoesWUicbWT"
    },
    {
      "_id": "U0Xuynd9bzJOXAN1",
      "c": [
        1425,
        2987,
        1412,
        2975
      ],
      "light": 10,
      "move": 20,
      "sight": 10,
      "sound": 10,
      "dir": 0,
      "door": 0,
      "ds": 0,
      "flags": {},
      "threshold": {
        "light": null,
        "sight": null,
        "sound": null,
        "attenuation": false
      },
      "_key": "!scenes.walls!hQxmXfQwPEP8kjTl.U0Xuynd9bzJOXAN1"
    },
    {
      "_id": "MINdAHwpnm7PiLMU",
      "c": [
        1412,
        2975,
        1425,
        2950
      ],
      "light": 10,
      "move": 20,
      "sight": 10,
      "sound": 10,
      "dir": 0,
      "door": 0,
      "ds": 0,
      "flags": {},
      "threshold": {
        "light": null,
        "sight": null,
        "sound": null,
        "attenuation": false
      },
      "_key": "!scenes.walls!hQxmXfQwPEP8kjTl.MINdAHwpnm7PiLMU"
    },
    {
      "_id": "YskZ4Wn826KSMv60",
      "c": [
        1425,
        2950,
        1437,
        2950
      ],
      "light": 10,
      "move": 20,
      "sight": 10,
      "sound": 10,
      "dir": 0,
      "door": 0,
      "ds": 0,
      "flags": {},
      "threshold": {
        "light": null,
        "sight": null,
        "sound": null,
        "attenuation": false
      },
      "_key": "!scenes.walls!hQxmXfQwPEP8kjTl.YskZ4Wn826KSMv60"
    },
    {
      "_id": "8gSWUmFB6wWVG6a1",
      "c": [
        1437,
        2950,
        1462,
        2962
      ],
      "light": 10,
      "move": 20,
      "sight": 10,
      "sound": 10,
      "dir": 0,
      "door": 0,
      "ds": 0,
      "flags": {},
      "threshold": {
        "light": null,
        "sight": null,
        "sound": null,
        "attenuation": false
      },
      "_key": "!scenes.walls!hQxmXfQwPEP8kjTl.8gSWUmFB6wWVG6a1"
    },
    {
      "_id": "bmdp8hLTRB0Y8y5M",
      "c": [
        1775,
        3162,
        1775,
        3187
      ],
      "light": 10,
      "move": 20,
      "sight": 10,
      "sound": 10,
      "dir": 0,
      "door": 0,
      "ds": 0,
      "flags": {},
      "threshold": {
        "light": null,
        "sight": null,
        "sound": null,
        "attenuation": false
      },
      "_key": "!scenes.walls!hQxmXfQwPEP8kjTl.bmdp8hLTRB0Y8y5M"
    },
    {
      "_id": "BYtfLqLtql2iBQn6",
      "c": [
        1775,
        3187,
        1762,
        3187
      ],
      "light": 10,
      "move": 20,
      "sight": 10,
      "sound": 10,
      "dir": 0,
      "door": 0,
      "ds": 0,
      "flags": {},
      "threshold": {
        "light": null,
        "sight": null,
        "sound": null,
        "attenuation": false
      },
      "_key": "!scenes.walls!hQxmXfQwPEP8kjTl.BYtfLqLtql2iBQn6"
    },
    {
      "_id": "zDZgLGJLiL59zuFk",
      "c": [
        1762,
        3187,
        1744,
        3185
      ],
      "light": 10,
      "move": 20,
      "sight": 10,
      "sound": 10,
      "dir": 0,
      "door": 0,
      "ds": 0,
      "flags": {},
      "threshold": {
        "light": null,
        "sight": null,
        "sound": null,
        "attenuation": false
      },
      "_key": "!scenes.walls!hQxmXfQwPEP8kjTl.zDZgLGJLiL59zuFk"
    },
    {
      "_id": "t1g76Kqhk7IM8o0B",
      "c": [
        1744,
        3185,
        1743,
        3157
      ],
      "light": 10,
      "move": 20,
      "sight": 10,
      "sound": 10,
      "dir": 0,
      "door": 0,
      "ds": 0,
      "flags": {},
      "threshold": {
        "light": null,
        "sight": null,
        "sound": null,
        "attenuation": false
      },
      "_key": "!scenes.walls!hQxmXfQwPEP8kjTl.t1g76Kqhk7IM8o0B"
    },
    {
      "_id": "Tf2lVFP3y9bzcEeP",
      "c": [
        1743,
        3157,
        1762,
        3150
      ],
      "light": 10,
      "move": 20,
      "sight": 10,
      "sound": 10,
      "dir": 0,
      "door": 0,
      "ds": 0,
      "flags": {},
      "threshold": {
        "light": null,
        "sight": null,
        "sound": null,
        "attenuation": false
      },
      "_key": "!scenes.walls!hQxmXfQwPEP8kjTl.Tf2lVFP3y9bzcEeP"
    },
    {
      "_id": "NudFxptiH9tsjvY9",
      "c": [
        1762,
        3150,
        1775,
        3162
      ],
      "light": 10,
      "move": 20,
      "sight": 10,
      "sound": 10,
      "dir": 0,
      "door": 0,
      "ds": 0,
      "flags": {},
      "threshold": {
        "light": null,
        "sight": null,
        "sound": null,
        "attenuation": false
      },
      "_key": "!scenes.walls!hQxmXfQwPEP8kjTl.NudFxptiH9tsjvY9"
    },
    {
      "_id": "uV82rn5klj7PUPk8",
      "c": [
        2200,
        3012,
        2187,
        3037
      ],
      "light": 10,
      "move": 20,
      "sight": 10,
      "sound": 10,
      "dir": 0,
      "door": 0,
      "ds": 0,
      "flags": {},
      "threshold": {
        "light": null,
        "sight": null,
        "sound": null,
        "attenuation": false
      },
      "_key": "!scenes.walls!hQxmXfQwPEP8kjTl.uV82rn5klj7PUPk8"
    },
    {
      "_id": "T8dn84DfHgoSQiXF",
      "c": [
        2187,
        3037,
        2162,
        3050
      ],
      "light": 10,
      "move": 20,
      "sight": 10,
      "sound": 10,
      "dir": 0,
      "door": 0,
      "ds": 0,
      "flags": {},
      "threshold": {
        "light": null,
        "sight": null,
        "sound": null,
        "attenuation": false
      },
      "_key": "!scenes.walls!hQxmXfQwPEP8kjTl.T8dn84DfHgoSQiXF"
    },
    {
      "_id": "KrYQcxylWUeDdmp3",
      "c": [
        2162,
        3050,
        2150,
        3025
      ],
      "light": 10,
      "move": 20,
      "sight": 10,
      "sound": 10,
      "dir": 0,
      "door": 0,
      "ds": 0,
      "flags": {},
      "threshold": {
        "light": null,
        "sight": null,
        "sound": null,
        "attenuation": false
      },
      "_key": "!scenes.walls!hQxmXfQwPEP8kjTl.KrYQcxylWUeDdmp3"
    },
    {
      "_id": "oftsUFcfN95rvjlW",
      "c": [
        2150,
        3025,
        2150,
        3000
      ],
      "light": 10,
      "move": 20,
      "sight": 10,
      "sound": 10,
      "dir": 0,
      "door": 0,
      "ds": 0,
      "flags": {},
      "threshold": {
        "light": null,
        "sight": null,
        "sound": null,
        "attenuation": false
      },
      "_key": "!scenes.walls!hQxmXfQwPEP8kjTl.oftsUFcfN95rvjlW"
    },
    {
      "_id": "pJexiLHABZe4pAZu",
      "c": [
        2150,
        3000,
        2162,
        2987
      ],
      "light": 10,
      "move": 20,
      "sight": 10,
      "sound": 10,
      "dir": 0,
      "door": 0,
      "ds": 0,
      "flags": {},
      "threshold": {
        "light": null,
        "sight": null,
        "sound": null,
        "attenuation": false
      },
      "_key": "!scenes.walls!hQxmXfQwPEP8kjTl.pJexiLHABZe4pAZu"
    },
    {
      "_id": "KhuhJaS75kOKU3Nf",
      "c": [
        2162,
        2987,
        2187,
        3000
      ],
      "light": 10,
      "move": 20,
      "sight": 10,
      "sound": 10,
      "dir": 0,
      "door": 0,
      "ds": 0,
      "flags": {},
      "threshold": {
        "light": null,
        "sight": null,
        "sound": null,
        "attenuation": false
      },
      "_key": "!scenes.walls!hQxmXfQwPEP8kjTl.KhuhJaS75kOKU3Nf"
    },
    {
      "_id": "L7vGUGlopcnkO2kH",
      "c": [
        2187,
        3000,
        2200,
        3012
      ],
      "light": 10,
      "move": 20,
      "sight": 10,
      "sound": 10,
      "dir": 0,
      "door": 0,
      "ds": 0,
      "flags": {},
      "threshold": {
        "light": null,
        "sight": null,
        "sound": null,
        "attenuation": false
      },
      "_key": "!scenes.walls!hQxmXfQwPEP8kjTl.L7vGUGlopcnkO2kH"
    },
    {
      "_id": "QT2HWvnlWj0t3G8N",
      "c": [
        2250,
        3250,
        2262,
        3250
      ],
      "light": 10,
      "move": 20,
      "sight": 10,
      "sound": 10,
      "dir": 0,
      "door": 0,
      "ds": 0,
      "flags": {},
      "threshold": {
        "light": null,
        "sight": null,
        "sound": null,
        "attenuation": false
      },
      "_key": "!scenes.walls!hQxmXfQwPEP8kjTl.QT2HWvnlWj0t3G8N"
    },
    {
      "_id": "6GhSmE4Q9wOtv0nP",
      "c": [
        2262,
        3250,
        2275,
        3262
      ],
      "light": 10,
      "move": 20,
      "sight": 10,
      "sound": 10,
      "dir": 0,
      "door": 0,
      "ds": 0,
      "flags": {},
      "threshold": {
        "light": null,
        "sight": null,
        "sound": null,
        "attenuation": false
      },
      "_key": "!scenes.walls!hQxmXfQwPEP8kjTl.6GhSmE4Q9wOtv0nP"
    },
    {
      "_id": "sOizOd6gErPmC4ZS",
      "c": [
        2275,
        3262,
        2271,
        3284
      ],
      "light": 10,
      "move": 20,
      "sight": 10,
      "sound": 10,
      "dir": 0,
      "door": 0,
      "ds": 0,
      "flags": {},
      "threshold": {
        "light": null,
        "sight": null,
        "sound": null,
        "attenuation": false
      },
      "_key": "!scenes.walls!hQxmXfQwPEP8kjTl.sOizOd6gErPmC4ZS"
    },
    {
      "_id": "Mi1cEEpU7ctWNMaJ",
      "c": [
        2271,
        3284,
        2242,
        3275
      ],
      "light": 10,
      "move": 20,
      "sight": 10,
      "sound": 10,
      "dir": 0,
      "door": 0,
      "ds": 0,
      "flags": {},
      "threshold": {
        "light": null,
        "sight": null,
        "sound": null,
        "attenuation": false
      },
      "_key": "!scenes.walls!hQxmXfQwPEP8kjTl.Mi1cEEpU7ctWNMaJ"
    },
    {
      "_id": "XERTRnqjleP3PDOj",
      "c": [
        2242,
        3275,
        2250,
        3250
      ],
      "light": 10,
      "move": 20,
      "sight": 10,
      "sound": 10,
      "dir": 0,
      "door": 0,
      "ds": 0,
      "flags": {},
      "threshold": {
        "light": null,
        "sight": null,
        "sound": null,
        "attenuation": false
      },
      "_key": "!scenes.walls!hQxmXfQwPEP8kjTl.XERTRnqjleP3PDOj"
    },
    {
      "_id": "E83crmiYDC5mXxj6",
      "c": [
        1312,
        3250,
        1325,
        3225
      ],
      "light": 10,
      "move": 20,
      "sight": 10,
      "sound": 10,
      "dir": 0,
      "door": 0,
      "ds": 0,
      "flags": {},
      "threshold": {
        "light": null,
        "sight": null,
        "sound": null,
        "attenuation": false
      },
      "_key": "!scenes.walls!hQxmXfQwPEP8kjTl.E83crmiYDC5mXxj6"
    },
    {
      "_id": "eEjJuF6erR4yIBd3",
      "c": [
        1325,
        3225,
        1350,
        3225
      ],
      "light": 10,
      "move": 20,
      "sight": 10,
      "sound": 10,
      "dir": 0,
      "door": 0,
      "ds": 0,
      "flags": {},
      "threshold": {
        "light": null,
        "sight": null,
        "sound": null,
        "attenuation": false
      },
      "_key": "!scenes.walls!hQxmXfQwPEP8kjTl.eEjJuF6erR4yIBd3"
    },
    {
      "_id": "oiK3i2LecWyD1bKa",
      "c": [
        1350,
        3225,
        1362,
        3250
      ],
      "light": 10,
      "move": 20,
      "sight": 10,
      "sound": 10,
      "dir": 0,
      "door": 0,
      "ds": 0,
      "flags": {},
      "threshold": {
        "light": null,
        "sight": null,
        "sound": null,
        "attenuation": false
      },
      "_key": "!scenes.walls!hQxmXfQwPEP8kjTl.oiK3i2LecWyD1bKa"
    },
    {
      "_id": "syzb8k2GaK7B1vqv",
      "c": [
        1362,
        3250,
        1350,
        3275
      ],
      "light": 10,
      "move": 20,
      "sight": 10,
      "sound": 10,
      "dir": 0,
      "door": 0,
      "ds": 0,
      "flags": {},
      "threshold": {
        "light": null,
        "sight": null,
        "sound": null,
        "attenuation": false
      },
      "_key": "!scenes.walls!hQxmXfQwPEP8kjTl.syzb8k2GaK7B1vqv"
    },
    {
      "_id": "yDTinz6xThcqxe4B",
      "c": [
        1350,
        3275,
        1325,
        3275
      ],
      "light": 10,
      "move": 20,
      "sight": 10,
      "sound": 10,
      "dir": 0,
      "door": 0,
      "ds": 0,
      "flags": {},
      "threshold": {
        "light": null,
        "sight": null,
        "sound": null,
        "attenuation": false
      },
      "_key": "!scenes.walls!hQxmXfQwPEP8kjTl.yDTinz6xThcqxe4B"
    },
    {
      "_id": "v8SHO4ZSTPrv90D0",
      "c": [
        1325,
        3275,
        1312,
        3250
      ],
      "light": 10,
      "move": 20,
      "sight": 10,
      "sound": 10,
      "dir": 0,
      "door": 0,
      "ds": 0,
      "flags": {},
      "threshold": {
        "light": null,
        "sight": null,
        "sound": null,
        "attenuation": false
      },
      "_key": "!scenes.walls!hQxmXfQwPEP8kjTl.v8SHO4ZSTPrv90D0"
    },
    {
      "_id": "RX1SBpjDyxv8UNhK",
      "c": [
        1037,
        3125,
        1062,
        3112
      ],
      "light": 10,
      "move": 20,
      "sight": 10,
      "sound": 10,
      "dir": 0,
      "door": 0,
      "ds": 0,
      "flags": {},
      "threshold": {
        "light": null,
        "sight": null,
        "sound": null,
        "attenuation": false
      },
      "_key": "!scenes.walls!hQxmXfQwPEP8kjTl.RX1SBpjDyxv8UNhK"
    },
    {
      "_id": "2M9qJaYQTPWWUJ6x",
      "c": [
        1062,
        3112,
        1087,
        3125
      ],
      "light": 10,
      "move": 20,
      "sight": 10,
      "sound": 10,
      "dir": 0,
      "door": 0,
      "ds": 0,
      "flags": {},
      "threshold": {
        "light": null,
        "sight": null,
        "sound": null,
        "attenuation": false
      },
      "_key": "!scenes.walls!hQxmXfQwPEP8kjTl.2M9qJaYQTPWWUJ6x"
    },
    {
      "_id": "V6bjmkpASNZdQ1lM",
      "c": [
        1087,
        3125,
        1087,
        3137
      ],
      "light": 10,
      "move": 20,
      "sight": 10,
      "sound": 10,
      "dir": 0,
      "door": 0,
      "ds": 0,
      "flags": {},
      "threshold": {
        "light": null,
        "sight": null,
        "sound": null,
        "attenuation": false
      },
      "_key": "!scenes.walls!hQxmXfQwPEP8kjTl.V6bjmkpASNZdQ1lM"
    },
    {
      "_id": "iuSkO0x6s3P8xBn1",
      "c": [
        1087,
        3137,
        1075,
        3162
      ],
      "light": 10,
      "move": 20,
      "sight": 10,
      "sound": 10,
      "dir": 0,
      "door": 0,
      "ds": 0,
      "flags": {},
      "threshold": {
        "light": null,
        "sight": null,
        "sound": null,
        "attenuation": false
      },
      "_key": "!scenes.walls!hQxmXfQwPEP8kjTl.iuSkO0x6s3P8xBn1"
    },
    {
      "_id": "cdnUdWX8EprgKwQI",
      "c": [
        1075,
        3162,
        1050,
        3162
      ],
      "light": 10,
      "move": 20,
      "sight": 10,
      "sound": 10,
      "dir": 0,
      "door": 0,
      "ds": 0,
      "flags": {},
      "threshold": {
        "light": null,
        "sight": null,
        "sound": null,
        "attenuation": false
      },
      "_key": "!scenes.walls!hQxmXfQwPEP8kjTl.cdnUdWX8EprgKwQI"
    },
    {
      "_id": "wfxlL09nKlGADg2t",
      "c": [
        1050,
        3162,
        1037,
        3125
      ],
      "light": 10,
      "move": 20,
      "sight": 10,
      "sound": 10,
      "dir": 0,
      "door": 0,
      "ds": 0,
      "flags": {},
      "threshold": {
        "light": null,
        "sight": null,
        "sound": null,
        "attenuation": false
      },
      "_key": "!scenes.walls!hQxmXfQwPEP8kjTl.wfxlL09nKlGADg2t"
    },
    {
      "_id": "oBoq2EyUDOFLXRRo",
      "c": [
        675,
        3212,
        662,
        3187
      ],
      "light": 10,
      "move": 20,
      "sight": 10,
      "sound": 10,
      "dir": 0,
      "door": 0,
      "ds": 0,
      "flags": {},
      "threshold": {
        "light": null,
        "sight": null,
        "sound": null,
        "attenuation": false
      },
      "_key": "!scenes.walls!hQxmXfQwPEP8kjTl.oBoq2EyUDOFLXRRo"
    },
    {
      "_id": "mTEntSVnZKAuUcGd",
      "c": [
        700,
        3212,
        675,
        3212
      ],
      "light": 10,
      "move": 20,
      "sight": 10,
      "sound": 10,
      "dir": 0,
      "door": 0,
      "ds": 0,
      "flags": {},
      "threshold": {
        "light": null,
        "sight": null,
        "sound": null,
        "attenuation": false
      },
      "_key": "!scenes.walls!hQxmXfQwPEP8kjTl.mTEntSVnZKAuUcGd"
    },
    {
      "_id": "uMJ5p5ZL0V3kiS01",
      "c": [
        712,
        3187,
        700,
        3212
      ],
      "light": 10,
      "move": 20,
      "sight": 10,
      "sound": 10,
      "dir": 0,
      "door": 0,
      "ds": 0,
      "flags": {},
      "threshold": {
        "light": null,
        "sight": null,
        "sound": null,
        "attenuation": false
      },
      "_key": "!scenes.walls!hQxmXfQwPEP8kjTl.uMJ5p5ZL0V3kiS01"
    },
    {
      "_id": "NVKpUVDGt9dlZhA5",
      "c": [
        705,
        3167,
        712,
        3187
      ],
      "light": 10,
      "move": 20,
      "sight": 10,
      "sound": 10,
      "dir": 0,
      "door": 0,
      "ds": 0,
      "flags": {},
      "threshold": {
        "light": null,
        "sight": null,
        "sound": null,
        "attenuation": false
      },
      "_key": "!scenes.walls!hQxmXfQwPEP8kjTl.NVKpUVDGt9dlZhA5"
    },
    {
      "_id": "oU7GSDl4GAiYC3ku",
      "c": [
        675,
        3162,
        705,
        3167
      ],
      "light": 10,
      "move": 20,
      "sight": 10,
      "sound": 10,
      "dir": 0,
      "door": 0,
      "ds": 0,
      "flags": {},
      "threshold": {
        "light": null,
        "sight": null,
        "sound": null,
        "attenuation": false
      },
      "_key": "!scenes.walls!hQxmXfQwPEP8kjTl.oU7GSDl4GAiYC3ku"
    },
    {
      "_id": "07XlH65GZTDKmnjP",
      "c": [
        662,
        3187,
        675,
        3162
      ],
      "light": 10,
      "move": 20,
      "sight": 10,
      "sound": 10,
      "dir": 0,
      "door": 0,
      "ds": 0,
      "flags": {},
      "threshold": {
        "light": null,
        "sight": null,
        "sound": null,
        "attenuation": false
      },
      "_key": "!scenes.walls!hQxmXfQwPEP8kjTl.07XlH65GZTDKmnjP"
    },
    {
      "_id": "HPaHMo5CanJ47uDi",
      "c": [
        1037,
        2812,
        1062,
        2800
      ],
      "light": 10,
      "move": 20,
      "sight": 10,
      "sound": 10,
      "dir": 0,
      "door": 0,
      "ds": 0,
      "flags": {},
      "threshold": {
        "light": null,
        "sight": null,
        "sound": null,
        "attenuation": false
      },
      "_key": "!scenes.walls!hQxmXfQwPEP8kjTl.HPaHMo5CanJ47uDi"
    },
    {
      "_id": "sH3WfTfkrb2GAoGO",
      "c": [
        1062,
        2800,
        1087,
        2812
      ],
      "light": 10,
      "move": 20,
      "sight": 10,
      "sound": 10,
      "dir": 0,
      "door": 0,
      "ds": 0,
      "flags": {},
      "threshold": {
        "light": null,
        "sight": null,
        "sound": null,
        "attenuation": false
      },
      "_key": "!scenes.walls!hQxmXfQwPEP8kjTl.sH3WfTfkrb2GAoGO"
    },
    {
      "_id": "t5PXRIY41svOnH24",
      "c": [
        1087,
        2812,
        1075,
        2837
      ],
      "light": 10,
      "move": 20,
      "sight": 10,
      "sound": 10,
      "dir": 0,
      "door": 0,
      "ds": 0,
      "flags": {},
      "threshold": {
        "light": null,
        "sight": null,
        "sound": null,
        "attenuation": false
      },
      "_key": "!scenes.walls!hQxmXfQwPEP8kjTl.t5PXRIY41svOnH24"
    },
    {
      "_id": "NJNHO2qNHKV7yIqv",
      "c": [
        1075,
        2837,
        1050,
        2837
      ],
      "light": 10,
      "move": 20,
      "sight": 10,
      "sound": 10,
      "dir": 0,
      "door": 0,
      "ds": 0,
      "flags": {},
      "threshold": {
        "light": null,
        "sight": null,
        "sound": null,
        "attenuation": false
      },
      "_key": "!scenes.walls!hQxmXfQwPEP8kjTl.NJNHO2qNHKV7yIqv"
    },
    {
      "_id": "5wFV29Ltwcr51EFb",
      "c": [
        1050,
        2837,
        1037,
        2812
      ],
      "light": 10,
      "move": 20,
      "sight": 10,
      "sound": 10,
      "dir": 0,
      "door": 0,
      "ds": 0,
      "flags": {},
      "threshold": {
        "light": null,
        "sight": null,
        "sound": null,
        "attenuation": false
      },
      "_key": "!scenes.walls!hQxmXfQwPEP8kjTl.5wFV29Ltwcr51EFb"
    },
    {
      "_id": "bp26rgTvtbMFi5Gm",
      "c": [
        637,
        2837,
        637,
        2812
      ],
      "light": 10,
      "move": 20,
      "sight": 10,
      "sound": 10,
      "dir": 0,
      "door": 0,
      "ds": 0,
      "flags": {},
      "threshold": {
        "light": null,
        "sight": null,
        "sound": null,
        "attenuation": false
      },
      "_key": "!scenes.walls!hQxmXfQwPEP8kjTl.bp26rgTvtbMFi5Gm"
    },
    {
      "_id": "xjV6a3oi4zaWLxbZ",
      "c": [
        637,
        2812,
        662,
        2812
      ],
      "light": 10,
      "move": 20,
      "sight": 10,
      "sound": 10,
      "dir": 0,
      "door": 0,
      "ds": 0,
      "flags": {},
      "threshold": {
        "light": null,
        "sight": null,
        "sound": null,
        "attenuation": false
      },
      "_key": "!scenes.walls!hQxmXfQwPEP8kjTl.xjV6a3oi4zaWLxbZ"
    },
    {
      "_id": "MfuICiSquS8wM5Zl",
      "c": [
        662,
        2812,
        687,
        2837
      ],
      "light": 10,
      "move": 20,
      "sight": 10,
      "sound": 10,
      "dir": 0,
      "door": 0,
      "ds": 0,
      "flags": {},
      "threshold": {
        "light": null,
        "sight": null,
        "sound": null,
        "attenuation": false
      },
      "_key": "!scenes.walls!hQxmXfQwPEP8kjTl.MfuICiSquS8wM5Zl"
    },
    {
      "_id": "xRuzJXDxXVqjsXC0",
      "c": [
        687,
        2837,
        675,
        2862
      ],
      "light": 10,
      "move": 20,
      "sight": 10,
      "sound": 10,
      "dir": 0,
      "door": 0,
      "ds": 0,
      "flags": {},
      "threshold": {
        "light": null,
        "sight": null,
        "sound": null,
        "attenuation": false
      },
      "_key": "!scenes.walls!hQxmXfQwPEP8kjTl.xRuzJXDxXVqjsXC0"
    },
    {
      "_id": "m253aorRxDbNnyK6",
      "c": [
        675,
        2862,
        650,
        2862
      ],
      "light": 10,
      "move": 20,
      "sight": 10,
      "sound": 10,
      "dir": 0,
      "door": 0,
      "ds": 0,
      "flags": {},
      "threshold": {
        "light": null,
        "sight": null,
        "sound": null,
        "attenuation": false
      },
      "_key": "!scenes.walls!hQxmXfQwPEP8kjTl.m253aorRxDbNnyK6"
    },
    {
      "_id": "tyr5UUsvIVb5PQ28",
      "c": [
        650,
        2862,
        637,
        2837
      ],
      "light": 10,
      "move": 20,
      "sight": 10,
      "sound": 10,
      "dir": 0,
      "door": 0,
      "ds": 0,
      "flags": {},
      "threshold": {
        "light": null,
        "sight": null,
        "sound": null,
        "attenuation": false
      },
      "_key": "!scenes.walls!hQxmXfQwPEP8kjTl.tyr5UUsvIVb5PQ28"
    },
    {
      "_id": "7Cu3stfpveBxu2p8",
      "c": [
        1405,
        1142,
        1387,
        1162
      ],
      "light": 10,
      "move": 20,
      "sight": 10,
      "sound": 10,
      "dir": 0,
      "door": 0,
      "ds": 0,
      "flags": {},
      "threshold": {
        "light": null,
        "sight": null,
        "sound": null,
        "attenuation": false
      },
      "_key": "!scenes.walls!hQxmXfQwPEP8kjTl.7Cu3stfpveBxu2p8"
    },
    {
      "_id": "Et7Cv2JNtkFso5Tb",
      "c": [
        1387,
        1162,
        1362,
        1162
      ],
      "light": 10,
      "move": 20,
      "sight": 10,
      "sound": 10,
      "dir": 0,
      "door": 0,
      "ds": 0,
      "flags": {},
      "threshold": {
        "light": null,
        "sight": null,
        "sound": null,
        "attenuation": false
      },
      "_key": "!scenes.walls!hQxmXfQwPEP8kjTl.Et7Cv2JNtkFso5Tb"
    },
    {
      "_id": "fEddof0N6ouVA0tR",
      "c": [
        1362,
        1162,
        1350,
        1150
      ],
      "light": 10,
      "move": 20,
      "sight": 10,
      "sound": 10,
      "dir": 0,
      "door": 0,
      "ds": 0,
      "flags": {},
      "threshold": {
        "light": null,
        "sight": null,
        "sound": null,
        "attenuation": false
      },
      "_key": "!scenes.walls!hQxmXfQwPEP8kjTl.fEddof0N6ouVA0tR"
    },
    {
      "_id": "7xCiN65AVMtk0N22",
      "c": [
        1350,
        1150,
        1350,
        1125
      ],
      "light": 10,
      "move": 20,
      "sight": 10,
      "sound": 10,
      "dir": 0,
      "door": 0,
      "ds": 0,
      "flags": {},
      "threshold": {
        "light": null,
        "sight": null,
        "sound": null,
        "attenuation": false
      },
      "_key": "!scenes.walls!hQxmXfQwPEP8kjTl.7xCiN65AVMtk0N22"
    },
    {
      "_id": "dzFTcQQdQTcXcLCo",
      "c": [
        1350,
        1125,
        1375,
        1112
      ],
      "light": 10,
      "move": 20,
      "sight": 10,
      "sound": 10,
      "dir": 0,
      "door": 0,
      "ds": 0,
      "flags": {},
      "threshold": {
        "light": null,
        "sight": null,
        "sound": null,
        "attenuation": false
      },
      "_key": "!scenes.walls!hQxmXfQwPEP8kjTl.dzFTcQQdQTcXcLCo"
    },
    {
      "_id": "WMlYBAZ94vnLTRHY",
      "c": [
        1375,
        1112,
        1393,
        1116
      ],
      "light": 10,
      "move": 20,
      "sight": 10,
      "sound": 10,
      "dir": 0,
      "door": 0,
      "ds": 0,
      "flags": {},
      "threshold": {
        "light": null,
        "sight": null,
        "sound": null,
        "attenuation": false
      },
      "_key": "!scenes.walls!hQxmXfQwPEP8kjTl.WMlYBAZ94vnLTRHY"
    },
    {
      "_id": "VdWN5eEfRAfXkN5w",
      "c": [
        1393,
        1116,
        1405,
        1142
      ],
      "light": 10,
      "move": 20,
      "sight": 10,
      "sound": 10,
      "dir": 0,
      "door": 0,
      "ds": 0,
      "flags": {},
      "threshold": {
        "light": null,
        "sight": null,
        "sound": null,
        "attenuation": false
      },
      "_key": "!scenes.walls!hQxmXfQwPEP8kjTl.VdWN5eEfRAfXkN5w"
    },
    {
      "dir": 0,
      "door": 0,
      "ds": 0,
      "light": 20,
      "sight": 20,
      "sound": 20,
      "move": 20,
      "c": [
        500,
        700,
        2400,
        700
      ],
      "_id": "Y7WZ0jFRQCi2M5iW",
      "flags": {},
      "threshold": {
        "light": null,
        "sight": null,
        "sound": null,
        "attenuation": false
      },
      "_key": "!scenes.walls!hQxmXfQwPEP8kjTl.Y7WZ0jFRQCi2M5iW"
    },
    {
      "dir": 0,
      "door": 0,
      "ds": 0,
      "light": 20,
      "sight": 20,
      "sound": 20,
      "move": 20,
      "c": [
        2400,
        700,
        2400,
        3300
      ],
      "_id": "lzplXl6IWQlmDtx0",
      "flags": {},
      "threshold": {
        "light": null,
        "sight": null,
        "sound": null,
        "attenuation": false
      },
      "_key": "!scenes.walls!hQxmXfQwPEP8kjTl.lzplXl6IWQlmDtx0"
    },
    {
      "dir": 0,
      "door": 0,
      "ds": 0,
      "light": 20,
      "sight": 20,
      "sound": 20,
      "move": 20,
      "c": [
        2400,
        3300,
        500,
        3300
      ],
      "_id": "6iQAxvsxrNJtpxu1",
      "flags": {},
      "threshold": {
        "light": null,
        "sight": null,
        "sound": null,
        "attenuation": false
      },
      "_key": "!scenes.walls!hQxmXfQwPEP8kjTl.6iQAxvsxrNJtpxu1"
    },
    {
      "dir": 0,
      "door": 0,
      "ds": 0,
      "light": 20,
      "sight": 20,
      "sound": 20,
      "move": 20,
      "c": [
        500,
        3300,
        500,
        700
      ],
      "_id": "J6dzA7yTB8WMBcYA",
      "flags": {},
      "threshold": {
        "light": null,
        "sight": null,
        "sound": null,
        "attenuation": false
      },
      "_key": "!scenes.walls!hQxmXfQwPEP8kjTl.J6dzA7yTB8WMBcYA"
    }
  ],
  "playlist": null,
  "playlistSound": null,
  "journal": null,
  "journalEntryPage": null,
  "weather": "",
  "flags": {},
  "_stats": {
    "systemId": "dnd5e",
    "systemVersion": "2.4.1",
    "coreVersion": "12.330",
    "createdTime": 1716548875775,
    "modifiedTime": 1723947134594,
    "lastModifiedBy": "dnd5ebuilder0000",
    "compendiumSource": "Compendium.fa-battlemaps.maps.hQxmXfQwPEP8kjTl",
    "duplicateSource": null
  },
  "_id": "hQxmXfQwPEP8kjTl",
  "active": false,
  "folder": null,
  "sort": 0,
  "ownership": {
    "default": 0
  },
  "regions": [],
  "environment": {
    "globalLight": {
      "luminosity": 0,
      "enabled": true,
      "darkness": {
        "max": 0.7,
        "min": 0
      },
      "alpha": 0.5,
      "bright": false,
      "color": null,
      "coloration": 1,
      "saturation": 0,
      "contrast": 0,
      "shadows": 0
    },
    "darknessLevel": 0,
    "darknessLock": false,
    "cycle": true,
    "base": {
      "hue": 0,
      "intensity": 0,
      "luminosity": 0,
      "saturation": 0,
      "shadows": 0
    },
    "dark": {
      "hue": 0.7138888888888889,
      "intensity": 0,
      "luminosity": -0.25,
      "saturation": 0,
      "shadows": 0
    }
  },
  "fog": {
    "exploration": true,
    "reset": 1716548875773,
    "overlay": null,
    "colors": {
      "explored": null,
      "unexplored": null
    }
  },
  "_key": "!scenes!hQxmXfQwPEP8kjTl"
}
