{
  "name": "Great Cavern [38x20]",
  "navigation": false,
  "navOrder": 0,
  "navName": "",
  "background": {
    "src": "fa_battlemaps/Maps/2022/December/fa_wec_great-cavern/Maps/greatcavernBG.webp",
    "scaleX": 1,
    "scaleY": 1,
    "offsetX": 0,
    "offsetY": 0,
    "rotation": 0,
    "tint": "#ffffff",
    "anchorX": 0,
    "anchorY": 0,
    "fit": "fill",
    "alphaThreshold": 0
  },
  "foreground": "fa_battlemaps/Maps/2022/December/fa_wec_great-cavern/Maps/greatcavernFG.webp",
  "foregroundElevation": 20,
  "thumb": "modules/fa-battlemaps/assets/scenes/ue7VFE7JAxXSHnSt-thumb.webp",
  "width": 3800,
  "height": 2000,
  "padding": 0.25,
  "initial": {
    "x": null,
    "y": null,
    "scale": null
  },
  "backgroundColor": "#000000",
  "grid": {
    "type": 1,
    "size": 100,
    "color": "#000000",
    "alpha": 0.2,
    "distance": 5,
    "units": "ft",
    "style": "solidLines",
    "thickness": 1
  },
  "tokenVision": true,
  "drawings": [],
  "tokens": [],
  "lights": [
    {
      "x": 2750,
      "y": 1150,
      "rotation": 0,
      "walls": true,
      "vision": false,
      "config": {
        "alpha": 0.5,
        "angle": 360,
        "bright": 19.39,
        "color": "#ff9500",
        "coloration": 1,
        "dim": 38.79,
        "attenuation": 0.5,
        "luminosity": 0.5,
        "saturation": 0,
        "contrast": 0,
        "shadows": 0,
        "animation": {
          "type": "torch",
          "speed": 6,
          "intensity": 3,
          "reverse": false
        },
        "darkness": {
          "min": 0,
          "max": 1
        },
        "negative": false,
        "priority": 0
      },
      "hidden": false,
      "flags": {
        "tagger": {
          "tags": [
            "clight1"
          ]
        }
      },
      "_id": "lsWcWgcEgop7VKAZ",
      "elevation": 0,
      "_key": "!scenes.lights!ue7VFE7JAxXSHnSt.lsWcWgcEgop7VKAZ"
    },
    {
      "x": 3550,
      "y": 2050,
      "rotation": 0,
      "walls": true,
      "vision": false,
      "config": {
        "alpha": 0.5,
        "angle": 360,
        "bright": 19.39,
        "color": "#ff9500",
        "coloration": 1,
        "dim": 38.79,
        "attenuation": 0.5,
        "luminosity": 0.5,
        "saturation": 0,
        "contrast": 0,
        "shadows": 0,
        "animation": {
          "type": "torch",
          "speed": 6,
          "intensity": 3,
          "reverse": false
        },
        "darkness": {
          "min": 0,
          "max": 1
        },
        "negative": false,
        "priority": 0
      },
      "hidden": false,
      "flags": {
        "tagger": {
          "tags": [
            "clight2"
          ]
        }
      },
      "_id": "5F2l3PHTLbb2ni1P",
      "elevation": 0,
      "_key": "!scenes.lights!ue7VFE7JAxXSHnSt.5F2l3PHTLbb2ni1P"
    }
  ],
  "notes": [],
  "sounds": [
    {
      "path": "fa_battlemaps/Audio/fire-loop.ogg",
      "x": 2750,
      "y": 1150,
      "radius": 30,
      "easing": true,
      "walls": true,
      "volume": 0.5,
      "darkness": {
        "min": 0,
        "max": 1
      },
      "flags": {
        "tagger": {
          "tags": [
            "clight1"
          ]
        }
      },
      "repeat": false,
      "hidden": false,
      "_id": "9kmrxtRdby3ahS3A",
      "elevation": 0,
      "effects": {
        "base": {
          "intensity": 5
        },
        "muffled": {
          "intensity": 5
        }
      },
      "_key": "!scenes.sounds!ue7VFE7JAxXSHnSt.9kmrxtRdby3ahS3A"
    },
    {
      "path": "fa_battlemaps/Audio/fire-loop.ogg",
      "x": 3538,
      "y": 2050,
      "radius": 30,
      "easing": true,
      "walls": true,
      "volume": 0.5,
      "darkness": {
        "min": 0,
        "max": 1
      },
      "flags": {
        "tagger": {
          "tags": [
            "clight2"
          ]
        }
      },
      "repeat": false,
      "hidden": false,
      "_id": "wsuUwGqafAIFfdyI",
      "elevation": 0,
      "effects": {
        "base": {
          "intensity": 5
        },
        "muffled": {
          "intensity": 5
        }
      },
      "_key": "!scenes.sounds!ue7VFE7JAxXSHnSt.wsuUwGqafAIFfdyI"
    },
    {
      "path": "fa_battlemaps/Audio/CaveAmbience.ogg",
      "x": 3000,
      "y": 1550,
      "radius": 108.19,
      "easing": false,
      "walls": false,
      "volume": 0.3,
      "darkness": {
        "min": 0,
        "max": 1
      },
      "flags": {
        "tagger": {
          "tags": ""
        }
      },
      "repeat": false,
      "hidden": false,
      "_id": "OwMxNbuIRE1QchO6",
      "elevation": 0,
      "effects": {
        "base": {
          "intensity": 5
        },
        "muffled": {
          "intensity": 5
        }
      },
      "_key": "!scenes.sounds!ue7VFE7JAxXSHnSt.OwMxNbuIRE1QchO6"
    }
  ],
  "templates": [],
  "tiles": [
    {
      "texture": {
        "src": "modules/fa-battlemaps/images/Transparent.webp",
        "scaleX": 1,
        "scaleY": 1,
        "offsetX": 0,
        "offsetY": 0,
        "rotation": 0,
        "tint": "#ffffff",
        "anchorX": 0.5,
        "anchorY": 0.5,
        "fit": "fill",
        "alphaThreshold": 0.75
      },
      "width": 50,
      "height": 50,
      "_id": "Hj74uF4DZDWWp9Cz",
      "rotation": 0,
      "alpha": 1,
      "hidden": false,
      "locked": false,
      "occlusion": {
        "mode": 1,
        "alpha": 1
      },
      "video": {
        "loop": true,
        "autoplay": true,
        "volume": 0
      },
      "flags": {
        "tagger": {
          "tags": [
            "lighttrigger"
          ]
        },
        "monks-active-tiles": {
          "active": true,
          "record": false,
          "restriction": "all",
          "controlled": "gm",
          "trigger": [
            "",
            "dblclick"
          ],
          "allowpaused": false,
          "usealpha": false,
          "pointer": false,
          "pertoken": false,
          "minrequired": 0,
          "chance": 100,
          "fileindex": 0,
          "actions": [
            {
              "action": "playsound",
              "data": {
                "audiofile": "fa_battlemaps/Audio/flameblowout.ogg",
                "audiofor": "all",
                "volume": 0.2,
                "loop": false,
                "fade": 0.25,
                "scenerestrict": false,
                "prevent": true
              },
              "id": "V0OsQOAmewIUDAnP"
            },
            {
              "action": "activate",
              "data": {
                "entity": {
                  "id": "tagger:clight1",
                  "match": "all",
                  "scene": "_active",
                  "name": "<i class=\"fas fa-tag fa-sm\"></i> clight1"
                },
                "activate": "toggle"
              },
              "id": "EyUPmYYGhm2NX4sR"
            },
            {
              "action": "alter",
              "data": {
                "entity": {
                  "id": "tagger:l1",
                  "match": "all",
                  "scene": "_active",
                  "name": "<i class=\"fas fa-tag fa-sm\"></i> l1"
                },
                "attribute": "alpha",
                "value": "={{entity.alpha}} == 0 ? 1 : 0",
                "chatMessage": false,
                "rollmode": "roll",
                "collection": "tokens"
              },
              "id": "GYa1CEqjAEo8mz36"
            },
            {
              "action": "alter",
              "data": {
                "entity": {
                  "id": "tagger:l1anim",
                  "match": "all",
                  "scene": "_active",
                  "name": "<i class=\"fas fa-tag fa-sm\"></i> l1anim"
                },
                "attribute": "alpha",
                "value": "={{entity.alpha}} == 0 ? 1 : 0",
                "chatMessage": false,
                "rollmode": "roll",
                "collection": "tokens"
              },
              "id": "Itiz3McVNjoNWpCb"
            }
          ],
          "files": [],
          "name": "",
          "vision": false,
          "cooldown": null
        }
      },
      "x": 2728,
      "y": 1123,
      "elevation": 20,
      "sort": 103,
      "restrictions": {
        "light": false,
        "weather": false
      },
      "_key": "!scenes.tiles!ue7VFE7JAxXSHnSt.Hj74uF4DZDWWp9Cz"
    },
    {
      "texture": {
        "src": "modules/fa-battlemaps/images/Transparent.webp",
        "scaleX": 1,
        "scaleY": 1,
        "offsetX": 0,
        "offsetY": 0,
        "rotation": 0,
        "tint": "#ffffff",
        "anchorX": 0.5,
        "anchorY": 0.5,
        "fit": "fill",
        "alphaThreshold": 0.75
      },
      "width": 50,
      "height": 50,
      "_id": "Zft13prpKy7ykxM5",
      "rotation": 0,
      "alpha": 1,
      "hidden": false,
      "locked": false,
      "occlusion": {
        "mode": 1,
        "alpha": 1
      },
      "video": {
        "loop": true,
        "autoplay": true,
        "volume": 0
      },
      "flags": {
        "tagger": {
          "tags": [
            "lighttrigger"
          ]
        },
        "monks-active-tiles": {
          "active": true,
          "record": false,
          "restriction": "all",
          "controlled": "gm",
          "trigger": [
            "",
            "dblclick"
          ],
          "allowpaused": false,
          "usealpha": false,
          "pointer": false,
          "pertoken": false,
          "minrequired": 0,
          "chance": 100,
          "fileindex": 0,
          "actions": [
            {
              "action": "playsound",
              "data": {
                "audiofile": "fa_battlemaps/Audio/flameblowout.ogg",
                "audiofor": "all",
                "volume": 0.2,
                "loop": false,
                "fade": 0.25,
                "scenerestrict": false,
                "prevent": true
              },
              "id": "V0OsQOAmewIUDAnP"
            },
            {
              "action": "activate",
              "data": {
                "entity": {
                  "id": "tagger:clight2",
                  "match": "all",
                  "scene": "_active",
                  "name": "<i class=\"fas fa-tag fa-sm\"></i> clight2"
                },
                "activate": "toggle"
              },
              "id": "EyUPmYYGhm2NX4sR"
            },
            {
              "action": "alter",
              "data": {
                "entity": {
                  "id": "tagger:l2",
                  "match": "all",
                  "scene": "_active",
                  "name": "<i class=\"fas fa-tag fa-sm\"></i> l2"
                },
                "attribute": "alpha",
                "value": "={{entity.alpha}} == 0 ? 1 : 0",
                "chatMessage": false,
                "rollmode": "roll",
                "collection": "tokens"
              },
              "id": "GYa1CEqjAEo8mz36"
            },
            {
              "action": "alter",
              "data": {
                "entity": {
                  "id": "tagger:l2anim",
                  "match": "all",
                  "scene": "_active",
                  "name": "<i class=\"fas fa-tag fa-sm\"></i> l2anim"
                },
                "attribute": "alpha",
                "value": "={{entity.alpha}} == 0 ? 1 : 0",
                "chatMessage": false,
                "rollmode": "roll",
                "collection": "tokens"
              },
              "id": "vwQ2i4OIpPzp7M7G"
            }
          ],
          "files": [],
          "name": "",
          "vision": false,
          "cooldown": null
        }
      },
      "x": 3513,
      "y": 2025,
      "elevation": 20,
      "sort": 103,
      "restrictions": {
        "light": false,
        "weather": false
      },
      "_key": "!scenes.tiles!ue7VFE7JAxXSHnSt.Zft13prpKy7ykxM5"
    },
    {
      "texture": {
        "src": "fa_battlemaps/Maps/2022/December/fa_wec_great-cavern/Tiles/CavernBrazierNorth.webp",
        "scaleX": 1,
        "scaleY": 1,
        "offsetX": 0,
        "offsetY": 0,
        "rotation": 0,
        "tint": "#ffffff",
        "anchorX": 0.5,
        "anchorY": 0.5,
        "fit": "fill",
        "alphaThreshold": 0.75
      },
      "x": 2400,
      "y": 800,
      "width": 700,
      "height": 700,
      "_id": "Hge0oPOY8BPHsugL",
      "rotation": 0,
      "alpha": 1,
      "hidden": false,
      "locked": true,
      "occlusion": {
        "mode": 0,
        "alpha": 1
      },
      "video": {
        "loop": true,
        "autoplay": true,
        "volume": 0
      },
      "flags": {
        "tagger": {
          "tags": [
            "l1"
          ]
        },
        "monks-active-tiles": {
          "active": true,
          "record": false,
          "restriction": "all",
          "controlled": "gm",
          "trigger": [
            "dblclick"
          ],
          "allowpaused": false,
          "usealpha": false,
          "pointer": false,
          "pertoken": false,
          "minrequired": 0,
          "chance": 100,
          "fileindex": 0,
          "actions": [],
          "files": [],
          "name": "",
          "vision": false,
          "cooldown": null
        }
      },
      "sort": 4,
      "restrictions": {
        "light": false,
        "weather": false
      },
      "elevation": 0,
      "_key": "!scenes.tiles!ue7VFE7JAxXSHnSt.Hge0oPOY8BPHsugL"
    },
    {
      "texture": {
        "src": "fa_battlemaps/Maps/2022/December/fa_wec_great-cavern/Tiles/CavernBrazierSouth.webp",
        "scaleX": 1,
        "scaleY": 1,
        "offsetX": 0,
        "offsetY": 0,
        "rotation": 0,
        "tint": "#ffffff",
        "anchorX": 0.5,
        "anchorY": 0.5,
        "fit": "fill",
        "alphaThreshold": 0.75
      },
      "x": 3200,
      "y": 1700,
      "width": 700,
      "height": 700,
      "_id": "CNfTb5SUEITlimyl",
      "rotation": 0,
      "alpha": 1,
      "hidden": false,
      "locked": true,
      "occlusion": {
        "mode": 0,
        "alpha": 1
      },
      "video": {
        "loop": true,
        "autoplay": true,
        "volume": 0
      },
      "flags": {
        "tagger": {
          "tags": [
            "l2"
          ]
        },
        "monks-active-tiles": {
          "active": true,
          "record": false,
          "restriction": "all",
          "controlled": "gm",
          "trigger": [
            "dblclick"
          ],
          "allowpaused": false,
          "usealpha": false,
          "pointer": false,
          "pertoken": false,
          "minrequired": 0,
          "chance": 100,
          "fileindex": 0,
          "actions": [],
          "files": [],
          "name": "",
          "vision": false,
          "cooldown": null
        }
      },
      "sort": 3,
      "restrictions": {
        "light": false,
        "weather": false
      },
      "elevation": 0,
      "_key": "!scenes.tiles!ue7VFE7JAxXSHnSt.CNfTb5SUEITlimyl"
    },
    {
      "texture": {
        "src": "modules/fa-battlemaps/images/Transparent.webp",
        "scaleX": 1,
        "scaleY": 1,
        "offsetX": 0,
        "offsetY": 0,
        "rotation": 0,
        "tint": "#ffffff",
        "anchorX": 0.5,
        "anchorY": 0.5,
        "fit": "fill",
        "alphaThreshold": 0.75
      },
      "width": 133,
      "height": 125,
      "_id": "3Tb5V0MReTRWLPQL",
      "rotation": 0,
      "alpha": 1,
      "hidden": false,
      "locked": true,
      "occlusion": {
        "mode": 0,
        "alpha": 1
      },
      "video": {
        "loop": true,
        "autoplay": true,
        "volume": 0
      },
      "flags": {
        "tagger": {
          "tags": [
            "l2anim",
            "animation"
          ]
        },
        "monks-active-tiles": {
          "active": false,
          "record": false,
          "restriction": "all",
          "controlled": "gm",
          "trigger": [
            ""
          ],
          "allowpaused": false,
          "usealpha": false,
          "pointer": false,
          "pertoken": false,
          "minrequired": 0,
          "chance": 100,
          "fileindex": 1,
          "actions": [],
          "files": [
            {
              "id": "nIqJ557MxaDNkchm",
              "name": "fa_battlemaps/Animations/Fire_Brazier_A1_01.webm",
              "selected": false
            },
            {
              "id": "siydlVY8vsBHFjIl",
              "name": "modules/fa-battlemaps/images/Transparent.webp",
              "selected": true
            }
          ],
          "name": "",
          "vision": false,
          "cooldown": null
        }
      },
      "x": 3469,
      "y": 1979,
      "sort": 6,
      "restrictions": {
        "light": false,
        "weather": false
      },
      "elevation": 0,
      "_key": "!scenes.tiles!ue7VFE7JAxXSHnSt.3Tb5V0MReTRWLPQL"
    },
    {
      "texture": {
        "src": "modules/fa-battlemaps/images/Transparent.webp",
        "scaleX": 1,
        "scaleY": 1,
        "offsetX": 0,
        "offsetY": 0,
        "rotation": 0,
        "tint": "#ffffff",
        "anchorX": 0.5,
        "anchorY": 0.5,
        "fit": "fill",
        "alphaThreshold": 0.75
      },
      "width": 133,
      "height": 125,
      "rotation": 0,
      "alpha": 1,
      "hidden": false,
      "locked": true,
      "occlusion": {
        "mode": 0,
        "alpha": 1
      },
      "video": {
        "loop": true,
        "autoplay": true,
        "volume": 0
      },
      "flags": {
        "tagger": {
          "tags": [
            "l1anim",
            "animation"
          ]
        },
        "monks-active-tiles": {
          "active": false,
          "record": false,
          "restriction": "all",
          "controlled": "gm",
          "trigger": [
            ""
          ],
          "allowpaused": false,
          "usealpha": false,
          "pointer": false,
          "pertoken": false,
          "minrequired": 0,
          "chance": 100,
          "fileindex": 1,
          "actions": [],
          "files": [
            {
              "id": "nIqJ557MxaDNkchm",
              "name": "fa_battlemaps/Animations/Fire_Brazier_A1_01.webm",
              "selected": false
            },
            {
              "id": "siydlVY8vsBHFjIl",
              "name": "modules/fa-battlemaps/images/Transparent.webp",
              "selected": true
            }
          ],
          "name": "",
          "vision": false,
          "cooldown": null
        }
      },
      "x": 2681,
      "y": 1078,
      "_id": "b4uuf4LDWEa4eKdK",
      "sort": 5,
      "restrictions": {
        "light": false,
        "weather": false
      },
      "elevation": 0,
      "_key": "!scenes.tiles!ue7VFE7JAxXSHnSt.b4uuf4LDWEa4eKdK"
    },
    {
      "texture": {
        "src": "modules/fa-battlemaps/images/SmallScroll.png",
        "scaleX": 1,
        "scaleY": 1,
        "offsetX": 0,
        "offsetY": 0,
        "rotation": 0,
        "tint": "#ffffff",
        "anchorX": 0.5,
        "anchorY": 0.5,
        "fit": "fill",
        "alphaThreshold": 0.75
      },
      "width": 300,
      "height": 100,
      "_id": "E5Td8s9kUR3F6WGn",
      "rotation": 0,
      "alpha": 1,
      "hidden": false,
      "locked": true,
      "occlusion": {
        "mode": 0,
        "alpha": 1
      },
      "video": {
        "loop": true,
        "autoplay": true,
        "volume": 0
      },
      "flags": {},
      "x": 4850,
      "y": 500,
      "sort": 1,
      "restrictions": {
        "light": false,
        "weather": false
      },
      "elevation": 0,
      "_key": "!scenes.tiles!ue7VFE7JAxXSHnSt.E5Td8s9kUR3F6WGn"
    },
    {
      "texture": {
        "src": "modules/fa-battlemaps/images/AnimationsText.png",
        "scaleX": 1,
        "scaleY": 1,
        "offsetX": 0,
        "offsetY": 0,
        "rotation": 0,
        "tint": "#890101",
        "anchorX": 0.5,
        "anchorY": 0.5,
        "fit": "fill",
        "alphaThreshold": 0.75
      },
      "width": 300,
      "height": 50,
      "_id": "ys01fTAI3Q6VdrP7",
      "rotation": 0,
      "alpha": 1,
      "hidden": false,
      "locked": true,
      "occlusion": {
        "mode": 0,
        "alpha": 1
      },
      "video": {
        "loop": true,
        "autoplay": true,
        "volume": 0
      },
      "flags": {
        "tagger": {},
        "monks-active-tiles": {
          "active": true,
          "record": false,
          "restriction": "all",
          "controlled": "gm",
          "trigger": [
            "dblclick"
          ],
          "allowpaused": false,
          "usealpha": false,
          "pointer": false,
          "pertoken": false,
          "minrequired": 0,
          "chance": 100,
          "fileindex": 0,
          "actions": [
            {
              "action": "alter",
              "data": {
                "entity": {
                  "id": "tile",
                  "name": "This Tile"
                },
                "attribute": "texture.tint",
                "value": "='{{entity.texture.tint}}' == '#000000' ? '#890101' : '#000000'",
                "chatMessage": false,
                "rollmode": "roll"
              },
              "id": "fvLp0ljjW6MzvkyP"
            },
            {
              "action": "tileimage",
              "data": {
                "entity": {
                  "id": "tagger:animation",
                  "match": "all",
                  "scene": "_active",
                  "name": "<i class=\"fas fa-tag fa-sm\"></i> animation"
                },
                "select": "next",
                "transition": "none",
                "speed": 1,
                "loop": 1
              },
              "id": "E1mIlGeoHkKxFNyu"
            },
            {
              "action": "playanimation",
              "data": {
                "entity": {
                  "id": "tagger:animation",
                  "match": "all",
                  "scene": "_active",
                  "name": "<i class=\"fas fa-tag fa-sm\"></i> animation"
                },
                "play": "start",
                "animatefor": "all"
              },
              "id": "XCIeetk0uQ77qyxJ"
            }
          ],
          "files": []
        }
      },
      "x": 4851,
      "y": 525,
      "sort": 2,
      "restrictions": {
        "light": false,
        "weather": false
      },
      "elevation": 0,
      "_key": "!scenes.tiles!ue7VFE7JAxXSHnSt.ys01fTAI3Q6VdrP7"
    }
  ],
  "walls": [
    {
      "_id": "QKoJV4awJtOMMZQE",
      "c": [
        4800,
        2500,
        1000,
        2500
      ],
      "light": 20,
      "move": 20,
      "sight": 20,
      "sound": 20,
      "dir": 0,
      "door": 0,
      "ds": 0,
      "flags": {},
      "threshold": {
        "light": null,
        "sight": null,
        "sound": null,
        "attenuation": false
      },
      "_key": "!scenes.walls!ue7VFE7JAxXSHnSt.QKoJV4awJtOMMZQE"
    },
    {
      "_id": "NW4Kg32enoRxQUCY",
      "c": [
        1000,
        2500,
        1000,
        500
      ],
      "light": 20,
      "move": 20,
      "sight": 20,
      "sound": 20,
      "dir": 0,
      "door": 0,
      "ds": 0,
      "flags": {},
      "threshold": {
        "light": null,
        "sight": null,
        "sound": null,
        "attenuation": false
      },
      "_key": "!scenes.walls!ue7VFE7JAxXSHnSt.NW4Kg32enoRxQUCY"
    },
    {
      "_id": "tqQHpbr3FRrlaTvP",
      "c": [
        1000,
        500,
        4800,
        500
      ],
      "light": 20,
      "move": 20,
      "sight": 20,
      "sound": 20,
      "dir": 0,
      "door": 0,
      "ds": 0,
      "flags": {},
      "threshold": {
        "light": null,
        "sight": null,
        "sound": null,
        "attenuation": false
      },
      "_key": "!scenes.walls!ue7VFE7JAxXSHnSt.tqQHpbr3FRrlaTvP"
    },
    {
      "_id": "41apfup5CLRyjzmd",
      "c": [
        4800,
        500,
        4800,
        2500
      ],
      "light": 20,
      "move": 20,
      "sight": 20,
      "sound": 20,
      "dir": 0,
      "door": 0,
      "ds": 0,
      "flags": {},
      "threshold": {
        "light": null,
        "sight": null,
        "sound": null,
        "attenuation": false
      },
      "_key": "!scenes.walls!ue7VFE7JAxXSHnSt.41apfup5CLRyjzmd"
    },
    {
      "_id": "dkHasNLWGNZQl4ba",
      "c": [
        4800,
        625,
        4412,
        625
      ],
      "light": 20,
      "move": 20,
      "sight": 20,
      "sound": 20,
      "dir": 0,
      "door": 0,
      "ds": 0,
      "flags": {},
      "threshold": {
        "light": null,
        "sight": null,
        "sound": null,
        "attenuation": false
      },
      "_key": "!scenes.walls!ue7VFE7JAxXSHnSt.dkHasNLWGNZQl4ba"
    },
    {
      "_id": "4Og8rcJ3KPZ0fTtq",
      "c": [
        4412,
        625,
        4412,
        800
      ],
      "light": 20,
      "move": 20,
      "sight": 20,
      "sound": 20,
      "dir": 0,
      "door": 0,
      "ds": 0,
      "flags": {},
      "threshold": {
        "light": null,
        "sight": null,
        "sound": null,
        "attenuation": false
      },
      "_key": "!scenes.walls!ue7VFE7JAxXSHnSt.4Og8rcJ3KPZ0fTtq"
    },
    {
      "_id": "Q5SKDmj4y1pERGfY",
      "c": [
        4412,
        800,
        4225,
        812
      ],
      "light": 20,
      "move": 20,
      "sight": 20,
      "sound": 20,
      "dir": 0,
      "door": 0,
      "ds": 0,
      "flags": {},
      "threshold": {
        "light": null,
        "sight": null,
        "sound": null,
        "attenuation": false
      },
      "_key": "!scenes.walls!ue7VFE7JAxXSHnSt.Q5SKDmj4y1pERGfY"
    },
    {
      "_id": "CpjDfmQSEbFVMgiX",
      "c": [
        4225,
        812,
        4237,
        1312
      ],
      "light": 20,
      "move": 20,
      "sight": 20,
      "sound": 20,
      "dir": 0,
      "door": 0,
      "ds": 0,
      "flags": {},
      "threshold": {
        "light": null,
        "sight": null,
        "sound": null,
        "attenuation": false
      },
      "_key": "!scenes.walls!ue7VFE7JAxXSHnSt.CpjDfmQSEbFVMgiX"
    },
    {
      "_id": "eUrbVhxDkm0YLdMX",
      "c": [
        4237,
        1312,
        4387,
        1387
      ],
      "light": 20,
      "move": 20,
      "sight": 20,
      "sound": 20,
      "dir": 0,
      "door": 0,
      "ds": 0,
      "flags": {},
      "threshold": {
        "light": null,
        "sight": null,
        "sound": null,
        "attenuation": false
      },
      "_key": "!scenes.walls!ue7VFE7JAxXSHnSt.eUrbVhxDkm0YLdMX"
    },
    {
      "_id": "QHKFzF0EUjaPfOZc",
      "c": [
        4387,
        1387,
        4400,
        1400
      ],
      "light": 20,
      "move": 20,
      "sight": 20,
      "sound": 20,
      "dir": 0,
      "door": 0,
      "ds": 0,
      "flags": {},
      "threshold": {
        "light": null,
        "sight": null,
        "sound": null,
        "attenuation": false
      },
      "_key": "!scenes.walls!ue7VFE7JAxXSHnSt.QHKFzF0EUjaPfOZc"
    },
    {
      "_id": "IgVNJdUwYYh1cx6t",
      "c": [
        4400,
        1400,
        4475,
        1362
      ],
      "light": 20,
      "move": 20,
      "sight": 20,
      "sound": 20,
      "dir": 0,
      "door": 0,
      "ds": 0,
      "flags": {},
      "threshold": {
        "light": null,
        "sight": null,
        "sound": null,
        "attenuation": false
      },
      "_key": "!scenes.walls!ue7VFE7JAxXSHnSt.IgVNJdUwYYh1cx6t"
    },
    {
      "_id": "lNAt6EQFWajxL3Jl",
      "c": [
        4475,
        1362,
        4587,
        1450
      ],
      "light": 20,
      "move": 20,
      "sight": 20,
      "sound": 20,
      "dir": 0,
      "door": 0,
      "ds": 0,
      "flags": {},
      "threshold": {
        "light": null,
        "sight": null,
        "sound": null,
        "attenuation": false
      },
      "_key": "!scenes.walls!ue7VFE7JAxXSHnSt.lNAt6EQFWajxL3Jl"
    },
    {
      "_id": "wcNh9wcONlvoInGs",
      "c": [
        4587,
        1450,
        4612,
        1537
      ],
      "light": 20,
      "move": 20,
      "sight": 20,
      "sound": 20,
      "dir": 0,
      "door": 0,
      "ds": 0,
      "flags": {},
      "threshold": {
        "light": null,
        "sight": null,
        "sound": null,
        "attenuation": false
      },
      "_key": "!scenes.walls!ue7VFE7JAxXSHnSt.wcNh9wcONlvoInGs"
    },
    {
      "_id": "R7p4RxsdMDTl7kaH",
      "c": [
        4612,
        1537,
        4575,
        1587
      ],
      "light": 20,
      "move": 20,
      "sight": 20,
      "sound": 20,
      "dir": 0,
      "door": 0,
      "ds": 0,
      "flags": {},
      "threshold": {
        "light": null,
        "sight": null,
        "sound": null,
        "attenuation": false
      },
      "_key": "!scenes.walls!ue7VFE7JAxXSHnSt.R7p4RxsdMDTl7kaH"
    },
    {
      "_id": "5lbIsQgWlVXW6ikB",
      "c": [
        4575,
        1587,
        4650,
        1612
      ],
      "light": 20,
      "move": 20,
      "sight": 20,
      "sound": 20,
      "dir": 0,
      "door": 0,
      "ds": 0,
      "flags": {},
      "threshold": {
        "light": null,
        "sight": null,
        "sound": null,
        "attenuation": false
      },
      "_key": "!scenes.walls!ue7VFE7JAxXSHnSt.5lbIsQgWlVXW6ikB"
    },
    {
      "_id": "wv6JUAzSNnPqD5yc",
      "c": [
        4650,
        1612,
        4700,
        1775
      ],
      "light": 20,
      "move": 20,
      "sight": 20,
      "sound": 20,
      "dir": 0,
      "door": 0,
      "ds": 0,
      "flags": {},
      "threshold": {
        "light": null,
        "sight": null,
        "sound": null,
        "attenuation": false
      },
      "_key": "!scenes.walls!ue7VFE7JAxXSHnSt.wv6JUAzSNnPqD5yc"
    },
    {
      "_id": "Cr62ELUKJXfQbSAs",
      "c": [
        4700,
        1775,
        4600,
        1850
      ],
      "light": 20,
      "move": 20,
      "sight": 20,
      "sound": 20,
      "dir": 0,
      "door": 0,
      "ds": 0,
      "flags": {},
      "threshold": {
        "light": null,
        "sight": null,
        "sound": null,
        "attenuation": false
      },
      "_key": "!scenes.walls!ue7VFE7JAxXSHnSt.Cr62ELUKJXfQbSAs"
    },
    {
      "_id": "GFx0r9i1wvPavFRY",
      "c": [
        4600,
        1850,
        4562,
        1900
      ],
      "light": 20,
      "move": 20,
      "sight": 20,
      "sound": 20,
      "dir": 0,
      "door": 0,
      "ds": 0,
      "flags": {},
      "threshold": {
        "light": null,
        "sight": null,
        "sound": null,
        "attenuation": false
      },
      "_key": "!scenes.walls!ue7VFE7JAxXSHnSt.GFx0r9i1wvPavFRY"
    },
    {
      "_id": "9b1Dmql1joMdnt5N",
      "c": [
        4562,
        1900,
        4525,
        2000
      ],
      "light": 20,
      "move": 20,
      "sight": 20,
      "sound": 20,
      "dir": 0,
      "door": 0,
      "ds": 0,
      "flags": {},
      "threshold": {
        "light": null,
        "sight": null,
        "sound": null,
        "attenuation": false
      },
      "_key": "!scenes.walls!ue7VFE7JAxXSHnSt.9b1Dmql1joMdnt5N"
    },
    {
      "_id": "ZDJJGlOhppEDxtIP",
      "c": [
        4525,
        2000,
        4462,
        2025
      ],
      "light": 20,
      "move": 20,
      "sight": 20,
      "sound": 20,
      "dir": 0,
      "door": 0,
      "ds": 0,
      "flags": {},
      "threshold": {
        "light": null,
        "sight": null,
        "sound": null,
        "attenuation": false
      },
      "_key": "!scenes.walls!ue7VFE7JAxXSHnSt.ZDJJGlOhppEDxtIP"
    },
    {
      "_id": "4ddWy0aNTZPq9hVA",
      "c": [
        4462,
        2025,
        4487,
        2100
      ],
      "light": 20,
      "move": 20,
      "sight": 20,
      "sound": 20,
      "dir": 0,
      "door": 0,
      "ds": 0,
      "flags": {},
      "threshold": {
        "light": null,
        "sight": null,
        "sound": null,
        "attenuation": false
      },
      "_key": "!scenes.walls!ue7VFE7JAxXSHnSt.4ddWy0aNTZPq9hVA"
    },
    {
      "_id": "xSB3iCKJ2phXcAEa",
      "c": [
        4487,
        2100,
        4437,
        2162
      ],
      "light": 20,
      "move": 20,
      "sight": 20,
      "sound": 20,
      "dir": 0,
      "door": 0,
      "ds": 0,
      "flags": {},
      "threshold": {
        "light": null,
        "sight": null,
        "sound": null,
        "attenuation": false
      },
      "_key": "!scenes.walls!ue7VFE7JAxXSHnSt.xSB3iCKJ2phXcAEa"
    },
    {
      "_id": "VwSiyZwmI8Yj1KB6",
      "c": [
        4437,
        2162,
        4337,
        2187
      ],
      "light": 20,
      "move": 20,
      "sight": 20,
      "sound": 20,
      "dir": 0,
      "door": 0,
      "ds": 0,
      "flags": {},
      "threshold": {
        "light": null,
        "sight": null,
        "sound": null,
        "attenuation": false
      },
      "_key": "!scenes.walls!ue7VFE7JAxXSHnSt.VwSiyZwmI8Yj1KB6"
    },
    {
      "_id": "8eApaV7bQzJotGj6",
      "c": [
        4337,
        2187,
        4312,
        2212
      ],
      "light": 20,
      "move": 20,
      "sight": 20,
      "sound": 20,
      "dir": 0,
      "door": 0,
      "ds": 0,
      "flags": {},
      "threshold": {
        "light": null,
        "sight": null,
        "sound": null,
        "attenuation": false
      },
      "_key": "!scenes.walls!ue7VFE7JAxXSHnSt.8eApaV7bQzJotGj6"
    },
    {
      "_id": "Jfc1jdLZTpi4648c",
      "c": [
        4312,
        2212,
        4150,
        2275
      ],
      "light": 20,
      "move": 20,
      "sight": 20,
      "sound": 20,
      "dir": 0,
      "door": 0,
      "ds": 0,
      "flags": {},
      "threshold": {
        "light": null,
        "sight": null,
        "sound": null,
        "attenuation": false
      },
      "_key": "!scenes.walls!ue7VFE7JAxXSHnSt.Jfc1jdLZTpi4648c"
    },
    {
      "_id": "1EFpiD23WuQlMBwN",
      "c": [
        4150,
        2275,
        4050,
        2225
      ],
      "light": 20,
      "move": 20,
      "sight": 20,
      "sound": 20,
      "dir": 0,
      "door": 0,
      "ds": 0,
      "flags": {},
      "threshold": {
        "light": null,
        "sight": null,
        "sound": null,
        "attenuation": false
      },
      "_key": "!scenes.walls!ue7VFE7JAxXSHnSt.1EFpiD23WuQlMBwN"
    },
    {
      "_id": "e3APLYLuRH8gaPmS",
      "c": [
        4050,
        2225,
        3950,
        2275
      ],
      "light": 20,
      "move": 20,
      "sight": 20,
      "sound": 20,
      "dir": 0,
      "door": 0,
      "ds": 0,
      "flags": {},
      "threshold": {
        "light": null,
        "sight": null,
        "sound": null,
        "attenuation": false
      },
      "_key": "!scenes.walls!ue7VFE7JAxXSHnSt.e3APLYLuRH8gaPmS"
    },
    {
      "_id": "OKwCbdIV4zRMF5PI",
      "c": [
        3950,
        2275,
        3862,
        2400
      ],
      "light": 20,
      "move": 20,
      "sight": 20,
      "sound": 20,
      "dir": 0,
      "door": 0,
      "ds": 0,
      "flags": {},
      "threshold": {
        "light": null,
        "sight": null,
        "sound": null,
        "attenuation": false
      },
      "_key": "!scenes.walls!ue7VFE7JAxXSHnSt.OKwCbdIV4zRMF5PI"
    },
    {
      "_id": "8xAeHW7aMguXsVyn",
      "c": [
        3862,
        2400,
        3837,
        2500
      ],
      "light": 20,
      "move": 20,
      "sight": 20,
      "sound": 20,
      "dir": 0,
      "door": 0,
      "ds": 0,
      "flags": {},
      "threshold": {
        "light": null,
        "sight": null,
        "sound": null,
        "attenuation": false
      },
      "_key": "!scenes.walls!ue7VFE7JAxXSHnSt.8xAeHW7aMguXsVyn"
    },
    {
      "_id": "OwEKcpsTvL1tZWMM",
      "c": [
        3537,
        2500,
        3500,
        2387
      ],
      "light": 20,
      "move": 20,
      "sight": 20,
      "sound": 20,
      "dir": 0,
      "door": 0,
      "ds": 0,
      "flags": {},
      "threshold": {
        "light": null,
        "sight": null,
        "sound": null,
        "attenuation": false
      },
      "_key": "!scenes.walls!ue7VFE7JAxXSHnSt.OwEKcpsTvL1tZWMM"
    },
    {
      "_id": "qRJgFd6R82XC3aBG",
      "c": [
        3500,
        2387,
        3450,
        2375
      ],
      "light": 20,
      "move": 20,
      "sight": 20,
      "sound": 20,
      "dir": 0,
      "door": 0,
      "ds": 0,
      "flags": {},
      "threshold": {
        "light": null,
        "sight": null,
        "sound": null,
        "attenuation": false
      },
      "_key": "!scenes.walls!ue7VFE7JAxXSHnSt.qRJgFd6R82XC3aBG"
    },
    {
      "_id": "owx1b3fb1g5jqhMr",
      "c": [
        3450,
        2375,
        3350,
        2425
      ],
      "light": 20,
      "move": 20,
      "sight": 20,
      "sound": 20,
      "dir": 0,
      "door": 0,
      "ds": 0,
      "flags": {},
      "threshold": {
        "light": null,
        "sight": null,
        "sound": null,
        "attenuation": false
      },
      "_key": "!scenes.walls!ue7VFE7JAxXSHnSt.owx1b3fb1g5jqhMr"
    },
    {
      "_id": "YkZnOTeajmZKRHYb",
      "c": [
        3350,
        2425,
        3200,
        2375
      ],
      "light": 20,
      "move": 20,
      "sight": 20,
      "sound": 20,
      "dir": 0,
      "door": 0,
      "ds": 0,
      "flags": {},
      "threshold": {
        "light": null,
        "sight": null,
        "sound": null,
        "attenuation": false
      },
      "_key": "!scenes.walls!ue7VFE7JAxXSHnSt.YkZnOTeajmZKRHYb"
    },
    {
      "_id": "ynm60TxrogJhcVnP",
      "c": [
        3200,
        2375,
        3175,
        2337
      ],
      "light": 20,
      "move": 20,
      "sight": 20,
      "sound": 20,
      "dir": 0,
      "door": 0,
      "ds": 0,
      "flags": {},
      "threshold": {
        "light": null,
        "sight": null,
        "sound": null,
        "attenuation": false
      },
      "_key": "!scenes.walls!ue7VFE7JAxXSHnSt.ynm60TxrogJhcVnP"
    },
    {
      "_id": "B8yTR1kxunYzY49T",
      "c": [
        3175,
        2337,
        3075,
        2325
      ],
      "light": 20,
      "move": 20,
      "sight": 20,
      "sound": 20,
      "dir": 0,
      "door": 0,
      "ds": 0,
      "flags": {},
      "threshold": {
        "light": null,
        "sight": null,
        "sound": null,
        "attenuation": false
      },
      "_key": "!scenes.walls!ue7VFE7JAxXSHnSt.B8yTR1kxunYzY49T"
    },
    {
      "_id": "GYjQtLCTD6jWBQEy",
      "c": [
        3075,
        2325,
        2937,
        2250
      ],
      "light": 20,
      "move": 20,
      "sight": 20,
      "sound": 20,
      "dir": 0,
      "door": 0,
      "ds": 0,
      "flags": {},
      "threshold": {
        "light": null,
        "sight": null,
        "sound": null,
        "attenuation": false
      },
      "_key": "!scenes.walls!ue7VFE7JAxXSHnSt.GYjQtLCTD6jWBQEy"
    },
    {
      "_id": "NVc3pTMKXfM3Mo66",
      "c": [
        2937,
        2250,
        2937,
        2200
      ],
      "light": 20,
      "move": 20,
      "sight": 20,
      "sound": 20,
      "dir": 0,
      "door": 0,
      "ds": 0,
      "flags": {},
      "threshold": {
        "light": null,
        "sight": null,
        "sound": null,
        "attenuation": false
      },
      "_key": "!scenes.walls!ue7VFE7JAxXSHnSt.NVc3pTMKXfM3Mo66"
    },
    {
      "_id": "37bOZ59MPjEZvm2b",
      "c": [
        2937,
        2200,
        2850,
        2137
      ],
      "light": 20,
      "move": 20,
      "sight": 20,
      "sound": 20,
      "dir": 0,
      "door": 0,
      "ds": 0,
      "flags": {},
      "threshold": {
        "light": null,
        "sight": null,
        "sound": null,
        "attenuation": false
      },
      "_key": "!scenes.walls!ue7VFE7JAxXSHnSt.37bOZ59MPjEZvm2b"
    },
    {
      "_id": "3YBG74tJEXCRZ1pJ",
      "c": [
        2850,
        2137,
        2762,
        2050
      ],
      "light": 20,
      "move": 20,
      "sight": 20,
      "sound": 20,
      "dir": 0,
      "door": 0,
      "ds": 0,
      "flags": {},
      "threshold": {
        "light": null,
        "sight": null,
        "sound": null,
        "attenuation": false
      },
      "_key": "!scenes.walls!ue7VFE7JAxXSHnSt.3YBG74tJEXCRZ1pJ"
    },
    {
      "_id": "Od7cL6Zkh4Q5zbif",
      "c": [
        2762,
        2050,
        2637,
        2100
      ],
      "light": 20,
      "move": 20,
      "sight": 20,
      "sound": 20,
      "dir": 0,
      "door": 0,
      "ds": 0,
      "flags": {},
      "threshold": {
        "light": null,
        "sight": null,
        "sound": null,
        "attenuation": false
      },
      "_key": "!scenes.walls!ue7VFE7JAxXSHnSt.Od7cL6Zkh4Q5zbif"
    },
    {
      "_id": "G1X7bzS0Kzg3mn94",
      "c": [
        2637,
        2100,
        2462,
        2000
      ],
      "light": 20,
      "move": 20,
      "sight": 20,
      "sound": 20,
      "dir": 0,
      "door": 0,
      "ds": 0,
      "flags": {},
      "threshold": {
        "light": null,
        "sight": null,
        "sound": null,
        "attenuation": false
      },
      "_key": "!scenes.walls!ue7VFE7JAxXSHnSt.G1X7bzS0Kzg3mn94"
    },
    {
      "_id": "kITZLg3pnzeobkKr",
      "c": [
        2462,
        2000,
        2375,
        2025
      ],
      "light": 20,
      "move": 20,
      "sight": 20,
      "sound": 20,
      "dir": 0,
      "door": 0,
      "ds": 0,
      "flags": {},
      "threshold": {
        "light": null,
        "sight": null,
        "sound": null,
        "attenuation": false
      },
      "_key": "!scenes.walls!ue7VFE7JAxXSHnSt.kITZLg3pnzeobkKr"
    },
    {
      "_id": "uKDRWCXdAiN6oN1u",
      "c": [
        2375,
        2025,
        2212,
        1925
      ],
      "light": 20,
      "move": 20,
      "sight": 20,
      "sound": 20,
      "dir": 0,
      "door": 0,
      "ds": 0,
      "flags": {},
      "threshold": {
        "light": null,
        "sight": null,
        "sound": null,
        "attenuation": false
      },
      "_key": "!scenes.walls!ue7VFE7JAxXSHnSt.uKDRWCXdAiN6oN1u"
    },
    {
      "_id": "EodVb2OYDhhz723t",
      "c": [
        2212,
        1925,
        2137,
        1912
      ],
      "light": 20,
      "move": 20,
      "sight": 20,
      "sound": 20,
      "dir": 0,
      "door": 0,
      "ds": 0,
      "flags": {},
      "threshold": {
        "light": null,
        "sight": null,
        "sound": null,
        "attenuation": false
      },
      "_key": "!scenes.walls!ue7VFE7JAxXSHnSt.EodVb2OYDhhz723t"
    },
    {
      "_id": "BPatHUeWpm5JcTAy",
      "c": [
        2137,
        1912,
        2050,
        1950
      ],
      "light": 20,
      "move": 20,
      "sight": 20,
      "sound": 20,
      "dir": 0,
      "door": 0,
      "ds": 0,
      "flags": {},
      "threshold": {
        "light": null,
        "sight": null,
        "sound": null,
        "attenuation": false
      },
      "_key": "!scenes.walls!ue7VFE7JAxXSHnSt.BPatHUeWpm5JcTAy"
    },
    {
      "_id": "wGmW6FXAtbMpG6IQ",
      "c": [
        2050,
        1950,
        2037,
        2112
      ],
      "light": 20,
      "move": 20,
      "sight": 20,
      "sound": 20,
      "dir": 0,
      "door": 0,
      "ds": 0,
      "flags": {},
      "threshold": {
        "light": null,
        "sight": null,
        "sound": null,
        "attenuation": false
      },
      "_key": "!scenes.walls!ue7VFE7JAxXSHnSt.wGmW6FXAtbMpG6IQ"
    },
    {
      "_id": "IcK7NiubMMuT4Jwh",
      "c": [
        2037,
        2112,
        2025,
        2275
      ],
      "light": 20,
      "move": 20,
      "sight": 20,
      "sound": 20,
      "dir": 0,
      "door": 0,
      "ds": 0,
      "flags": {},
      "threshold": {
        "light": null,
        "sight": null,
        "sound": null,
        "attenuation": false
      },
      "_key": "!scenes.walls!ue7VFE7JAxXSHnSt.IcK7NiubMMuT4Jwh"
    },
    {
      "_id": "4U0tuyFf3UCgpJzF",
      "c": [
        2025,
        2275,
        2075,
        2500
      ],
      "light": 20,
      "move": 20,
      "sight": 20,
      "sound": 20,
      "dir": 0,
      "door": 0,
      "ds": 0,
      "flags": {},
      "threshold": {
        "light": null,
        "sight": null,
        "sound": null,
        "attenuation": false
      },
      "_key": "!scenes.walls!ue7VFE7JAxXSHnSt.4U0tuyFf3UCgpJzF"
    },
    {
      "_id": "N9hkTIVO1OuhUxoN",
      "c": [
        1725,
        2500,
        1762,
        2287
      ],
      "light": 20,
      "move": 20,
      "sight": 20,
      "sound": 20,
      "dir": 0,
      "door": 0,
      "ds": 0,
      "flags": {},
      "threshold": {
        "light": null,
        "sight": null,
        "sound": null,
        "attenuation": false
      },
      "_key": "!scenes.walls!ue7VFE7JAxXSHnSt.N9hkTIVO1OuhUxoN"
    },
    {
      "_id": "50Byh61kgXDcwkcD",
      "c": [
        1762,
        2287,
        1737,
        2050
      ],
      "light": 20,
      "move": 20,
      "sight": 20,
      "sound": 20,
      "dir": 0,
      "door": 0,
      "ds": 0,
      "flags": {},
      "threshold": {
        "light": null,
        "sight": null,
        "sound": null,
        "attenuation": false
      },
      "_key": "!scenes.walls!ue7VFE7JAxXSHnSt.50Byh61kgXDcwkcD"
    },
    {
      "_id": "5LdXdvG7SwUxYxvB",
      "c": [
        1737,
        2050,
        1737,
        1900
      ],
      "light": 20,
      "move": 20,
      "sight": 20,
      "sound": 20,
      "dir": 0,
      "door": 0,
      "ds": 0,
      "flags": {},
      "threshold": {
        "light": null,
        "sight": null,
        "sound": null,
        "attenuation": false
      },
      "_key": "!scenes.walls!ue7VFE7JAxXSHnSt.5LdXdvG7SwUxYxvB"
    },
    {
      "_id": "vcJW4YJZWWCMrcie",
      "c": [
        1737,
        1900,
        1575,
        1812
      ],
      "light": 20,
      "move": 20,
      "sight": 20,
      "sound": 20,
      "dir": 0,
      "door": 0,
      "ds": 0,
      "flags": {},
      "threshold": {
        "light": null,
        "sight": null,
        "sound": null,
        "attenuation": false
      },
      "_key": "!scenes.walls!ue7VFE7JAxXSHnSt.vcJW4YJZWWCMrcie"
    },
    {
      "_id": "fBQZdi1wsnj8JW21",
      "c": [
        1575,
        1812,
        1512,
        1862
      ],
      "light": 20,
      "move": 20,
      "sight": 20,
      "sound": 20,
      "dir": 0,
      "door": 0,
      "ds": 0,
      "flags": {},
      "threshold": {
        "light": null,
        "sight": null,
        "sound": null,
        "attenuation": false
      },
      "_key": "!scenes.walls!ue7VFE7JAxXSHnSt.fBQZdi1wsnj8JW21"
    },
    {
      "_id": "Vmu4ysK9zs38H719",
      "c": [
        1512,
        1862,
        1450,
        1812
      ],
      "light": 20,
      "move": 20,
      "sight": 20,
      "sound": 20,
      "dir": 0,
      "door": 0,
      "ds": 0,
      "flags": {},
      "threshold": {
        "light": null,
        "sight": null,
        "sound": null,
        "attenuation": false
      },
      "_key": "!scenes.walls!ue7VFE7JAxXSHnSt.Vmu4ysK9zs38H719"
    },
    {
      "_id": "MylHZGHDO7QrhOYB",
      "c": [
        1450,
        1812,
        1437,
        1762
      ],
      "light": 20,
      "move": 20,
      "sight": 20,
      "sound": 20,
      "dir": 0,
      "door": 0,
      "ds": 0,
      "flags": {},
      "threshold": {
        "light": null,
        "sight": null,
        "sound": null,
        "attenuation": false
      },
      "_key": "!scenes.walls!ue7VFE7JAxXSHnSt.MylHZGHDO7QrhOYB"
    },
    {
      "_id": "Dz2akCvbXqWVVe4s",
      "c": [
        1437,
        1762,
        1375,
        1750
      ],
      "light": 20,
      "move": 20,
      "sight": 20,
      "sound": 20,
      "dir": 0,
      "door": 0,
      "ds": 0,
      "flags": {},
      "threshold": {
        "light": null,
        "sight": null,
        "sound": null,
        "attenuation": false
      },
      "_key": "!scenes.walls!ue7VFE7JAxXSHnSt.Dz2akCvbXqWVVe4s"
    },
    {
      "_id": "a5soBsvMUWufOyTG",
      "c": [
        1375,
        1750,
        1325,
        1687
      ],
      "light": 20,
      "move": 20,
      "sight": 20,
      "sound": 20,
      "dir": 0,
      "door": 0,
      "ds": 0,
      "flags": {},
      "threshold": {
        "light": null,
        "sight": null,
        "sound": null,
        "attenuation": false
      },
      "_key": "!scenes.walls!ue7VFE7JAxXSHnSt.a5soBsvMUWufOyTG"
    },
    {
      "_id": "GFi625srWfJu8Ld6",
      "c": [
        1325,
        1687,
        1325,
        1650
      ],
      "light": 20,
      "move": 20,
      "sight": 20,
      "sound": 20,
      "dir": 0,
      "door": 0,
      "ds": 0,
      "flags": {},
      "threshold": {
        "light": null,
        "sight": null,
        "sound": null,
        "attenuation": false
      },
      "_key": "!scenes.walls!ue7VFE7JAxXSHnSt.GFi625srWfJu8Ld6"
    },
    {
      "_id": "aTK8yAtlRTuZ0EcN",
      "c": [
        1325,
        1650,
        1250,
        1600
      ],
      "light": 20,
      "move": 20,
      "sight": 20,
      "sound": 20,
      "dir": 0,
      "door": 0,
      "ds": 0,
      "flags": {},
      "threshold": {
        "light": null,
        "sight": null,
        "sound": null,
        "attenuation": false
      },
      "_key": "!scenes.walls!ue7VFE7JAxXSHnSt.aTK8yAtlRTuZ0EcN"
    },
    {
      "_id": "6JEbGycAFZ2YKcf9",
      "c": [
        1250,
        1600,
        1237,
        1500
      ],
      "light": 20,
      "move": 20,
      "sight": 20,
      "sound": 20,
      "dir": 0,
      "door": 0,
      "ds": 0,
      "flags": {},
      "threshold": {
        "light": null,
        "sight": null,
        "sound": null,
        "attenuation": false
      },
      "_key": "!scenes.walls!ue7VFE7JAxXSHnSt.6JEbGycAFZ2YKcf9"
    },
    {
      "_id": "3eJArIpBEv6v6WMR",
      "c": [
        1237,
        1500,
        1212,
        1450
      ],
      "light": 20,
      "move": 20,
      "sight": 20,
      "sound": 20,
      "dir": 0,
      "door": 0,
      "ds": 0,
      "flags": {},
      "threshold": {
        "light": null,
        "sight": null,
        "sound": null,
        "attenuation": false
      },
      "_key": "!scenes.walls!ue7VFE7JAxXSHnSt.3eJArIpBEv6v6WMR"
    },
    {
      "_id": "CzHzsCmVjR1x56ie",
      "c": [
        1212,
        1450,
        1237,
        1387
      ],
      "light": 20,
      "move": 20,
      "sight": 20,
      "sound": 20,
      "dir": 0,
      "door": 0,
      "ds": 0,
      "flags": {},
      "threshold": {
        "light": null,
        "sight": null,
        "sound": null,
        "attenuation": false
      },
      "_key": "!scenes.walls!ue7VFE7JAxXSHnSt.CzHzsCmVjR1x56ie"
    },
    {
      "_id": "loVFD95E5QOt7S1r",
      "c": [
        1237,
        1387,
        1187,
        1300
      ],
      "light": 20,
      "move": 20,
      "sight": 20,
      "sound": 20,
      "dir": 0,
      "door": 0,
      "ds": 0,
      "flags": {},
      "threshold": {
        "light": null,
        "sight": null,
        "sound": null,
        "attenuation": false
      },
      "_key": "!scenes.walls!ue7VFE7JAxXSHnSt.loVFD95E5QOt7S1r"
    },
    {
      "_id": "3BWpHwMcgq9mi67D",
      "c": [
        1187,
        1300,
        1162,
        1200
      ],
      "light": 20,
      "move": 20,
      "sight": 20,
      "sound": 20,
      "dir": 0,
      "door": 0,
      "ds": 0,
      "flags": {},
      "threshold": {
        "light": null,
        "sight": null,
        "sound": null,
        "attenuation": false
      },
      "_key": "!scenes.walls!ue7VFE7JAxXSHnSt.3BWpHwMcgq9mi67D"
    },
    {
      "_id": "CD8JJUJHxur8fKv5",
      "c": [
        1162,
        1200,
        1200,
        1150
      ],
      "light": 20,
      "move": 20,
      "sight": 20,
      "sound": 20,
      "dir": 0,
      "door": 0,
      "ds": 0,
      "flags": {},
      "threshold": {
        "light": null,
        "sight": null,
        "sound": null,
        "attenuation": false
      },
      "_key": "!scenes.walls!ue7VFE7JAxXSHnSt.CD8JJUJHxur8fKv5"
    },
    {
      "_id": "GEbO2HuyXsLxXmss",
      "c": [
        1200,
        1150,
        1212,
        1050
      ],
      "light": 20,
      "move": 20,
      "sight": 20,
      "sound": 20,
      "dir": 0,
      "door": 0,
      "ds": 0,
      "flags": {},
      "threshold": {
        "light": null,
        "sight": null,
        "sound": null,
        "attenuation": false
      },
      "_key": "!scenes.walls!ue7VFE7JAxXSHnSt.GEbO2HuyXsLxXmss"
    },
    {
      "_id": "o0uWdgiCFmMXTnzk",
      "c": [
        1212,
        1050,
        1300,
        1000
      ],
      "light": 20,
      "move": 20,
      "sight": 20,
      "sound": 20,
      "dir": 0,
      "door": 0,
      "ds": 0,
      "flags": {},
      "threshold": {
        "light": null,
        "sight": null,
        "sound": null,
        "attenuation": false
      },
      "_key": "!scenes.walls!ue7VFE7JAxXSHnSt.o0uWdgiCFmMXTnzk"
    },
    {
      "_id": "zFvWP2yDNnvnN8G7",
      "c": [
        1300,
        1000,
        1375,
        1012
      ],
      "light": 20,
      "move": 20,
      "sight": 20,
      "sound": 20,
      "dir": 0,
      "door": 0,
      "ds": 0,
      "flags": {},
      "threshold": {
        "light": null,
        "sight": null,
        "sound": null,
        "attenuation": false
      },
      "_key": "!scenes.walls!ue7VFE7JAxXSHnSt.zFvWP2yDNnvnN8G7"
    },
    {
      "_id": "LZnv3Z6C10m4zFmM",
      "c": [
        1375,
        1012,
        1425,
        1087
      ],
      "light": 20,
      "move": 20,
      "sight": 20,
      "sound": 20,
      "dir": 0,
      "door": 0,
      "ds": 0,
      "flags": {},
      "threshold": {
        "light": null,
        "sight": null,
        "sound": null,
        "attenuation": false
      },
      "_key": "!scenes.walls!ue7VFE7JAxXSHnSt.LZnv3Z6C10m4zFmM"
    },
    {
      "_id": "qf8i9iGtaxkwWmNk",
      "c": [
        1425,
        1087,
        1487,
        1050
      ],
      "light": 20,
      "move": 20,
      "sight": 20,
      "sound": 20,
      "dir": 0,
      "door": 0,
      "ds": 0,
      "flags": {},
      "threshold": {
        "light": null,
        "sight": null,
        "sound": null,
        "attenuation": false
      },
      "_key": "!scenes.walls!ue7VFE7JAxXSHnSt.qf8i9iGtaxkwWmNk"
    },
    {
      "_id": "Wl0rWN5tIRID00KL",
      "c": [
        1487,
        1050,
        1562,
        1075
      ],
      "light": 20,
      "move": 20,
      "sight": 20,
      "sound": 20,
      "dir": 0,
      "door": 0,
      "ds": 0,
      "flags": {},
      "threshold": {
        "light": null,
        "sight": null,
        "sound": null,
        "attenuation": false
      },
      "_key": "!scenes.walls!ue7VFE7JAxXSHnSt.Wl0rWN5tIRID00KL"
    },
    {
      "_id": "qf7481i7kIuW10Vh",
      "c": [
        1562,
        1075,
        1550,
        975
      ],
      "light": 20,
      "move": 20,
      "sight": 20,
      "sound": 20,
      "dir": 0,
      "door": 0,
      "ds": 0,
      "flags": {},
      "threshold": {
        "light": null,
        "sight": null,
        "sound": null,
        "attenuation": false
      },
      "_key": "!scenes.walls!ue7VFE7JAxXSHnSt.qf7481i7kIuW10Vh"
    },
    {
      "_id": "GrJdbAfoV46Hc2Md",
      "c": [
        1550,
        975,
        1612,
        900
      ],
      "light": 20,
      "move": 20,
      "sight": 20,
      "sound": 20,
      "dir": 0,
      "door": 0,
      "ds": 0,
      "flags": {},
      "threshold": {
        "light": null,
        "sight": null,
        "sound": null,
        "attenuation": false
      },
      "_key": "!scenes.walls!ue7VFE7JAxXSHnSt.GrJdbAfoV46Hc2Md"
    },
    {
      "_id": "3qWghcWolfA0PQA2",
      "c": [
        1612,
        900,
        1600,
        825
      ],
      "light": 20,
      "move": 20,
      "sight": 20,
      "sound": 20,
      "dir": 0,
      "door": 0,
      "ds": 0,
      "flags": {},
      "threshold": {
        "light": null,
        "sight": null,
        "sound": null,
        "attenuation": false
      },
      "_key": "!scenes.walls!ue7VFE7JAxXSHnSt.3qWghcWolfA0PQA2"
    },
    {
      "_id": "FV7b8LWyIzjsjX0z",
      "c": [
        1600,
        825,
        1725,
        762
      ],
      "light": 20,
      "move": 20,
      "sight": 20,
      "sound": 20,
      "dir": 0,
      "door": 0,
      "ds": 0,
      "flags": {},
      "threshold": {
        "light": null,
        "sight": null,
        "sound": null,
        "attenuation": false
      },
      "_key": "!scenes.walls!ue7VFE7JAxXSHnSt.FV7b8LWyIzjsjX0z"
    },
    {
      "_id": "F372rLtokzcnoc0J",
      "c": [
        1725,
        762,
        1775,
        712
      ],
      "light": 20,
      "move": 20,
      "sight": 20,
      "sound": 20,
      "dir": 0,
      "door": 0,
      "ds": 0,
      "flags": {},
      "threshold": {
        "light": null,
        "sight": null,
        "sound": null,
        "attenuation": false
      },
      "_key": "!scenes.walls!ue7VFE7JAxXSHnSt.F372rLtokzcnoc0J"
    },
    {
      "_id": "WwTrqeGxUJfIHUlx",
      "c": [
        1775,
        712,
        1800,
        637
      ],
      "light": 20,
      "move": 20,
      "sight": 20,
      "sound": 20,
      "dir": 0,
      "door": 0,
      "ds": 0,
      "flags": {},
      "threshold": {
        "light": null,
        "sight": null,
        "sound": null,
        "attenuation": false
      },
      "_key": "!scenes.walls!ue7VFE7JAxXSHnSt.WwTrqeGxUJfIHUlx"
    },
    {
      "_id": "GDDrrKggCTnQx5YQ",
      "c": [
        1800,
        637,
        2000,
        600
      ],
      "light": 20,
      "move": 20,
      "sight": 20,
      "sound": 20,
      "dir": 0,
      "door": 0,
      "ds": 0,
      "flags": {},
      "threshold": {
        "light": null,
        "sight": null,
        "sound": null,
        "attenuation": false
      },
      "_key": "!scenes.walls!ue7VFE7JAxXSHnSt.GDDrrKggCTnQx5YQ"
    },
    {
      "_id": "YDAm6hggG55YvZPr",
      "c": [
        2000,
        600,
        2037,
        650
      ],
      "light": 20,
      "move": 20,
      "sight": 20,
      "sound": 20,
      "dir": 0,
      "door": 0,
      "ds": 0,
      "flags": {},
      "threshold": {
        "light": null,
        "sight": null,
        "sound": null,
        "attenuation": false
      },
      "_key": "!scenes.walls!ue7VFE7JAxXSHnSt.YDAm6hggG55YvZPr"
    },
    {
      "_id": "NauABbfOoziNvQWq",
      "c": [
        2037,
        650,
        2225,
        587
      ],
      "light": 20,
      "move": 20,
      "sight": 20,
      "sound": 20,
      "dir": 0,
      "door": 0,
      "ds": 0,
      "flags": {},
      "threshold": {
        "light": null,
        "sight": null,
        "sound": null,
        "attenuation": false
      },
      "_key": "!scenes.walls!ue7VFE7JAxXSHnSt.NauABbfOoziNvQWq"
    },
    {
      "_id": "Wy5y2HYy7FrnX4gP",
      "c": [
        2225,
        587,
        2512,
        650
      ],
      "light": 20,
      "move": 20,
      "sight": 20,
      "sound": 20,
      "dir": 0,
      "door": 0,
      "ds": 0,
      "flags": {},
      "threshold": {
        "light": null,
        "sight": null,
        "sound": null,
        "attenuation": false
      },
      "_key": "!scenes.walls!ue7VFE7JAxXSHnSt.Wy5y2HYy7FrnX4gP"
    },
    {
      "_id": "jyuH7yM5LRcOjWt3",
      "c": [
        2512,
        650,
        2537,
        700
      ],
      "light": 20,
      "move": 20,
      "sight": 20,
      "sound": 20,
      "dir": 0,
      "door": 0,
      "ds": 0,
      "flags": {},
      "threshold": {
        "light": null,
        "sight": null,
        "sound": null,
        "attenuation": false
      },
      "_key": "!scenes.walls!ue7VFE7JAxXSHnSt.jyuH7yM5LRcOjWt3"
    },
    {
      "_id": "4r1gwBwa0rlBUHzL",
      "c": [
        2537,
        700,
        2500,
        762
      ],
      "light": 20,
      "move": 20,
      "sight": 20,
      "sound": 20,
      "dir": 0,
      "door": 0,
      "ds": 0,
      "flags": {},
      "threshold": {
        "light": null,
        "sight": null,
        "sound": null,
        "attenuation": false
      },
      "_key": "!scenes.walls!ue7VFE7JAxXSHnSt.4r1gwBwa0rlBUHzL"
    },
    {
      "_id": "poJy6zqDMj320MGJ",
      "c": [
        2500,
        762,
        2575,
        850
      ],
      "light": 20,
      "move": 20,
      "sight": 20,
      "sound": 20,
      "dir": 0,
      "door": 0,
      "ds": 0,
      "flags": {},
      "threshold": {
        "light": null,
        "sight": null,
        "sound": null,
        "attenuation": false
      },
      "_key": "!scenes.walls!ue7VFE7JAxXSHnSt.poJy6zqDMj320MGJ"
    },
    {
      "_id": "GW4NrQ6VZed94nWY",
      "c": [
        2575,
        850,
        2625,
        862
      ],
      "light": 20,
      "move": 20,
      "sight": 20,
      "sound": 20,
      "dir": 0,
      "door": 0,
      "ds": 0,
      "flags": {},
      "threshold": {
        "light": null,
        "sight": null,
        "sound": null,
        "attenuation": false
      },
      "_key": "!scenes.walls!ue7VFE7JAxXSHnSt.GW4NrQ6VZed94nWY"
    },
    {
      "_id": "s322TkTxFrUWS35j",
      "c": [
        2625,
        862,
        2737,
        812
      ],
      "light": 20,
      "move": 20,
      "sight": 20,
      "sound": 20,
      "dir": 0,
      "door": 0,
      "ds": 0,
      "flags": {},
      "threshold": {
        "light": null,
        "sight": null,
        "sound": null,
        "attenuation": false
      },
      "_key": "!scenes.walls!ue7VFE7JAxXSHnSt.s322TkTxFrUWS35j"
    },
    {
      "_id": "ounYWcIzFwZWDN8H",
      "c": [
        2737,
        812,
        2762,
        750
      ],
      "light": 20,
      "move": 20,
      "sight": 20,
      "sound": 20,
      "dir": 0,
      "door": 0,
      "ds": 0,
      "flags": {},
      "threshold": {
        "light": null,
        "sight": null,
        "sound": null,
        "attenuation": false
      },
      "_key": "!scenes.walls!ue7VFE7JAxXSHnSt.ounYWcIzFwZWDN8H"
    },
    {
      "_id": "yZPjph9R7pSuliUh",
      "c": [
        2762,
        750,
        2737,
        500
      ],
      "light": 20,
      "move": 20,
      "sight": 20,
      "sound": 20,
      "dir": 0,
      "door": 0,
      "ds": 0,
      "flags": {},
      "threshold": {
        "light": null,
        "sight": null,
        "sound": null,
        "attenuation": false
      },
      "_key": "!scenes.walls!ue7VFE7JAxXSHnSt.yZPjph9R7pSuliUh"
    },
    {
      "_id": "tzaAY4kDZCQtIaFn",
      "c": [
        3037,
        500,
        3050,
        1000
      ],
      "light": 20,
      "move": 20,
      "sight": 20,
      "sound": 20,
      "dir": 0,
      "door": 0,
      "ds": 0,
      "flags": {},
      "threshold": {
        "light": null,
        "sight": null,
        "sound": null,
        "attenuation": false
      },
      "_key": "!scenes.walls!ue7VFE7JAxXSHnSt.tzaAY4kDZCQtIaFn"
    },
    {
      "_id": "hYRytsPUduQYRLXi",
      "c": [
        3050,
        1000,
        3125,
        1025
      ],
      "light": 20,
      "move": 20,
      "sight": 20,
      "sound": 20,
      "dir": 0,
      "door": 0,
      "ds": 0,
      "flags": {},
      "threshold": {
        "light": null,
        "sight": null,
        "sound": null,
        "attenuation": false
      },
      "_key": "!scenes.walls!ue7VFE7JAxXSHnSt.hYRytsPUduQYRLXi"
    },
    {
      "_id": "peG7sM9nXdnpojgS",
      "c": [
        3125,
        1025,
        3137,
        1087
      ],
      "light": 20,
      "move": 20,
      "sight": 20,
      "sound": 20,
      "dir": 0,
      "door": 0,
      "ds": 0,
      "flags": {},
      "threshold": {
        "light": null,
        "sight": null,
        "sound": null,
        "attenuation": false
      },
      "_key": "!scenes.walls!ue7VFE7JAxXSHnSt.peG7sM9nXdnpojgS"
    },
    {
      "_id": "4nNrWPjFk6YaClNc",
      "c": [
        3137,
        1087,
        3250,
        1075
      ],
      "light": 20,
      "move": 20,
      "sight": 20,
      "sound": 20,
      "dir": 0,
      "door": 0,
      "ds": 0,
      "flags": {},
      "threshold": {
        "light": null,
        "sight": null,
        "sound": null,
        "attenuation": false
      },
      "_key": "!scenes.walls!ue7VFE7JAxXSHnSt.4nNrWPjFk6YaClNc"
    },
    {
      "_id": "slfWRRO7HPC1wA1W",
      "c": [
        3250,
        1075,
        3300,
        1137
      ],
      "light": 20,
      "move": 20,
      "sight": 20,
      "sound": 20,
      "dir": 0,
      "door": 0,
      "ds": 0,
      "flags": {},
      "threshold": {
        "light": null,
        "sight": null,
        "sound": null,
        "attenuation": false
      },
      "_key": "!scenes.walls!ue7VFE7JAxXSHnSt.slfWRRO7HPC1wA1W"
    },
    {
      "_id": "BEWOC9PG3mDyP3ys",
      "c": [
        3300,
        1137,
        3300,
        1162
      ],
      "light": 20,
      "move": 20,
      "sight": 20,
      "sound": 20,
      "dir": 0,
      "door": 0,
      "ds": 0,
      "flags": {},
      "threshold": {
        "light": null,
        "sight": null,
        "sound": null,
        "attenuation": false
      },
      "_key": "!scenes.walls!ue7VFE7JAxXSHnSt.BEWOC9PG3mDyP3ys"
    },
    {
      "_id": "9OIhANp4bsOYbEHx",
      "c": [
        3300,
        1162,
        3350,
        1200
      ],
      "light": 20,
      "move": 20,
      "sight": 20,
      "sound": 20,
      "dir": 0,
      "door": 0,
      "ds": 0,
      "flags": {},
      "threshold": {
        "light": null,
        "sight": null,
        "sound": null,
        "attenuation": false
      },
      "_key": "!scenes.walls!ue7VFE7JAxXSHnSt.9OIhANp4bsOYbEHx"
    },
    {
      "_id": "uD49p6SB1PWciJqo",
      "c": [
        3350,
        1200,
        3400,
        1212
      ],
      "light": 20,
      "move": 20,
      "sight": 20,
      "sound": 20,
      "dir": 0,
      "door": 0,
      "ds": 0,
      "flags": {},
      "threshold": {
        "light": null,
        "sight": null,
        "sound": null,
        "attenuation": false
      },
      "_key": "!scenes.walls!ue7VFE7JAxXSHnSt.uD49p6SB1PWciJqo"
    },
    {
      "_id": "rEfsvVlRKz2DtA7j",
      "c": [
        3400,
        1212,
        3437,
        1237
      ],
      "light": 20,
      "move": 20,
      "sight": 20,
      "sound": 20,
      "dir": 0,
      "door": 0,
      "ds": 0,
      "flags": {},
      "threshold": {
        "light": null,
        "sight": null,
        "sound": null,
        "attenuation": false
      },
      "_key": "!scenes.walls!ue7VFE7JAxXSHnSt.rEfsvVlRKz2DtA7j"
    },
    {
      "_id": "Ya3iDs0FzpGTxdNT",
      "c": [
        3437,
        1237,
        3487,
        1200
      ],
      "light": 20,
      "move": 20,
      "sight": 20,
      "sound": 20,
      "dir": 0,
      "door": 0,
      "ds": 0,
      "flags": {},
      "threshold": {
        "light": null,
        "sight": null,
        "sound": null,
        "attenuation": false
      },
      "_key": "!scenes.walls!ue7VFE7JAxXSHnSt.Ya3iDs0FzpGTxdNT"
    },
    {
      "_id": "iobDRCfuGz9CU76v",
      "c": [
        3487,
        1200,
        3587,
        1200
      ],
      "light": 20,
      "move": 20,
      "sight": 20,
      "sound": 20,
      "dir": 0,
      "door": 0,
      "ds": 0,
      "flags": {},
      "threshold": {
        "light": null,
        "sight": null,
        "sound": null,
        "attenuation": false
      },
      "_key": "!scenes.walls!ue7VFE7JAxXSHnSt.iobDRCfuGz9CU76v"
    },
    {
      "_id": "rwzoHsdISjQ3HM84",
      "c": [
        3587,
        1200,
        3650,
        1250
      ],
      "light": 20,
      "move": 20,
      "sight": 20,
      "sound": 20,
      "dir": 0,
      "door": 0,
      "ds": 0,
      "flags": {},
      "threshold": {
        "light": null,
        "sight": null,
        "sound": null,
        "attenuation": false
      },
      "_key": "!scenes.walls!ue7VFE7JAxXSHnSt.rwzoHsdISjQ3HM84"
    },
    {
      "_id": "Z6hHkC7BJIXSWhe2",
      "c": [
        3650,
        1250,
        3687,
        1250
      ],
      "light": 20,
      "move": 20,
      "sight": 20,
      "sound": 20,
      "dir": 0,
      "door": 0,
      "ds": 0,
      "flags": {},
      "threshold": {
        "light": null,
        "sight": null,
        "sound": null,
        "attenuation": false
      },
      "_key": "!scenes.walls!ue7VFE7JAxXSHnSt.Z6hHkC7BJIXSWhe2"
    },
    {
      "_id": "XCY7oYoujkIoafns",
      "c": [
        3687,
        1250,
        3787,
        1200
      ],
      "light": 20,
      "move": 20,
      "sight": 20,
      "sound": 20,
      "dir": 0,
      "door": 0,
      "ds": 0,
      "flags": {},
      "threshold": {
        "light": null,
        "sight": null,
        "sound": null,
        "attenuation": false
      },
      "_key": "!scenes.walls!ue7VFE7JAxXSHnSt.XCY7oYoujkIoafns"
    },
    {
      "_id": "p69bhxvw9bmVqGSA",
      "c": [
        3787,
        1200,
        3937,
        1237
      ],
      "light": 20,
      "move": 20,
      "sight": 20,
      "sound": 20,
      "dir": 0,
      "door": 0,
      "ds": 0,
      "flags": {},
      "threshold": {
        "light": null,
        "sight": null,
        "sound": null,
        "attenuation": false
      },
      "_key": "!scenes.walls!ue7VFE7JAxXSHnSt.p69bhxvw9bmVqGSA"
    },
    {
      "_id": "Q2vg0SlDTeMoDAlJ",
      "c": [
        3937,
        1237,
        3975,
        1100
      ],
      "light": 20,
      "move": 20,
      "sight": 20,
      "sound": 20,
      "dir": 0,
      "door": 0,
      "ds": 0,
      "flags": {},
      "threshold": {
        "light": null,
        "sight": null,
        "sound": null,
        "attenuation": false
      },
      "_key": "!scenes.walls!ue7VFE7JAxXSHnSt.Q2vg0SlDTeMoDAlJ"
    },
    {
      "_id": "KDg1wV30ccWqJdsU",
      "c": [
        3975,
        1100,
        3962,
        825
      ],
      "light": 20,
      "move": 20,
      "sight": 20,
      "sound": 20,
      "dir": 0,
      "door": 0,
      "ds": 0,
      "flags": {},
      "threshold": {
        "light": null,
        "sight": null,
        "sound": null,
        "attenuation": false
      },
      "_key": "!scenes.walls!ue7VFE7JAxXSHnSt.KDg1wV30ccWqJdsU"
    },
    {
      "_id": "PTwnYk244mFLDUCS",
      "c": [
        3962,
        825,
        3925,
        825
      ],
      "light": 20,
      "move": 20,
      "sight": 20,
      "sound": 20,
      "dir": 0,
      "door": 0,
      "ds": 0,
      "flags": {},
      "threshold": {
        "light": null,
        "sight": null,
        "sound": null,
        "attenuation": false
      },
      "_key": "!scenes.walls!ue7VFE7JAxXSHnSt.PTwnYk244mFLDUCS"
    },
    {
      "_id": "Z06jVpEw6fREsKuL",
      "c": [
        3925,
        825,
        3887,
        975
      ],
      "light": 20,
      "move": 20,
      "sight": 20,
      "sound": 20,
      "dir": 0,
      "door": 0,
      "ds": 0,
      "flags": {},
      "threshold": {
        "light": null,
        "sight": null,
        "sound": null,
        "attenuation": false
      },
      "_key": "!scenes.walls!ue7VFE7JAxXSHnSt.Z06jVpEw6fREsKuL"
    },
    {
      "_id": "HrUiTqvc3w7smQjZ",
      "c": [
        3887,
        975,
        3812,
        987
      ],
      "light": 20,
      "move": 20,
      "sight": 20,
      "sound": 20,
      "dir": 0,
      "door": 0,
      "ds": 0,
      "flags": {},
      "threshold": {
        "light": null,
        "sight": null,
        "sound": null,
        "attenuation": false
      },
      "_key": "!scenes.walls!ue7VFE7JAxXSHnSt.HrUiTqvc3w7smQjZ"
    },
    {
      "_id": "aKpRzDMVJQUqZWec",
      "c": [
        3812,
        987,
        3787,
        1012
      ],
      "light": 20,
      "move": 20,
      "sight": 20,
      "sound": 20,
      "dir": 0,
      "door": 0,
      "ds": 0,
      "flags": {},
      "threshold": {
        "light": null,
        "sight": null,
        "sound": null,
        "attenuation": false
      },
      "_key": "!scenes.walls!ue7VFE7JAxXSHnSt.aKpRzDMVJQUqZWec"
    },
    {
      "_id": "2W1pAVBzgmwglUGp",
      "c": [
        3787,
        1012,
        3625,
        1012
      ],
      "light": 20,
      "move": 20,
      "sight": 20,
      "sound": 20,
      "dir": 0,
      "door": 0,
      "ds": 0,
      "flags": {},
      "threshold": {
        "light": null,
        "sight": null,
        "sound": null,
        "attenuation": false
      },
      "_key": "!scenes.walls!ue7VFE7JAxXSHnSt.2W1pAVBzgmwglUGp"
    },
    {
      "_id": "zDIdC7i6CuQbKYZK",
      "c": [
        3625,
        1012,
        3537,
        962
      ],
      "light": 20,
      "move": 20,
      "sight": 20,
      "sound": 20,
      "dir": 0,
      "door": 0,
      "ds": 0,
      "flags": {},
      "threshold": {
        "light": null,
        "sight": null,
        "sound": null,
        "attenuation": false
      },
      "_key": "!scenes.walls!ue7VFE7JAxXSHnSt.zDIdC7i6CuQbKYZK"
    },
    {
      "_id": "mEwsdeyAX4r0ZHb2",
      "c": [
        3537,
        962,
        3500,
        1012
      ],
      "light": 20,
      "move": 20,
      "sight": 20,
      "sound": 20,
      "dir": 0,
      "door": 0,
      "ds": 0,
      "flags": {},
      "threshold": {
        "light": null,
        "sight": null,
        "sound": null,
        "attenuation": false
      },
      "_key": "!scenes.walls!ue7VFE7JAxXSHnSt.mEwsdeyAX4r0ZHb2"
    },
    {
      "_id": "tj0fWQkZgMTtXc5v",
      "c": [
        3500,
        1012,
        3450,
        1000
      ],
      "light": 20,
      "move": 20,
      "sight": 20,
      "sound": 20,
      "dir": 0,
      "door": 0,
      "ds": 0,
      "flags": {},
      "threshold": {
        "light": null,
        "sight": null,
        "sound": null,
        "attenuation": false
      },
      "_key": "!scenes.walls!ue7VFE7JAxXSHnSt.tj0fWQkZgMTtXc5v"
    },
    {
      "_id": "IALZ9YCYPWa1Oo6Q",
      "c": [
        3450,
        1000,
        3175,
        812
      ],
      "light": 20,
      "move": 20,
      "sight": 20,
      "sound": 20,
      "dir": 0,
      "door": 0,
      "ds": 0,
      "flags": {},
      "threshold": {
        "light": null,
        "sight": null,
        "sound": null,
        "attenuation": false
      },
      "_key": "!scenes.walls!ue7VFE7JAxXSHnSt.IALZ9YCYPWa1Oo6Q"
    },
    {
      "_id": "9fgKdKOrHWMj0288",
      "c": [
        3175,
        812,
        3175,
        500
      ],
      "light": 20,
      "move": 20,
      "sight": 20,
      "sound": 20,
      "dir": 0,
      "door": 0,
      "ds": 0,
      "flags": {},
      "threshold": {
        "light": null,
        "sight": null,
        "sound": null,
        "attenuation": false
      },
      "_key": "!scenes.walls!ue7VFE7JAxXSHnSt.9fgKdKOrHWMj0288"
    },
    {
      "_id": "hhXWnmcyI84CkOzu",
      "c": [
        2162,
        1112,
        2062,
        1175
      ],
      "light": 20,
      "move": 20,
      "sight": 20,
      "sound": 20,
      "dir": 0,
      "door": 0,
      "ds": 0,
      "flags": {},
      "threshold": {
        "light": null,
        "sight": null,
        "sound": null,
        "attenuation": false
      },
      "_key": "!scenes.walls!ue7VFE7JAxXSHnSt.hhXWnmcyI84CkOzu"
    },
    {
      "_id": "3Joa0zIOjqKoRsok",
      "c": [
        2062,
        1175,
        2000,
        1175
      ],
      "light": 20,
      "move": 20,
      "sight": 20,
      "sound": 20,
      "dir": 0,
      "door": 0,
      "ds": 0,
      "flags": {},
      "threshold": {
        "light": null,
        "sight": null,
        "sound": null,
        "attenuation": false
      },
      "_key": "!scenes.walls!ue7VFE7JAxXSHnSt.3Joa0zIOjqKoRsok"
    },
    {
      "_id": "KXjcOntLz1g9KVtn",
      "c": [
        2000,
        1175,
        2050,
        1125
      ],
      "light": 20,
      "move": 20,
      "sight": 20,
      "sound": 20,
      "dir": 0,
      "door": 0,
      "ds": 0,
      "flags": {},
      "threshold": {
        "light": null,
        "sight": null,
        "sound": null,
        "attenuation": false
      },
      "_key": "!scenes.walls!ue7VFE7JAxXSHnSt.KXjcOntLz1g9KVtn"
    },
    {
      "_id": "DcQB4Or1UpLM2UN9",
      "c": [
        2050,
        1125,
        2025,
        1050
      ],
      "light": 20,
      "move": 20,
      "sight": 20,
      "sound": 20,
      "dir": 0,
      "door": 0,
      "ds": 0,
      "flags": {},
      "threshold": {
        "light": null,
        "sight": null,
        "sound": null,
        "attenuation": false
      },
      "_key": "!scenes.walls!ue7VFE7JAxXSHnSt.DcQB4Or1UpLM2UN9"
    },
    {
      "_id": "sOZS7tdVjMnlXKiy",
      "c": [
        2025,
        1050,
        2125,
        1000
      ],
      "light": 20,
      "move": 20,
      "sight": 20,
      "sound": 20,
      "dir": 0,
      "door": 0,
      "ds": 0,
      "flags": {},
      "threshold": {
        "light": null,
        "sight": null,
        "sound": null,
        "attenuation": false
      },
      "_key": "!scenes.walls!ue7VFE7JAxXSHnSt.sOZS7tdVjMnlXKiy"
    },
    {
      "_id": "R9nqdK1VXbqV17j8",
      "c": [
        2125,
        1000,
        2175,
        1037
      ],
      "light": 20,
      "move": 20,
      "sight": 20,
      "sound": 20,
      "dir": 0,
      "door": 0,
      "ds": 0,
      "flags": {},
      "threshold": {
        "light": null,
        "sight": null,
        "sound": null,
        "attenuation": false
      },
      "_key": "!scenes.walls!ue7VFE7JAxXSHnSt.R9nqdK1VXbqV17j8"
    },
    {
      "_id": "oQfjvxRvoCuaa2bQ",
      "c": [
        2175,
        1037,
        2162,
        1112
      ],
      "light": 20,
      "move": 20,
      "sight": 20,
      "sound": 20,
      "dir": 0,
      "door": 0,
      "ds": 0,
      "flags": {},
      "threshold": {
        "light": null,
        "sight": null,
        "sound": null,
        "attenuation": false
      },
      "_key": "!scenes.walls!ue7VFE7JAxXSHnSt.oQfjvxRvoCuaa2bQ"
    },
    {
      "_id": "wm7JJKvYgZN94kKr",
      "c": [
        1600,
        1562,
        1562,
        1600
      ],
      "light": 10,
      "move": 20,
      "sight": 10,
      "sound": 10,
      "dir": 0,
      "door": 0,
      "ds": 0,
      "flags": {},
      "threshold": {
        "light": null,
        "sight": null,
        "sound": null,
        "attenuation": false
      },
      "_key": "!scenes.walls!ue7VFE7JAxXSHnSt.wm7JJKvYgZN94kKr"
    },
    {
      "_id": "RNMKtdgAAoo3F7hW",
      "c": [
        1562,
        1600,
        1512,
        1600
      ],
      "light": 10,
      "move": 20,
      "sight": 10,
      "sound": 10,
      "dir": 0,
      "door": 0,
      "ds": 0,
      "flags": {},
      "threshold": {
        "light": null,
        "sight": null,
        "sound": null,
        "attenuation": false
      },
      "_key": "!scenes.walls!ue7VFE7JAxXSHnSt.RNMKtdgAAoo3F7hW"
    },
    {
      "_id": "1EhMecpB5G1YwW8V",
      "c": [
        1512,
        1600,
        1487,
        1537
      ],
      "light": 10,
      "move": 20,
      "sight": 10,
      "sound": 10,
      "dir": 0,
      "door": 0,
      "ds": 0,
      "flags": {},
      "threshold": {
        "light": null,
        "sight": null,
        "sound": null,
        "attenuation": false
      },
      "_key": "!scenes.walls!ue7VFE7JAxXSHnSt.1EhMecpB5G1YwW8V"
    },
    {
      "_id": "ZJO479PatkoB1PQa",
      "c": [
        1487,
        1537,
        1537,
        1500
      ],
      "light": 10,
      "move": 20,
      "sight": 10,
      "sound": 10,
      "dir": 0,
      "door": 0,
      "ds": 0,
      "flags": {},
      "threshold": {
        "light": null,
        "sight": null,
        "sound": null,
        "attenuation": false
      },
      "_key": "!scenes.walls!ue7VFE7JAxXSHnSt.ZJO479PatkoB1PQa"
    },
    {
      "_id": "L0JKqyeRsCXhQlmP",
      "c": [
        1537,
        1500,
        1587,
        1512
      ],
      "light": 10,
      "move": 20,
      "sight": 10,
      "sound": 10,
      "dir": 0,
      "door": 0,
      "ds": 0,
      "flags": {},
      "threshold": {
        "light": null,
        "sight": null,
        "sound": null,
        "attenuation": false
      },
      "_key": "!scenes.walls!ue7VFE7JAxXSHnSt.L0JKqyeRsCXhQlmP"
    },
    {
      "_id": "xw8rYEdoU7HlLw40",
      "c": [
        1587,
        1512,
        1600,
        1562
      ],
      "light": 10,
      "move": 20,
      "sight": 10,
      "sound": 10,
      "dir": 0,
      "door": 0,
      "ds": 0,
      "flags": {},
      "threshold": {
        "light": null,
        "sight": null,
        "sound": null,
        "attenuation": false
      },
      "_key": "!scenes.walls!ue7VFE7JAxXSHnSt.xw8rYEdoU7HlLw40"
    },
    {
      "_id": "X4yIPPFPQPGYzT3x",
      "c": [
        2387,
        1212,
        2375,
        1287
      ],
      "light": 10,
      "move": 20,
      "sight": 10,
      "sound": 10,
      "dir": 0,
      "door": 0,
      "ds": 0,
      "flags": {},
      "threshold": {
        "light": null,
        "sight": null,
        "sound": null,
        "attenuation": false
      },
      "_key": "!scenes.walls!ue7VFE7JAxXSHnSt.X4yIPPFPQPGYzT3x"
    },
    {
      "_id": "Rwqhm3AJNIUsm8Go",
      "c": [
        2375,
        1287,
        2312,
        1262
      ],
      "light": 10,
      "move": 20,
      "sight": 10,
      "sound": 10,
      "dir": 0,
      "door": 0,
      "ds": 0,
      "flags": {},
      "threshold": {
        "light": null,
        "sight": null,
        "sound": null,
        "attenuation": false
      },
      "_key": "!scenes.walls!ue7VFE7JAxXSHnSt.Rwqhm3AJNIUsm8Go"
    },
    {
      "_id": "Z8jAmkVQn1YIuVoR",
      "c": [
        2312,
        1262,
        2362,
        1200
      ],
      "light": 10,
      "move": 20,
      "sight": 10,
      "sound": 10,
      "dir": 0,
      "door": 0,
      "ds": 0,
      "flags": {},
      "threshold": {
        "light": null,
        "sight": null,
        "sound": null,
        "attenuation": false
      },
      "_key": "!scenes.walls!ue7VFE7JAxXSHnSt.Z8jAmkVQn1YIuVoR"
    },
    {
      "_id": "kvbekEY0xeioi0xU",
      "c": [
        2362,
        1200,
        2387,
        1212
      ],
      "light": 10,
      "move": 20,
      "sight": 10,
      "sound": 10,
      "dir": 0,
      "door": 0,
      "ds": 0,
      "flags": {},
      "threshold": {
        "light": null,
        "sight": null,
        "sound": null,
        "attenuation": false
      },
      "_key": "!scenes.walls!ue7VFE7JAxXSHnSt.kvbekEY0xeioi0xU"
    }
  ],
  "playlist": null,
  "playlistSound": null,
  "journal": null,
  "journalEntryPage": null,
  "weather": "",
  "flags": {},
  "_stats": {
    "systemId": "dnd5e",
    "systemVersion": "2.4.1",
    "coreVersion": "12.330",
    "createdTime": 1670367747873,
    "modifiedTime": 1723946803705,
    "lastModifiedBy": "dnd5ebuilder0000",
    "compendiumSource": "Compendium.fa-battlemaps.maps.ue7VFE7JAxXSHnSt",
    "duplicateSource": null
  },
  "_id": "ue7VFE7JAxXSHnSt",
  "active": false,
  "folder": null,
  "sort": 0,
  "ownership": {
    "default": 0
  },
  "regions": [],
  "environment": {
    "globalLight": {
      "luminosity": 0,
      "enabled": false,
      "darkness": {
        "max": 1,
        "min": 0
      },
      "alpha": 0.5,
      "bright": false,
      "color": null,
      "coloration": 1,
      "saturation": 0,
      "contrast": 0,
      "shadows": 0
    },
    "darknessLevel": 0.5,
    "darknessLock": false,
    "cycle": true,
    "base": {
      "hue": 0,
      "intensity": 0,
      "luminosity": 0,
      "saturation": 0,
      "shadows": 0
    },
    "dark": {
      "hue": 0.7138888888888889,
      "intensity": 0,
      "luminosity": -0.25,
      "saturation": 0,
      "shadows": 0
    }
  },
  "fog": {
    "exploration": true,
    "reset": 1670367747871,
    "overlay": null,
    "colors": {
      "explored": null,
      "unexplored": null
    }
  },
  "_key": "!scenes!ue7VFE7JAxXSHnSt"
}
