{
  "name": "Hardyhammer Mine [21x15]",
  "navigation": false,
  "navOrder": 0,
  "navName": "",
  "background": {
    "src": "fa_battlemaps/Maps/2024/May/fa_hardyhammermine/Maps/HardyhammerMineBG.webp",
    "scaleX": 1,
    "scaleY": 1,
    "offsetX": 0,
    "offsetY": 0,
    "rotation": 0,
    "tint": "#ffffff",
    "anchorX": 0,
    "anchorY": 0,
    "fit": "fill",
    "alphaThreshold": 0
  },
  "foreground": "fa_battlemaps/Maps/2024/May/fa_hardyhammermine/Maps/HardyhammerMineFG.webp",
  "foregroundElevation": 20,
  "thumb": "modules/fa-battlemaps/assets/scenes/FL4qcv660VfFCLsn-thumb.webp",
  "width": 2100,
  "height": 1500,
  "padding": 0.25,
  "initial": {
    "x": null,
    "y": null,
    "scale": null
  },
  "backgroundColor": "#000000",
  "grid": {
    "type": 1,
    "size": 100,
    "color": "#000000",
    "alpha": 0.2,
    "distance": 5,
    "units": "ft",
    "style": "solidLines",
    "thickness": 1
  },
  "tokenVision": true,
  "drawings": [],
  "tokens": [],
  "lights": [
    {
      "_id": "wGAuHM1hlLpjPs7n",
      "x": 1553,
      "y": 1367,
      "elevation": 0,
      "rotation": 186,
      "walls": true,
      "vision": false,
      "config": {
        "negative": false,
        "priority": 0,
        "alpha": 0.5,
        "angle": 180,
        "bright": 13.66,
        "color": null,
        "coloration": 1,
        "dim": 27.31,
        "attenuation": 0.5,
        "luminosity": 0.5,
        "saturation": 0,
        "contrast": 0,
        "shadows": 0,
        "animation": {
          "type": "pulse",
          "speed": 1,
          "intensity": 1,
          "reverse": false
        },
        "darkness": {
          "min": 0,
          "max": 0.7
        }
      },
      "hidden": false,
      "flags": {
        "tagger": {}
      },
      "_key": "!scenes.lights!FL4qcv660VfFCLsn.wGAuHM1hlLpjPs7n"
    }
  ],
  "notes": [],
  "sounds": [
    {
      "path": "fa_battlemaps/Audio/CaveAmbience.ogg",
      "x": 1700,
      "y": 1000,
      "radius": 21.54,
      "easing": false,
      "walls": true,
      "volume": 0.1,
      "darkness": {
        "min": 0,
        "max": 1
      },
      "flags": {
        "tagger": {
          "tags": ""
        }
      },
      "_id": "ZKQrDqhV4VneA6jn",
      "repeat": false,
      "hidden": false,
      "elevation": 0,
      "effects": {
        "base": {
          "intensity": 5
        },
        "muffled": {
          "intensity": 5
        }
      },
      "_key": "!scenes.sounds!FL4qcv660VfFCLsn.ZKQrDqhV4VneA6jn"
    },
    {
      "path": "fa_battlemaps/Audio/CaveAmbience.ogg",
      "x": 1200,
      "y": 900,
      "radius": 21.54,
      "easing": false,
      "walls": true,
      "volume": 0.1,
      "darkness": {
        "min": 0,
        "max": 1
      },
      "flags": {
        "tagger": {
          "tags": ""
        }
      },
      "repeat": false,
      "hidden": false,
      "_id": "fU17NxJS8EGKXRhO",
      "elevation": 0,
      "effects": {
        "base": {
          "intensity": 5
        },
        "muffled": {
          "intensity": 5
        }
      },
      "_key": "!scenes.sounds!FL4qcv660VfFCLsn.fU17NxJS8EGKXRhO"
    },
    {
      "path": "fa_battlemaps/Audio/forest2.ogg",
      "x": 1000,
      "y": 1750,
      "radius": 32.43,
      "easing": false,
      "walls": true,
      "volume": 0.25,
      "darkness": {
        "min": 0,
        "max": 1
      },
      "flags": {
        "tagger": {
          "tags": ""
        }
      },
      "_id": "UZtDf3SHf3lHAi8U",
      "repeat": false,
      "hidden": false,
      "elevation": 0,
      "effects": {
        "base": {
          "intensity": 5
        },
        "muffled": {
          "intensity": 5
        }
      },
      "_key": "!scenes.sounds!FL4qcv660VfFCLsn.UZtDf3SHf3lHAi8U"
    },
    {
      "path": "fa_battlemaps/Audio/forest2.ogg",
      "x": 1500,
      "y": 1650,
      "radius": 50,
      "easing": true,
      "walls": false,
      "volume": 0.25,
      "darkness": {
        "min": 0,
        "max": 1
      },
      "flags": {
        "tagger": {
          "tags": ""
        }
      },
      "repeat": false,
      "hidden": false,
      "_id": "UKhxkLhhLp8UHBUT",
      "elevation": 0,
      "effects": {
        "base": {
          "intensity": 5
        },
        "muffled": {
          "intensity": 5
        }
      },
      "_key": "!scenes.sounds!FL4qcv660VfFCLsn.UKhxkLhhLp8UHBUT"
    },
    {
      "path": "fa_battlemaps/Audio/forest2.ogg",
      "x": 2150,
      "y": 1750,
      "radius": 32.43,
      "easing": false,
      "walls": true,
      "volume": 0.25,
      "darkness": {
        "min": 0,
        "max": 1
      },
      "flags": {
        "tagger": {
          "tags": ""
        }
      },
      "repeat": false,
      "hidden": false,
      "_id": "ZvHbwUYtZ9N6nrO2",
      "elevation": 0,
      "effects": {
        "base": {
          "intensity": 5
        },
        "muffled": {
          "intensity": 5
        }
      },
      "_key": "!scenes.sounds!FL4qcv660VfFCLsn.ZvHbwUYtZ9N6nrO2"
    }
  ],
  "templates": [],
  "tiles": [],
  "walls": [
    {
      "_id": "CpPnVQKk9r2gR4fa",
      "c": [
        600,
        1412,
        637,
        1425
      ],
      "light": 20,
      "move": 20,
      "sight": 20,
      "sound": 20,
      "dir": 0,
      "door": 0,
      "ds": 0,
      "flags": {},
      "threshold": {
        "light": null,
        "sight": null,
        "sound": null,
        "attenuation": false
      },
      "_key": "!scenes.walls!FL4qcv660VfFCLsn.CpPnVQKk9r2gR4fa"
    },
    {
      "_id": "vNp9dGFUOqL3aoxq",
      "c": [
        637,
        1425,
        700,
        1425
      ],
      "light": 20,
      "move": 20,
      "sight": 20,
      "sound": 20,
      "dir": 0,
      "door": 0,
      "ds": 0,
      "flags": {},
      "threshold": {
        "light": null,
        "sight": null,
        "sound": null,
        "attenuation": false
      },
      "_key": "!scenes.walls!FL4qcv660VfFCLsn.vNp9dGFUOqL3aoxq"
    },
    {
      "_id": "k4GVoYnKBnsoDbF1",
      "c": [
        700,
        1425,
        737,
        1450
      ],
      "light": 20,
      "move": 20,
      "sight": 20,
      "sound": 20,
      "dir": 0,
      "door": 0,
      "ds": 0,
      "flags": {},
      "threshold": {
        "light": null,
        "sight": null,
        "sound": null,
        "attenuation": false
      },
      "_key": "!scenes.walls!FL4qcv660VfFCLsn.k4GVoYnKBnsoDbF1"
    },
    {
      "_id": "IwVYKyGwJrFlOTfv",
      "c": [
        737,
        1450,
        762,
        1450
      ],
      "light": 20,
      "move": 20,
      "sight": 20,
      "sound": 20,
      "dir": 0,
      "door": 0,
      "ds": 0,
      "flags": {},
      "threshold": {
        "light": null,
        "sight": null,
        "sound": null,
        "attenuation": false
      },
      "_key": "!scenes.walls!FL4qcv660VfFCLsn.IwVYKyGwJrFlOTfv"
    },
    {
      "_id": "ZuulbL1cqwyQaMXK",
      "c": [
        762,
        1450,
        812,
        1425
      ],
      "light": 20,
      "move": 20,
      "sight": 20,
      "sound": 20,
      "dir": 0,
      "door": 0,
      "ds": 0,
      "flags": {},
      "threshold": {
        "light": null,
        "sight": null,
        "sound": null,
        "attenuation": false
      },
      "_key": "!scenes.walls!FL4qcv660VfFCLsn.ZuulbL1cqwyQaMXK"
    },
    {
      "_id": "EEadn0RlvfoXt1J2",
      "c": [
        812,
        1425,
        887,
        1400
      ],
      "light": 20,
      "move": 20,
      "sight": 20,
      "sound": 20,
      "dir": 0,
      "door": 0,
      "ds": 0,
      "flags": {},
      "threshold": {
        "light": null,
        "sight": null,
        "sound": null,
        "attenuation": false
      },
      "_key": "!scenes.walls!FL4qcv660VfFCLsn.EEadn0RlvfoXt1J2"
    },
    {
      "_id": "t5Xjxc8nCRtljTOB",
      "c": [
        887,
        1400,
        912,
        1362
      ],
      "light": 20,
      "move": 20,
      "sight": 20,
      "sound": 20,
      "dir": 0,
      "door": 0,
      "ds": 0,
      "flags": {},
      "threshold": {
        "light": null,
        "sight": null,
        "sound": null,
        "attenuation": false
      },
      "_key": "!scenes.walls!FL4qcv660VfFCLsn.t5Xjxc8nCRtljTOB"
    },
    {
      "_id": "JrSXKtb4BEPpReNy",
      "c": [
        912,
        1362,
        962,
        1325
      ],
      "light": 20,
      "move": 20,
      "sight": 20,
      "sound": 20,
      "dir": 0,
      "door": 0,
      "ds": 0,
      "flags": {},
      "threshold": {
        "light": null,
        "sight": null,
        "sound": null,
        "attenuation": false
      },
      "_key": "!scenes.walls!FL4qcv660VfFCLsn.JrSXKtb4BEPpReNy"
    },
    {
      "_id": "mt2qBaVaunMdc19L",
      "c": [
        962,
        1325,
        1037,
        1325
      ],
      "light": 20,
      "move": 20,
      "sight": 20,
      "sound": 20,
      "dir": 0,
      "door": 0,
      "ds": 0,
      "flags": {},
      "threshold": {
        "light": null,
        "sight": null,
        "sound": null,
        "attenuation": false
      },
      "_key": "!scenes.walls!FL4qcv660VfFCLsn.mt2qBaVaunMdc19L"
    },
    {
      "_id": "lpwb8SP8U9VAE5Kv",
      "c": [
        1037,
        1325,
        1062,
        1312
      ],
      "light": 20,
      "move": 20,
      "sight": 20,
      "sound": 20,
      "dir": 0,
      "door": 0,
      "ds": 0,
      "flags": {},
      "threshold": {
        "light": null,
        "sight": null,
        "sound": null,
        "attenuation": false
      },
      "_key": "!scenes.walls!FL4qcv660VfFCLsn.lpwb8SP8U9VAE5Kv"
    },
    {
      "_id": "Pr0SMPFcmkO3zOsv",
      "c": [
        1062,
        1312,
        1150,
        1312
      ],
      "light": 20,
      "move": 20,
      "sight": 20,
      "sound": 20,
      "dir": 0,
      "door": 0,
      "ds": 0,
      "flags": {},
      "threshold": {
        "light": null,
        "sight": null,
        "sound": null,
        "attenuation": false
      },
      "_key": "!scenes.walls!FL4qcv660VfFCLsn.Pr0SMPFcmkO3zOsv"
    },
    {
      "_id": "b8FnexHPZotqXgFS",
      "c": [
        1150,
        1312,
        1200,
        1337
      ],
      "light": 20,
      "move": 20,
      "sight": 20,
      "sound": 20,
      "dir": 0,
      "door": 0,
      "ds": 0,
      "flags": {},
      "threshold": {
        "light": null,
        "sight": null,
        "sound": null,
        "attenuation": false
      },
      "_key": "!scenes.walls!FL4qcv660VfFCLsn.b8FnexHPZotqXgFS"
    },
    {
      "_id": "9Nf93iOcdahDUfES",
      "c": [
        1200,
        1337,
        1262,
        1337
      ],
      "light": 20,
      "move": 20,
      "sight": 20,
      "sound": 20,
      "dir": 0,
      "door": 0,
      "ds": 0,
      "flags": {},
      "threshold": {
        "light": null,
        "sight": null,
        "sound": null,
        "attenuation": false
      },
      "_key": "!scenes.walls!FL4qcv660VfFCLsn.9Nf93iOcdahDUfES"
    },
    {
      "_id": "bUyarUe3JEZZnhF3",
      "c": [
        1262,
        1337,
        1300,
        1325
      ],
      "light": 20,
      "move": 20,
      "sight": 20,
      "sound": 20,
      "dir": 0,
      "door": 0,
      "ds": 0,
      "flags": {},
      "threshold": {
        "light": null,
        "sight": null,
        "sound": null,
        "attenuation": false
      },
      "_key": "!scenes.walls!FL4qcv660VfFCLsn.bUyarUe3JEZZnhF3"
    },
    {
      "_id": "pfklg6WfM0CTY6XC",
      "c": [
        1300,
        1325,
        1362,
        1350
      ],
      "light": 20,
      "move": 20,
      "sight": 20,
      "sound": 20,
      "dir": 0,
      "door": 0,
      "ds": 0,
      "flags": {},
      "threshold": {
        "light": null,
        "sight": null,
        "sound": null,
        "attenuation": false
      },
      "_key": "!scenes.walls!FL4qcv660VfFCLsn.pfklg6WfM0CTY6XC"
    },
    {
      "_id": "uH1W7zCScUPoumBJ",
      "c": [
        1362,
        1350,
        1413,
        1325
      ],
      "light": 20,
      "move": 20,
      "sight": 20,
      "sound": 20,
      "dir": 0,
      "door": 0,
      "ds": 0,
      "flags": {},
      "threshold": {
        "light": null,
        "sight": null,
        "sound": null,
        "attenuation": false
      },
      "_key": "!scenes.walls!FL4qcv660VfFCLsn.uH1W7zCScUPoumBJ"
    },
    {
      "_id": "TGvVPaI0l8zUcFLc",
      "c": [
        1413,
        1325,
        1387,
        1300
      ],
      "light": 20,
      "move": 20,
      "sight": 20,
      "sound": 20,
      "dir": 0,
      "door": 0,
      "ds": 0,
      "flags": {},
      "threshold": {
        "light": null,
        "sight": null,
        "sound": null,
        "attenuation": false
      },
      "_key": "!scenes.walls!FL4qcv660VfFCLsn.TGvVPaI0l8zUcFLc"
    },
    {
      "_id": "frI8hoKAUTui38NR",
      "c": [
        1387,
        1300,
        1375,
        1287
      ],
      "light": 20,
      "move": 20,
      "sight": 20,
      "sound": 20,
      "dir": 0,
      "door": 0,
      "ds": 0,
      "flags": {},
      "threshold": {
        "light": null,
        "sight": null,
        "sound": null,
        "attenuation": false
      },
      "_key": "!scenes.walls!FL4qcv660VfFCLsn.frI8hoKAUTui38NR"
    },
    {
      "_id": "LMepXAkHhP2xPZ1u",
      "c": [
        1375,
        1287,
        1375,
        1250
      ],
      "light": 20,
      "move": 20,
      "sight": 20,
      "sound": 20,
      "dir": 0,
      "door": 0,
      "ds": 0,
      "flags": {},
      "threshold": {
        "light": null,
        "sight": null,
        "sound": null,
        "attenuation": false
      },
      "_key": "!scenes.walls!FL4qcv660VfFCLsn.LMepXAkHhP2xPZ1u"
    },
    {
      "_id": "2nQ7d07pEJFnSImX",
      "c": [
        1375,
        1250,
        1400,
        1200
      ],
      "light": 20,
      "move": 20,
      "sight": 20,
      "sound": 20,
      "dir": 0,
      "door": 0,
      "ds": 0,
      "flags": {},
      "threshold": {
        "light": null,
        "sight": null,
        "sound": null,
        "attenuation": false
      },
      "_key": "!scenes.walls!FL4qcv660VfFCLsn.2nQ7d07pEJFnSImX"
    },
    {
      "_id": "uVBfwbS1iYVzNtsB",
      "c": [
        1400,
        1200,
        1387,
        1175
      ],
      "light": 20,
      "move": 20,
      "sight": 20,
      "sound": 20,
      "dir": 0,
      "door": 0,
      "ds": 0,
      "flags": {},
      "threshold": {
        "light": null,
        "sight": null,
        "sound": null,
        "attenuation": false
      },
      "_key": "!scenes.walls!FL4qcv660VfFCLsn.uVBfwbS1iYVzNtsB"
    },
    {
      "_id": "ca0grxgnjeZ1JbWf",
      "c": [
        1387,
        1175,
        1337,
        1212
      ],
      "light": 20,
      "move": 20,
      "sight": 20,
      "sound": 20,
      "dir": 0,
      "door": 0,
      "ds": 0,
      "flags": {},
      "threshold": {
        "light": null,
        "sight": null,
        "sound": null,
        "attenuation": false
      },
      "_key": "!scenes.walls!FL4qcv660VfFCLsn.ca0grxgnjeZ1JbWf"
    },
    {
      "_id": "lvUiDRVBdQdg3LFg",
      "c": [
        1337,
        1212,
        1250,
        1187
      ],
      "light": 20,
      "move": 20,
      "sight": 20,
      "sound": 20,
      "dir": 0,
      "door": 0,
      "ds": 0,
      "flags": {},
      "threshold": {
        "light": null,
        "sight": null,
        "sound": null,
        "attenuation": false
      },
      "_key": "!scenes.walls!FL4qcv660VfFCLsn.lvUiDRVBdQdg3LFg"
    },
    {
      "_id": "RAwPVBusPt3mnTcX",
      "c": [
        1250,
        1187,
        1200,
        1200
      ],
      "light": 20,
      "move": 20,
      "sight": 20,
      "sound": 20,
      "dir": 0,
      "door": 0,
      "ds": 0,
      "flags": {},
      "threshold": {
        "light": null,
        "sight": null,
        "sound": null,
        "attenuation": false
      },
      "_key": "!scenes.walls!FL4qcv660VfFCLsn.RAwPVBusPt3mnTcX"
    },
    {
      "_id": "PZXooD3tFoSjz1i5",
      "c": [
        1200,
        1200,
        1175,
        1200
      ],
      "light": 20,
      "move": 20,
      "sight": 20,
      "sound": 20,
      "dir": 0,
      "door": 0,
      "ds": 0,
      "flags": {},
      "threshold": {
        "light": null,
        "sight": null,
        "sound": null,
        "attenuation": false
      },
      "_key": "!scenes.walls!FL4qcv660VfFCLsn.PZXooD3tFoSjz1i5"
    },
    {
      "_id": "DYEIwME3nLWvD9Zc",
      "c": [
        1175,
        1200,
        1100,
        1162
      ],
      "light": 20,
      "move": 20,
      "sight": 20,
      "sound": 20,
      "dir": 0,
      "door": 0,
      "ds": 0,
      "flags": {},
      "threshold": {
        "light": null,
        "sight": null,
        "sound": null,
        "attenuation": false
      },
      "_key": "!scenes.walls!FL4qcv660VfFCLsn.DYEIwME3nLWvD9Zc"
    },
    {
      "_id": "1HEuVe1eTKIpxkVM",
      "c": [
        1100,
        1162,
        1087,
        1150
      ],
      "light": 20,
      "move": 20,
      "sight": 20,
      "sound": 20,
      "dir": 0,
      "door": 0,
      "ds": 0,
      "flags": {},
      "threshold": {
        "light": null,
        "sight": null,
        "sound": null,
        "attenuation": false
      },
      "_key": "!scenes.walls!FL4qcv660VfFCLsn.1HEuVe1eTKIpxkVM"
    },
    {
      "_id": "PWNfW8xCz3nvbDXd",
      "c": [
        1087,
        1150,
        1075,
        1125
      ],
      "light": 20,
      "move": 20,
      "sight": 20,
      "sound": 20,
      "dir": 0,
      "door": 0,
      "ds": 0,
      "flags": {},
      "threshold": {
        "light": null,
        "sight": null,
        "sound": null,
        "attenuation": false
      },
      "_key": "!scenes.walls!FL4qcv660VfFCLsn.PWNfW8xCz3nvbDXd"
    },
    {
      "_id": "Tli71OSd6pcJtia2",
      "c": [
        1075,
        1125,
        1075,
        1075
      ],
      "light": 20,
      "move": 20,
      "sight": 20,
      "sound": 20,
      "dir": 0,
      "door": 0,
      "ds": 0,
      "flags": {},
      "threshold": {
        "light": null,
        "sight": null,
        "sound": null,
        "attenuation": false
      },
      "_key": "!scenes.walls!FL4qcv660VfFCLsn.Tli71OSd6pcJtia2"
    },
    {
      "_id": "aA1W9CegpEv4dOTq",
      "c": [
        1075,
        1075,
        1025,
        1087
      ],
      "light": 20,
      "move": 20,
      "sight": 20,
      "sound": 20,
      "dir": 0,
      "door": 0,
      "ds": 0,
      "flags": {},
      "threshold": {
        "light": null,
        "sight": null,
        "sound": null,
        "attenuation": false
      },
      "_key": "!scenes.walls!FL4qcv660VfFCLsn.aA1W9CegpEv4dOTq"
    },
    {
      "_id": "RbrWC0PTJGfKdyWF",
      "c": [
        1025,
        1087,
        972,
        1060
      ],
      "light": 20,
      "move": 20,
      "sight": 20,
      "sound": 20,
      "dir": 0,
      "door": 0,
      "ds": 0,
      "flags": {},
      "threshold": {
        "light": null,
        "sight": null,
        "sound": null,
        "attenuation": false
      },
      "_key": "!scenes.walls!FL4qcv660VfFCLsn.RbrWC0PTJGfKdyWF"
    },
    {
      "_id": "kfkiSCMavJEzM57E",
      "c": [
        972,
        1060,
        938,
        994
      ],
      "light": 20,
      "move": 20,
      "sight": 20,
      "sound": 20,
      "dir": 0,
      "door": 0,
      "ds": 0,
      "flags": {},
      "threshold": {
        "light": null,
        "sight": null,
        "sound": null,
        "attenuation": false
      },
      "_key": "!scenes.walls!FL4qcv660VfFCLsn.kfkiSCMavJEzM57E"
    },
    {
      "_id": "PvcmIQl9t9M8D5k4",
      "c": [
        938,
        994,
        937,
        900
      ],
      "light": 20,
      "move": 20,
      "sight": 20,
      "sound": 20,
      "dir": 0,
      "door": 0,
      "ds": 0,
      "flags": {},
      "threshold": {
        "light": null,
        "sight": null,
        "sound": null,
        "attenuation": false
      },
      "_key": "!scenes.walls!FL4qcv660VfFCLsn.PvcmIQl9t9M8D5k4"
    },
    {
      "_id": "3LiHMFfY21ZfubuR",
      "c": [
        937,
        900,
        950,
        887
      ],
      "light": 20,
      "move": 20,
      "sight": 20,
      "sound": 20,
      "dir": 0,
      "door": 0,
      "ds": 0,
      "flags": {},
      "threshold": {
        "light": null,
        "sight": null,
        "sound": null,
        "attenuation": false
      },
      "_key": "!scenes.walls!FL4qcv660VfFCLsn.3LiHMFfY21ZfubuR"
    },
    {
      "_id": "6YXx4DgGE6EhXt6M",
      "c": [
        950,
        887,
        925,
        862
      ],
      "light": 20,
      "move": 20,
      "sight": 20,
      "sound": 20,
      "dir": 0,
      "door": 0,
      "ds": 0,
      "flags": {},
      "threshold": {
        "light": null,
        "sight": null,
        "sound": null,
        "attenuation": false
      },
      "_key": "!scenes.walls!FL4qcv660VfFCLsn.6YXx4DgGE6EhXt6M"
    },
    {
      "_id": "WEhw5WPeR4B7raRK",
      "c": [
        925,
        862,
        887,
        850
      ],
      "light": 20,
      "move": 20,
      "sight": 20,
      "sound": 20,
      "dir": 0,
      "door": 0,
      "ds": 0,
      "flags": {},
      "threshold": {
        "light": null,
        "sight": null,
        "sound": null,
        "attenuation": false
      },
      "_key": "!scenes.walls!FL4qcv660VfFCLsn.WEhw5WPeR4B7raRK"
    },
    {
      "_id": "kXRiypFG4rLNAoVP",
      "c": [
        887,
        850,
        875,
        825
      ],
      "light": 20,
      "move": 20,
      "sight": 20,
      "sound": 20,
      "dir": 0,
      "door": 0,
      "ds": 0,
      "flags": {},
      "threshold": {
        "light": null,
        "sight": null,
        "sound": null,
        "attenuation": false
      },
      "_key": "!scenes.walls!FL4qcv660VfFCLsn.kXRiypFG4rLNAoVP"
    },
    {
      "_id": "T05sJwoa1TNsq8tt",
      "c": [
        875,
        825,
        862,
        775
      ],
      "light": 20,
      "move": 20,
      "sight": 20,
      "sound": 20,
      "dir": 0,
      "door": 0,
      "ds": 0,
      "flags": {},
      "threshold": {
        "light": null,
        "sight": null,
        "sound": null,
        "attenuation": false
      },
      "_key": "!scenes.walls!FL4qcv660VfFCLsn.T05sJwoa1TNsq8tt"
    },
    {
      "_id": "40OcRg0Hch60D49F",
      "c": [
        862,
        775,
        825,
        712
      ],
      "light": 20,
      "move": 20,
      "sight": 20,
      "sound": 20,
      "dir": 0,
      "door": 0,
      "ds": 0,
      "flags": {},
      "threshold": {
        "light": null,
        "sight": null,
        "sound": null,
        "attenuation": false
      },
      "_key": "!scenes.walls!FL4qcv660VfFCLsn.40OcRg0Hch60D49F"
    },
    {
      "_id": "FQEqodAw1VS6oY9H",
      "c": [
        825,
        712,
        837,
        687
      ],
      "light": 20,
      "move": 20,
      "sight": 20,
      "sound": 20,
      "dir": 0,
      "door": 0,
      "ds": 0,
      "flags": {},
      "threshold": {
        "light": null,
        "sight": null,
        "sound": null,
        "attenuation": false
      },
      "_key": "!scenes.walls!FL4qcv660VfFCLsn.FQEqodAw1VS6oY9H"
    },
    {
      "_id": "hXfJqN7S2kJyFOFE",
      "c": [
        837,
        687,
        862,
        675
      ],
      "light": 20,
      "move": 20,
      "sight": 20,
      "sound": 20,
      "dir": 0,
      "door": 0,
      "ds": 0,
      "flags": {},
      "threshold": {
        "light": null,
        "sight": null,
        "sound": null,
        "attenuation": false
      },
      "_key": "!scenes.walls!FL4qcv660VfFCLsn.hXfJqN7S2kJyFOFE"
    },
    {
      "_id": "XJZop0EPl27GOqoF",
      "c": [
        862,
        675,
        900,
        675
      ],
      "light": 20,
      "move": 20,
      "sight": 20,
      "sound": 20,
      "dir": 0,
      "door": 0,
      "ds": 0,
      "flags": {},
      "threshold": {
        "light": null,
        "sight": null,
        "sound": null,
        "attenuation": false
      },
      "_key": "!scenes.walls!FL4qcv660VfFCLsn.XJZop0EPl27GOqoF"
    },
    {
      "_id": "7BGt4kPDx31CoPzv",
      "c": [
        900,
        675,
        925,
        687
      ],
      "light": 20,
      "move": 20,
      "sight": 20,
      "sound": 20,
      "dir": 0,
      "door": 0,
      "ds": 0,
      "flags": {},
      "threshold": {
        "light": null,
        "sight": null,
        "sound": null,
        "attenuation": false
      },
      "_key": "!scenes.walls!FL4qcv660VfFCLsn.7BGt4kPDx31CoPzv"
    },
    {
      "_id": "2FYnfUbUmSwvzMLA",
      "c": [
        925,
        687,
        950,
        712
      ],
      "light": 20,
      "move": 20,
      "sight": 20,
      "sound": 20,
      "dir": 0,
      "door": 0,
      "ds": 0,
      "flags": {},
      "threshold": {
        "light": null,
        "sight": null,
        "sound": null,
        "attenuation": false
      },
      "_key": "!scenes.walls!FL4qcv660VfFCLsn.2FYnfUbUmSwvzMLA"
    },
    {
      "_id": "0YX8LrgyWSMFMTfR",
      "c": [
        950,
        712,
        975,
        737
      ],
      "light": 20,
      "move": 20,
      "sight": 20,
      "sound": 20,
      "dir": 0,
      "door": 0,
      "ds": 0,
      "flags": {},
      "threshold": {
        "light": null,
        "sight": null,
        "sound": null,
        "attenuation": false
      },
      "_key": "!scenes.walls!FL4qcv660VfFCLsn.0YX8LrgyWSMFMTfR"
    },
    {
      "_id": "8a0WCeuGpwKKdHAi",
      "c": [
        975,
        737,
        962,
        687
      ],
      "light": 20,
      "move": 20,
      "sight": 20,
      "sound": 20,
      "dir": 0,
      "door": 0,
      "ds": 0,
      "flags": {},
      "threshold": {
        "light": null,
        "sight": null,
        "sound": null,
        "attenuation": false
      },
      "_key": "!scenes.walls!FL4qcv660VfFCLsn.8a0WCeuGpwKKdHAi"
    },
    {
      "_id": "BTNxNe3V3yhTfM9u",
      "c": [
        962,
        687,
        937,
        650
      ],
      "light": 20,
      "move": 20,
      "sight": 20,
      "sound": 20,
      "dir": 0,
      "door": 0,
      "ds": 0,
      "flags": {},
      "threshold": {
        "light": null,
        "sight": null,
        "sound": null,
        "attenuation": false
      },
      "_key": "!scenes.walls!FL4qcv660VfFCLsn.BTNxNe3V3yhTfM9u"
    },
    {
      "_id": "WUuHe9F33OehpNzw",
      "c": [
        937,
        650,
        950,
        587
      ],
      "light": 20,
      "move": 20,
      "sight": 20,
      "sound": 20,
      "dir": 0,
      "door": 0,
      "ds": 0,
      "flags": {},
      "threshold": {
        "light": null,
        "sight": null,
        "sound": null,
        "attenuation": false
      },
      "_key": "!scenes.walls!FL4qcv660VfFCLsn.WUuHe9F33OehpNzw"
    },
    {
      "_id": "KpJolMQsHjuYgeR9",
      "c": [
        950,
        587,
        975,
        562
      ],
      "light": 20,
      "move": 20,
      "sight": 20,
      "sound": 20,
      "dir": 0,
      "door": 0,
      "ds": 0,
      "flags": {},
      "threshold": {
        "light": null,
        "sight": null,
        "sound": null,
        "attenuation": false
      },
      "_key": "!scenes.walls!FL4qcv660VfFCLsn.KpJolMQsHjuYgeR9"
    },
    {
      "_id": "WH0FHf9DBKk5Ujrq",
      "c": [
        975,
        562,
        1027,
        619
      ],
      "light": 20,
      "move": 20,
      "sight": 20,
      "sound": 20,
      "dir": 0,
      "door": 0,
      "ds": 0,
      "flags": {},
      "threshold": {
        "light": null,
        "sight": null,
        "sound": null,
        "attenuation": false
      },
      "_key": "!scenes.walls!FL4qcv660VfFCLsn.WH0FHf9DBKk5Ujrq"
    },
    {
      "_id": "6RAg6K4QsY2QR4Bt",
      "c": [
        1027,
        619,
        1075,
        662
      ],
      "light": 20,
      "move": 20,
      "sight": 20,
      "sound": 20,
      "dir": 0,
      "door": 0,
      "ds": 0,
      "flags": {},
      "threshold": {
        "light": null,
        "sight": null,
        "sound": null,
        "attenuation": false
      },
      "_key": "!scenes.walls!FL4qcv660VfFCLsn.6RAg6K4QsY2QR4Bt"
    },
    {
      "_id": "VSW7XnpzIvWfdS9b",
      "c": [
        1075,
        662,
        1087,
        612
      ],
      "light": 20,
      "move": 20,
      "sight": 20,
      "sound": 20,
      "dir": 0,
      "door": 0,
      "ds": 0,
      "flags": {},
      "threshold": {
        "light": null,
        "sight": null,
        "sound": null,
        "attenuation": false
      },
      "_key": "!scenes.walls!FL4qcv660VfFCLsn.VSW7XnpzIvWfdS9b"
    },
    {
      "_id": "Hwq8Ns5Jl4lfFJpY",
      "c": [
        1087,
        612,
        1112,
        600
      ],
      "light": 20,
      "move": 20,
      "sight": 20,
      "sound": 20,
      "dir": 0,
      "door": 0,
      "ds": 0,
      "flags": {},
      "threshold": {
        "light": null,
        "sight": null,
        "sound": null,
        "attenuation": false
      },
      "_key": "!scenes.walls!FL4qcv660VfFCLsn.Hwq8Ns5Jl4lfFJpY"
    },
    {
      "_id": "1I5JlpAf1B4y2kCw",
      "c": [
        1112,
        600,
        1187,
        637
      ],
      "light": 20,
      "move": 20,
      "sight": 20,
      "sound": 20,
      "dir": 0,
      "door": 0,
      "ds": 0,
      "flags": {},
      "threshold": {
        "light": null,
        "sight": null,
        "sound": null,
        "attenuation": false
      },
      "_key": "!scenes.walls!FL4qcv660VfFCLsn.1I5JlpAf1B4y2kCw"
    },
    {
      "_id": "K3pRpYRk0COFyDq0",
      "c": [
        1187,
        637,
        1250,
        725
      ],
      "light": 20,
      "move": 20,
      "sight": 20,
      "sound": 20,
      "dir": 0,
      "door": 0,
      "ds": 0,
      "flags": {},
      "threshold": {
        "light": null,
        "sight": null,
        "sound": null,
        "attenuation": false
      },
      "_key": "!scenes.walls!FL4qcv660VfFCLsn.K3pRpYRk0COFyDq0"
    },
    {
      "_id": "NG9Uz0bQvJAsRBjy",
      "c": [
        1250,
        725,
        1312,
        725
      ],
      "light": 20,
      "move": 20,
      "sight": 20,
      "sound": 20,
      "dir": 0,
      "door": 0,
      "ds": 0,
      "flags": {},
      "threshold": {
        "light": null,
        "sight": null,
        "sound": null,
        "attenuation": false
      },
      "_key": "!scenes.walls!FL4qcv660VfFCLsn.NG9Uz0bQvJAsRBjy"
    },
    {
      "_id": "cafrAWuwaHVdetv0",
      "c": [
        1312,
        725,
        1337,
        750
      ],
      "light": 20,
      "move": 20,
      "sight": 20,
      "sound": 20,
      "dir": 0,
      "door": 0,
      "ds": 0,
      "flags": {},
      "threshold": {
        "light": null,
        "sight": null,
        "sound": null,
        "attenuation": false
      },
      "_key": "!scenes.walls!FL4qcv660VfFCLsn.cafrAWuwaHVdetv0"
    },
    {
      "_id": "bJZbhTCegaMqA4b9",
      "c": [
        1337,
        750,
        1387,
        775
      ],
      "light": 20,
      "move": 20,
      "sight": 20,
      "sound": 20,
      "dir": 0,
      "door": 0,
      "ds": 0,
      "flags": {},
      "threshold": {
        "light": null,
        "sight": null,
        "sound": null,
        "attenuation": false
      },
      "_key": "!scenes.walls!FL4qcv660VfFCLsn.bJZbhTCegaMqA4b9"
    },
    {
      "_id": "1CAMG2aqRep3RIlv",
      "c": [
        1387,
        775,
        1412,
        812
      ],
      "light": 20,
      "move": 20,
      "sight": 20,
      "sound": 20,
      "dir": 0,
      "door": 0,
      "ds": 0,
      "flags": {},
      "threshold": {
        "light": null,
        "sight": null,
        "sound": null,
        "attenuation": false
      },
      "_key": "!scenes.walls!FL4qcv660VfFCLsn.1CAMG2aqRep3RIlv"
    },
    {
      "_id": "u2hYpIsC3B5tgy7l",
      "c": [
        1412,
        812,
        1412,
        837
      ],
      "light": 20,
      "move": 20,
      "sight": 20,
      "sound": 20,
      "dir": 0,
      "door": 0,
      "ds": 0,
      "flags": {},
      "threshold": {
        "light": null,
        "sight": null,
        "sound": null,
        "attenuation": false
      },
      "_key": "!scenes.walls!FL4qcv660VfFCLsn.u2hYpIsC3B5tgy7l"
    },
    {
      "_id": "DFGSq1npBePE3LnK",
      "c": [
        1412,
        837,
        1400,
        862
      ],
      "light": 20,
      "move": 20,
      "sight": 20,
      "sound": 20,
      "dir": 0,
      "door": 0,
      "ds": 0,
      "flags": {},
      "threshold": {
        "light": null,
        "sight": null,
        "sound": null,
        "attenuation": false
      },
      "_key": "!scenes.walls!FL4qcv660VfFCLsn.DFGSq1npBePE3LnK"
    },
    {
      "_id": "pXU1ETUXBallzsu8",
      "c": [
        1400,
        862,
        1400,
        912
      ],
      "light": 20,
      "move": 20,
      "sight": 20,
      "sound": 20,
      "dir": 0,
      "door": 0,
      "ds": 0,
      "flags": {},
      "threshold": {
        "light": null,
        "sight": null,
        "sound": null,
        "attenuation": false
      },
      "_key": "!scenes.walls!FL4qcv660VfFCLsn.pXU1ETUXBallzsu8"
    },
    {
      "_id": "XdEkiDedKSIvjF0u",
      "c": [
        1400,
        912,
        1412,
        950
      ],
      "light": 20,
      "move": 20,
      "sight": 20,
      "sound": 20,
      "dir": 0,
      "door": 0,
      "ds": 0,
      "flags": {},
      "threshold": {
        "light": null,
        "sight": null,
        "sound": null,
        "attenuation": false
      },
      "_key": "!scenes.walls!FL4qcv660VfFCLsn.XdEkiDedKSIvjF0u"
    },
    {
      "_id": "pC7gIkfRz1Bz15Bi",
      "c": [
        1412,
        950,
        1435,
        959
      ],
      "light": 20,
      "move": 20,
      "sight": 20,
      "sound": 20,
      "dir": 0,
      "door": 0,
      "ds": 0,
      "flags": {},
      "threshold": {
        "light": null,
        "sight": null,
        "sound": null,
        "attenuation": false
      },
      "_key": "!scenes.walls!FL4qcv660VfFCLsn.pC7gIkfRz1Bz15Bi"
    },
    {
      "_id": "OEMkxBkJSJxlkU9t",
      "c": [
        1435,
        959,
        1448,
        979
      ],
      "light": 20,
      "move": 20,
      "sight": 20,
      "sound": 20,
      "dir": 0,
      "door": 0,
      "ds": 0,
      "flags": {},
      "threshold": {
        "light": null,
        "sight": null,
        "sound": null,
        "attenuation": false
      },
      "_key": "!scenes.walls!FL4qcv660VfFCLsn.OEMkxBkJSJxlkU9t"
    },
    {
      "_id": "NUZuriOZy1AsXwdE",
      "c": [
        1448,
        979,
        1437,
        1050
      ],
      "light": 20,
      "move": 20,
      "sight": 20,
      "sound": 20,
      "dir": 0,
      "door": 0,
      "ds": 0,
      "flags": {},
      "threshold": {
        "light": null,
        "sight": null,
        "sound": null,
        "attenuation": false
      },
      "_key": "!scenes.walls!FL4qcv660VfFCLsn.NUZuriOZy1AsXwdE"
    },
    {
      "_id": "XLR8lfXGzGoqvVgK",
      "c": [
        1437,
        1050,
        1412,
        1087
      ],
      "light": 20,
      "move": 20,
      "sight": 20,
      "sound": 20,
      "dir": 0,
      "door": 0,
      "ds": 0,
      "flags": {},
      "threshold": {
        "light": null,
        "sight": null,
        "sound": null,
        "attenuation": false
      },
      "_key": "!scenes.walls!FL4qcv660VfFCLsn.XLR8lfXGzGoqvVgK"
    },
    {
      "_id": "2q6ORg3FA0mt3eV9",
      "c": [
        1412,
        1087,
        1412,
        1112
      ],
      "light": 20,
      "move": 20,
      "sight": 20,
      "sound": 20,
      "dir": 0,
      "door": 0,
      "ds": 0,
      "flags": {},
      "threshold": {
        "light": null,
        "sight": null,
        "sound": null,
        "attenuation": false
      },
      "_key": "!scenes.walls!FL4qcv660VfFCLsn.2q6ORg3FA0mt3eV9"
    },
    {
      "_id": "uinbe0hGbJ0ThHj0",
      "c": [
        1412,
        1112,
        1437,
        1100
      ],
      "light": 20,
      "move": 20,
      "sight": 20,
      "sound": 20,
      "dir": 0,
      "door": 0,
      "ds": 0,
      "flags": {},
      "threshold": {
        "light": null,
        "sight": null,
        "sound": null,
        "attenuation": false
      },
      "_key": "!scenes.walls!FL4qcv660VfFCLsn.uinbe0hGbJ0ThHj0"
    },
    {
      "_id": "7v9kYOhFz5Z3ypwb",
      "c": [
        1437,
        1100,
        1450,
        1062
      ],
      "light": 20,
      "move": 20,
      "sight": 20,
      "sound": 20,
      "dir": 0,
      "door": 0,
      "ds": 0,
      "flags": {},
      "threshold": {
        "light": null,
        "sight": null,
        "sound": null,
        "attenuation": false
      },
      "_key": "!scenes.walls!FL4qcv660VfFCLsn.7v9kYOhFz5Z3ypwb"
    },
    {
      "_id": "4pJHHi14dBT5MYui",
      "c": [
        1450,
        1062,
        1462,
        1000
      ],
      "light": 20,
      "move": 20,
      "sight": 20,
      "sound": 20,
      "dir": 0,
      "door": 0,
      "ds": 0,
      "flags": {},
      "threshold": {
        "light": null,
        "sight": null,
        "sound": null,
        "attenuation": false
      },
      "_key": "!scenes.walls!FL4qcv660VfFCLsn.4pJHHi14dBT5MYui"
    },
    {
      "_id": "DiOX7dQkJ1iGBrQs",
      "c": [
        1462,
        1000,
        1500,
        975
      ],
      "light": 20,
      "move": 20,
      "sight": 20,
      "sound": 20,
      "dir": 0,
      "door": 0,
      "ds": 0,
      "flags": {},
      "threshold": {
        "light": null,
        "sight": null,
        "sound": null,
        "attenuation": false
      },
      "_key": "!scenes.walls!FL4qcv660VfFCLsn.DiOX7dQkJ1iGBrQs"
    },
    {
      "_id": "jd5FmsyUxNLdLHe4",
      "c": [
        1500,
        975,
        1475,
        925
      ],
      "light": 20,
      "move": 20,
      "sight": 20,
      "sound": 20,
      "dir": 0,
      "door": 0,
      "ds": 0,
      "flags": {},
      "threshold": {
        "light": null,
        "sight": null,
        "sound": null,
        "attenuation": false
      },
      "_key": "!scenes.walls!FL4qcv660VfFCLsn.jd5FmsyUxNLdLHe4"
    },
    {
      "_id": "5xkuCCpajnFVug7p",
      "c": [
        1475,
        925,
        1475,
        875
      ],
      "light": 20,
      "move": 20,
      "sight": 20,
      "sound": 20,
      "dir": 0,
      "door": 0,
      "ds": 0,
      "flags": {},
      "threshold": {
        "light": null,
        "sight": null,
        "sound": null,
        "attenuation": false
      },
      "_key": "!scenes.walls!FL4qcv660VfFCLsn.5xkuCCpajnFVug7p"
    },
    {
      "_id": "mP2RnRXvXG94jGGO",
      "c": [
        1475,
        875,
        1487,
        862
      ],
      "light": 20,
      "move": 20,
      "sight": 20,
      "sound": 20,
      "dir": 0,
      "door": 0,
      "ds": 0,
      "flags": {},
      "threshold": {
        "light": null,
        "sight": null,
        "sound": null,
        "attenuation": false
      },
      "_key": "!scenes.walls!FL4qcv660VfFCLsn.mP2RnRXvXG94jGGO"
    },
    {
      "_id": "1nvENV8TBTfHrDC4",
      "c": [
        1487,
        862,
        1500,
        825
      ],
      "light": 20,
      "move": 20,
      "sight": 20,
      "sound": 20,
      "dir": 0,
      "door": 0,
      "ds": 0,
      "flags": {},
      "threshold": {
        "light": null,
        "sight": null,
        "sound": null,
        "attenuation": false
      },
      "_key": "!scenes.walls!FL4qcv660VfFCLsn.1nvENV8TBTfHrDC4"
    },
    {
      "_id": "E0apANOi27jjzcY1",
      "c": [
        1500,
        825,
        1525,
        750
      ],
      "light": 20,
      "move": 20,
      "sight": 20,
      "sound": 20,
      "dir": 0,
      "door": 0,
      "ds": 0,
      "flags": {},
      "threshold": {
        "light": null,
        "sight": null,
        "sound": null,
        "attenuation": false
      },
      "_key": "!scenes.walls!FL4qcv660VfFCLsn.E0apANOi27jjzcY1"
    },
    {
      "_id": "ExXwG06jF5SF0ynU",
      "c": [
        1525,
        750,
        1650,
        750
      ],
      "light": 20,
      "move": 20,
      "sight": 20,
      "sound": 20,
      "dir": 0,
      "door": 0,
      "ds": 0,
      "flags": {},
      "threshold": {
        "light": null,
        "sight": null,
        "sound": null,
        "attenuation": false
      },
      "_key": "!scenes.walls!FL4qcv660VfFCLsn.ExXwG06jF5SF0ynU"
    },
    {
      "_id": "XrsSyr6ZqURbqHlF",
      "c": [
        1650,
        750,
        1673,
        784
      ],
      "light": 20,
      "move": 20,
      "sight": 20,
      "sound": 20,
      "dir": 0,
      "door": 0,
      "ds": 0,
      "flags": {},
      "threshold": {
        "light": null,
        "sight": null,
        "sound": null,
        "attenuation": false
      },
      "_key": "!scenes.walls!FL4qcv660VfFCLsn.XrsSyr6ZqURbqHlF"
    },
    {
      "_id": "nzQdXIJwZ15ETFjS",
      "c": [
        1673,
        784,
        1703,
        790
      ],
      "light": 20,
      "move": 20,
      "sight": 20,
      "sound": 20,
      "dir": 0,
      "door": 0,
      "ds": 0,
      "flags": {},
      "threshold": {
        "light": null,
        "sight": null,
        "sound": null,
        "attenuation": false
      },
      "_key": "!scenes.walls!FL4qcv660VfFCLsn.nzQdXIJwZ15ETFjS"
    },
    {
      "_id": "KceFqx4xynN6EEPz",
      "c": [
        1703,
        790,
        1750,
        750
      ],
      "light": 20,
      "move": 20,
      "sight": 20,
      "sound": 20,
      "dir": 0,
      "door": 0,
      "ds": 0,
      "flags": {},
      "threshold": {
        "light": null,
        "sight": null,
        "sound": null,
        "attenuation": false
      },
      "_key": "!scenes.walls!FL4qcv660VfFCLsn.KceFqx4xynN6EEPz"
    },
    {
      "_id": "Y71FGBy3Iyn8DXpB",
      "c": [
        1750,
        750,
        1750,
        700
      ],
      "light": 20,
      "move": 20,
      "sight": 20,
      "sound": 20,
      "dir": 0,
      "door": 0,
      "ds": 0,
      "flags": {},
      "threshold": {
        "light": null,
        "sight": null,
        "sound": null,
        "attenuation": false
      },
      "_key": "!scenes.walls!FL4qcv660VfFCLsn.Y71FGBy3Iyn8DXpB"
    },
    {
      "_id": "8hoG3LTbUYpZiGhE",
      "c": [
        1750,
        700,
        1775,
        675
      ],
      "light": 20,
      "move": 20,
      "sight": 20,
      "sound": 20,
      "dir": 0,
      "door": 0,
      "ds": 0,
      "flags": {},
      "threshold": {
        "light": null,
        "sight": null,
        "sound": null,
        "attenuation": false
      },
      "_key": "!scenes.walls!FL4qcv660VfFCLsn.8hoG3LTbUYpZiGhE"
    },
    {
      "_id": "1jctF6qmFlfiRTCN",
      "c": [
        1775,
        675,
        1850,
        637
      ],
      "light": 20,
      "move": 20,
      "sight": 20,
      "sound": 20,
      "dir": 0,
      "door": 0,
      "ds": 0,
      "flags": {},
      "threshold": {
        "light": null,
        "sight": null,
        "sound": null,
        "attenuation": false
      },
      "_key": "!scenes.walls!FL4qcv660VfFCLsn.1jctF6qmFlfiRTCN"
    },
    {
      "_id": "lTUKzkmBhiewSfAt",
      "c": [
        1850,
        637,
        1900,
        612
      ],
      "light": 20,
      "move": 20,
      "sight": 20,
      "sound": 20,
      "dir": 0,
      "door": 0,
      "ds": 0,
      "flags": {},
      "threshold": {
        "light": null,
        "sight": null,
        "sound": null,
        "attenuation": false
      },
      "_key": "!scenes.walls!FL4qcv660VfFCLsn.lTUKzkmBhiewSfAt"
    },
    {
      "_id": "Tq6lJxOBHGqguDCN",
      "c": [
        1900,
        612,
        1937,
        612
      ],
      "light": 20,
      "move": 20,
      "sight": 20,
      "sound": 20,
      "dir": 0,
      "door": 0,
      "ds": 0,
      "flags": {},
      "threshold": {
        "light": null,
        "sight": null,
        "sound": null,
        "attenuation": false
      },
      "_key": "!scenes.walls!FL4qcv660VfFCLsn.Tq6lJxOBHGqguDCN"
    },
    {
      "_id": "sAr8sQTfLLW4xY2X",
      "c": [
        1937,
        612,
        2000,
        687
      ],
      "light": 20,
      "move": 20,
      "sight": 20,
      "sound": 20,
      "dir": 0,
      "door": 0,
      "ds": 0,
      "flags": {},
      "threshold": {
        "light": null,
        "sight": null,
        "sound": null,
        "attenuation": false
      },
      "_key": "!scenes.walls!FL4qcv660VfFCLsn.sAr8sQTfLLW4xY2X"
    },
    {
      "_id": "faQfpWqGytGVYsgd",
      "c": [
        2000,
        687,
        2025,
        750
      ],
      "light": 20,
      "move": 20,
      "sight": 20,
      "sound": 20,
      "dir": 0,
      "door": 0,
      "ds": 0,
      "flags": {},
      "threshold": {
        "light": null,
        "sight": null,
        "sound": null,
        "attenuation": false
      },
      "_key": "!scenes.walls!FL4qcv660VfFCLsn.faQfpWqGytGVYsgd"
    },
    {
      "_id": "5yA3A48MOmTv52gb",
      "c": [
        2025,
        750,
        2037,
        800
      ],
      "light": 20,
      "move": 20,
      "sight": 20,
      "sound": 20,
      "dir": 0,
      "door": 0,
      "ds": 0,
      "flags": {},
      "threshold": {
        "light": null,
        "sight": null,
        "sound": null,
        "attenuation": false
      },
      "_key": "!scenes.walls!FL4qcv660VfFCLsn.5yA3A48MOmTv52gb"
    },
    {
      "_id": "w8azn5huYFgIu2CK",
      "c": [
        2037,
        800,
        2025,
        837
      ],
      "light": 20,
      "move": 20,
      "sight": 20,
      "sound": 20,
      "dir": 0,
      "door": 0,
      "ds": 0,
      "flags": {},
      "threshold": {
        "light": null,
        "sight": null,
        "sound": null,
        "attenuation": false
      },
      "_key": "!scenes.walls!FL4qcv660VfFCLsn.w8azn5huYFgIu2CK"
    },
    {
      "_id": "6Y5rSqfMxUHpoJ7q",
      "c": [
        2025,
        837,
        2050,
        925
      ],
      "light": 20,
      "move": 20,
      "sight": 20,
      "sound": 20,
      "dir": 0,
      "door": 0,
      "ds": 0,
      "flags": {},
      "threshold": {
        "light": null,
        "sight": null,
        "sound": null,
        "attenuation": false
      },
      "_key": "!scenes.walls!FL4qcv660VfFCLsn.6Y5rSqfMxUHpoJ7q"
    },
    {
      "_id": "0dS8f3vaXBNAAu4k",
      "c": [
        2050,
        925,
        2050,
        1012
      ],
      "light": 20,
      "move": 20,
      "sight": 20,
      "sound": 20,
      "dir": 0,
      "door": 0,
      "ds": 0,
      "flags": {},
      "threshold": {
        "light": null,
        "sight": null,
        "sound": null,
        "attenuation": false
      },
      "_key": "!scenes.walls!FL4qcv660VfFCLsn.0dS8f3vaXBNAAu4k"
    },
    {
      "_id": "pNxcXrej3g6NEoJd",
      "c": [
        2050,
        1012,
        2037,
        1075
      ],
      "light": 20,
      "move": 20,
      "sight": 20,
      "sound": 20,
      "dir": 0,
      "door": 0,
      "ds": 0,
      "flags": {},
      "threshold": {
        "light": null,
        "sight": null,
        "sound": null,
        "attenuation": false
      },
      "_key": "!scenes.walls!FL4qcv660VfFCLsn.pNxcXrej3g6NEoJd"
    },
    {
      "_id": "xssgDFabwYO8gSWd",
      "c": [
        2037,
        1075,
        2037,
        1125
      ],
      "light": 20,
      "move": 20,
      "sight": 20,
      "sound": 20,
      "dir": 0,
      "door": 0,
      "ds": 0,
      "flags": {},
      "threshold": {
        "light": null,
        "sight": null,
        "sound": null,
        "attenuation": false
      },
      "_key": "!scenes.walls!FL4qcv660VfFCLsn.xssgDFabwYO8gSWd"
    },
    {
      "_id": "TRYAuXG67B3Reb46",
      "c": [
        2037,
        1125,
        2025,
        1150
      ],
      "light": 20,
      "move": 20,
      "sight": 20,
      "sound": 20,
      "dir": 0,
      "door": 0,
      "ds": 0,
      "flags": {},
      "threshold": {
        "light": null,
        "sight": null,
        "sound": null,
        "attenuation": false
      },
      "_key": "!scenes.walls!FL4qcv660VfFCLsn.TRYAuXG67B3Reb46"
    },
    {
      "_id": "pBtg887IxP8dg2c9",
      "c": [
        2025,
        1150,
        1975,
        1175
      ],
      "light": 20,
      "move": 20,
      "sight": 20,
      "sound": 20,
      "dir": 0,
      "door": 0,
      "ds": 0,
      "flags": {},
      "threshold": {
        "light": null,
        "sight": null,
        "sound": null,
        "attenuation": false
      },
      "_key": "!scenes.walls!FL4qcv660VfFCLsn.pBtg887IxP8dg2c9"
    },
    {
      "_id": "74oH7dqPNHrUEPXd",
      "c": [
        1975,
        1175,
        1950,
        1187
      ],
      "light": 20,
      "move": 20,
      "sight": 20,
      "sound": 20,
      "dir": 0,
      "door": 0,
      "ds": 0,
      "flags": {},
      "threshold": {
        "light": null,
        "sight": null,
        "sound": null,
        "attenuation": false
      },
      "_key": "!scenes.walls!FL4qcv660VfFCLsn.74oH7dqPNHrUEPXd"
    },
    {
      "_id": "ABR9u8zCBWnB48s9",
      "c": [
        1950,
        1187,
        1900,
        1200
      ],
      "light": 20,
      "move": 20,
      "sight": 20,
      "sound": 20,
      "dir": 0,
      "door": 0,
      "ds": 0,
      "flags": {},
      "threshold": {
        "light": null,
        "sight": null,
        "sound": null,
        "attenuation": false
      },
      "_key": "!scenes.walls!FL4qcv660VfFCLsn.ABR9u8zCBWnB48s9"
    },
    {
      "_id": "RkM3chtDelJMMeiG",
      "c": [
        1900,
        1200,
        1875,
        1262
      ],
      "light": 20,
      "move": 20,
      "sight": 20,
      "sound": 20,
      "dir": 0,
      "door": 0,
      "ds": 0,
      "flags": {},
      "threshold": {
        "light": null,
        "sight": null,
        "sound": null,
        "attenuation": false
      },
      "_key": "!scenes.walls!FL4qcv660VfFCLsn.RkM3chtDelJMMeiG"
    },
    {
      "_id": "oTZky2GUD2xn0AMI",
      "c": [
        1875,
        1262,
        1837,
        1287
      ],
      "light": 20,
      "move": 20,
      "sight": 20,
      "sound": 20,
      "dir": 0,
      "door": 0,
      "ds": 0,
      "flags": {},
      "threshold": {
        "light": null,
        "sight": null,
        "sound": null,
        "attenuation": false
      },
      "_key": "!scenes.walls!FL4qcv660VfFCLsn.oTZky2GUD2xn0AMI"
    },
    {
      "_id": "ewZRkwP7SwGYdv2P",
      "c": [
        1837,
        1287,
        1812,
        1300
      ],
      "light": 20,
      "move": 20,
      "sight": 20,
      "sound": 20,
      "dir": 0,
      "door": 0,
      "ds": 0,
      "flags": {},
      "threshold": {
        "light": null,
        "sight": null,
        "sound": null,
        "attenuation": false
      },
      "_key": "!scenes.walls!FL4qcv660VfFCLsn.ewZRkwP7SwGYdv2P"
    },
    {
      "_id": "HmOV3iEzoqbN3hnv",
      "c": [
        1812,
        1300,
        1725,
        1325
      ],
      "light": 20,
      "move": 20,
      "sight": 20,
      "sound": 20,
      "dir": 0,
      "door": 0,
      "ds": 0,
      "flags": {},
      "threshold": {
        "light": null,
        "sight": null,
        "sound": null,
        "attenuation": false
      },
      "_key": "!scenes.walls!FL4qcv660VfFCLsn.HmOV3iEzoqbN3hnv"
    },
    {
      "_id": "fMEyz4tl4R2LkUnw",
      "c": [
        1725,
        1325,
        1713,
        1350
      ],
      "light": 20,
      "move": 20,
      "sight": 20,
      "sound": 20,
      "dir": 0,
      "door": 0,
      "ds": 0,
      "flags": {},
      "threshold": {
        "light": null,
        "sight": null,
        "sound": null,
        "attenuation": false
      },
      "_key": "!scenes.walls!FL4qcv660VfFCLsn.fMEyz4tl4R2LkUnw"
    },
    {
      "_id": "8DxkfVaN0eEYzcaE",
      "c": [
        1713,
        1350,
        1737,
        1375
      ],
      "light": 20,
      "move": 20,
      "sight": 20,
      "sound": 20,
      "dir": 0,
      "door": 0,
      "ds": 0,
      "flags": {},
      "threshold": {
        "light": null,
        "sight": null,
        "sound": null,
        "attenuation": false
      },
      "_key": "!scenes.walls!FL4qcv660VfFCLsn.8DxkfVaN0eEYzcaE"
    },
    {
      "_id": "NjQY0ln4qmEJJ9X5",
      "c": [
        1737,
        1375,
        1750,
        1400
      ],
      "light": 20,
      "move": 20,
      "sight": 20,
      "sound": 20,
      "dir": 0,
      "door": 0,
      "ds": 0,
      "flags": {},
      "threshold": {
        "light": null,
        "sight": null,
        "sound": null,
        "attenuation": false
      },
      "_key": "!scenes.walls!FL4qcv660VfFCLsn.NjQY0ln4qmEJJ9X5"
    },
    {
      "_id": "gOuAEkD2cnGMRwrV",
      "c": [
        1750,
        1400,
        1825,
        1362
      ],
      "light": 20,
      "move": 20,
      "sight": 20,
      "sound": 20,
      "dir": 0,
      "door": 0,
      "ds": 0,
      "flags": {},
      "threshold": {
        "light": null,
        "sight": null,
        "sound": null,
        "attenuation": false
      },
      "_key": "!scenes.walls!FL4qcv660VfFCLsn.gOuAEkD2cnGMRwrV"
    },
    {
      "_id": "ztDQbbWoAqcm6saX",
      "c": [
        1825,
        1362,
        1862,
        1337
      ],
      "light": 20,
      "move": 20,
      "sight": 20,
      "sound": 20,
      "dir": 0,
      "door": 0,
      "ds": 0,
      "flags": {},
      "threshold": {
        "light": null,
        "sight": null,
        "sound": null,
        "attenuation": false
      },
      "_key": "!scenes.walls!FL4qcv660VfFCLsn.ztDQbbWoAqcm6saX"
    },
    {
      "_id": "JE5TJH7ItELMBj7r",
      "c": [
        1862,
        1337,
        1900,
        1350
      ],
      "light": 20,
      "move": 20,
      "sight": 20,
      "sound": 20,
      "dir": 0,
      "door": 0,
      "ds": 0,
      "flags": {},
      "threshold": {
        "light": null,
        "sight": null,
        "sound": null,
        "attenuation": false
      },
      "_key": "!scenes.walls!FL4qcv660VfFCLsn.JE5TJH7ItELMBj7r"
    },
    {
      "_id": "azJKNQL8lThNLOga",
      "c": [
        1900,
        1350,
        1950,
        1400
      ],
      "light": 20,
      "move": 20,
      "sight": 20,
      "sound": 20,
      "dir": 0,
      "door": 0,
      "ds": 0,
      "flags": {},
      "threshold": {
        "light": null,
        "sight": null,
        "sound": null,
        "attenuation": false
      },
      "_key": "!scenes.walls!FL4qcv660VfFCLsn.azJKNQL8lThNLOga"
    },
    {
      "_id": "COROhqqa1vcfAlMn",
      "c": [
        1950,
        1400,
        2000,
        1412
      ],
      "light": 20,
      "move": 20,
      "sight": 20,
      "sound": 20,
      "dir": 0,
      "door": 0,
      "ds": 0,
      "flags": {},
      "threshold": {
        "light": null,
        "sight": null,
        "sound": null,
        "attenuation": false
      },
      "_key": "!scenes.walls!FL4qcv660VfFCLsn.COROhqqa1vcfAlMn"
    },
    {
      "_id": "nPWLPLnfR7YNkbuH",
      "c": [
        2000,
        1412,
        2025,
        1400
      ],
      "light": 20,
      "move": 20,
      "sight": 20,
      "sound": 20,
      "dir": 0,
      "door": 0,
      "ds": 0,
      "flags": {},
      "threshold": {
        "light": null,
        "sight": null,
        "sound": null,
        "attenuation": false
      },
      "_key": "!scenes.walls!FL4qcv660VfFCLsn.nPWLPLnfR7YNkbuH"
    },
    {
      "_id": "axqt0wZdl7EA7RUB",
      "c": [
        2025,
        1400,
        2087,
        1387
      ],
      "light": 20,
      "move": 20,
      "sight": 20,
      "sound": 20,
      "dir": 0,
      "door": 0,
      "ds": 0,
      "flags": {},
      "threshold": {
        "light": null,
        "sight": null,
        "sound": null,
        "attenuation": false
      },
      "_key": "!scenes.walls!FL4qcv660VfFCLsn.axqt0wZdl7EA7RUB"
    },
    {
      "_id": "gSVnbgJqqBLMMizE",
      "c": [
        2087,
        1387,
        2162,
        1425
      ],
      "light": 20,
      "move": 20,
      "sight": 20,
      "sound": 20,
      "dir": 0,
      "door": 0,
      "ds": 0,
      "flags": {},
      "threshold": {
        "light": null,
        "sight": null,
        "sound": null,
        "attenuation": false
      },
      "_key": "!scenes.walls!FL4qcv660VfFCLsn.gSVnbgJqqBLMMizE"
    },
    {
      "_id": "teYO52YHoHOV0P4a",
      "c": [
        2162,
        1425,
        2175,
        1437
      ],
      "light": 20,
      "move": 20,
      "sight": 20,
      "sound": 20,
      "dir": 0,
      "door": 0,
      "ds": 0,
      "flags": {},
      "threshold": {
        "light": null,
        "sight": null,
        "sound": null,
        "attenuation": false
      },
      "_key": "!scenes.walls!FL4qcv660VfFCLsn.teYO52YHoHOV0P4a"
    },
    {
      "_id": "0y6TOp6W5K5vG5yf",
      "c": [
        2175,
        1437,
        2175,
        1487
      ],
      "light": 20,
      "move": 20,
      "sight": 20,
      "sound": 20,
      "dir": 0,
      "door": 0,
      "ds": 0,
      "flags": {},
      "threshold": {
        "light": null,
        "sight": null,
        "sound": null,
        "attenuation": false
      },
      "_key": "!scenes.walls!FL4qcv660VfFCLsn.0y6TOp6W5K5vG5yf"
    },
    {
      "_id": "sUxpzCtA3crhTci9",
      "c": [
        2175,
        1487,
        2225,
        1562
      ],
      "light": 20,
      "move": 20,
      "sight": 20,
      "sound": 20,
      "dir": 0,
      "door": 0,
      "ds": 0,
      "flags": {},
      "threshold": {
        "light": null,
        "sight": null,
        "sound": null,
        "attenuation": false
      },
      "_key": "!scenes.walls!FL4qcv660VfFCLsn.sUxpzCtA3crhTci9"
    },
    {
      "_id": "1GkUThFbKkWFZ5UW",
      "c": [
        2225,
        1562,
        2250,
        1562
      ],
      "light": 20,
      "move": 20,
      "sight": 20,
      "sound": 20,
      "dir": 0,
      "door": 0,
      "ds": 0,
      "flags": {},
      "threshold": {
        "light": null,
        "sight": null,
        "sound": null,
        "attenuation": false
      },
      "_key": "!scenes.walls!FL4qcv660VfFCLsn.1GkUThFbKkWFZ5UW"
    },
    {
      "_id": "GDw5qDE76onaLOPv",
      "c": [
        2250,
        1562,
        2287,
        1525
      ],
      "light": 20,
      "move": 20,
      "sight": 20,
      "sound": 20,
      "dir": 0,
      "door": 0,
      "ds": 0,
      "flags": {},
      "threshold": {
        "light": null,
        "sight": null,
        "sound": null,
        "attenuation": false
      },
      "_key": "!scenes.walls!FL4qcv660VfFCLsn.GDw5qDE76onaLOPv"
    },
    {
      "_id": "bSJNdIM8wjqGbC04",
      "c": [
        2287,
        1525,
        2325,
        1512
      ],
      "light": 20,
      "move": 20,
      "sight": 20,
      "sound": 20,
      "dir": 0,
      "door": 0,
      "ds": 0,
      "flags": {},
      "threshold": {
        "light": null,
        "sight": null,
        "sound": null,
        "attenuation": false
      },
      "_key": "!scenes.walls!FL4qcv660VfFCLsn.bSJNdIM8wjqGbC04"
    },
    {
      "_id": "V9VHJK3nEYImY4j4",
      "c": [
        2325,
        1512,
        2350,
        1512
      ],
      "light": 20,
      "move": 20,
      "sight": 20,
      "sound": 20,
      "dir": 0,
      "door": 0,
      "ds": 0,
      "flags": {},
      "threshold": {
        "light": null,
        "sight": null,
        "sound": null,
        "attenuation": false
      },
      "_key": "!scenes.walls!FL4qcv660VfFCLsn.V9VHJK3nEYImY4j4"
    },
    {
      "_id": "opCtz4QiZBTzB4mw",
      "c": [
        2350,
        1512,
        2412,
        1487
      ],
      "light": 20,
      "move": 20,
      "sight": 20,
      "sound": 20,
      "dir": 0,
      "door": 0,
      "ds": 0,
      "flags": {},
      "threshold": {
        "light": null,
        "sight": null,
        "sound": null,
        "attenuation": false
      },
      "_key": "!scenes.walls!FL4qcv660VfFCLsn.opCtz4QiZBTzB4mw"
    },
    {
      "_id": "0vy0ql0Ma60aVctw",
      "c": [
        2412,
        1487,
        2512,
        1500
      ],
      "light": 20,
      "move": 20,
      "sight": 20,
      "sound": 20,
      "dir": 0,
      "door": 0,
      "ds": 0,
      "flags": {},
      "threshold": {
        "light": null,
        "sight": null,
        "sound": null,
        "attenuation": false
      },
      "_key": "!scenes.walls!FL4qcv660VfFCLsn.0vy0ql0Ma60aVctw"
    },
    {
      "_id": "hiPQPMgvK82PaPSP",
      "c": [
        2512,
        1500,
        2550,
        1500
      ],
      "light": 20,
      "move": 20,
      "sight": 20,
      "sound": 20,
      "dir": 0,
      "door": 0,
      "ds": 0,
      "flags": {},
      "threshold": {
        "light": null,
        "sight": null,
        "sound": null,
        "attenuation": false
      },
      "_key": "!scenes.walls!FL4qcv660VfFCLsn.hiPQPMgvK82PaPSP"
    },
    {
      "_id": "kIOCp01xDPN3Xl0t",
      "c": [
        2550,
        1500,
        2575,
        1475
      ],
      "light": 20,
      "move": 20,
      "sight": 20,
      "sound": 20,
      "dir": 0,
      "door": 0,
      "ds": 0,
      "flags": {},
      "threshold": {
        "light": null,
        "sight": null,
        "sound": null,
        "attenuation": false
      },
      "_key": "!scenes.walls!FL4qcv660VfFCLsn.kIOCp01xDPN3Xl0t"
    },
    {
      "_id": "nALlFXOH5WbhAtZW",
      "c": [
        2575,
        1475,
        2612,
        1487
      ],
      "light": 20,
      "move": 20,
      "sight": 20,
      "sound": 20,
      "dir": 0,
      "door": 0,
      "ds": 0,
      "flags": {},
      "threshold": {
        "light": null,
        "sight": null,
        "sound": null,
        "attenuation": false
      },
      "_key": "!scenes.walls!FL4qcv660VfFCLsn.nALlFXOH5WbhAtZW"
    },
    {
      "_id": "RxWyyyshre5qEW3f",
      "c": [
        2612,
        1487,
        2650,
        1487
      ],
      "light": 20,
      "move": 20,
      "sight": 20,
      "sound": 20,
      "dir": 0,
      "door": 0,
      "ds": 0,
      "flags": {},
      "threshold": {
        "light": null,
        "sight": null,
        "sound": null,
        "attenuation": false
      },
      "_key": "!scenes.walls!FL4qcv660VfFCLsn.RxWyyyshre5qEW3f"
    },
    {
      "_id": "vKiiRYr5mDZrIVDW",
      "c": [
        2650,
        1487,
        2700,
        1462
      ],
      "light": 20,
      "move": 20,
      "sight": 20,
      "sound": 20,
      "dir": 0,
      "door": 0,
      "ds": 0,
      "flags": {},
      "threshold": {
        "light": null,
        "sight": null,
        "sound": null,
        "attenuation": false
      },
      "_key": "!scenes.walls!FL4qcv660VfFCLsn.vKiiRYr5mDZrIVDW"
    },
    {
      "dir": 0,
      "door": 0,
      "ds": 0,
      "light": 20,
      "sight": 20,
      "sound": 20,
      "move": 20,
      "c": [
        600,
        400,
        2700,
        400
      ],
      "_id": "U0jVvo2vRZvqyve4",
      "flags": {},
      "threshold": {
        "light": null,
        "sight": null,
        "sound": null,
        "attenuation": false
      },
      "_key": "!scenes.walls!FL4qcv660VfFCLsn.U0jVvo2vRZvqyve4"
    },
    {
      "dir": 0,
      "door": 0,
      "ds": 0,
      "light": 20,
      "sight": 20,
      "sound": 20,
      "move": 20,
      "c": [
        2700,
        400,
        2700,
        1900
      ],
      "_id": "gcbMJYXxclAU9axH",
      "flags": {},
      "threshold": {
        "light": null,
        "sight": null,
        "sound": null,
        "attenuation": false
      },
      "_key": "!scenes.walls!FL4qcv660VfFCLsn.gcbMJYXxclAU9axH"
    },
    {
      "dir": 0,
      "door": 0,
      "ds": 0,
      "light": 20,
      "sight": 20,
      "sound": 20,
      "move": 20,
      "c": [
        2700,
        1900,
        600,
        1900
      ],
      "_id": "gwhIrJovdUsubX8H",
      "flags": {},
      "threshold": {
        "light": null,
        "sight": null,
        "sound": null,
        "attenuation": false
      },
      "_key": "!scenes.walls!FL4qcv660VfFCLsn.gwhIrJovdUsubX8H"
    },
    {
      "dir": 0,
      "door": 0,
      "ds": 0,
      "light": 20,
      "sight": 20,
      "sound": 20,
      "move": 20,
      "c": [
        600,
        1900,
        600,
        400
      ],
      "_id": "dn8ClsuRxZFySeYg",
      "flags": {},
      "threshold": {
        "light": null,
        "sight": null,
        "sound": null,
        "attenuation": false
      },
      "_key": "!scenes.walls!FL4qcv660VfFCLsn.dn8ClsuRxZFySeYg"
    }
  ],
  "playlist": null,
  "playlistSound": null,
  "journal": null,
  "journalEntryPage": null,
  "weather": "",
  "flags": {},
  "_stats": {
    "systemId": "dnd5e",
    "systemVersion": "2.4.1",
    "coreVersion": "12.330",
    "createdTime": 1716550977020,
    "modifiedTime": 1723947134594,
    "lastModifiedBy": "dnd5ebuilder0000",
    "compendiumSource": "Compendium.fa-battlemaps.maps.FL4qcv660VfFCLsn",
    "duplicateSource": null
  },
  "_id": "FL4qcv660VfFCLsn",
  "active": false,
  "folder": null,
  "sort": 0,
  "ownership": {
    "default": 0
  },
  "regions": [
    {
      "name": "Region",
      "_id": "mZAakADZCOIhExRK",
      "color": "#cc28b5",
      "shapes": [
        {
          "points": [
            1027,
            619,
            1075,
            662,
            1087,
            612,
            1112,
            600,
            1187,
            637,
            1250,
            725,
            1312,
            725,
            1337,
            750,
            1387,
            775,
            1412,
            812,
            1412,
            837,
            1400,
            862,
            1400,
            912,
            1412,
            950,
            1435,
            959,
            1448,
            979,
            1437,
            1050,
            1412,
            1087,
            1412,
            1112,
            1437,
            1100,
            1450,
            1062,
            1462,
            1000,
            1500,
            975,
            1475,
            925,
            1475,
            875,
            1487,
            862,
            1500,
            825,
            1525,
            750,
            1650,
            750,
            1673,
            784,
            1703,
            790,
            1750,
            750,
            1750,
            700,
            1775,
            675,
            1850,
            637,
            1900,
            612,
            1937,
            612,
            2000,
            687,
            2025,
            750,
            2037,
            800,
            2025,
            837,
            2050,
            925,
            2050,
            1012,
            2037,
            1075,
            2037,
            1125,
            2025,
            1150,
            1975,
            1175,
            1950,
            1187,
            1900,
            1200,
            1875,
            1262,
            1837,
            1287,
            1812,
            1300,
            1725,
            1325,
            1713,
            1350,
            1413,
            1325,
            1387,
            1300,
            1375,
            1287,
            1375,
            1250,
            1400,
            1200,
            1387,
            1175,
            1337,
            1212,
            1250,
            1187,
            1200,
            1200,
            1175,
            1200,
            1100,
            1162,
            1087,
            1150,
            1075,
            1125,
            1075,
            1075,
            1025,
            1087,
            972,
            1060,
            938,
            994,
            937,
            900,
            950,
            887,
            925,
            862,
            887,
            850,
            875,
            825,
            862,
            775,
            825,
            712,
            837,
            687,
            862,
            675,
            900,
            675,
            925,
            687,
            975,
            737,
            962,
            687,
            937,
            650,
            950,
            587,
            975,
            562
          ],
          "type": "polygon",
          "hole": false
        },
        {
          "type": "polygon",
          "points": [
            1406.3040605531198,
            1337.9103064086567,
            1450,
            1287.5,
            1537.5,
            1275,
            1587.5,
            1300,
            1687.5,
            1312.5,
            1725,
            1362.5,
            1712.5,
            1400,
            1612.5,
            1450,
            1475,
            1425,
            1412.5,
            1375,
            1400,
            1350,
            1400,
            1337.5
          ],
          "hole": true
        }
      ],
      "elevation": {
        "bottom": null,
        "top": null
      },
      "behaviors": [
        {
          "name": "Adjust Darkness Level",
          "type": "adjustDarknessLevel",
          "_id": "ChYmt4IF6jf3In2K",
          "system": {
            "mode": 2,
            "modifier": 0.7
          },
          "disabled": false,
          "flags": {},
          "_stats": {
            "compendiumSource": null,
            "duplicateSource": null,
            "coreVersion": "12.330",
            "systemId": "dnd5e",
            "systemVersion": "3.3.1",
            "createdTime": null,
            "modifiedTime": null,
            "lastModifiedBy": null
          },
          "_key": "!scenes.regions.behaviors!FL4qcv660VfFCLsn.mZAakADZCOIhExRK.ChYmt4IF6jf3In2K"
        },
        {
          "name": "Suppress Weather",
          "type": "suppressWeather",
          "_id": "4NTeZ21yGYZdI0dP",
          "system": {},
          "disabled": false,
          "flags": {},
          "_stats": {
            "compendiumSource": null,
            "duplicateSource": null,
            "coreVersion": "12.330",
            "systemId": "dnd5e",
            "systemVersion": "3.3.1",
            "createdTime": null,
            "modifiedTime": null,
            "lastModifiedBy": null
          },
          "_key": "!scenes.regions.behaviors!FL4qcv660VfFCLsn.mZAakADZCOIhExRK.4NTeZ21yGYZdI0dP"
        }
      ],
      "visibility": 0,
      "locked": false,
      "flags": {
        "tagger": {}
      },
      "_key": "!scenes.regions!FL4qcv660VfFCLsn.mZAakADZCOIhExRK"
    }
  ],
  "environment": {
    "globalLight": {
      "luminosity": 0,
      "enabled": true,
      "darkness": {
        "max": 1,
        "min": 0
      },
      "alpha": 0.5,
      "bright": false,
      "color": null,
      "coloration": 1,
      "saturation": 0,
      "contrast": 0,
      "shadows": 0
    },
    "darknessLevel": 0,
    "darknessLock": false,
    "cycle": true,
    "base": {
      "hue": 0,
      "intensity": 0,
      "luminosity": 0,
      "saturation": 0,
      "shadows": 0
    },
    "dark": {
      "hue": 0.7138888888888889,
      "intensity": 0,
      "luminosity": -0.25,
      "saturation": 0,
      "shadows": 0
    }
  },
  "fog": {
    "exploration": true,
    "reset": 1716550977018,
    "overlay": null,
    "colors": {
      "explored": null,
      "unexplored": null
    }
  },
  "_key": "!scenes!FL4qcv660VfFCLsn"
}
