{
  "name": "Lanky Street [54x16]",
  "navigation": false,
  "navName": "",
  "background": {
    "src": "fa_battlemaps/Maps/2024/August/fa_lankystreet/Maps/BG.webp",
    "scaleX": 1,
    "scaleY": 1,
    "offsetX": 0,
    "offsetY": 0,
    "rotation": 0,
    "tint": "#ffffff",
    "anchorX": 0,
    "anchorY": 0,
    "fit": "fill",
    "alphaThreshold": 0
  },
  "foreground": null,
  "foregroundElevation": 20,
  "thumb": "modules/fa-battlemaps/assets/scenes/jH5SqMb8sY9mszll-thumb.webp",
  "width": 5400,
  "height": 1600,
  "padding": 0.25,
  "initial": {
    "x": 4706,
    "y": 1013,
    "scale": 0.28940625000000003
  },
  "backgroundColor": "#000000",
  "grid": {
    "type": 1,
    "size": 100,
    "color": "#000000",
    "alpha": 0.2,
    "distance": 5,
    "units": "ft",
    "style": "solidLines",
    "thickness": 1
  },
  "tokenVision": true,
  "drawings": [],
  "tokens": [],
  "lights": [],
  "notes": [],
  "sounds": [
    {
      "path": "fa_battlemaps/Audio/C-NeutralStreet.mp3",
      "x": 2200,
      "y": 1200,
      "radius": 62.68,
      "easing": false,
      "walls": false,
      "volume": 0.2,
      "darkness": {
        "min": 0,
        "max": 0.69
      },
      "flags": {
        "tagger": {
          "tags": ""
        }
      },
      "_id": "5GjTAIOiN1pbBFDn",
      "repeat": false,
      "hidden": false,
      "elevation": 0,
      "effects": {
        "base": {
          "intensity": 5
        },
        "muffled": {
          "intensity": 5
        }
      },
      "_key": "!scenes.sounds!jH5SqMb8sY9mszll.5GjTAIOiN1pbBFDn"
    },
    {
      "path": "fa_battlemaps/Audio/C-NeutralStreet.mp3",
      "x": 4100,
      "y": 1200,
      "radius": 62.68,
      "easing": false,
      "walls": false,
      "volume": 0.2,
      "darkness": {
        "min": 0,
        "max": 0.69
      },
      "flags": {
        "tagger": {
          "tags": ""
        }
      },
      "repeat": false,
      "hidden": false,
      "_id": "u7LMrA1s22XHIXaW",
      "elevation": 0,
      "effects": {
        "base": {
          "intensity": 5
        },
        "muffled": {
          "intensity": 5
        }
      },
      "_key": "!scenes.sounds!jH5SqMb8sY9mszll.u7LMrA1s22XHIXaW"
    },
    {
      "path": "fa_battlemaps/Audio/C-NeutralStreet.mp3",
      "x": 5900,
      "y": 1250,
      "radius": 62.68,
      "easing": false,
      "walls": false,
      "volume": 0.2,
      "darkness": {
        "min": 0,
        "max": 0.69
      },
      "flags": {
        "tagger": {
          "tags": ""
        }
      },
      "repeat": false,
      "hidden": false,
      "_id": "szLD9KRkJNCRGO2e",
      "elevation": 0,
      "effects": {
        "base": {
          "intensity": 5
        },
        "muffled": {
          "intensity": 5
        }
      },
      "_key": "!scenes.sounds!jH5SqMb8sY9mszll.szLD9KRkJNCRGO2e"
    },
    {
      "path": "fa_battlemaps/Audio/sewersoundscape.ogg",
      "x": 2850,
      "y": 1150,
      "radius": 33.45,
      "easing": true,
      "walls": true,
      "volume": 0.5,
      "darkness": {
        "min": 0,
        "max": 1
      },
      "flags": {
        "tagger": {
          "tags": [
            "s1"
          ]
        }
      },
      "_id": "zPwstWQN6GK0OgWW",
      "repeat": false,
      "hidden": true,
      "elevation": 0,
      "effects": {
        "base": {
          "intensity": 5
        },
        "muffled": {
          "intensity": 5
        }
      },
      "_key": "!scenes.sounds!jH5SqMb8sY9mszll.zPwstWQN6GK0OgWW"
    },
    {
      "path": "fa_battlemaps/Audio/Water_Drain_Sewer.ogg",
      "x": 2800,
      "y": 1150,
      "radius": 33.45,
      "easing": true,
      "walls": true,
      "volume": 0.2,
      "darkness": {
        "min": 0,
        "max": 1
      },
      "flags": {
        "tagger": {
          "tags": [
            "s1"
          ]
        }
      },
      "repeat": false,
      "hidden": true,
      "_id": "9MBef75XrVkdamRr",
      "elevation": 0,
      "effects": {
        "base": {
          "intensity": 5
        },
        "muffled": {
          "intensity": 5
        }
      },
      "_key": "!scenes.sounds!jH5SqMb8sY9mszll.9MBef75XrVkdamRr"
    },
    {
      "path": "fa_battlemaps/Audio/C-City-Night.mp3",
      "x": 5900,
      "y": 1250,
      "radius": 62.68,
      "easing": false,
      "walls": false,
      "volume": 0.2,
      "darkness": {
        "min": 0.7,
        "max": 1
      },
      "flags": {
        "tagger": {
          "tags": ""
        }
      },
      "repeat": false,
      "hidden": false,
      "_id": "otXgSmZeLHNc2TJC",
      "elevation": 0,
      "effects": {
        "base": {
          "intensity": 5
        },
        "muffled": {
          "intensity": 5
        }
      },
      "_key": "!scenes.sounds!jH5SqMb8sY9mszll.otXgSmZeLHNc2TJC"
    },
    {
      "path": "fa_battlemaps/Audio/C-City-Night.mp3",
      "x": 4100,
      "y": 1200,
      "radius": 62.68,
      "easing": false,
      "walls": false,
      "volume": 0.2,
      "darkness": {
        "min": 0.7,
        "max": 1
      },
      "flags": {
        "tagger": {
          "tags": ""
        }
      },
      "repeat": false,
      "hidden": false,
      "_id": "JXnoj8bsV9N4CNqf",
      "elevation": 0,
      "effects": {
        "base": {
          "intensity": 5
        },
        "muffled": {
          "intensity": 5
        }
      },
      "_key": "!scenes.sounds!jH5SqMb8sY9mszll.JXnoj8bsV9N4CNqf"
    },
    {
      "path": "fa_battlemaps/Audio/C-City-Night.mp3",
      "x": 2200,
      "y": 1200,
      "radius": 62.68,
      "easing": false,
      "walls": false,
      "volume": 0.2,
      "darkness": {
        "min": 0.7,
        "max": 1
      },
      "flags": {
        "tagger": {
          "tags": ""
        }
      },
      "repeat": false,
      "hidden": false,
      "_id": "pwiWeP5py09ltVlT",
      "elevation": 0,
      "effects": {
        "base": {
          "intensity": 5
        },
        "muffled": {
          "intensity": 5
        }
      },
      "_key": "!scenes.sounds!jH5SqMb8sY9mszll.pwiWeP5py09ltVlT"
    }
  ],
  "templates": [],
  "tiles": [
    {
      "texture": {
        "src": "fa_battlemaps/Maps/2024/August/fa_lankystreet/Tiles/Barricade_Left_Gridless.webp",
        "scaleX": 1,
        "scaleY": 1,
        "offsetX": 0,
        "offsetY": 0,
        "rotation": 0,
        "tint": "#ffffff",
        "anchorX": 0.5,
        "anchorY": 0.5,
        "fit": "fill",
        "alphaThreshold": 0.75
      },
      "x": 5000,
      "y": 400,
      "width": 500,
      "height": 1200,
      "_id": "IasDI9chhYej2flB",
      "rotation": 0,
      "alpha": 0,
      "hidden": false,
      "locked": true,
      "occlusion": {
        "mode": 0,
        "alpha": 0
      },
      "video": {
        "loop": true,
        "autoplay": true,
        "volume": 0
      },
      "flags": {
        "tagger": {
          "tags": [
            "b1"
          ]
        },
        "monks-active-tiles": {
          "active": true,
          "record": false,
          "restriction": "all",
          "controlled": "all",
          "trigger": [
            "enter"
          ],
          "allowpaused": false,
          "usealpha": false,
          "pointer": false,
          "pertoken": false,
          "minrequired": 0,
          "chance": 100,
          "fileindex": 0,
          "actions": [],
          "files": [
            {
              "id": "8nVVIfaxosaoIDZb",
              "name": "fa_battlemaps/Maps/2024/August/fa_lankystreet/Tiles/Barricade_Left_Gridless.webp",
              "selected": true
            },
            {
              "id": "TomoHELBRKmGe4MA",
              "name": "fa_battlemaps/Maps/2024/August/fa_lankystreet/Tiles/Barricade_Rigth_Gridless.webp",
              "selected": false
            }
          ]
        }
      },
      "sort": 17,
      "restrictions": {
        "light": false,
        "weather": false
      },
      "elevation": 0,
      "_key": "!scenes.tiles!jH5SqMb8sY9mszll.IasDI9chhYej2flB"
    },
    {
      "texture": {
        "src": "fa_battlemaps/Maps/2024/August/fa_lankystreet/Tiles/EmptySpace_1_Gridless.webp",
        "scaleX": 1,
        "scaleY": 1,
        "offsetX": 0,
        "offsetY": 0,
        "rotation": 0,
        "tint": "#ffffff",
        "anchorX": 0.5,
        "anchorY": 0.5,
        "fit": "fill",
        "alphaThreshold": 0.75
      },
      "x": 3200,
      "y": 1200,
      "width": 800,
      "height": 500,
      "_id": "5BQYEETzSn82AaIm",
      "rotation": 0,
      "alpha": 0,
      "hidden": false,
      "locked": true,
      "occlusion": {
        "mode": 0,
        "alpha": 0
      },
      "video": {
        "loop": true,
        "autoplay": true,
        "volume": 0
      },
      "flags": {
        "tagger": {
          "tags": [
            "o2"
          ]
        },
        "monks-active-tiles": {
          "active": true,
          "record": false,
          "restriction": "all",
          "controlled": "all",
          "trigger": [
            "enter"
          ],
          "allowpaused": false,
          "usealpha": false,
          "pointer": false,
          "pertoken": false,
          "minrequired": 0,
          "chance": 100,
          "fileindex": -1,
          "actions": [],
          "files": []
        }
      },
      "sort": 16,
      "restrictions": {
        "light": false,
        "weather": false
      },
      "elevation": 0,
      "_key": "!scenes.tiles!jH5SqMb8sY9mszll.5BQYEETzSn82AaIm"
    },
    {
      "texture": {
        "src": "fa_battlemaps/Maps/2024/August/fa_lankystreet/Tiles/EmptySpace_2_Gridless.webp",
        "scaleX": 1,
        "scaleY": 1,
        "offsetX": 0,
        "offsetY": 0,
        "rotation": 0,
        "tint": "#ffffff",
        "anchorX": 0.5,
        "anchorY": 0.5,
        "fit": "fill",
        "alphaThreshold": 0.75
      },
      "x": 3500,
      "y": 800,
      "width": 400,
      "height": 300,
      "_id": "r56v3gr9hHEU1L6t",
      "rotation": 0,
      "alpha": 0,
      "hidden": false,
      "locked": true,
      "occlusion": {
        "mode": 0,
        "alpha": 0
      },
      "video": {
        "loop": true,
        "autoplay": true,
        "volume": 0
      },
      "flags": {
        "tagger": {
          "tags": [
            "o1"
          ]
        },
        "monks-active-tiles": {
          "active": true,
          "record": false,
          "restriction": "all",
          "controlled": "all",
          "trigger": [
            "enter"
          ],
          "allowpaused": false,
          "usealpha": false,
          "pointer": false,
          "pertoken": false,
          "minrequired": 0,
          "chance": 100,
          "fileindex": -1,
          "actions": [],
          "files": []
        }
      },
      "sort": 15,
      "restrictions": {
        "light": false,
        "weather": false
      },
      "elevation": 0,
      "_key": "!scenes.tiles!jH5SqMb8sY9mszll.r56v3gr9hHEU1L6t"
    },
    {
      "texture": {
        "src": "fa_battlemaps/Maps/2024/August/fa_lankystreet/Tiles/EmptySpace_3_Gridless.webp",
        "scaleX": 1,
        "scaleY": 1,
        "offsetX": 0,
        "offsetY": 0,
        "rotation": 0,
        "tint": "#ffffff",
        "anchorX": 0.5,
        "anchorY": 0.5,
        "fit": "fill",
        "alphaThreshold": 0.75
      },
      "x": 4000,
      "y": 1300,
      "width": 900,
      "height": 400,
      "_id": "33FM54jiLOJI2KDK",
      "rotation": 0,
      "alpha": 0,
      "hidden": false,
      "locked": true,
      "occlusion": {
        "mode": 0,
        "alpha": 0
      },
      "video": {
        "loop": true,
        "autoplay": true,
        "volume": 0
      },
      "flags": {
        "tagger": {
          "tags": [
            "o3"
          ]
        },
        "monks-active-tiles": {
          "active": true,
          "record": false,
          "restriction": "all",
          "controlled": "all",
          "trigger": [
            "enter"
          ],
          "allowpaused": false,
          "usealpha": false,
          "pointer": false,
          "pertoken": false,
          "minrequired": 0,
          "chance": 100,
          "fileindex": -1,
          "actions": [],
          "files": []
        }
      },
      "sort": 14,
      "restrictions": {
        "light": false,
        "weather": false
      },
      "elevation": 0,
      "_key": "!scenes.tiles!jH5SqMb8sY9mszll.33FM54jiLOJI2KDK"
    },
    {
      "texture": {
        "src": "fa_battlemaps/Maps/2024/August/fa_lankystreet/Tiles/SewerCollapse_Gridless.webp",
        "scaleX": 1,
        "scaleY": 1,
        "offsetX": 0,
        "offsetY": 0,
        "rotation": 0,
        "tint": "#ffffff",
        "anchorX": 0.5,
        "anchorY": 0.5,
        "fit": "fill",
        "alphaThreshold": 0.75
      },
      "x": 2500,
      "y": 900,
      "width": 700,
      "height": 500,
      "_id": "6VZhFapsdn2K6SwY",
      "rotation": 0,
      "alpha": 0,
      "hidden": false,
      "locked": true,
      "occlusion": {
        "mode": 0,
        "alpha": 0
      },
      "video": {
        "loop": true,
        "autoplay": true,
        "volume": 0
      },
      "flags": {
        "tagger": {
          "tags": [
            "s"
          ]
        },
        "monks-active-tiles": {
          "active": true,
          "record": false,
          "restriction": "all",
          "controlled": "all",
          "trigger": [
            "enter"
          ],
          "allowpaused": false,
          "usealpha": false,
          "pointer": false,
          "pertoken": false,
          "minrequired": 0,
          "chance": 100,
          "fileindex": -1,
          "actions": [],
          "files": []
        }
      },
      "sort": 13,
      "restrictions": {
        "light": false,
        "weather": false
      },
      "elevation": 0,
      "_key": "!scenes.tiles!jH5SqMb8sY9mszll.6VZhFapsdn2K6SwY"
    },
    {
      "texture": {
        "src": "modules/fa-battlemaps/images/Scroll2.webp",
        "scaleX": 1,
        "scaleY": 1,
        "offsetX": 0,
        "offsetY": 0,
        "rotation": 0,
        "tint": "#ffffff",
        "anchorX": 0.5,
        "anchorY": 0.5,
        "fit": "fill",
        "alphaThreshold": 0.75
      },
      "x": 6850,
      "y": 400,
      "width": 300,
      "height": 650,
      "_id": "PAGqxJflSxFf974i",
      "rotation": 0,
      "alpha": 1,
      "hidden": false,
      "locked": true,
      "occlusion": {
        "mode": 0,
        "alpha": 0
      },
      "video": {
        "loop": true,
        "autoplay": true,
        "volume": 0
      },
      "flags": {},
      "sort": 2,
      "restrictions": {
        "light": false,
        "weather": false
      },
      "elevation": 0,
      "_key": "!scenes.tiles!jH5SqMb8sY9mszll.PAGqxJflSxFf974i"
    },
    {
      "texture": {
        "src": "modules/fa-battlemaps/images/SmallScroll.png",
        "scaleX": 1,
        "scaleY": 1,
        "offsetX": 0,
        "offsetY": 0,
        "rotation": 0,
        "tint": "#ffffff",
        "anchorX": 0.5,
        "anchorY": 0.5,
        "fit": "fill",
        "alphaThreshold": 0.75
      },
      "x": 6850,
      "y": 1050,
      "width": 300,
      "height": 100,
      "_id": "eWkS8IECyR608Jyq",
      "rotation": 0,
      "alpha": 1,
      "hidden": false,
      "locked": true,
      "occlusion": {
        "mode": 0,
        "alpha": 0
      },
      "video": {
        "loop": true,
        "autoplay": true,
        "volume": 0
      },
      "flags": {},
      "sort": 1,
      "restrictions": {
        "light": false,
        "weather": false
      },
      "elevation": 0,
      "_key": "!scenes.tiles!jH5SqMb8sY9mszll.eWkS8IECyR608Jyq"
    },
    {
      "texture": {
        "src": "modules/fa-battlemaps/images/AnimationsText.png",
        "scaleX": 1,
        "scaleY": 1,
        "offsetX": 0,
        "offsetY": 0,
        "rotation": 0,
        "tint": "#000000",
        "anchorX": 0.5,
        "anchorY": 0.5,
        "fit": "fill",
        "alphaThreshold": 0.75
      },
      "x": 6849,
      "y": 1073,
      "width": 300,
      "height": 50,
      "_id": "Bt7wwjbCjupPKb0i",
      "rotation": 0,
      "alpha": 1,
      "hidden": false,
      "locked": true,
      "occlusion": {
        "mode": 0,
        "alpha": 0
      },
      "video": {
        "loop": true,
        "autoplay": true,
        "volume": 0
      },
      "flags": {
        "tagger": {},
        "monks-active-tiles": {
          "active": true,
          "record": false,
          "restriction": "all",
          "controlled": "gm",
          "trigger": [
            "",
            "dblclick"
          ],
          "allowpaused": false,
          "usealpha": false,
          "pointer": true,
          "pertoken": false,
          "minrequired": 0,
          "chance": 100,
          "fileindex": 0,
          "actions": [
            {
              "action": "tileimage",
              "data": {
                "entity": {
                  "id": "tagger:an",
                  "match": "all",
                  "scene": "_active",
                  "name": "<i class=\"fas fa-tag fa-sm\"></i> an"
                },
                "select": "next",
                "transition": "none",
                "speed": 1,
                "loop": 1
              },
              "id": "49B6txzrq0xhstd8"
            },
            {
              "action": "alter",
              "data": {
                "entity": {
                  "id": "tile",
                  "name": "This Tile"
                },
                "collection": "tokens",
                "attribute": "texture.tint",
                "value": "='{{entity.texture.tint}}' == '#000000' ? '#890101' : '#000000'",
                "chatMessage": false,
                "rollmode": "roll"
              },
              "id": "1RqGdW6vLtGUJFMQ"
            }
          ],
          "files": []
        }
      },
      "sort": 9,
      "restrictions": {
        "light": false,
        "weather": false
      },
      "elevation": 0,
      "_key": "!scenes.tiles!jH5SqMb8sY9mszll.Bt7wwjbCjupPKb0i"
    },
    {
      "texture": {
        "src": "modules/fa-battlemaps/images/Swoosh.webp",
        "scaleX": 1,
        "scaleY": 1,
        "offsetX": 0,
        "offsetY": 0,
        "rotation": 0,
        "tint": "#ffffff",
        "anchorX": 0.5,
        "anchorY": 0.5,
        "fit": "fill",
        "alphaThreshold": 0.75
      },
      "x": 6901,
      "y": 570,
      "width": 177,
      "height": 5.5,
      "_id": "08omAWcwgIDf6fBc",
      "rotation": 0,
      "alpha": 1,
      "hidden": false,
      "locked": true,
      "occlusion": {
        "mode": 0,
        "alpha": 0
      },
      "video": {
        "loop": true,
        "autoplay": true,
        "volume": 0
      },
      "flags": {},
      "sort": 11,
      "restrictions": {
        "light": false,
        "weather": false
      },
      "elevation": 0,
      "_key": "!scenes.tiles!jH5SqMb8sY9mszll.08omAWcwgIDf6fBc"
    },
    {
      "texture": {
        "src": "fa_battlemaps/Maps/2024/August/fa_lankystreet/Text/Sewer-Collapse.png",
        "scaleX": 1,
        "scaleY": 1,
        "offsetX": 0,
        "offsetY": 0,
        "rotation": 0,
        "tint": "#890101",
        "anchorX": 0.5,
        "anchorY": 0.5,
        "fit": "fill",
        "alphaThreshold": 0.75
      },
      "x": 6888,
      "y": 488,
      "width": 225,
      "height": 75,
      "_id": "UapoaosSfaAw1eYI",
      "rotation": 0,
      "alpha": 1,
      "hidden": false,
      "locked": true,
      "occlusion": {
        "mode": 0,
        "alpha": 0
      },
      "video": {
        "loop": true,
        "autoplay": true,
        "volume": 0
      },
      "flags": {
        "tagger": {},
        "monks-active-tiles": {
          "active": true,
          "record": false,
          "restriction": "all",
          "controlled": "gm",
          "trigger": [
            "",
            "dblclick"
          ],
          "allowpaused": false,
          "usealpha": false,
          "pointer": true,
          "pertoken": false,
          "minrequired": 0,
          "chance": 100,
          "fileindex": 0,
          "actions": [
            {
              "action": "alter",
              "data": {
                "entity": {
                  "id": "tile",
                  "name": "This Tile"
                },
                "collection": "tokens",
                "attribute": "texture.tint",
                "value": "='{{entity.texture.tint}}' == '#000000' ? '#890101' : '#000000'",
                "chatMessage": false,
                "rollmode": "roll"
              },
              "id": "vQgUJ1REkSslQk0C"
            },
            {
              "action": "alter",
              "data": {
                "entity": {
                  "id": "tagger:s",
                  "match": "all",
                  "scene": "_active",
                  "name": "<i class=\"fas fa-tag fa-sm\"></i> s"
                },
                "collection": "tokens",
                "attribute": "alpha",
                "value": "={{entity.alpha}} == 0 ? 1 : 0",
                "chatMessage": false,
                "rollmode": "roll"
              },
              "id": "Jywgvf0wtKX6utBN"
            },
            {
              "action": "playsound",
              "data": {
                "audiofile": "fa_battlemaps/Audio/groundimpactheavy.ogg",
                "audiofor": "all",
                "volume": 1,
                "loop": false,
                "fade": 0.25,
                "scenerestrict": false,
                "prevent": false,
                "playlist": true
              },
              "id": "lSamK5A7B033K895"
            },
            {
              "action": "activate",
              "data": {
                "entity": {
                  "id": "tagger:s1",
                  "match": "all",
                  "scene": "_active",
                  "name": "<i class=\"fas fa-tag fa-sm\"></i> s1"
                },
                "collection": "tiles",
                "activate": "toggle"
              },
              "id": "jq3lPVF35N4Ut435"
            }
          ],
          "files": []
        }
      },
      "sort": 8,
      "restrictions": {
        "light": false,
        "weather": false
      },
      "elevation": 0,
      "_key": "!scenes.tiles!jH5SqMb8sY9mszll.UapoaosSfaAw1eYI"
    },
    {
      "texture": {
        "src": "fa_battlemaps/Maps/2024/August/fa_lankystreet/Text/Obstacle-1.png",
        "scaleX": 1,
        "scaleY": 1,
        "offsetX": 0,
        "offsetY": 0,
        "rotation": 0,
        "tint": "#890101",
        "anchorX": 0.5,
        "anchorY": 0.5,
        "fit": "fill",
        "alphaThreshold": 0.75
      },
      "x": 6890,
      "y": 730,
      "width": 225,
      "height": 75,
      "rotation": 0,
      "alpha": 1,
      "hidden": false,
      "locked": true,
      "occlusion": {
        "mode": 0,
        "alpha": 0
      },
      "video": {
        "loop": true,
        "autoplay": true,
        "volume": 0
      },
      "flags": {
        "tagger": {},
        "monks-active-tiles": {
          "active": true,
          "record": false,
          "restriction": "all",
          "controlled": "gm",
          "trigger": [
            "",
            "dblclick"
          ],
          "allowpaused": false,
          "usealpha": false,
          "pointer": true,
          "pertoken": false,
          "minrequired": 0,
          "chance": 100,
          "fileindex": 0,
          "actions": [
            {
              "action": "alter",
              "data": {
                "entity": {
                  "id": "tile",
                  "name": "This Tile"
                },
                "collection": "tokens",
                "attribute": "texture.tint",
                "value": "='{{entity.texture.tint}}' == '#000000' ? '#890101' : '#000000'",
                "chatMessage": false,
                "rollmode": "roll"
              },
              "id": "vQgUJ1REkSslQk0C"
            },
            {
              "action": "alter",
              "data": {
                "entity": {
                  "id": "tagger:o1",
                  "match": "all",
                  "scene": "_active",
                  "name": "<i class=\"fas fa-tag fa-sm\"></i> o1"
                },
                "collection": "tokens",
                "attribute": "alpha",
                "value": "={{entity.alpha}} == 0 ? 1 : 0",
                "chatMessage": false,
                "rollmode": "roll"
              },
              "id": "QH0ppKzC8h72Tfgg"
            }
          ],
          "files": []
        }
      },
      "_id": "8PUWwA6UpULnZy03",
      "sort": 7,
      "restrictions": {
        "light": false,
        "weather": false
      },
      "elevation": 0,
      "_key": "!scenes.tiles!jH5SqMb8sY9mszll.8PUWwA6UpULnZy03"
    },
    {
      "texture": {
        "src": "fa_battlemaps/Maps/2024/August/fa_lankystreet/Text/Obstacle-2.png",
        "scaleX": 1,
        "scaleY": 1,
        "offsetX": 0,
        "offsetY": 0,
        "rotation": 0,
        "tint": "#890101",
        "anchorX": 0.5,
        "anchorY": 0.5,
        "fit": "fill",
        "alphaThreshold": 0.75
      },
      "x": 6885,
      "y": 809,
      "width": 225,
      "height": 75,
      "rotation": 0,
      "alpha": 1,
      "hidden": false,
      "locked": true,
      "occlusion": {
        "mode": 0,
        "alpha": 0
      },
      "video": {
        "loop": true,
        "autoplay": true,
        "volume": 0
      },
      "flags": {
        "tagger": {},
        "monks-active-tiles": {
          "active": true,
          "record": false,
          "restriction": "all",
          "controlled": "gm",
          "trigger": [
            "",
            "dblclick"
          ],
          "allowpaused": false,
          "usealpha": false,
          "pointer": true,
          "pertoken": false,
          "minrequired": 0,
          "chance": 100,
          "fileindex": 0,
          "actions": [
            {
              "action": "alter",
              "data": {
                "entity": {
                  "id": "tile",
                  "name": "This Tile"
                },
                "collection": "tokens",
                "attribute": "texture.tint",
                "value": "='{{entity.texture.tint}}' == '#000000' ? '#890101' : '#000000'",
                "chatMessage": false,
                "rollmode": "roll"
              },
              "id": "vQgUJ1REkSslQk0C"
            },
            {
              "action": "alter",
              "data": {
                "entity": {
                  "id": "tagger:o2",
                  "match": "all",
                  "scene": "_active",
                  "name": "<i class=\"fas fa-tag fa-sm\"></i> o2"
                },
                "collection": "tokens",
                "attribute": "alpha",
                "value": "={{entity.alpha}} == 0 ? 1 : 0",
                "chatMessage": false,
                "rollmode": "roll"
              },
              "id": "QH0ppKzC8h72Tfgg"
            }
          ],
          "files": []
        }
      },
      "_id": "nZUeK0smxm3JHd45",
      "sort": 6,
      "restrictions": {
        "light": false,
        "weather": false
      },
      "elevation": 0,
      "_key": "!scenes.tiles!jH5SqMb8sY9mszll.nZUeK0smxm3JHd45"
    },
    {
      "texture": {
        "src": "fa_battlemaps/Maps/2024/August/fa_lankystreet/Text/Obstacle-3.png",
        "scaleX": 1,
        "scaleY": 1,
        "offsetX": 0,
        "offsetY": 0,
        "rotation": 0,
        "tint": "#890101",
        "anchorX": 0.5,
        "anchorY": 0.5,
        "fit": "fill",
        "alphaThreshold": 0.75
      },
      "x": 6886,
      "y": 885,
      "width": 225,
      "height": 75,
      "rotation": 0,
      "alpha": 1,
      "hidden": false,
      "locked": true,
      "occlusion": {
        "mode": 0,
        "alpha": 0
      },
      "video": {
        "loop": true,
        "autoplay": true,
        "volume": 0
      },
      "flags": {
        "tagger": {},
        "monks-active-tiles": {
          "active": true,
          "record": false,
          "restriction": "all",
          "controlled": "gm",
          "trigger": [
            "",
            "dblclick"
          ],
          "allowpaused": false,
          "usealpha": false,
          "pointer": true,
          "pertoken": false,
          "minrequired": 0,
          "chance": 100,
          "fileindex": 0,
          "actions": [
            {
              "action": "alter",
              "data": {
                "entity": {
                  "id": "tile",
                  "name": "This Tile"
                },
                "collection": "tokens",
                "attribute": "texture.tint",
                "value": "='{{entity.texture.tint}}' == '#000000' ? '#890101' : '#000000'",
                "chatMessage": false,
                "rollmode": "roll"
              },
              "id": "vQgUJ1REkSslQk0C"
            },
            {
              "action": "alter",
              "data": {
                "entity": {
                  "id": "tagger:o3",
                  "match": "all",
                  "scene": "_active",
                  "name": "<i class=\"fas fa-tag fa-sm\"></i> o3"
                },
                "collection": "tokens",
                "attribute": "alpha",
                "value": "={{entity.alpha}} == 0 ? 1 : 0",
                "chatMessage": false,
                "rollmode": "roll"
              },
              "id": "QH0ppKzC8h72Tfgg"
            }
          ],
          "files": []
        }
      },
      "_id": "xV7EmSaQRZiOp1K9",
      "sort": 5,
      "restrictions": {
        "light": false,
        "weather": false
      },
      "elevation": 0,
      "_key": "!scenes.tiles!jH5SqMb8sY9mszll.xV7EmSaQRZiOp1K9"
    },
    {
      "texture": {
        "src": "fa_battlemaps/Maps/2024/August/fa_lankystreet/Text/Barricade1.png",
        "scaleX": 1,
        "scaleY": 1,
        "offsetX": 0,
        "offsetY": 0,
        "rotation": 0,
        "tint": "#890101",
        "anchorX": 0.5,
        "anchorY": 0.5,
        "fit": "fill",
        "alphaThreshold": 0.75
      },
      "x": 6888,
      "y": 571,
      "width": 225,
      "height": 75,
      "rotation": 0,
      "alpha": 1,
      "hidden": false,
      "locked": true,
      "occlusion": {
        "mode": 0,
        "alpha": 0
      },
      "video": {
        "loop": true,
        "autoplay": true,
        "volume": 0
      },
      "flags": {
        "tagger": {
          "tags": [
            "bb2"
          ]
        },
        "monks-active-tiles": {
          "active": true,
          "record": false,
          "restriction": "all",
          "controlled": "gm",
          "trigger": [
            "",
            "dblclick"
          ],
          "allowpaused": false,
          "usealpha": false,
          "pointer": true,
          "pertoken": false,
          "minrequired": 0,
          "chance": 100,
          "fileindex": 0,
          "actions": [
            {
              "action": "alter",
              "data": {
                "entity": {
                  "id": "tile",
                  "name": "This Tile"
                },
                "collection": "tokens",
                "attribute": "texture.tint",
                "value": "='{{entity.texture.tint}}' == '#000000' ? '#890101' : '#000000'",
                "chatMessage": false,
                "rollmode": "roll"
              },
              "id": "vQgUJ1REkSslQk0C"
            },
            {
              "action": "alter",
              "data": {
                "entity": {
                  "id": "tagger:bb3",
                  "match": "all",
                  "scene": "_active",
                  "name": "<i class=\"fas fa-tag fa-sm\"></i> bb3"
                },
                "collection": "tokens",
                "attribute": "texture.tint",
                "value": "#890101",
                "chatMessage": false,
                "rollmode": "roll"
              },
              "id": "PW5ZQKtJ6MXuEN4B"
            },
            {
              "action": "alter",
              "data": {
                "entity": {
                  "id": "tagger:b1",
                  "match": "all",
                  "scene": "_active",
                  "name": "<i class=\"fas fa-tag fa-sm\"></i> b1"
                },
                "collection": "tokens",
                "attribute": "alpha",
                "value": "0",
                "chatMessage": false,
                "rollmode": "roll"
              },
              "id": "Jywgvf0wtKX6utBN"
            },
            {
              "action": "alter",
              "data": {
                "entity": {
                  "id": "tagger:b2",
                  "match": "all",
                  "scene": "_active",
                  "name": "<i class=\"fas fa-tag fa-sm\"></i> b2"
                },
                "collection": "tokens",
                "attribute": "alpha",
                "value": "={{entity.alpha}} == 0 ? 1 : 0",
                "chatMessage": false,
                "rollmode": "roll"
              },
              "id": "Ah9JNb8ReHUWBXQN"
            }
          ],
          "files": []
        }
      },
      "_id": "BGNZrCi1O1wFRaHL",
      "sort": 4,
      "restrictions": {
        "light": false,
        "weather": false
      },
      "elevation": 0,
      "_key": "!scenes.tiles!jH5SqMb8sY9mszll.BGNZrCi1O1wFRaHL"
    },
    {
      "texture": {
        "src": "fa_battlemaps/Maps/2024/August/fa_lankystreet/Text/Barricade-2.png",
        "scaleX": 1,
        "scaleY": 1,
        "offsetX": 0,
        "offsetY": 0,
        "rotation": 0,
        "tint": "#890101",
        "anchorX": 0.5,
        "anchorY": 0.5,
        "fit": "fill",
        "alphaThreshold": 0.75
      },
      "x": 6891,
      "y": 646,
      "width": 225,
      "height": 75,
      "rotation": 0,
      "alpha": 1,
      "hidden": false,
      "locked": true,
      "occlusion": {
        "mode": 0,
        "alpha": 0
      },
      "video": {
        "loop": true,
        "autoplay": true,
        "volume": 0
      },
      "flags": {
        "tagger": {
          "tags": [
            "bb3"
          ]
        },
        "monks-active-tiles": {
          "active": true,
          "record": false,
          "restriction": "all",
          "controlled": "gm",
          "trigger": [
            "",
            "dblclick"
          ],
          "allowpaused": false,
          "usealpha": false,
          "pointer": true,
          "pertoken": false,
          "minrequired": 0,
          "chance": 100,
          "fileindex": 0,
          "actions": [
            {
              "action": "alter",
              "data": {
                "entity": {
                  "id": "tile",
                  "name": "This Tile"
                },
                "collection": "tokens",
                "attribute": "texture.tint",
                "value": "='{{entity.texture.tint}}' == '#000000' ? '#890101' : '#000000'",
                "chatMessage": false,
                "rollmode": "roll"
              },
              "id": "vQgUJ1REkSslQk0C"
            },
            {
              "action": "alter",
              "data": {
                "entity": {
                  "id": "tagger:bb2",
                  "match": "all",
                  "scene": "_active",
                  "name": "<i class=\"fas fa-tag fa-sm\"></i> bb2"
                },
                "collection": "tokens",
                "attribute": "texture.tint",
                "value": "#890101",
                "chatMessage": false,
                "rollmode": "roll"
              },
              "id": "PW5ZQKtJ6MXuEN4B"
            },
            {
              "action": "alter",
              "data": {
                "entity": {
                  "id": "tagger:b1",
                  "match": "all",
                  "scene": "_active",
                  "name": "<i class=\"fas fa-tag fa-sm\"></i> b1"
                },
                "collection": "tokens",
                "attribute": "alpha",
                "value": "={{entity.alpha}} == 0 ? 1 : 0",
                "chatMessage": false,
                "rollmode": "roll"
              },
              "id": "Jywgvf0wtKX6utBN"
            },
            {
              "action": "alter",
              "data": {
                "entity": {
                  "id": "tagger:b2",
                  "match": "all",
                  "scene": "_active",
                  "name": "<i class=\"fas fa-tag fa-sm\"></i> b2"
                },
                "collection": "tokens",
                "attribute": "alpha",
                "value": "0",
                "chatMessage": false,
                "rollmode": "roll"
              },
              "id": "Ah9JNb8ReHUWBXQN"
            }
          ],
          "files": []
        }
      },
      "_id": "WjJREnT8OWxhOi4Z",
      "sort": 3,
      "restrictions": {
        "light": false,
        "weather": false
      },
      "elevation": 0,
      "_key": "!scenes.tiles!jH5SqMb8sY9mszll.WjJREnT8OWxhOi4Z"
    },
    {
      "texture": {
        "src": "fa_battlemaps/Maps/2024/August/fa_lankystreet/Tiles/Barricade_Rigth_Gridless.webp",
        "scaleX": 1,
        "scaleY": 1,
        "offsetX": 0,
        "offsetY": 0,
        "rotation": 0,
        "tint": "#ffffff",
        "anchorX": 0.5,
        "anchorY": 0.5,
        "fit": "fill",
        "alphaThreshold": 0.75
      },
      "x": 5000,
      "y": 400,
      "width": 500,
      "height": 1200,
      "rotation": 0,
      "alpha": 0,
      "hidden": false,
      "locked": true,
      "occlusion": {
        "mode": 0,
        "alpha": 0
      },
      "video": {
        "loop": true,
        "autoplay": true,
        "volume": 0
      },
      "flags": {
        "tagger": {
          "tags": [
            "b2"
          ]
        },
        "monks-active-tiles": {
          "active": true,
          "record": false,
          "restriction": "all",
          "controlled": "all",
          "trigger": [
            "enter"
          ],
          "allowpaused": false,
          "usealpha": false,
          "pointer": false,
          "pertoken": false,
          "minrequired": 0,
          "chance": 100,
          "fileindex": 0,
          "actions": [],
          "files": [
            {
              "id": "TomoHELBRKmGe4MA",
              "name": "fa_battlemaps/Maps/2024/August/fa_lankystreet/Tiles/Barricade_Rigth_Gridless.webp",
              "selected": true
            }
          ]
        }
      },
      "_id": "zspTz8CXZbSaoaSH",
      "sort": 12,
      "restrictions": {
        "light": false,
        "weather": false
      },
      "elevation": 0,
      "_key": "!scenes.tiles!jH5SqMb8sY9mszll.zspTz8CXZbSaoaSH"
    },
    {
      "texture": {
        "src": "modules/fa-battlemaps/images/Swoosh.webp",
        "scaleX": 1,
        "scaleY": 1,
        "offsetX": 0,
        "offsetY": 0,
        "rotation": 0,
        "tint": "#ffffff",
        "anchorX": 0.5,
        "anchorY": 0.5,
        "fit": "fill",
        "alphaThreshold": 0.75
      },
      "x": 6904,
      "y": 730,
      "width": 177,
      "height": 5.5,
      "rotation": 0,
      "alpha": 1,
      "hidden": false,
      "locked": true,
      "occlusion": {
        "mode": 0,
        "alpha": 0
      },
      "video": {
        "loop": true,
        "autoplay": true,
        "volume": 0
      },
      "flags": {},
      "_id": "Ww5UBJ8eAJf02xZs",
      "sort": 10,
      "restrictions": {
        "light": false,
        "weather": false
      },
      "elevation": 0,
      "_key": "!scenes.tiles!jH5SqMb8sY9mszll.Ww5UBJ8eAJf02xZs"
    },
    {
      "texture": {
        "src": "fa_battlemaps/Animations/Flies_A1_01.webm",
        "scaleX": 1,
        "scaleY": 1,
        "offsetX": 0,
        "offsetY": 0,
        "rotation": 0,
        "tint": "#ffffff",
        "anchorX": 0.5,
        "anchorY": 0.5,
        "fit": "fill",
        "alphaThreshold": 0.75
      },
      "x": 3277,
      "y": 1736,
      "width": 150,
      "height": 150,
      "_id": "xe5oRJVfYByLx6JR",
      "rotation": 0,
      "alpha": 1,
      "hidden": false,
      "locked": true,
      "occlusion": {
        "mode": 0,
        "alpha": 0
      },
      "video": {
        "loop": true,
        "autoplay": true,
        "volume": 0
      },
      "flags": {
        "tagger": {
          "tags": [
            "an"
          ]
        },
        "monks-active-tiles": {
          "active": true,
          "record": false,
          "restriction": "all",
          "controlled": "all",
          "trigger": [
            "enter"
          ],
          "allowpaused": false,
          "usealpha": false,
          "pointer": false,
          "pertoken": false,
          "minrequired": 0,
          "chance": 100,
          "fileindex": 0,
          "actions": [],
          "files": [
            {
              "id": "y8ehInixlW6GBSW4",
              "name": "fa_battlemaps/Animations/Flies_A1_01.webm",
              "selected": false
            },
            {
              "id": "9ayXTMyR4vCPgmqX",
              "name": "modules/fa-battlemaps/images/Transparent.webp",
              "selected": false
            }
          ]
        }
      },
      "sort": 23,
      "restrictions": {
        "light": false,
        "weather": false
      },
      "elevation": 0,
      "_key": "!scenes.tiles!jH5SqMb8sY9mszll.xe5oRJVfYByLx6JR"
    },
    {
      "texture": {
        "src": "fa_battlemaps/Animations/Flies_A1_01.webm",
        "scaleX": 1,
        "scaleY": 1,
        "offsetX": 0,
        "offsetY": 0,
        "rotation": 0,
        "tint": "#ffffff",
        "anchorX": 0.5,
        "anchorY": 0.5,
        "fit": "fill",
        "alphaThreshold": 0.75
      },
      "x": 5123,
      "y": 356,
      "width": 150,
      "height": 150,
      "rotation": 0,
      "alpha": 1,
      "hidden": false,
      "locked": true,
      "occlusion": {
        "mode": 0,
        "alpha": 0
      },
      "video": {
        "loop": true,
        "autoplay": true,
        "volume": 0
      },
      "flags": {
        "tagger": {
          "tags": [
            "an"
          ]
        },
        "monks-active-tiles": {
          "active": true,
          "record": false,
          "restriction": "all",
          "controlled": "all",
          "trigger": [
            "enter"
          ],
          "allowpaused": false,
          "usealpha": false,
          "pointer": false,
          "pertoken": false,
          "minrequired": 0,
          "chance": 100,
          "fileindex": 0,
          "actions": [],
          "files": [
            {
              "id": "y8ehInixlW6GBSW4",
              "name": "fa_battlemaps/Animations/Flies_A1_01.webm",
              "selected": false
            },
            {
              "id": "9ayXTMyR4vCPgmqX",
              "name": "modules/fa-battlemaps/images/Transparent.webp",
              "selected": false
            }
          ]
        }
      },
      "_id": "7ALObL87uTUNhqJM",
      "sort": 22,
      "restrictions": {
        "light": false,
        "weather": false
      },
      "elevation": 0,
      "_key": "!scenes.tiles!jH5SqMb8sY9mszll.7ALObL87uTUNhqJM"
    },
    {
      "texture": {
        "src": "fa_battlemaps/Animations/Flies_A1_01.webm",
        "scaleX": 1,
        "scaleY": 1,
        "offsetX": 0,
        "offsetY": 0,
        "rotation": 0,
        "tint": "#ffffff",
        "anchorX": 0.5,
        "anchorY": 0.5,
        "fit": "fill",
        "alphaThreshold": 0.75
      },
      "x": 1876,
      "y": 765,
      "width": 150,
      "height": 150,
      "rotation": 90,
      "alpha": 1,
      "hidden": false,
      "locked": true,
      "occlusion": {
        "mode": 0,
        "alpha": 0
      },
      "video": {
        "loop": true,
        "autoplay": true,
        "volume": 0
      },
      "flags": {
        "tagger": {
          "tags": [
            "an"
          ]
        },
        "monks-active-tiles": {
          "active": true,
          "record": false,
          "restriction": "all",
          "controlled": "all",
          "trigger": [
            "enter"
          ],
          "allowpaused": false,
          "usealpha": false,
          "pointer": false,
          "pertoken": false,
          "minrequired": 0,
          "chance": 100,
          "fileindex": 0,
          "actions": [],
          "files": [
            {
              "id": "y8ehInixlW6GBSW4",
              "name": "fa_battlemaps/Animations/Flies_A1_01.webm",
              "selected": false
            },
            {
              "id": "9ayXTMyR4vCPgmqX",
              "name": "modules/fa-battlemaps/images/Transparent.webp",
              "selected": false
            }
          ]
        }
      },
      "_id": "kmc5ipC5OZdgCgfX",
      "sort": 21,
      "restrictions": {
        "light": false,
        "weather": false
      },
      "elevation": 0,
      "_key": "!scenes.tiles!jH5SqMb8sY9mszll.kmc5ipC5OZdgCgfX"
    },
    {
      "texture": {
        "src": "fa_battlemaps/Animations/Flies_A1_01.webm",
        "scaleX": 1,
        "scaleY": 1,
        "offsetX": 0,
        "offsetY": 0,
        "rotation": 0,
        "tint": "#ffffff",
        "anchorX": 0.5,
        "anchorY": 0.5,
        "fit": "fill",
        "alphaThreshold": 0.75
      },
      "x": 2100,
      "y": 1750,
      "width": 150,
      "height": 150,
      "rotation": 135,
      "alpha": 1,
      "hidden": false,
      "locked": true,
      "occlusion": {
        "mode": 0,
        "alpha": 0
      },
      "video": {
        "loop": true,
        "autoplay": true,
        "volume": 0
      },
      "flags": {
        "tagger": {
          "tags": [
            "an"
          ]
        },
        "monks-active-tiles": {
          "active": true,
          "record": false,
          "restriction": "all",
          "controlled": "all",
          "trigger": [
            "enter"
          ],
          "allowpaused": false,
          "usealpha": false,
          "pointer": false,
          "pertoken": false,
          "minrequired": 0,
          "chance": 100,
          "fileindex": 0,
          "actions": [],
          "files": [
            {
              "id": "y8ehInixlW6GBSW4",
              "name": "fa_battlemaps/Animations/Flies_A1_01.webm",
              "selected": false
            },
            {
              "id": "9ayXTMyR4vCPgmqX",
              "name": "modules/fa-battlemaps/images/Transparent.webp",
              "selected": false
            }
          ]
        }
      },
      "_id": "YyMsN5cyyexlPlGD",
      "sort": 20,
      "restrictions": {
        "light": false,
        "weather": false
      },
      "elevation": 0,
      "_key": "!scenes.tiles!jH5SqMb8sY9mszll.YyMsN5cyyexlPlGD"
    },
    {
      "texture": {
        "src": "fa_battlemaps/Animations/Flies_A1_01.webm",
        "scaleX": 1,
        "scaleY": 1,
        "offsetX": 0,
        "offsetY": 0,
        "rotation": 0,
        "tint": "#ffffff",
        "anchorX": 0.5,
        "anchorY": 0.5,
        "fit": "fill",
        "alphaThreshold": 0.75
      },
      "x": 6576,
      "y": 1800,
      "width": 150,
      "height": 150,
      "rotation": 180,
      "alpha": 1,
      "hidden": false,
      "locked": true,
      "occlusion": {
        "mode": 0,
        "alpha": 0
      },
      "video": {
        "loop": true,
        "autoplay": true,
        "volume": 0
      },
      "flags": {
        "tagger": {
          "tags": [
            "an"
          ]
        },
        "monks-active-tiles": {
          "active": true,
          "record": false,
          "restriction": "all",
          "controlled": "all",
          "trigger": [
            "enter"
          ],
          "allowpaused": false,
          "usealpha": false,
          "pointer": false,
          "pertoken": false,
          "minrequired": 0,
          "chance": 100,
          "fileindex": 0,
          "actions": [],
          "files": [
            {
              "id": "y8ehInixlW6GBSW4",
              "name": "fa_battlemaps/Animations/Flies_A1_01.webm",
              "selected": false
            },
            {
              "id": "9ayXTMyR4vCPgmqX",
              "name": "modules/fa-battlemaps/images/Transparent.webp",
              "selected": false
            }
          ]
        }
      },
      "_id": "JGQHeb4u3wZOkvNS",
      "sort": 19,
      "restrictions": {
        "light": false,
        "weather": false
      },
      "elevation": 0,
      "_key": "!scenes.tiles!jH5SqMb8sY9mszll.JGQHeb4u3wZOkvNS"
    },
    {
      "texture": {
        "src": "fa_battlemaps/Animations/Flies_A1_01.webm",
        "scaleX": 1,
        "scaleY": 1,
        "offsetX": 0,
        "offsetY": 0,
        "rotation": 0,
        "tint": "#ffffff",
        "anchorX": 0.5,
        "anchorY": 0.5,
        "fit": "fill",
        "alphaThreshold": 0.75
      },
      "x": 4349,
      "y": 767,
      "width": 150,
      "height": 150,
      "rotation": 225,
      "alpha": 1,
      "hidden": false,
      "locked": true,
      "occlusion": {
        "mode": 0,
        "alpha": 0
      },
      "video": {
        "loop": true,
        "autoplay": true,
        "volume": 0
      },
      "flags": {
        "tagger": {
          "tags": [
            "an"
          ]
        },
        "monks-active-tiles": {
          "active": true,
          "record": false,
          "restriction": "all",
          "controlled": "all",
          "trigger": [
            "enter"
          ],
          "allowpaused": false,
          "usealpha": false,
          "pointer": false,
          "pertoken": false,
          "minrequired": 0,
          "chance": 100,
          "fileindex": 0,
          "actions": [],
          "files": [
            {
              "id": "y8ehInixlW6GBSW4",
              "name": "fa_battlemaps/Animations/Flies_A1_01.webm",
              "selected": false
            },
            {
              "id": "9ayXTMyR4vCPgmqX",
              "name": "modules/fa-battlemaps/images/Transparent.webp",
              "selected": false
            }
          ]
        }
      },
      "_id": "uxaLL1egTM69Z6OG",
      "sort": 18,
      "restrictions": {
        "light": false,
        "weather": false
      },
      "elevation": 0,
      "_key": "!scenes.tiles!jH5SqMb8sY9mszll.uxaLL1egTM69Z6OG"
    }
  ],
  "walls": [
    {
      "_id": "P1alttiIIEmbh9LT",
      "c": [
        1400,
        2000,
        6800,
        2000
      ],
      "light": 20,
      "move": 20,
      "sight": 20,
      "sound": 20,
      "dir": 0,
      "door": 0,
      "ds": 0,
      "flags": {},
      "threshold": {
        "light": null,
        "sight": null,
        "sound": null,
        "attenuation": false
      },
      "_key": "!scenes.walls!jH5SqMb8sY9mszll.P1alttiIIEmbh9LT"
    },
    {
      "_id": "s7nTdr4NMFztlnYe",
      "c": [
        6800,
        2000,
        6800,
        400
      ],
      "light": 20,
      "move": 20,
      "sight": 20,
      "sound": 20,
      "dir": 0,
      "door": 0,
      "ds": 0,
      "flags": {},
      "threshold": {
        "light": null,
        "sight": null,
        "sound": null,
        "attenuation": false
      },
      "_key": "!scenes.walls!jH5SqMb8sY9mszll.s7nTdr4NMFztlnYe"
    },
    {
      "_id": "nTYSaSFA0qse0FbZ",
      "c": [
        6800,
        400,
        1400,
        400
      ],
      "light": 20,
      "move": 20,
      "sight": 20,
      "sound": 20,
      "dir": 0,
      "door": 0,
      "ds": 0,
      "flags": {},
      "threshold": {
        "light": null,
        "sight": null,
        "sound": null,
        "attenuation": false
      },
      "_key": "!scenes.walls!jH5SqMb8sY9mszll.nTYSaSFA0qse0FbZ"
    },
    {
      "_id": "XDbJqQCFWplD1Q9w",
      "c": [
        1400,
        400,
        1400,
        2000
      ],
      "light": 20,
      "move": 20,
      "sight": 20,
      "sound": 20,
      "dir": 0,
      "door": 0,
      "ds": 0,
      "flags": {},
      "threshold": {
        "light": null,
        "sight": null,
        "sound": null,
        "attenuation": false
      },
      "_key": "!scenes.walls!jH5SqMb8sY9mszll.XDbJqQCFWplD1Q9w"
    },
    {
      "_id": "bhVTzdvl5lUhSqOH",
      "c": [
        5512,
        1487,
        5550,
        2000
      ],
      "light": 20,
      "move": 0,
      "sight": 20,
      "sound": 0,
      "dir": 0,
      "door": 0,
      "ds": 0,
      "flags": {},
      "threshold": {
        "light": null,
        "sight": null,
        "sound": null,
        "attenuation": false
      },
      "_key": "!scenes.walls!jH5SqMb8sY9mszll.bhVTzdvl5lUhSqOH"
    },
    {
      "_id": "0K3s10C6yba7UCmq",
      "c": [
        4387,
        812,
        4387,
        400
      ],
      "light": 20,
      "move": 0,
      "sight": 20,
      "sound": 0,
      "dir": 0,
      "door": 0,
      "ds": 0,
      "flags": {},
      "threshold": {
        "light": null,
        "sight": null,
        "sound": null,
        "attenuation": false
      },
      "_key": "!scenes.walls!jH5SqMb8sY9mszll.0K3s10C6yba7UCmq"
    }
  ],
  "playlist": null,
  "playlistSound": null,
  "journal": null,
  "journalEntryPage": null,
  "weather": "",
  "flags": {},
  "_stats": {
    "compendiumSource": null,
    "duplicateSource": null,
    "coreVersion": "12.331",
    "systemId": "dnd5e",
    "systemVersion": "3.3.1",
    "createdTime": 1724452085608,
    "modifiedTime": 1724539033535,
    "lastModifiedBy": "dnd5ebuilder0000"
  },
  "_id": "jH5SqMb8sY9mszll",
  "folder": null,
  "regions": [],
  "environment": {
    "globalLight": {
      "luminosity": 0,
      "enabled": true,
      "darkness": {
        "max": 1,
        "min": 0
      },
      "alpha": 0.5,
      "bright": false,
      "color": null,
      "coloration": 1,
      "saturation": 0,
      "contrast": 0,
      "shadows": 0
    },
    "darknessLevel": 0,
    "darknessLock": false,
    "cycle": true,
    "base": {
      "hue": 0,
      "intensity": 0,
      "luminosity": 0,
      "saturation": 0,
      "shadows": 0
    },
    "dark": {
      "hue": 0.7138888888888889,
      "intensity": 0,
      "luminosity": -0.25,
      "saturation": 0,
      "shadows": 0
    }
  },
  "fog": {
    "exploration": true,
    "reset": 1723827458636,
    "overlay": null,
    "colors": {
      "explored": null,
      "unexplored": null
    }
  },
  "navOrder": 0,
  "active": false,
  "sort": 0,
  "ownership": {
    "default": 0
  },
  "_key": "!scenes!jH5SqMb8sY9mszll"
}
