{
  "name": "Marthungrim's Home [9x12]",
  "navigation": false,
  "navOrder": 0,
  "navName": "",
  "background": {
    "src": "fa_battlemaps/Maps/2024/May/fa_marthungrimshome/Maps/MarthungrimsHomeBG.webp",
    "scaleX": 1,
    "scaleY": 1,
    "offsetX": 0,
    "offsetY": 0,
    "rotation": 0,
    "tint": "#ffffff",
    "anchorX": 0,
    "anchorY": 0,
    "fit": "fill",
    "alphaThreshold": 0
  },
  "foreground": "fa_battlemaps/Maps/2024/May/fa_marthungrimshome/Maps/MarthungrimsHomeFG.webp",
  "foregroundElevation": 20,
  "thumb": "modules/fa-battlemaps/assets/scenes/EY0BkKra1NiFc8rs-thumb.webp",
  "width": 900,
  "height": 1200,
  "padding": 0.25,
  "initial": {
    "x": 745,
    "y": 898,
    "scale": 0.9319648764628065
  },
  "backgroundColor": "#000000",
  "grid": {
    "type": 1,
    "size": 100,
    "color": "#000000",
    "alpha": 0.2,
    "distance": 5,
    "units": "ft",
    "style": "solidLines",
    "thickness": 1
  },
  "tokenVision": true,
  "drawings": [],
  "tokens": [],
  "lights": [
    {
      "_id": "EsXbflaDcVkXminu",
      "x": 600,
      "y": 800,
      "rotation": 0,
      "walls": true,
      "vision": false,
      "config": {
        "alpha": 0.25,
        "angle": 360,
        "bright": 7.66,
        "color": "#ada399",
        "coloration": 10,
        "dim": 15.31,
        "attenuation": 0.5,
        "luminosity": 0.5,
        "saturation": 0,
        "contrast": 0,
        "shadows": 0,
        "animation": {
          "type": "pulse",
          "speed": 1,
          "intensity": 4,
          "reverse": false
        },
        "darkness": {
          "min": 0,
          "max": 1
        },
        "negative": false,
        "priority": 0
      },
      "hidden": false,
      "flags": {
        "tagger": {}
      },
      "elevation": 0,
      "_key": "!scenes.lights!EY0BkKra1NiFc8rs.EsXbflaDcVkXminu"
    }
  ],
  "notes": [],
  "sounds": [
    {
      "path": "fa_battlemaps/Audio/C-CellarWithMice.ogg",
      "x": 750,
      "y": 850,
      "radius": 41.92,
      "easing": false,
      "walls": false,
      "volume": 0.05,
      "darkness": {
        "min": 0,
        "max": 1
      },
      "flags": {
        "tagger": {
          "tags": ""
        }
      },
      "_id": "pbewVktRyLCambuL",
      "repeat": false,
      "hidden": false,
      "elevation": 0,
      "effects": {
        "base": {
          "intensity": 5
        },
        "muffled": {
          "intensity": 5
        }
      },
      "_key": "!scenes.sounds!EY0BkKra1NiFc8rs.pbewVktRyLCambuL"
    }
  ],
  "templates": [],
  "tiles": [],
  "walls": [
    {
      "dir": 0,
      "door": 0,
      "ds": 0,
      "light": 20,
      "sight": 20,
      "sound": 20,
      "move": 20,
      "c": [
        300,
        300,
        1200,
        300
      ],
      "_id": "h8o5SM04YK8XRuJJ",
      "flags": {},
      "threshold": {
        "light": null,
        "sight": null,
        "sound": null,
        "attenuation": false
      },
      "_key": "!scenes.walls!EY0BkKra1NiFc8rs.h8o5SM04YK8XRuJJ"
    },
    {
      "dir": 0,
      "door": 0,
      "ds": 0,
      "light": 20,
      "sight": 20,
      "sound": 20,
      "move": 20,
      "c": [
        1200,
        300,
        1200,
        1500
      ],
      "_id": "61HT7KMKQs2Kh2SA",
      "flags": {},
      "threshold": {
        "light": null,
        "sight": null,
        "sound": null,
        "attenuation": false
      },
      "_key": "!scenes.walls!EY0BkKra1NiFc8rs.61HT7KMKQs2Kh2SA"
    },
    {
      "dir": 0,
      "door": 0,
      "ds": 0,
      "light": 20,
      "sight": 20,
      "sound": 20,
      "move": 20,
      "c": [
        1200,
        1500,
        300,
        1500
      ],
      "_id": "tbxfJB5oWLZHbZDa",
      "flags": {},
      "threshold": {
        "light": null,
        "sight": null,
        "sound": null,
        "attenuation": false
      },
      "_key": "!scenes.walls!EY0BkKra1NiFc8rs.tbxfJB5oWLZHbZDa"
    },
    {
      "dir": 0,
      "door": 0,
      "ds": 0,
      "light": 20,
      "sight": 20,
      "sound": 20,
      "move": 20,
      "c": [
        300,
        1500,
        300,
        300
      ],
      "_id": "1RgqLGCDmuAf4yH1",
      "flags": {},
      "threshold": {
        "light": null,
        "sight": null,
        "sound": null,
        "attenuation": false
      },
      "_key": "!scenes.walls!EY0BkKra1NiFc8rs.1RgqLGCDmuAf4yH1"
    },
    {
      "_id": "M3CqrMbVXKrb3NPb",
      "c": [
        400,
        887,
        400,
        1100
      ],
      "light": 20,
      "move": 20,
      "sight": 20,
      "sound": 20,
      "dir": 0,
      "door": 0,
      "ds": 0,
      "flags": {},
      "threshold": {
        "light": null,
        "sight": null,
        "sound": null,
        "attenuation": false
      },
      "_key": "!scenes.walls!EY0BkKra1NiFc8rs.M3CqrMbVXKrb3NPb"
    },
    {
      "_id": "zHIXIOoDCWoa5UJx",
      "c": [
        687,
        1100,
        400,
        1100
      ],
      "light": 20,
      "move": 20,
      "sight": 20,
      "sound": 20,
      "dir": 0,
      "door": 0,
      "ds": 0,
      "flags": {},
      "threshold": {
        "light": null,
        "sight": null,
        "sound": null,
        "attenuation": false
      },
      "_key": "!scenes.walls!EY0BkKra1NiFc8rs.zHIXIOoDCWoa5UJx"
    },
    {
      "_id": "JXRHFa1wzeG66Vfx",
      "c": [
        812,
        1100,
        1100,
        1100
      ],
      "light": 20,
      "move": 20,
      "sight": 20,
      "sound": 20,
      "dir": 0,
      "door": 0,
      "ds": 0,
      "flags": {},
      "threshold": {
        "light": null,
        "sight": null,
        "sound": null,
        "attenuation": false
      },
      "_key": "!scenes.walls!EY0BkKra1NiFc8rs.JXRHFa1wzeG66Vfx"
    },
    {
      "_id": "fqlsXZr2y88OsN42",
      "c": [
        900,
        787,
        1100,
        787
      ],
      "light": 20,
      "move": 20,
      "sight": 20,
      "sound": 20,
      "dir": 0,
      "door": 0,
      "ds": 0,
      "flags": {},
      "threshold": {
        "light": null,
        "sight": null,
        "sound": null,
        "attenuation": false
      },
      "_key": "!scenes.walls!EY0BkKra1NiFc8rs.fqlsXZr2y88OsN42"
    },
    {
      "_id": "42NEjVdMnHCPkrNZ",
      "c": [
        900,
        912,
        900,
        1100
      ],
      "light": 20,
      "move": 20,
      "sight": 20,
      "sound": 20,
      "dir": 0,
      "door": 0,
      "ds": 0,
      "flags": {},
      "threshold": {
        "light": null,
        "sight": null,
        "sound": null,
        "attenuation": false
      },
      "_key": "!scenes.walls!EY0BkKra1NiFc8rs.42NEjVdMnHCPkrNZ"
    },
    {
      "_id": "Rb7CYEjT3go29ZgK",
      "c": [
        1000,
        1400,
        1000,
        1100
      ],
      "light": 20,
      "move": 20,
      "sight": 20,
      "sound": 20,
      "dir": 0,
      "door": 0,
      "ds": 0,
      "flags": {},
      "threshold": {
        "light": null,
        "sight": null,
        "sound": null,
        "attenuation": false
      },
      "_key": "!scenes.walls!EY0BkKra1NiFc8rs.Rb7CYEjT3go29ZgK"
    },
    {
      "_id": "3ht9goAekZaA5kTJ",
      "c": [
        500,
        1400,
        1000,
        1400
      ],
      "light": 20,
      "move": 20,
      "sight": 20,
      "sound": 20,
      "dir": 0,
      "door": 0,
      "ds": 0,
      "flags": {},
      "threshold": {
        "light": null,
        "sight": null,
        "sound": null,
        "attenuation": false
      },
      "_key": "!scenes.walls!EY0BkKra1NiFc8rs.3ht9goAekZaA5kTJ"
    },
    {
      "_id": "IbE11fNtYO5zO7EN",
      "c": [
        500,
        1400,
        500,
        1100
      ],
      "light": 20,
      "move": 20,
      "sight": 20,
      "sound": 20,
      "dir": 0,
      "door": 0,
      "ds": 0,
      "flags": {},
      "threshold": {
        "light": null,
        "sight": null,
        "sound": null,
        "attenuation": false
      },
      "_key": "!scenes.walls!EY0BkKra1NiFc8rs.IbE11fNtYO5zO7EN"
    },
    {
      "_id": "Nu73No9cqFZZ2a0M",
      "c": [
        362,
        887,
        400,
        887
      ],
      "light": 20,
      "move": 20,
      "sight": 20,
      "sound": 20,
      "dir": 0,
      "door": 0,
      "ds": 0,
      "flags": {},
      "threshold": {
        "light": null,
        "sight": null,
        "sound": null,
        "attenuation": false
      },
      "_key": "!scenes.walls!EY0BkKra1NiFc8rs.Nu73No9cqFZZ2a0M"
    },
    {
      "_id": "SmEaRlXxYcMHMh4j",
      "c": [
        362,
        725,
        362,
        887
      ],
      "light": 20,
      "move": 20,
      "sight": 20,
      "sound": 20,
      "dir": 0,
      "door": 0,
      "ds": 0,
      "flags": {},
      "threshold": {
        "light": null,
        "sight": null,
        "sound": null,
        "attenuation": false
      },
      "_key": "!scenes.walls!EY0BkKra1NiFc8rs.SmEaRlXxYcMHMh4j"
    },
    {
      "_id": "at65yx3LEzxPvL7g",
      "c": [
        400,
        725,
        362,
        725
      ],
      "light": 20,
      "move": 20,
      "sight": 20,
      "sound": 20,
      "dir": 0,
      "door": 0,
      "ds": 0,
      "flags": {},
      "threshold": {
        "light": null,
        "sight": null,
        "sound": null,
        "attenuation": false
      },
      "_key": "!scenes.walls!EY0BkKra1NiFc8rs.at65yx3LEzxPvL7g"
    },
    {
      "_id": "xhe7v1qiodWKaOKn",
      "c": [
        400,
        600,
        400,
        725
      ],
      "light": 20,
      "move": 20,
      "sight": 20,
      "sound": 20,
      "dir": 0,
      "door": 0,
      "ds": 0,
      "flags": {},
      "threshold": {
        "light": null,
        "sight": null,
        "sound": null,
        "attenuation": false
      },
      "_key": "!scenes.walls!EY0BkKra1NiFc8rs.xhe7v1qiodWKaOKn"
    },
    {
      "_id": "6hbQiKsDltPfO7gw",
      "c": [
        787,
        600,
        400,
        600
      ],
      "light": 20,
      "move": 20,
      "sight": 20,
      "sound": 20,
      "dir": 0,
      "door": 0,
      "ds": 0,
      "flags": {},
      "threshold": {
        "light": null,
        "sight": null,
        "sound": null,
        "attenuation": false
      },
      "_key": "!scenes.walls!EY0BkKra1NiFc8rs.6hbQiKsDltPfO7gw"
    },
    {
      "_id": "7jb7BWvFiZKljgUh",
      "c": [
        787,
        400,
        787,
        600
      ],
      "light": 20,
      "move": 20,
      "sight": 20,
      "sound": 20,
      "dir": 0,
      "door": 0,
      "ds": 0,
      "flags": {},
      "threshold": {
        "light": null,
        "sight": null,
        "sound": null,
        "attenuation": false
      },
      "_key": "!scenes.walls!EY0BkKra1NiFc8rs.7jb7BWvFiZKljgUh"
    },
    {
      "_id": "tdO5yNtWWsEiP17A",
      "c": [
        1100,
        400,
        787,
        400
      ],
      "light": 20,
      "move": 20,
      "sight": 20,
      "sound": 20,
      "dir": 0,
      "door": 0,
      "ds": 0,
      "flags": {},
      "threshold": {
        "light": null,
        "sight": null,
        "sound": null,
        "attenuation": false
      },
      "_key": "!scenes.walls!EY0BkKra1NiFc8rs.tdO5yNtWWsEiP17A"
    },
    {
      "_id": "WSw07zFTUdfKP5fA",
      "c": [
        1100,
        1100,
        1100,
        400
      ],
      "light": 20,
      "move": 20,
      "sight": 20,
      "sound": 20,
      "dir": 0,
      "door": 0,
      "ds": 0,
      "flags": {},
      "threshold": {
        "light": null,
        "sight": null,
        "sound": null,
        "attenuation": false
      },
      "_key": "!scenes.walls!EY0BkKra1NiFc8rs.WSw07zFTUdfKP5fA"
    },
    {
      "_id": "r1HFbKQugoHVd01c",
      "c": [
        900,
        600,
        900,
        787
      ],
      "light": 20,
      "move": 20,
      "sight": 20,
      "sound": 20,
      "dir": 0,
      "door": 0,
      "ds": 0,
      "flags": {},
      "threshold": {
        "light": null,
        "sight": null,
        "sound": null,
        "attenuation": false
      },
      "_key": "!scenes.walls!EY0BkKra1NiFc8rs.r1HFbKQugoHVd01c"
    },
    {
      "_id": "C2rXsIqxhZy4zXJX",
      "c": [
        425,
        887,
        400,
        887
      ],
      "light": 10,
      "move": 20,
      "sight": 10,
      "sound": 10,
      "dir": 0,
      "door": 0,
      "ds": 0,
      "flags": {},
      "threshold": {
        "light": null,
        "sight": null,
        "sound": null,
        "attenuation": false
      },
      "_key": "!scenes.walls!EY0BkKra1NiFc8rs.C2rXsIqxhZy4zXJX"
    },
    {
      "_id": "RsmoVcUQ2pKMne8z",
      "c": [
        425,
        725,
        425,
        887
      ],
      "light": 10,
      "move": 20,
      "sight": 10,
      "sound": 10,
      "dir": 0,
      "door": 0,
      "ds": 0,
      "flags": {},
      "threshold": {
        "light": null,
        "sight": null,
        "sound": null,
        "attenuation": false
      },
      "_key": "!scenes.walls!EY0BkKra1NiFc8rs.RsmoVcUQ2pKMne8z"
    },
    {
      "_id": "ywCrbBTRyZEpLpCJ",
      "c": [
        400,
        725,
        425,
        725
      ],
      "light": 10,
      "move": 20,
      "sight": 10,
      "sound": 10,
      "dir": 0,
      "door": 0,
      "ds": 0,
      "flags": {},
      "threshold": {
        "light": null,
        "sight": null,
        "sound": null,
        "attenuation": false
      },
      "_key": "!scenes.walls!EY0BkKra1NiFc8rs.ywCrbBTRyZEpLpCJ"
    }
  ],
  "playlist": null,
  "playlistSound": null,
  "journal": null,
  "journalEntryPage": null,
  "weather": "",
  "flags": {},
  "_stats": {
    "systemId": "dnd5e",
    "systemVersion": "2.4.1",
    "coreVersion": "12.330",
    "createdTime": 1716551762785,
    "modifiedTime": 1723947134594,
    "lastModifiedBy": "dnd5ebuilder0000",
    "compendiumSource": "Compendium.fa-battlemaps.maps.EY0BkKra1NiFc8rs",
    "duplicateSource": null
  },
  "_id": "EY0BkKra1NiFc8rs",
  "active": false,
  "folder": null,
  "sort": 0,
  "ownership": {
    "default": 0
  },
  "regions": [],
  "environment": {
    "globalLight": {
      "luminosity": 0,
      "enabled": false,
      "darkness": {
        "max": 1,
        "min": 0
      },
      "alpha": 0.5,
      "bright": false,
      "color": null,
      "coloration": 1,
      "saturation": 0,
      "contrast": 0,
      "shadows": 0
    },
    "darknessLevel": 0.4,
    "darknessLock": false,
    "cycle": true,
    "base": {
      "hue": 0,
      "intensity": 0,
      "luminosity": 0,
      "saturation": 0,
      "shadows": 0
    },
    "dark": {
      "hue": 0.7138888888888889,
      "intensity": 0,
      "luminosity": -0.25,
      "saturation": 0,
      "shadows": 0
    }
  },
  "fog": {
    "exploration": true,
    "reset": 1716551762783,
    "overlay": null,
    "colors": {
      "explored": null,
      "unexplored": null
    }
  },
  "_key": "!scenes!EY0BkKra1NiFc8rs"
}
