{
  "name": "North Gate Square [16x16]",
  "navigation": false,
  "navOrder": 0,
  "navName": "",
  "background": {
    "src": "fa_battlemaps/Maps/2024/June/fa_northgatesquare/Maps/BG.jpg",
    "scaleX": 1,
    "scaleY": 1,
    "offsetX": 0,
    "offsetY": 0,
    "rotation": 0,
    "tint": "#ffffff",
    "anchorX": 0,
    "anchorY": 0,
    "fit": "fill",
    "alphaThreshold": 0
  },
  "foreground": null,
  "foregroundElevation": 20,
  "thumb": "modules/fa-battlemaps/assets/scenes/chbX2bRhaQqLm7p4-thumb.webp",
  "width": 1600,
  "height": 1600,
  "padding": 0.25,
  "initial": {
    "x": null,
    "y": null,
    "scale": null
  },
  "backgroundColor": "#000000",
  "grid": {
    "type": 1,
    "size": 100,
    "color": "#000000",
    "alpha": 0.2,
    "distance": 5,
    "units": "ft",
    "style": "solidLines",
    "thickness": 1
  },
  "tokenVision": true,
  "drawings": [],
  "tokens": [],
  "lights": [],
  "notes": [],
  "sounds": [
    {
      "path": "fa_battlemaps/Audio/Marketplace.ogg",
      "x": 1200,
      "y": 1200,
      "radius": 59.12,
      "easing": false,
      "walls": false,
      "volume": 0.4,
      "darkness": {
        "min": 0,
        "max": 0.69
      },
      "flags": {
        "tagger": {
          "tags": ""
        }
      },
      "_id": "iSbMAAljSg71busB",
      "repeat": false,
      "hidden": false,
      "elevation": 0,
      "effects": {
        "base": {
          "intensity": 5
        },
        "muffled": {
          "intensity": 5
        }
      },
      "_key": "!scenes.sounds!chbX2bRhaQqLm7p4.iSbMAAljSg71busB"
    },
    {
      "path": "fa_battlemaps/Audio/C-NeutralStreet.ogg",
      "x": 1150,
      "y": 1200,
      "radius": 60,
      "easing": false,
      "walls": false,
      "volume": 0.35,
      "darkness": {
        "min": 0,
        "max": 0.69
      },
      "flags": {
        "tagger": {
          "tags": ""
        }
      },
      "_id": "rOksTzRBF7ZZsyvO",
      "repeat": false,
      "hidden": false,
      "elevation": 0,
      "effects": {
        "base": {
          "intensity": 5
        },
        "muffled": {
          "intensity": 5
        }
      },
      "_key": "!scenes.sounds!chbX2bRhaQqLm7p4.rOksTzRBF7ZZsyvO"
    },
    {
      "path": "fa_battlemaps/Audio/C-City-Night.ogg",
      "x": 1200,
      "y": 1250,
      "radius": 60.71,
      "easing": true,
      "walls": true,
      "volume": 0.5,
      "darkness": {
        "min": 0.7,
        "max": 1
      },
      "flags": {
        "tagger": {
          "tags": ""
        }
      },
      "_id": "I32y8Pi5UBHdiUWP",
      "repeat": false,
      "hidden": false,
      "elevation": 0,
      "effects": {
        "base": {
          "intensity": 5
        },
        "muffled": {
          "intensity": 5
        }
      },
      "_key": "!scenes.sounds!chbX2bRhaQqLm7p4.I32y8Pi5UBHdiUWP"
    }
  ],
  "templates": [],
  "tiles": [
    {
      "texture": {
        "src": "modules/fa-battlemaps/images/Scroll2.webp",
        "scaleX": 1,
        "scaleY": 1,
        "offsetX": 0,
        "offsetY": 0,
        "rotation": 0,
        "tint": "#ffffff",
        "anchorX": 0.5,
        "anchorY": 0.5,
        "fit": "fill",
        "alphaThreshold": 0.75
      },
      "x": 2000,
      "y": 500,
      "width": 300,
      "height": 650,
      "_id": "utqBVTEc3DWwvIrc",
      "rotation": 0,
      "alpha": 1,
      "hidden": false,
      "locked": false,
      "occlusion": {
        "mode": 0,
        "alpha": 0
      },
      "video": {
        "loop": true,
        "autoplay": true,
        "volume": 0
      },
      "flags": {},
      "sort": 1,
      "restrictions": {
        "light": false,
        "weather": false
      },
      "elevation": 0,
      "_key": "!scenes.tiles!chbX2bRhaQqLm7p4.utqBVTEc3DWwvIrc"
    },
    {
      "texture": {
        "src": "modules/fa-battlemaps/images/Swoosh.webp",
        "scaleX": 1,
        "scaleY": 1,
        "offsetX": 0,
        "offsetY": 0,
        "rotation": 0,
        "tint": "#ffffff",
        "anchorX": 0.5,
        "anchorY": 0.5,
        "fit": "fill",
        "alphaThreshold": 0.75
      },
      "x": 2067,
      "y": 695,
      "width": 177,
      "height": 5.5,
      "_id": "WZuRFL5CEBF38X3m",
      "rotation": 0,
      "alpha": 1,
      "hidden": false,
      "locked": false,
      "occlusion": {
        "mode": 0,
        "alpha": 0
      },
      "video": {
        "loop": true,
        "autoplay": true,
        "volume": 0
      },
      "flags": {},
      "sort": 7,
      "restrictions": {
        "light": false,
        "weather": false
      },
      "elevation": 0,
      "_key": "!scenes.tiles!chbX2bRhaQqLm7p4.WZuRFL5CEBF38X3m"
    },
    {
      "texture": {
        "src": "fa_battlemaps/Maps/2024/June/fa_northgatesquare/Text/Gates.png",
        "scaleX": 1,
        "scaleY": 1,
        "offsetX": 0,
        "offsetY": 0,
        "rotation": 0,
        "tint": "#890101",
        "anchorX": 0.5,
        "anchorY": 0.5,
        "fit": "fill",
        "alphaThreshold": 0.75
      },
      "x": 2038,
      "y": 599,
      "width": 225,
      "height": 75,
      "_id": "sqAGyyXtgW7GrGSI",
      "rotation": 0,
      "alpha": 1,
      "hidden": false,
      "locked": false,
      "occlusion": {
        "mode": 0,
        "alpha": 0
      },
      "video": {
        "loop": true,
        "autoplay": true,
        "volume": 0
      },
      "flags": {
        "tagger": {},
        "monks-active-tiles": {
          "active": true,
          "record": false,
          "restriction": "all",
          "controlled": "gm",
          "trigger": [
            "",
            "dblclick"
          ],
          "allowpaused": false,
          "usealpha": false,
          "pointer": true,
          "pertoken": false,
          "minrequired": 0,
          "chance": 100,
          "fileindex": 0,
          "actions": [
            {
              "action": "alter",
              "data": {
                "entity": {
                  "id": "tile",
                  "name": "This Tile"
                },
                "collection": "tokens",
                "attribute": "texture.tint",
                "value": "='{{entity.texture.tint}}' == '#000000' ? '#890101' : '#000000'",
                "chatMessage": false,
                "rollmode": "roll"
              },
              "id": "5TAOfWrEAQcgoj5i"
            },
            {
              "action": "alter",
              "data": {
                "entity": {
                  "id": "tagger:gate",
                  "match": "all",
                  "scene": "_active",
                  "name": "<i class=\"fas fa-tag fa-sm\"></i> gate"
                },
                "collection": "tokens",
                "attribute": "alpha",
                "value": "={{entity.alpha}} == 0 ? 1 : 0",
                "chatMessage": false,
                "rollmode": "roll"
              },
              "id": "CzBnvZE2ztIhJA3l"
            }
          ],
          "files": []
        }
      },
      "sort": 6,
      "restrictions": {
        "light": false,
        "weather": false
      },
      "elevation": 0,
      "_key": "!scenes.tiles!chbX2bRhaQqLm7p4.sqAGyyXtgW7GrGSI"
    },
    {
      "texture": {
        "src": "fa_battlemaps/Maps/2024/June/fa_northgatesquare/Tiles/GateOpen.webp",
        "scaleX": 1,
        "scaleY": 1,
        "offsetX": 0,
        "offsetY": 0,
        "rotation": 0,
        "tint": "#ffffff",
        "anchorX": 0.5,
        "anchorY": 0.5,
        "fit": "fill",
        "alphaThreshold": 0.75
      },
      "x": 1000,
      "y": 1600,
      "width": 400,
      "height": 400,
      "_id": "j81DSbB7HTqqmqlt",
      "rotation": 0,
      "alpha": 0,
      "hidden": false,
      "locked": false,
      "occlusion": {
        "mode": 0,
        "alpha": 0
      },
      "video": {
        "loop": true,
        "autoplay": true,
        "volume": 0
      },
      "flags": {
        "tagger": {
          "tags": [
            "gate"
          ]
        },
        "monks-active-tiles": {
          "active": true,
          "record": false,
          "restriction": "all",
          "controlled": "all",
          "trigger": [
            "enter"
          ],
          "allowpaused": false,
          "usealpha": false,
          "pointer": false,
          "pertoken": false,
          "minrequired": 0,
          "chance": 100,
          "fileindex": -1,
          "actions": [],
          "files": []
        }
      },
      "sort": 11,
      "restrictions": {
        "light": false,
        "weather": false
      },
      "elevation": 0,
      "_key": "!scenes.tiles!chbX2bRhaQqLm7p4.j81DSbB7HTqqmqlt"
    },
    {
      "texture": {
        "src": "fa_battlemaps/Maps/2024/June/fa_northgatesquare/Tiles/Platform_Pillory.webp",
        "scaleX": 1,
        "scaleY": 1,
        "offsetX": 0,
        "offsetY": 0,
        "rotation": 0,
        "tint": "#ffffff",
        "anchorX": 0.5,
        "anchorY": 0.5,
        "fit": "fill",
        "alphaThreshold": 0.75
      },
      "x": 1000,
      "y": 1000,
      "width": 400,
      "height": 400,
      "_id": "MD3eUws987DqKZzo",
      "rotation": 0,
      "alpha": 0,
      "hidden": false,
      "locked": false,
      "occlusion": {
        "mode": 0,
        "alpha": 0
      },
      "video": {
        "loop": true,
        "autoplay": true,
        "volume": 0
      },
      "flags": {
        "tagger": {
          "tags": [
            "p2"
          ]
        },
        "monks-active-tiles": {
          "active": true,
          "record": false,
          "restriction": "all",
          "controlled": "all",
          "trigger": [
            "enter"
          ],
          "allowpaused": false,
          "usealpha": false,
          "pointer": false,
          "pertoken": false,
          "minrequired": 0,
          "chance": 100,
          "fileindex": -1,
          "actions": [],
          "files": []
        }
      },
      "sort": 10,
      "restrictions": {
        "light": false,
        "weather": false
      },
      "elevation": 0,
      "_key": "!scenes.tiles!chbX2bRhaQqLm7p4.MD3eUws987DqKZzo"
    },
    {
      "texture": {
        "src": "fa_battlemaps/Maps/2024/June/fa_northgatesquare/Tiles/Platform_Scaffold.webp",
        "scaleX": 1,
        "scaleY": 1,
        "offsetX": 0,
        "offsetY": 0,
        "rotation": 0,
        "tint": "#ffffff",
        "anchorX": 0.5,
        "anchorY": 0.5,
        "fit": "fill",
        "alphaThreshold": 0.75
      },
      "x": 800,
      "y": 800,
      "width": 600,
      "height": 600,
      "_id": "rHr9QtB0oiu5Ismt",
      "rotation": 0,
      "alpha": 0,
      "hidden": false,
      "locked": false,
      "occlusion": {
        "mode": 0,
        "alpha": 0
      },
      "video": {
        "loop": true,
        "autoplay": true,
        "volume": 0
      },
      "flags": {
        "tagger": {
          "tags": [
            "p1"
          ]
        },
        "monks-active-tiles": {
          "active": true,
          "record": false,
          "restriction": "all",
          "controlled": "all",
          "trigger": [
            "enter"
          ],
          "allowpaused": false,
          "usealpha": false,
          "pointer": false,
          "pertoken": false,
          "minrequired": 0,
          "chance": 100,
          "fileindex": -1,
          "actions": [],
          "files": []
        }
      },
      "sort": 9,
      "restrictions": {
        "light": false,
        "weather": false
      },
      "elevation": 0,
      "_key": "!scenes.tiles!chbX2bRhaQqLm7p4.rHr9QtB0oiu5Ismt"
    },
    {
      "texture": {
        "src": "fa_battlemaps/Maps/2024/June/fa_northgatesquare/Tiles/NoPlatform.webp",
        "scaleX": 1,
        "scaleY": 1,
        "offsetX": 0,
        "offsetY": 0,
        "rotation": 0,
        "tint": "#ffffff",
        "anchorX": 0.5,
        "anchorY": 0.5,
        "fit": "fill",
        "alphaThreshold": 0.75
      },
      "x": 800,
      "y": 900,
      "width": 700,
      "height": 700,
      "_id": "TF6Bf0BBjLKqLVTw",
      "rotation": 0,
      "alpha": 0,
      "hidden": false,
      "locked": false,
      "occlusion": {
        "mode": 0,
        "alpha": 0
      },
      "video": {
        "loop": true,
        "autoplay": true,
        "volume": 0
      },
      "flags": {
        "tagger": {
          "tags": [
            "p0"
          ]
        },
        "monks-active-tiles": {
          "active": true,
          "record": false,
          "restriction": "all",
          "controlled": "all",
          "trigger": [
            "enter"
          ],
          "allowpaused": false,
          "usealpha": false,
          "pointer": false,
          "pertoken": false,
          "minrequired": 0,
          "chance": 100,
          "fileindex": -1,
          "actions": [],
          "files": []
        }
      },
      "sort": 8,
      "restrictions": {
        "light": false,
        "weather": false
      },
      "elevation": 0,
      "_key": "!scenes.tiles!chbX2bRhaQqLm7p4.TF6Bf0BBjLKqLVTw"
    },
    {
      "texture": {
        "src": "fa_battlemaps/Maps/2024/June/fa_northgatesquare/Text/Empty.png",
        "scaleX": 1,
        "scaleY": 1,
        "offsetX": 0,
        "offsetY": 0,
        "rotation": 0,
        "tint": "#890101",
        "anchorX": 0.5,
        "anchorY": 0.5,
        "fit": "fill",
        "alphaThreshold": 0.75
      },
      "x": 2050,
      "y": 700,
      "width": 225,
      "height": 75,
      "rotation": 0,
      "alpha": 1,
      "hidden": false,
      "locked": false,
      "occlusion": {
        "mode": 0,
        "alpha": 0
      },
      "video": {
        "loop": true,
        "autoplay": true,
        "volume": 0
      },
      "flags": {
        "tagger": {
          "tags": [
            "b2"
          ]
        },
        "monks-active-tiles": {
          "active": true,
          "record": false,
          "restriction": "all",
          "controlled": "gm",
          "trigger": [
            "",
            "dblclick"
          ],
          "allowpaused": false,
          "usealpha": false,
          "pointer": true,
          "pertoken": false,
          "minrequired": 0,
          "chance": 100,
          "fileindex": 0,
          "actions": [
            {
              "action": "alter",
              "data": {
                "entity": {
                  "id": "tagger:b1",
                  "match": "all",
                  "scene": "_active",
                  "name": "<i class=\"fas fa-tag fa-sm\"></i> b1"
                },
                "collection": "tokens",
                "attribute": "texture.tint",
                "value": "#890101",
                "chatMessage": false,
                "rollmode": "roll"
              },
              "id": "5TAOfWrEAQcgoj5i"
            },
            {
              "action": "alter",
              "data": {
                "entity": {
                  "id": "tagger:b4",
                  "match": "all",
                  "scene": "_active",
                  "name": "<i class=\"fas fa-tag fa-sm\"></i> b4"
                },
                "collection": "tokens",
                "attribute": "texture.tint",
                "value": "#890101",
                "chatMessage": false,
                "rollmode": "roll"
              },
              "id": "eUN7I146vzxeMuox"
            },
            {
              "action": "alter",
              "data": {
                "entity": {
                  "id": "tagger:b3",
                  "match": "all",
                  "scene": "_active",
                  "name": "<i class=\"fas fa-tag fa-sm\"></i> b3"
                },
                "collection": "tokens",
                "attribute": "texture.tint",
                "value": "#890101",
                "chatMessage": false,
                "rollmode": "roll"
              },
              "id": "3ibxg4Wd9adsZDXl"
            },
            {
              "action": "alter",
              "data": {
                "entity": {
                  "id": "tile",
                  "name": "This Tile"
                },
                "collection": "tokens",
                "attribute": "texture.tint",
                "value": "#000000",
                "chatMessage": false,
                "rollmode": "roll"
              },
              "id": "Tcezq8xt7Xcg1Opf"
            },
            {
              "action": "alter",
              "data": {
                "entity": {
                  "id": "tagger:p0",
                  "match": "all",
                  "scene": "_active",
                  "name": "<i class=\"fas fa-tag fa-sm\"></i> p0"
                },
                "collection": "tokens",
                "attribute": "alpha",
                "value": "1",
                "chatMessage": false,
                "rollmode": "roll"
              },
              "id": "CzBnvZE2ztIhJA3l"
            },
            {
              "action": "alter",
              "data": {
                "entity": {
                  "id": "tagger:p1",
                  "match": "all",
                  "scene": "_active",
                  "name": "<i class=\"fas fa-tag fa-sm\"></i> p1"
                },
                "collection": "tokens",
                "attribute": "alpha",
                "value": "0",
                "chatMessage": false,
                "rollmode": "roll"
              },
              "id": "PRWeHhOOfIW06qV8"
            },
            {
              "action": "alter",
              "data": {
                "entity": {
                  "id": "tagger:p2",
                  "match": "all",
                  "scene": "_active",
                  "name": "<i class=\"fas fa-tag fa-sm\"></i> p2"
                },
                "collection": "tokens",
                "attribute": "alpha",
                "value": "0",
                "chatMessage": false,
                "rollmode": "roll"
              },
              "id": "U5nRPXktv28PtCxy"
            }
          ],
          "files": []
        }
      },
      "_id": "dy1XTqgYI76Kb1bU",
      "sort": 5,
      "restrictions": {
        "light": false,
        "weather": false
      },
      "elevation": 0,
      "_key": "!scenes.tiles!chbX2bRhaQqLm7p4.dy1XTqgYI76Kb1bU"
    },
    {
      "texture": {
        "src": "fa_battlemaps/Maps/2024/June/fa_northgatesquare/Text/Scaffold.png",
        "scaleX": 1,
        "scaleY": 1,
        "offsetX": 0,
        "offsetY": 0,
        "rotation": 0,
        "tint": "#890101",
        "anchorX": 0.5,
        "anchorY": 0.5,
        "fit": "fill",
        "alphaThreshold": 0.75
      },
      "x": 2042,
      "y": 897,
      "width": 225,
      "height": 75,
      "rotation": 0,
      "alpha": 1,
      "hidden": false,
      "locked": false,
      "occlusion": {
        "mode": 0,
        "alpha": 0
      },
      "video": {
        "loop": true,
        "autoplay": true,
        "volume": 0
      },
      "flags": {
        "tagger": {
          "tags": [
            "b3"
          ]
        },
        "monks-active-tiles": {
          "active": true,
          "record": false,
          "restriction": "all",
          "controlled": "gm",
          "trigger": [
            "",
            "dblclick"
          ],
          "allowpaused": false,
          "usealpha": false,
          "pointer": true,
          "pertoken": false,
          "minrequired": 0,
          "chance": 100,
          "fileindex": 0,
          "actions": [
            {
              "action": "alter",
              "data": {
                "entity": {
                  "id": "tagger:b4",
                  "match": "all",
                  "scene": "_active",
                  "name": "<i class=\"fas fa-tag fa-sm\"></i> b4"
                },
                "collection": "tokens",
                "attribute": "texture.tint",
                "value": "#890101",
                "chatMessage": false,
                "rollmode": "roll"
              },
              "id": "aYyjVRp1yRtd5Qf2"
            },
            {
              "action": "alter",
              "data": {
                "entity": {
                  "id": "tile",
                  "name": "This Tile"
                },
                "collection": "tokens",
                "attribute": "texture.tint",
                "value": "#000000",
                "chatMessage": false,
                "rollmode": "roll"
              },
              "id": "5TAOfWrEAQcgoj5i"
            },
            {
              "action": "alter",
              "data": {
                "entity": {
                  "id": "tagger:b1",
                  "match": "all",
                  "scene": "_active",
                  "name": "<i class=\"fas fa-tag fa-sm\"></i> b1"
                },
                "collection": "tokens",
                "attribute": "texture.tint",
                "value": "#890101",
                "chatMessage": false,
                "rollmode": "roll"
              },
              "id": "oyakAi9DrpqtkvZh"
            },
            {
              "action": "alter",
              "data": {
                "entity": {
                  "id": "tagger:b2",
                  "match": "all",
                  "scene": "_active",
                  "name": "<i class=\"fas fa-tag fa-sm\"></i> b2"
                },
                "collection": "tokens",
                "attribute": "texture.tint",
                "value": "#890101",
                "chatMessage": false,
                "rollmode": "roll"
              },
              "id": "xjS1NIS9IAuAAdZx"
            },
            {
              "action": "alter",
              "data": {
                "entity": {
                  "id": "tagger:p0",
                  "match": "all",
                  "scene": "_active",
                  "name": "<i class=\"fas fa-tag fa-sm\"></i> p0"
                },
                "collection": "tokens",
                "attribute": "alpha",
                "value": "0",
                "chatMessage": false,
                "rollmode": "roll"
              },
              "id": "CzBnvZE2ztIhJA3l"
            },
            {
              "action": "alter",
              "data": {
                "entity": {
                  "id": "tagger:p1",
                  "match": "all",
                  "scene": "_active",
                  "name": "<i class=\"fas fa-tag fa-sm\"></i> p1"
                },
                "collection": "tokens",
                "attribute": "alpha",
                "value": "1",
                "chatMessage": false,
                "rollmode": "roll"
              },
              "id": "PRWeHhOOfIW06qV8"
            },
            {
              "action": "alter",
              "data": {
                "entity": {
                  "id": "tagger:p2",
                  "match": "all",
                  "scene": "_active",
                  "name": "<i class=\"fas fa-tag fa-sm\"></i> p2"
                },
                "collection": "tokens",
                "attribute": "alpha",
                "value": "0",
                "chatMessage": false,
                "rollmode": "roll"
              },
              "id": "U5nRPXktv28PtCxy"
            }
          ],
          "files": []
        }
      },
      "_id": "MhgaO4pwEiM6aOcp",
      "sort": 4,
      "restrictions": {
        "light": false,
        "weather": false
      },
      "elevation": 0,
      "_key": "!scenes.tiles!chbX2bRhaQqLm7p4.MhgaO4pwEiM6aOcp"
    },
    {
      "texture": {
        "src": "fa_battlemaps/Maps/2024/June/fa_northgatesquare/Text/Pillory.png",
        "scaleX": 1,
        "scaleY": 1,
        "offsetX": 0,
        "offsetY": 0,
        "rotation": 0,
        "tint": "#890101",
        "anchorX": 0.5,
        "anchorY": 0.5,
        "fit": "fill",
        "alphaThreshold": 0.75
      },
      "x": 2042,
      "y": 997,
      "width": 225,
      "height": 75,
      "rotation": 0,
      "alpha": 1,
      "hidden": false,
      "locked": false,
      "occlusion": {
        "mode": 0,
        "alpha": 0
      },
      "video": {
        "loop": true,
        "autoplay": true,
        "volume": 0
      },
      "flags": {
        "tagger": {
          "tags": [
            "b4"
          ]
        },
        "monks-active-tiles": {
          "active": true,
          "record": false,
          "restriction": "all",
          "controlled": "gm",
          "trigger": [
            "",
            "dblclick"
          ],
          "allowpaused": false,
          "usealpha": false,
          "pointer": true,
          "pertoken": false,
          "minrequired": 0,
          "chance": 100,
          "fileindex": 0,
          "actions": [
            {
              "action": "alter",
              "data": {
                "entity": {
                  "id": "tile",
                  "name": "This Tile"
                },
                "collection": "tokens",
                "attribute": "texture.tint",
                "value": "#000000",
                "chatMessage": false,
                "rollmode": "roll"
              },
              "id": "5TAOfWrEAQcgoj5i"
            },
            {
              "action": "alter",
              "data": {
                "entity": {
                  "id": "tagger:b1",
                  "match": "all",
                  "scene": "_active",
                  "name": "<i class=\"fas fa-tag fa-sm\"></i> b1"
                },
                "collection": "tokens",
                "attribute": "texture.tint",
                "value": "#890101",
                "chatMessage": false,
                "rollmode": "roll"
              },
              "id": "7uIIr0DdcO1eihnh"
            },
            {
              "action": "alter",
              "data": {
                "entity": {
                  "id": "tagger:b2",
                  "match": "all",
                  "scene": "_active",
                  "name": "<i class=\"fas fa-tag fa-sm\"></i> b2"
                },
                "collection": "tokens",
                "attribute": "texture.tint",
                "value": "#890101",
                "chatMessage": false,
                "rollmode": "roll"
              },
              "id": "qwRPqjCfsgWg91dj"
            },
            {
              "action": "alter",
              "data": {
                "entity": {
                  "id": "tagger:b3",
                  "match": "all",
                  "scene": "_active",
                  "name": "<i class=\"fas fa-tag fa-sm\"></i> b3"
                },
                "collection": "tokens",
                "attribute": "texture.tint",
                "value": "#890101",
                "chatMessage": false,
                "rollmode": "roll"
              },
              "id": "3KvOcYJOoZqpZW3m"
            },
            {
              "action": "alter",
              "data": {
                "entity": {
                  "id": "tagger:p0",
                  "match": "all",
                  "scene": "_active",
                  "name": "<i class=\"fas fa-tag fa-sm\"></i> p0"
                },
                "collection": "tokens",
                "attribute": "alpha",
                "value": "0",
                "chatMessage": false,
                "rollmode": "roll"
              },
              "id": "CzBnvZE2ztIhJA3l"
            },
            {
              "action": "alter",
              "data": {
                "entity": {
                  "id": "tagger:p2",
                  "match": "all",
                  "scene": "_active",
                  "name": "<i class=\"fas fa-tag fa-sm\"></i> p2"
                },
                "collection": "tokens",
                "attribute": "alpha",
                "value": "1",
                "chatMessage": false,
                "rollmode": "roll"
              },
              "id": "PRWeHhOOfIW06qV8"
            },
            {
              "action": "alter",
              "data": {
                "entity": {
                  "id": "tagger:p1",
                  "match": "all",
                  "scene": "_active",
                  "name": "<i class=\"fas fa-tag fa-sm\"></i> p1"
                },
                "collection": "tokens",
                "attribute": "alpha",
                "value": "0",
                "chatMessage": false,
                "rollmode": "roll"
              },
              "id": "U5nRPXktv28PtCxy"
            }
          ],
          "files": []
        }
      },
      "_id": "Q46vLL3AS2gMfxAW",
      "sort": 3,
      "restrictions": {
        "light": false,
        "weather": false
      },
      "elevation": 0,
      "_key": "!scenes.tiles!chbX2bRhaQqLm7p4.Q46vLL3AS2gMfxAW"
    },
    {
      "texture": {
        "src": "fa_battlemaps/Maps/2024/June/fa_northgatesquare/Text/Platform.png",
        "scaleX": 1,
        "scaleY": 1,
        "offsetX": 0,
        "offsetY": 0,
        "rotation": 0,
        "tint": "#000000",
        "anchorX": 0.5,
        "anchorY": 0.5,
        "fit": "fill",
        "alphaThreshold": 0.75
      },
      "x": 2050,
      "y": 800,
      "width": 225,
      "height": 75,
      "rotation": 0,
      "alpha": 1,
      "hidden": false,
      "locked": false,
      "occlusion": {
        "mode": 0,
        "alpha": 0
      },
      "video": {
        "loop": true,
        "autoplay": true,
        "volume": 0
      },
      "flags": {
        "tagger": {
          "tags": [
            "b1"
          ]
        },
        "monks-active-tiles": {
          "active": true,
          "record": false,
          "restriction": "all",
          "controlled": "gm",
          "trigger": [
            "",
            "dblclick"
          ],
          "allowpaused": false,
          "usealpha": false,
          "pointer": true,
          "pertoken": false,
          "minrequired": 0,
          "chance": 100,
          "fileindex": 0,
          "actions": [
            {
              "action": "alter",
              "data": {
                "entity": {
                  "id": "tile",
                  "name": "This Tile"
                },
                "collection": "tokens",
                "attribute": "texture.tint",
                "value": "#000000",
                "chatMessage": false,
                "rollmode": "roll"
              },
              "id": "5TAOfWrEAQcgoj5i"
            },
            {
              "action": "alter",
              "data": {
                "entity": {
                  "id": "tagger:b2",
                  "match": "all",
                  "scene": "_active",
                  "name": "<i class=\"fas fa-tag fa-sm\"></i> b2"
                },
                "collection": "tokens",
                "attribute": "texture.tint",
                "value": "#890101",
                "chatMessage": false,
                "rollmode": "roll"
              },
              "id": "Pev9wnNNCRxiHkma"
            },
            {
              "action": "alter",
              "data": {
                "entity": {
                  "id": "tagger:b3",
                  "match": "all",
                  "scene": "_active",
                  "name": "<i class=\"fas fa-tag fa-sm\"></i> b3"
                },
                "collection": "tokens",
                "attribute": "texture.tint",
                "value": "#890101",
                "chatMessage": false,
                "rollmode": "roll"
              },
              "id": "H6SyEMwLxKTvlOUB"
            },
            {
              "action": "alter",
              "data": {
                "entity": {
                  "id": "tagger:b4",
                  "match": "all",
                  "scene": "_active",
                  "name": "<i class=\"fas fa-tag fa-sm\"></i> b4"
                },
                "collection": "tokens",
                "attribute": "texture.tint",
                "value": "#890101",
                "chatMessage": false,
                "rollmode": "roll"
              },
              "id": "LfWWXaIIAFUf4iSx"
            },
            {
              "action": "alter",
              "data": {
                "entity": {
                  "id": "tagger:p0",
                  "match": "all",
                  "scene": "_active",
                  "name": "<i class=\"fas fa-tag fa-sm\"></i> p0"
                },
                "collection": "tokens",
                "attribute": "alpha",
                "value": "0",
                "chatMessage": false,
                "rollmode": "roll"
              },
              "id": "CzBnvZE2ztIhJA3l"
            },
            {
              "action": "alter",
              "data": {
                "entity": {
                  "id": "tagger:p2",
                  "match": "all",
                  "scene": "_active",
                  "name": "<i class=\"fas fa-tag fa-sm\"></i> p2"
                },
                "collection": "tokens",
                "attribute": "alpha",
                "value": "0",
                "chatMessage": false,
                "rollmode": "roll"
              },
              "id": "PRWeHhOOfIW06qV8"
            },
            {
              "action": "alter",
              "data": {
                "entity": {
                  "id": "tagger:p1",
                  "match": "all",
                  "scene": "_active",
                  "name": "<i class=\"fas fa-tag fa-sm\"></i> p1"
                },
                "collection": "tokens",
                "attribute": "alpha",
                "value": "0",
                "chatMessage": false,
                "rollmode": "roll"
              },
              "id": "U5nRPXktv28PtCxy"
            }
          ],
          "files": []
        }
      },
      "_id": "Tv7e41jXw2DE3nxx",
      "sort": 2,
      "restrictions": {
        "light": false,
        "weather": false
      },
      "elevation": 0,
      "_key": "!scenes.tiles!chbX2bRhaQqLm7p4.Tv7e41jXw2DE3nxx"
    }
  ],
  "walls": [
    {
      "_id": "qioLUTyFRkw7OVbN",
      "c": [
        400,
        2000,
        2000,
        2000
      ],
      "light": 20,
      "move": 20,
      "sight": 20,
      "sound": 20,
      "dir": 0,
      "door": 0,
      "ds": 0,
      "flags": {},
      "threshold": {
        "light": null,
        "sight": null,
        "sound": null,
        "attenuation": false
      },
      "_key": "!scenes.walls!chbX2bRhaQqLm7p4.qioLUTyFRkw7OVbN"
    },
    {
      "_id": "U1Ov8rGMIqfMVS0V",
      "c": [
        2000,
        2000,
        2000,
        400
      ],
      "light": 20,
      "move": 20,
      "sight": 20,
      "sound": 20,
      "dir": 0,
      "door": 0,
      "ds": 0,
      "flags": {},
      "threshold": {
        "light": null,
        "sight": null,
        "sound": null,
        "attenuation": false
      },
      "_key": "!scenes.walls!chbX2bRhaQqLm7p4.U1Ov8rGMIqfMVS0V"
    },
    {
      "_id": "EbPp5RMJwVnCWDXf",
      "c": [
        2000,
        400,
        400,
        400
      ],
      "light": 20,
      "move": 20,
      "sight": 20,
      "sound": 20,
      "dir": 0,
      "door": 0,
      "ds": 0,
      "flags": {},
      "threshold": {
        "light": null,
        "sight": null,
        "sound": null,
        "attenuation": false
      },
      "_key": "!scenes.walls!chbX2bRhaQqLm7p4.EbPp5RMJwVnCWDXf"
    },
    {
      "_id": "64IVHrA6Pa6eLJ6T",
      "c": [
        400,
        400,
        400,
        2000
      ],
      "light": 20,
      "move": 20,
      "sight": 20,
      "sound": 20,
      "dir": 0,
      "door": 0,
      "ds": 0,
      "flags": {},
      "threshold": {
        "light": null,
        "sight": null,
        "sound": null,
        "attenuation": false
      },
      "_key": "!scenes.walls!chbX2bRhaQqLm7p4.64IVHrA6Pa6eLJ6T"
    }
  ],
  "playlist": null,
  "playlistSound": null,
  "journal": null,
  "journalEntryPage": null,
  "weather": "",
  "flags": {},
  "_stats": {
    "systemId": "dnd5e",
    "systemVersion": "2.4.1",
    "coreVersion": "12.330",
    "createdTime": 1718373199527,
    "modifiedTime": 1723947134594,
    "lastModifiedBy": "dnd5ebuilder0000",
    "compendiumSource": null,
    "duplicateSource": null
  },
  "_id": "chbX2bRhaQqLm7p4",
  "active": false,
  "folder": null,
  "sort": 0,
  "ownership": {
    "default": 0
  },
  "regions": [],
  "environment": {
    "globalLight": {
      "luminosity": 0,
      "enabled": true,
      "darkness": {
        "max": 1,
        "min": 0
      },
      "alpha": 0.5,
      "bright": false,
      "color": null,
      "coloration": 1,
      "saturation": 0,
      "contrast": 0,
      "shadows": 0
    },
    "darknessLevel": 0,
    "darknessLock": false,
    "cycle": true,
    "base": {
      "hue": 0,
      "intensity": 0,
      "luminosity": 0,
      "saturation": 0,
      "shadows": 0
    },
    "dark": {
      "hue": 0.7138888888888889,
      "intensity": 0,
      "luminosity": -0.25,
      "saturation": 0,
      "shadows": 0
    }
  },
  "fog": {
    "exploration": true,
    "reset": 1718373199496,
    "overlay": null,
    "colors": {
      "explored": null,
      "unexplored": null
    }
  },
  "_key": "!scenes!chbX2bRhaQqLm7p4"
}
