{
  "name": "Old Owl Well [18x22]",
  "navigation": false,
  "navOrder": 0,
  "navName": "",
  "background": {
    "src": "fa_battlemaps/Maps/2023/September/fa_old-owl-well/Maps/OldOwlWellBG.webp",
    "scaleX": 1,
    "scaleY": 1,
    "offsetX": 0,
    "offsetY": 0,
    "rotation": 0,
    "tint": "#ffffff",
    "anchorX": 0,
    "anchorY": 0,
    "fit": "fill",
    "alphaThreshold": 0
  },
  "foreground": "fa_battlemaps/Maps/2023/September/fa_old-owl-well/Maps/OldOwlWellFG.webp",
  "foregroundElevation": 20,
  "thumb": "modules/fa-battlemaps/assets/scenes/hbrY8ou3FOvljDPm-thumb.webp",
  "width": 1800,
  "height": 2200,
  "padding": 0.25,
  "initial": {
    "x": 1481,
    "y": 1687,
    "scale": 0.5739065029228324
  },
  "backgroundColor": "#000000",
  "grid": {
    "type": 1,
    "size": 100,
    "color": "#000000",
    "alpha": 0.2,
    "distance": 5,
    "units": "ft",
    "style": "solidLines",
    "thickness": 1
  },
  "tokenVision": true,
  "drawings": [],
  "tokens": [],
  "lights": [
    {
      "_id": "j1j4zFN0G5fXXkHO",
      "x": 1194,
      "y": 1460,
      "rotation": 0,
      "walls": true,
      "vision": false,
      "config": {
        "alpha": 0.5,
        "angle": 360,
        "bright": 8,
        "color": "#008000",
        "coloration": 1,
        "dim": 15,
        "attenuation": 0.55,
        "luminosity": 0.5,
        "saturation": 0.1,
        "contrast": 0.1,
        "shadows": 0.05,
        "animation": {
          "type": "torch",
          "speed": 3,
          "intensity": 5,
          "reverse": false
        },
        "darkness": {
          "min": 0,
          "max": 1
        },
        "negative": false,
        "priority": 0
      },
      "hidden": true,
      "flags": {
        "tagger": {
          "tags": [
            "clight"
          ]
        }
      },
      "elevation": 0,
      "_key": "!scenes.lights!hbrY8ou3FOvljDPm.j1j4zFN0G5fXXkHO"
    }
  ],
  "notes": [],
  "sounds": [
    {
      "path": "fa_battlemaps/Audio/C-WindAndCrow.ogg",
      "x": 1344,
      "y": 1827,
      "radius": 200,
      "easing": false,
      "walls": false,
      "volume": 0.1,
      "darkness": {
        "min": 0,
        "max": 1
      },
      "flags": {
        "tagger": {
          "tags": ""
        }
      },
      "repeat": false,
      "hidden": false,
      "_id": "EsbSc5A2xpXzg7cg",
      "elevation": 0,
      "effects": {
        "base": {
          "intensity": 5
        },
        "muffled": {
          "intensity": 5
        }
      },
      "_key": "!scenes.sounds!hbrY8ou3FOvljDPm.EsbSc5A2xpXzg7cg"
    },
    {
      "path": "fa_battlemaps/Audio/C-ForestOutskirts.ogg",
      "x": 1420,
      "y": 1827,
      "radius": 200,
      "easing": false,
      "walls": false,
      "volume": 0.25,
      "darkness": {
        "min": 0,
        "max": 0.69
      },
      "flags": {
        "tagger": {
          "tags": ""
        }
      },
      "repeat": false,
      "hidden": false,
      "_id": "FW1Xz8c70K8XlMIg",
      "elevation": 0,
      "effects": {
        "base": {
          "intensity": 5
        },
        "muffled": {
          "intensity": 5
        }
      },
      "_key": "!scenes.sounds!hbrY8ou3FOvljDPm.FW1Xz8c70K8XlMIg"
    },
    {
      "path": "fa_battlemaps/Audio/C-ForestOutskirtsNight.ogg",
      "x": 1266,
      "y": 1825,
      "radius": 200,
      "easing": false,
      "walls": true,
      "volume": 0.15,
      "darkness": {
        "min": 0.7,
        "max": 1
      },
      "flags": {
        "tagger": {
          "tags": ""
        }
      },
      "repeat": false,
      "hidden": false,
      "_id": "6InOJTtYhlUpCZuy",
      "elevation": 0,
      "effects": {
        "base": {
          "intensity": 5
        },
        "muffled": {
          "intensity": 5
        }
      },
      "_key": "!scenes.sounds!hbrY8ou3FOvljDPm.6InOJTtYhlUpCZuy"
    },
    {
      "path": "fa_battlemaps/Audio/evildrone.ogg",
      "x": 1200,
      "y": 1450,
      "radius": 15.8,
      "easing": true,
      "walls": true,
      "volume": 0.25,
      "darkness": {
        "min": 0,
        "max": 1
      },
      "flags": {
        "tagger": {
          "tags": [
            "clight"
          ]
        }
      },
      "_id": "dumg9jeGe1V0n1Nh",
      "repeat": false,
      "hidden": true,
      "elevation": 0,
      "effects": {
        "base": {
          "intensity": 5
        },
        "muffled": {
          "intensity": 5
        }
      },
      "_key": "!scenes.sounds!hbrY8ou3FOvljDPm.dumg9jeGe1V0n1Nh"
    }
  ],
  "templates": [],
  "tiles": [
    {
      "texture": {
        "src": "fa_battlemaps/Maps/2023/September/fa_old-owl-well/Tiles/NoTent.webp",
        "scaleX": 1,
        "scaleY": 1,
        "offsetX": 0,
        "offsetY": 0,
        "rotation": 0,
        "tint": "#ffffff",
        "anchorX": 0.5,
        "anchorY": 0.5,
        "fit": "fill",
        "alphaThreshold": 0.75
      },
      "x": 900,
      "y": 1300,
      "width": 500,
      "height": 500,
      "_id": "gQSVlojohiv71Y2y",
      "rotation": 0,
      "alpha": 0,
      "hidden": false,
      "locked": true,
      "occlusion": {
        "mode": 0,
        "alpha": 0
      },
      "video": {
        "loop": true,
        "autoplay": true,
        "volume": 0
      },
      "flags": {
        "tagger": {
          "tags": [
            "blank"
          ]
        },
        "betterroofs": {
          "brMode": false,
          "occlusionLinkId": "",
          "occlusionLinkSource": false
        },
        "monks-active-tiles": {
          "active": true,
          "record": false,
          "restriction": "all",
          "controlled": "gm",
          "trigger": [
            "dblclick"
          ],
          "allowpaused": false,
          "usealpha": false,
          "pointer": false,
          "pertoken": false,
          "minrequired": 0,
          "chance": 100,
          "fileindex": 0,
          "actions": [],
          "files": []
        }
      },
      "sort": 3,
      "restrictions": {
        "light": false,
        "weather": false
      },
      "elevation": 0,
      "_key": "!scenes.tiles!hbrY8ou3FOvljDPm.gQSVlojohiv71Y2y"
    },
    {
      "texture": {
        "src": "fa_battlemaps/Maps/2023/September/fa_old-owl-well/Text/Blank.webp",
        "scaleX": 1,
        "scaleY": 1,
        "offsetX": 0,
        "offsetY": 0,
        "rotation": 0,
        "tint": "#890101",
        "anchorX": 0.5,
        "anchorY": 0.5,
        "fit": "fill",
        "alphaThreshold": 0.75
      },
      "x": 2301,
      "y": 623,
      "width": 300,
      "height": 50,
      "rotation": 0,
      "alpha": 1,
      "hidden": false,
      "locked": true,
      "occlusion": {
        "mode": 0,
        "alpha": 0
      },
      "video": {
        "loop": true,
        "autoplay": true,
        "volume": 0
      },
      "flags": {
        "tagger": {},
        "betterroofs": {
          "brMode": false,
          "occlusionLinkId": "",
          "occlusionLinkSource": false
        },
        "monks-active-tiles": {
          "active": true,
          "record": false,
          "restriction": "all",
          "controlled": "gm",
          "trigger": [
            "dblclick"
          ],
          "allowpaused": false,
          "usealpha": false,
          "pointer": false,
          "pertoken": false,
          "minrequired": 0,
          "chance": 100,
          "fileindex": 0,
          "actions": [
            {
              "action": "alter",
              "data": {
                "entity": {
                  "id": "tile",
                  "name": "This Tile"
                },
                "collection": "tokens",
                "attribute": "texture.tint",
                "value": "='{{entity.texture.tint}}' == '#000000' ? '#890101' : '#000000'",
                "chatMessage": false,
                "rollmode": "roll"
              },
              "id": "hrZNfybtPm1DzSnO"
            },
            {
              "action": "alter",
              "data": {
                "entity": {
                  "id": "tagger:blank",
                  "match": "all",
                  "scene": "_active",
                  "name": "<i class=\"fas fa-tag fa-sm\"></i> blank"
                },
                "collection": "tokens",
                "attribute": "alpha",
                "value": "={{entity.alpha}} == 0 ? 1 : 0",
                "chatMessage": false,
                "rollmode": "roll"
              },
              "id": "jpOqGrYsGtUJZZW4"
            },
            {
              "action": "alter",
              "data": {
                "entity": {
                  "id": "tagger:blank",
                  "match": "all",
                  "scene": "_active",
                  "name": "<i class=\"fas fa-tag fa-sm\"></i> blank"
                },
                "collection": "tokens",
                "attribute": "alpha",
                "value": "={{entity.alpha}} == 0 ? 1 : 0",
                "chatMessage": false,
                "rollmode": "roll"
              },
              "id": "r9xzBaJpZQKSSjoK"
            },
            {
              "action": "alter",
              "data": {
                "entity": {
                  "id": "tagger:flies",
                  "match": "all",
                  "scene": "_active",
                  "name": "<i class=\"fas fa-tag fa-sm\"></i> flies"
                },
                "collection": "tokens",
                "attribute": "alpha",
                "value": "={{entity.alpha}} == 0 ? 1 : 0",
                "chatMessage": false,
                "rollmode": "roll"
              },
              "id": "QE4w16fZtgl29USk"
            },
            {
              "action": "activate",
              "data": {
                "entity": {
                  "id": "tagger:clight",
                  "match": "all",
                  "scene": "_active",
                  "name": "<i class=\"fas fa-tag fa-sm\"></i> clight"
                },
                "collection": "tiles",
                "activate": "deactivate"
              },
              "id": "9Oq6Fmu3IZWwlWHH"
            },
            {
              "action": "activate",
              "data": {
                "entity": {
                  "id": "tagger:lighttrigger",
                  "match": "all",
                  "scene": "_active",
                  "name": "<i class=\"fas fa-tag fa-sm\"></i> lighttrigger"
                },
                "collection": "tiles",
                "activate": "toggle"
              },
              "id": "RjvG1IQ3e3DNWpOL"
            },
            {
              "action": "alter",
              "data": {
                "entity": {
                  "id": "tagger:campfire",
                  "match": "all",
                  "scene": "_active",
                  "name": "<i class=\"fas fa-tag fa-sm\"></i> campfire"
                },
                "collection": "tokens",
                "attribute": "alpha",
                "value": "0",
                "chatMessage": false,
                "rollmode": "roll"
              },
              "id": "LinYFOumyz6oH3zR"
            },
            {
              "action": "tileimage",
              "data": {
                "entity": {
                  "id": "tagger:tent",
                  "match": "all",
                  "scene": "_active",
                  "name": "<i class=\"fas fa-tag fa-sm\"></i> tent"
                },
                "select": "next",
                "transition": "none",
                "speed": 1,
                "loop": 1
              },
              "id": "kAu555Rqh2xtEFJE"
            },
            {
              "action": "alter",
              "data": {
                "entity": {
                  "id": "tagger:walls",
                  "match": "all",
                  "scene": "_active",
                  "name": "<i class=\"fas fa-tag fa-sm\"></i> walls"
                },
                "collection": "tokens",
                "attribute": "move",
                "value": "={{entity.move}} == 0 ? 20 : 0",
                "chatMessage": false,
                "rollmode": "roll"
              },
              "id": "mu4EoexYfDsXuh4O"
            },
            {
              "action": "alter",
              "data": {
                "entity": {
                  "id": "tagger:walls",
                  "match": "all",
                  "scene": "_active",
                  "name": "<i class=\"fas fa-tag fa-sm\"></i> walls"
                },
                "collection": "tokens",
                "attribute": "sight",
                "value": "={{entity.sight}} == 0 ? 20 : 0",
                "chatMessage": false,
                "rollmode": "roll"
              },
              "id": "ReLBInkZBLesjfZm"
            },
            {
              "action": "alter",
              "data": {
                "entity": {
                  "id": "tagger:walls",
                  "match": "all",
                  "scene": "_active",
                  "name": "<i class=\"fas fa-tag fa-sm\"></i> walls"
                },
                "collection": "tokens",
                "attribute": "light",
                "value": "={{entity.light}} == 0 ? 20 : 0",
                "chatMessage": false,
                "rollmode": "roll"
              },
              "id": "XDbYwis9gap82rmk"
            },
            {
              "action": "alter",
              "data": {
                "entity": {
                  "id": "tagger:walls",
                  "match": "all",
                  "scene": "_active",
                  "name": "<i class=\"fas fa-tag fa-sm\"></i> walls"
                },
                "collection": "tokens",
                "attribute": "sound",
                "value": "={{entity.sound}} == 0 ? 20 : 0",
                "chatMessage": false,
                "rollmode": "roll"
              },
              "id": "0XfBjgoJc7iKaekD"
            },
            {
              "action": "alter",
              "data": {
                "entity": {
                  "id": "tagger:entrance",
                  "match": "all",
                  "scene": "_active",
                  "name": "<i class=\"fas fa-tag fa-sm\"></i> entrance"
                },
                "collection": "tokens",
                "attribute": "sound",
                "value": "={{entity.sound}} == 0 ? 20 : 0",
                "chatMessage": false,
                "rollmode": "roll"
              },
              "id": "zPZrDtHsv0RLDEDR"
            },
            {
              "action": "alter",
              "data": {
                "entity": {
                  "id": "tagger:entrance",
                  "match": "all",
                  "scene": "_active",
                  "name": "<i class=\"fas fa-tag fa-sm\"></i> entrance"
                },
                "collection": "tokens",
                "attribute": "sight",
                "value": "={{entity.sight}} == 0 ? 20 : 0",
                "chatMessage": false,
                "rollmode": "roll"
              },
              "id": "hJJxeJ7rIALSgXiw"
            }
          ],
          "files": [],
          "name": "",
          "vision": false,
          "cooldown": null
        }
      },
      "_id": "IPPVy6WJaM4EYna3",
      "sort": 2,
      "restrictions": {
        "light": false,
        "weather": false
      },
      "elevation": 0,
      "_key": "!scenes.tiles!hbrY8ou3FOvljDPm.IPPVy6WJaM4EYna3"
    },
    {
      "texture": {
        "src": "modules/fa-battlemaps/images/SmallScroll.png",
        "scaleX": 1,
        "scaleY": 1,
        "offsetX": 0,
        "offsetY": 0,
        "rotation": 0,
        "tint": "#ffffff",
        "anchorX": 0.5,
        "anchorY": 0.5,
        "fit": "fill",
        "alphaThreshold": 0.75
      },
      "x": 2300,
      "y": 600,
      "width": 300,
      "height": 100,
      "rotation": 0,
      "alpha": 1,
      "hidden": false,
      "locked": true,
      "occlusion": {
        "mode": 0,
        "alpha": 0
      },
      "video": {
        "loop": true,
        "autoplay": true,
        "volume": 0
      },
      "flags": {
        "tagger": {},
        "betterroofs": {
          "brMode": false,
          "occlusionLinkId": "",
          "occlusionLinkSource": false
        },
        "monks-active-tiles": {
          "active": false,
          "record": false,
          "restriction": "all",
          "controlled": "gm",
          "trigger": [
            ""
          ],
          "allowpaused": false,
          "usealpha": false,
          "pointer": false,
          "pertoken": false,
          "minrequired": 0,
          "chance": 50,
          "fileindex": -1,
          "actions": [],
          "files": []
        }
      },
      "_id": "AyG6OIgmlLSkkyxi",
      "sort": 1,
      "restrictions": {
        "light": false,
        "weather": false
      },
      "elevation": 0,
      "_key": "!scenes.tiles!hbrY8ou3FOvljDPm.AyG6OIgmlLSkkyxi"
    },
    {
      "texture": {
        "src": "fa_battlemaps/Maps/2023/September/fa_old-owl-well/Tiles/Light.webp",
        "scaleX": 1,
        "scaleY": 1,
        "offsetX": 0,
        "offsetY": 0,
        "rotation": 0,
        "tint": "#ffffff",
        "anchorX": 0.5,
        "anchorY": 0.5,
        "fit": "fill",
        "alphaThreshold": 0.75
      },
      "x": 1000,
      "y": 1400,
      "width": 300,
      "height": 400,
      "_id": "E6HLVmefiLFUo5FF",
      "rotation": 0,
      "alpha": 0,
      "hidden": false,
      "locked": true,
      "occlusion": {
        "mode": 0,
        "alpha": 0
      },
      "video": {
        "loop": true,
        "autoplay": true,
        "volume": 0
      },
      "flags": {
        "tagger": {
          "tags": [
            "lighttile"
          ]
        },
        "betterroofs": {
          "brMode": false,
          "occlusionLinkId": "",
          "occlusionLinkSource": false
        },
        "monks-active-tiles": {
          "active": true,
          "record": false,
          "restriction": "all",
          "controlled": "gm",
          "trigger": [
            "dblclick"
          ],
          "allowpaused": false,
          "usealpha": false,
          "pointer": false,
          "pertoken": false,
          "minrequired": 0,
          "chance": 100,
          "fileindex": 0,
          "actions": [],
          "files": []
        }
      },
      "sort": 4,
      "restrictions": {
        "light": false,
        "weather": false
      },
      "elevation": 0,
      "_key": "!scenes.tiles!hbrY8ou3FOvljDPm.E6HLVmefiLFUo5FF"
    },
    {
      "texture": {
        "src": "modules/fa-battlemaps/images/Transparent.webp",
        "scaleX": 1,
        "scaleY": 1,
        "offsetX": 0,
        "offsetY": 0,
        "rotation": 0,
        "tint": "#ffffff",
        "anchorX": 0.5,
        "anchorY": 0.5,
        "fit": "fill",
        "alphaThreshold": 0.75
      },
      "width": 81,
      "height": 70,
      "_id": "BU4G0VTdmdfbvgH7",
      "rotation": 0,
      "alpha": 1,
      "hidden": false,
      "locked": true,
      "occlusion": {
        "mode": 1,
        "alpha": 0
      },
      "video": {
        "loop": true,
        "autoplay": true,
        "volume": 0
      },
      "flags": {
        "tagger": {
          "tags": [
            "lighttrigger"
          ]
        },
        "betterroofs": {
          "brMode": false,
          "occlusionLinkId": "",
          "occlusionLinkSource": false
        },
        "monks-active-tiles": {
          "active": true,
          "record": false,
          "restriction": "all",
          "controlled": "gm",
          "trigger": [
            "dblclick"
          ],
          "allowpaused": false,
          "usealpha": true,
          "pointer": false,
          "pertoken": false,
          "minrequired": 0,
          "chance": 100,
          "fileindex": 0,
          "actions": [
            {
              "action": "activate",
              "data": {
                "entity": {
                  "id": "within",
                  "name": "Tiles within Tile"
                },
                "collection": "lights",
                "activate": "toggle"
              },
              "id": "WF5VCR81awEh4xQO"
            },
            {
              "action": "activate",
              "data": {
                "entity": {
                  "id": "within",
                  "name": "Tiles within Tile"
                },
                "collection": "sounds",
                "activate": "toggle"
              },
              "id": "owC1kLPUwbCpBtcO"
            },
            {
              "action": "playsound",
              "data": {
                "audiofile": "fa_battlemaps/Audio/candleblowout.ogg",
                "audiofor": "all",
                "volume": 0.5,
                "loop": false,
                "fade": 0.25,
                "scenerestrict": false,
                "prevent": true,
                "playlist": true
              },
              "id": "nGIfWOczOyMbrcWx"
            },
            {
              "action": "alter",
              "data": {
                "entity": {
                  "id": "tagger:lighttile",
                  "match": "all",
                  "scene": "_active",
                  "name": "<i class=\"fas fa-tag fa-sm\"></i> lighttile"
                },
                "collection": "tokens",
                "attribute": "alpha",
                "value": "={{entity.alpha}} == 0 ? 1 : 0",
                "chatMessage": false,
                "rollmode": "roll"
              },
              "id": "1NTE9yyCrSZd86jv"
            }
          ],
          "files": [],
          "name": "",
          "vision": false,
          "cooldown": null
        }
      },
      "x": 1152,
      "y": 1422,
      "elevation": 20,
      "sort": 3,
      "restrictions": {
        "light": false,
        "weather": false
      },
      "_key": "!scenes.tiles!hbrY8ou3FOvljDPm.BU4G0VTdmdfbvgH7"
    },
    {
      "texture": {
        "src": "fa_battlemaps/Maps/2023/September/fa_old-owl-well/Tiles/TentInterior.webp",
        "scaleX": 1,
        "scaleY": 1,
        "offsetX": 0,
        "offsetY": 0,
        "rotation": 0,
        "tint": "#ffffff",
        "anchorX": 0.5,
        "anchorY": 0.5,
        "fit": "fill",
        "alphaThreshold": 0.75
      },
      "x": 900,
      "y": 1300,
      "width": 500,
      "height": 500,
      "_id": "gfsxJvgSA0Xbl0mU",
      "rotation": 0,
      "alpha": 1,
      "hidden": false,
      "locked": true,
      "occlusion": {
        "mode": 0,
        "alpha": 1
      },
      "video": {
        "loop": true,
        "autoplay": true,
        "volume": 0
      },
      "flags": {
        "tagger": {
          "tags": [
            "tent"
          ]
        },
        "betterroofs": {
          "brMode": false,
          "occlusionLinkId": "",
          "occlusionLinkSource": false
        },
        "monks-active-tiles": {
          "active": true,
          "record": false,
          "restriction": "all",
          "controlled": "gm",
          "trigger": [
            "dblclick"
          ],
          "allowpaused": false,
          "usealpha": false,
          "pointer": false,
          "pertoken": false,
          "minrequired": 0,
          "chance": 100,
          "fileindex": 0,
          "actions": [],
          "files": [
            {
              "id": "ucniAukIb3271UGF",
              "name": "fa_battlemaps/Maps/2023/September/fa_old-owl-well/Tiles/TentInterior.webp",
              "selected": true
            },
            {
              "id": "rt60MH4x3rNfeJFo",
              "name": "modules/fa-battlemaps/images/Transparent.webp",
              "selected": false
            }
          ]
        }
      },
      "elevation": 20,
      "sort": 1,
      "restrictions": {
        "light": false,
        "weather": false
      },
      "_key": "!scenes.tiles!hbrY8ou3FOvljDPm.gfsxJvgSA0Xbl0mU"
    },
    {
      "texture": {
        "src": "fa_battlemaps/Maps/2023/September/fa_old-owl-well/Tiles/Tent.webp",
        "scaleX": 1,
        "scaleY": 1,
        "offsetX": 0,
        "offsetY": 0,
        "rotation": 0,
        "tint": "#ffffff",
        "anchorX": 0.5,
        "anchorY": 0.5,
        "fit": "fill",
        "alphaThreshold": 0.75
      },
      "x": 900,
      "y": 1300,
      "width": 500,
      "height": 500,
      "_id": "vz6uL0U7U4DRo1GW",
      "rotation": 0,
      "alpha": 1,
      "hidden": false,
      "locked": true,
      "occlusion": {
        "mode": 1,
        "alpha": 0
      },
      "video": {
        "loop": true,
        "autoplay": true,
        "volume": 0
      },
      "flags": {
        "tagger": {
          "tags": [
            "tent"
          ]
        },
        "betterroofs": {
          "brMode": true,
          "occlusionLinkId": "",
          "occlusionLinkSource": false
        },
        "monks-active-tiles": {
          "active": false,
          "record": false,
          "restriction": "all",
          "controlled": "gm",
          "trigger": [
            ""
          ],
          "allowpaused": false,
          "usealpha": false,
          "pointer": false,
          "pertoken": false,
          "minrequired": 0,
          "chance": 50,
          "fileindex": 0,
          "actions": [],
          "files": [
            {
              "id": "HT5eL5YVoJh2gv5M",
              "name": "fa_battlemaps/Maps/2023/September/fa_old-owl-well/Tiles/Tent.webp",
              "selected": true
            },
            {
              "id": "YqdVrT1DHrG7LHZv",
              "name": "modules/fa-battlemaps/images/Transparent.webp",
              "selected": false
            }
          ],
          "name": "",
          "vision": false,
          "cooldown": null
        }
      },
      "elevation": 20,
      "sort": 2,
      "restrictions": {
        "light": true,
        "weather": true
      },
      "_key": "!scenes.tiles!hbrY8ou3FOvljDPm.vz6uL0U7U4DRo1GW"
    }
  ],
  "walls": [
    {
      "_id": "UAXc8dIwmhJFoNhT",
      "c": [
        1200,
        1700,
        1300,
        1700
      ],
      "light": 20,
      "move": 20,
      "sight": 20,
      "sound": 20,
      "dir": 0,
      "door": 0,
      "ds": 0,
      "flags": {
        "tagger": {
          "tags": [
            "walls"
          ]
        },
        "monks-active-tiles": {
          "entity": {},
          "open": false,
          "close": false,
          "lock": false,
          "checklock": false,
          "secret": false
        }
      },
      "threshold": {
        "light": null,
        "sight": null,
        "sound": null,
        "attenuation": false
      },
      "_key": "!scenes.walls!hbrY8ou3FOvljDPm.UAXc8dIwmhJFoNhT"
    },
    {
      "_id": "MJb57ORNfTiSgT8s",
      "c": [
        1300,
        1700,
        1300,
        1400
      ],
      "light": 20,
      "move": 20,
      "sight": 20,
      "sound": 20,
      "dir": 0,
      "door": 0,
      "ds": 0,
      "flags": {
        "tagger": {
          "tags": [
            "walls"
          ]
        },
        "monks-active-tiles": {
          "entity": {},
          "open": false,
          "close": false,
          "lock": false,
          "checklock": false,
          "secret": false
        }
      },
      "threshold": {
        "light": null,
        "sight": null,
        "sound": null,
        "attenuation": false
      },
      "_key": "!scenes.walls!hbrY8ou3FOvljDPm.MJb57ORNfTiSgT8s"
    },
    {
      "_id": "MlLoFPEghPKrOn6Y",
      "c": [
        1300,
        1400,
        1000,
        1400
      ],
      "light": 20,
      "move": 20,
      "sight": 20,
      "sound": 20,
      "dir": 0,
      "door": 0,
      "ds": 0,
      "flags": {
        "tagger": {
          "tags": [
            "walls"
          ]
        },
        "monks-active-tiles": {
          "entity": {},
          "open": false,
          "close": false,
          "lock": false,
          "checklock": false,
          "secret": false
        }
      },
      "threshold": {
        "light": null,
        "sight": null,
        "sound": null,
        "attenuation": false
      },
      "_key": "!scenes.walls!hbrY8ou3FOvljDPm.MlLoFPEghPKrOn6Y"
    },
    {
      "_id": "FcTN0wz8fB7i5zZm",
      "c": [
        1000,
        1400,
        1000,
        1700
      ],
      "light": 20,
      "move": 20,
      "sight": 20,
      "sound": 20,
      "dir": 0,
      "door": 0,
      "ds": 0,
      "flags": {
        "tagger": {
          "tags": [
            "walls"
          ]
        },
        "monks-active-tiles": {
          "entity": {},
          "open": false,
          "close": false,
          "lock": false,
          "checklock": false,
          "secret": false
        }
      },
      "threshold": {
        "light": null,
        "sight": null,
        "sound": null,
        "attenuation": false
      },
      "_key": "!scenes.walls!hbrY8ou3FOvljDPm.FcTN0wz8fB7i5zZm"
    },
    {
      "_id": "cuXFNl8qMpbWRl3F",
      "c": [
        1000,
        1700,
        1100,
        1700
      ],
      "light": 20,
      "move": 20,
      "sight": 20,
      "sound": 20,
      "dir": 0,
      "door": 0,
      "ds": 0,
      "flags": {
        "tagger": {
          "tags": [
            "walls"
          ]
        },
        "monks-active-tiles": {
          "entity": {},
          "open": false,
          "close": false,
          "lock": false,
          "checklock": false,
          "secret": false
        }
      },
      "threshold": {
        "light": null,
        "sight": null,
        "sound": null,
        "attenuation": false
      },
      "_key": "!scenes.walls!hbrY8ou3FOvljDPm.cuXFNl8qMpbWRl3F"
    },
    {
      "_id": "Pzxc0OQhux5C6Fit",
      "c": [
        1100,
        1700,
        1200,
        1700
      ],
      "light": 0,
      "move": 0,
      "sight": 20,
      "sound": 20,
      "dir": 2,
      "door": 0,
      "ds": 0,
      "flags": {
        "tagger": {
          "tags": [
            "entrance"
          ]
        },
        "monks-active-tiles": {
          "entity": {},
          "open": false,
          "close": false,
          "lock": false,
          "checklock": false,
          "secret": false
        }
      },
      "threshold": {
        "light": null,
        "sight": null,
        "sound": null,
        "attenuation": false
      },
      "_key": "!scenes.walls!hbrY8ou3FOvljDPm.Pzxc0OQhux5C6Fit"
    },
    {
      "_id": "wOaKTYOBlWwMROqe",
      "c": [
        700,
        1475,
        700,
        1212
      ],
      "light": 20,
      "move": 20,
      "sight": 20,
      "sound": 20,
      "dir": 0,
      "door": 0,
      "ds": 0,
      "flags": {},
      "threshold": {
        "light": null,
        "sight": null,
        "sound": null,
        "attenuation": false
      },
      "_key": "!scenes.walls!hbrY8ou3FOvljDPm.wOaKTYOBlWwMROqe"
    },
    {
      "_id": "tqHXhfhuypJwsUOJ",
      "c": [
        875,
        1212,
        700,
        1212
      ],
      "light": 20,
      "move": 20,
      "sight": 20,
      "sound": 20,
      "dir": 0,
      "door": 0,
      "ds": 0,
      "flags": {},
      "threshold": {
        "light": null,
        "sight": null,
        "sound": null,
        "attenuation": false
      },
      "_key": "!scenes.walls!hbrY8ou3FOvljDPm.tqHXhfhuypJwsUOJ"
    },
    {
      "_id": "Cj1MgioUSpd28iw2",
      "c": [
        1225,
        1212,
        1387,
        1212
      ],
      "light": 20,
      "move": 20,
      "sight": 20,
      "sound": 20,
      "dir": 0,
      "door": 0,
      "ds": 0,
      "flags": {},
      "threshold": {
        "light": null,
        "sight": null,
        "sound": null,
        "attenuation": false
      },
      "_key": "!scenes.walls!hbrY8ou3FOvljDPm.Cj1MgioUSpd28iw2"
    },
    {
      "c": [
        2099,
        1173,
        2089,
        1089
      ],
      "light": 20,
      "move": 20,
      "sight": 20,
      "sound": 20,
      "dir": 0,
      "door": 0,
      "ds": 0,
      "flags": {},
      "_id": "obcRb5lrXW9geLjE",
      "threshold": {
        "light": null,
        "sight": null,
        "sound": null,
        "attenuation": false
      },
      "_key": "!scenes.walls!hbrY8ou3FOvljDPm.obcRb5lrXW9geLjE"
    },
    {
      "c": [
        2089,
        1089,
        2058,
        1010
      ],
      "light": 20,
      "move": 20,
      "sight": 20,
      "sound": 20,
      "dir": 0,
      "door": 0,
      "ds": 0,
      "flags": {},
      "_id": "eGHA1YNuM7CHm3sG",
      "threshold": {
        "light": null,
        "sight": null,
        "sound": null,
        "attenuation": false
      },
      "_key": "!scenes.walls!hbrY8ou3FOvljDPm.eGHA1YNuM7CHm3sG"
    },
    {
      "c": [
        2058,
        1010,
        2009,
        940
      ],
      "light": 20,
      "move": 20,
      "sight": 20,
      "sound": 20,
      "dir": 0,
      "door": 0,
      "ds": 0,
      "flags": {},
      "_id": "uMl1Ci2RNVuujydR",
      "threshold": {
        "light": null,
        "sight": null,
        "sound": null,
        "attenuation": false
      },
      "_key": "!scenes.walls!hbrY8ou3FOvljDPm.uMl1Ci2RNVuujydR"
    },
    {
      "c": [
        2009,
        940,
        1944,
        884
      ],
      "light": 20,
      "move": 20,
      "sight": 20,
      "sound": 20,
      "dir": 0,
      "door": 0,
      "ds": 0,
      "flags": {},
      "_id": "Cd16Jn2t6YfgVIa7",
      "threshold": {
        "light": null,
        "sight": null,
        "sound": null,
        "attenuation": false
      },
      "_key": "!scenes.walls!hbrY8ou3FOvljDPm.Cd16Jn2t6YfgVIa7"
    },
    {
      "c": [
        1944,
        884,
        1867,
        845
      ],
      "light": 20,
      "move": 20,
      "sight": 20,
      "sound": 20,
      "dir": 0,
      "door": 0,
      "ds": 0,
      "flags": {},
      "_id": "e3wB5FZQ0ZqTXscE",
      "threshold": {
        "light": null,
        "sight": null,
        "sound": null,
        "attenuation": false
      },
      "_key": "!scenes.walls!hbrY8ou3FOvljDPm.e3wB5FZQ0ZqTXscE"
    },
    {
      "c": [
        1867,
        845,
        1783,
        825
      ],
      "light": 20,
      "move": 20,
      "sight": 20,
      "sound": 20,
      "dir": 0,
      "door": 0,
      "ds": 0,
      "flags": {},
      "_id": "3Dw3iwngyaq5wbn6",
      "threshold": {
        "light": null,
        "sight": null,
        "sound": null,
        "attenuation": false
      },
      "_key": "!scenes.walls!hbrY8ou3FOvljDPm.3Dw3iwngyaq5wbn6"
    },
    {
      "c": [
        1783,
        825,
        1697,
        825
      ],
      "light": 20,
      "move": 20,
      "sight": 20,
      "sound": 20,
      "dir": 0,
      "door": 0,
      "ds": 0,
      "flags": {},
      "_id": "D9siDkxzPApUMAQk",
      "threshold": {
        "light": null,
        "sight": null,
        "sound": null,
        "attenuation": false
      },
      "_key": "!scenes.walls!hbrY8ou3FOvljDPm.D9siDkxzPApUMAQk"
    },
    {
      "c": [
        1697,
        825,
        1613,
        845
      ],
      "light": 20,
      "move": 20,
      "sight": 20,
      "sound": 20,
      "dir": 0,
      "door": 0,
      "ds": 0,
      "flags": {},
      "_id": "ThhoGJEtY0ZxatnD",
      "threshold": {
        "light": null,
        "sight": null,
        "sound": null,
        "attenuation": false
      },
      "_key": "!scenes.walls!hbrY8ou3FOvljDPm.ThhoGJEtY0ZxatnD"
    },
    {
      "c": [
        1613,
        845,
        1536,
        884
      ],
      "light": 20,
      "move": 20,
      "sight": 20,
      "sound": 20,
      "dir": 0,
      "door": 0,
      "ds": 0,
      "flags": {},
      "_id": "0Jgq15nB2BJLQqYl",
      "threshold": {
        "light": null,
        "sight": null,
        "sound": null,
        "attenuation": false
      },
      "_key": "!scenes.walls!hbrY8ou3FOvljDPm.0Jgq15nB2BJLQqYl"
    },
    {
      "c": [
        1536,
        884,
        1471,
        940
      ],
      "light": 20,
      "move": 20,
      "sight": 20,
      "sound": 20,
      "dir": 0,
      "door": 0,
      "ds": 0,
      "flags": {},
      "_id": "5qfVJdo8okmmoaT6",
      "threshold": {
        "light": null,
        "sight": null,
        "sound": null,
        "attenuation": false
      },
      "_key": "!scenes.walls!hbrY8ou3FOvljDPm.5qfVJdo8okmmoaT6"
    },
    {
      "c": [
        1471,
        940,
        1422,
        1010
      ],
      "light": 20,
      "move": 20,
      "sight": 20,
      "sound": 20,
      "dir": 0,
      "door": 0,
      "ds": 0,
      "flags": {},
      "_id": "kklzRzGYIfqGnKzM",
      "threshold": {
        "light": null,
        "sight": null,
        "sound": null,
        "attenuation": false
      },
      "_key": "!scenes.walls!hbrY8ou3FOvljDPm.kklzRzGYIfqGnKzM"
    },
    {
      "c": [
        1422,
        1010,
        1391,
        1089
      ],
      "light": 20,
      "move": 20,
      "sight": 20,
      "sound": 20,
      "dir": 0,
      "door": 0,
      "ds": 0,
      "flags": {},
      "_id": "rJ9C9oAPaZbc2xnS",
      "threshold": {
        "light": null,
        "sight": null,
        "sound": null,
        "attenuation": false
      },
      "_key": "!scenes.walls!hbrY8ou3FOvljDPm.rJ9C9oAPaZbc2xnS"
    },
    {
      "c": [
        1391,
        1089,
        1381,
        1172
      ],
      "light": 20,
      "move": 20,
      "sight": 20,
      "sound": 20,
      "dir": 0,
      "door": 0,
      "ds": 0,
      "flags": {},
      "_id": "uomkXS3JgcsX0Vow",
      "threshold": {
        "light": null,
        "sight": null,
        "sound": null,
        "attenuation": false
      },
      "_key": "!scenes.walls!hbrY8ou3FOvljDPm.uomkXS3JgcsX0Vow"
    },
    {
      "c": [
        1381,
        1172,
        1391,
        1256
      ],
      "light": 20,
      "move": 20,
      "sight": 20,
      "sound": 20,
      "dir": 0,
      "door": 0,
      "ds": 0,
      "flags": {},
      "_id": "0T4iWMf51SBKd8gs",
      "threshold": {
        "light": null,
        "sight": null,
        "sound": null,
        "attenuation": false
      },
      "_key": "!scenes.walls!hbrY8ou3FOvljDPm.0T4iWMf51SBKd8gs"
    },
    {
      "c": [
        1391,
        1256,
        1422,
        1335
      ],
      "light": 20,
      "move": 20,
      "sight": 20,
      "sound": 20,
      "dir": 0,
      "door": 0,
      "ds": 0,
      "flags": {},
      "_id": "lXmm5VYjOj1RplUH",
      "threshold": {
        "light": null,
        "sight": null,
        "sound": null,
        "attenuation": false
      },
      "_key": "!scenes.walls!hbrY8ou3FOvljDPm.lXmm5VYjOj1RplUH"
    },
    {
      "c": [
        1422,
        1335,
        1450,
        1387
      ],
      "light": 20,
      "move": 20,
      "sight": 20,
      "sound": 20,
      "dir": 0,
      "door": 0,
      "ds": 0,
      "flags": {},
      "_id": "Yl55QpI5eltfHzqC",
      "threshold": {
        "light": null,
        "sight": null,
        "sound": null,
        "attenuation": false
      },
      "_key": "!scenes.walls!hbrY8ou3FOvljDPm.Yl55QpI5eltfHzqC"
    },
    {
      "c": [
        1637,
        1525,
        1697,
        1520
      ],
      "light": 20,
      "move": 20,
      "sight": 20,
      "sound": 20,
      "dir": 0,
      "door": 0,
      "ds": 0,
      "flags": {},
      "_id": "qNTTHoWYUTEyNG9o",
      "threshold": {
        "light": null,
        "sight": null,
        "sound": null,
        "attenuation": false
      },
      "_key": "!scenes.walls!hbrY8ou3FOvljDPm.qNTTHoWYUTEyNG9o"
    },
    {
      "c": [
        1697,
        1520,
        1783,
        1520
      ],
      "light": 20,
      "move": 20,
      "sight": 20,
      "sound": 20,
      "dir": 0,
      "door": 0,
      "ds": 0,
      "flags": {},
      "_id": "9khDMa7AAR5KmeSM",
      "threshold": {
        "light": null,
        "sight": null,
        "sound": null,
        "attenuation": false
      },
      "_key": "!scenes.walls!hbrY8ou3FOvljDPm.9khDMa7AAR5KmeSM"
    },
    {
      "c": [
        1783,
        1520,
        1867,
        1500
      ],
      "light": 20,
      "move": 20,
      "sight": 20,
      "sound": 20,
      "dir": 0,
      "door": 0,
      "ds": 0,
      "flags": {},
      "_id": "NuVMD1R6h5z8GKod",
      "threshold": {
        "light": null,
        "sight": null,
        "sound": null,
        "attenuation": false
      },
      "_key": "!scenes.walls!hbrY8ou3FOvljDPm.NuVMD1R6h5z8GKod"
    },
    {
      "c": [
        1867,
        1500,
        1944,
        1461
      ],
      "light": 20,
      "move": 20,
      "sight": 20,
      "sound": 20,
      "dir": 0,
      "door": 0,
      "ds": 0,
      "flags": {},
      "_id": "1kb1Zb8KQ2CLMqFj",
      "threshold": {
        "light": null,
        "sight": null,
        "sound": null,
        "attenuation": false
      },
      "_key": "!scenes.walls!hbrY8ou3FOvljDPm.1kb1Zb8KQ2CLMqFj"
    },
    {
      "c": [
        1944,
        1461,
        2009,
        1405
      ],
      "light": 20,
      "move": 20,
      "sight": 20,
      "sound": 20,
      "dir": 0,
      "door": 0,
      "ds": 0,
      "flags": {},
      "_id": "Hiec9ORsasIDYZNN",
      "threshold": {
        "light": null,
        "sight": null,
        "sound": null,
        "attenuation": false
      },
      "_key": "!scenes.walls!hbrY8ou3FOvljDPm.Hiec9ORsasIDYZNN"
    },
    {
      "c": [
        2009,
        1405,
        2058,
        1335
      ],
      "light": 20,
      "move": 20,
      "sight": 20,
      "sound": 20,
      "dir": 0,
      "door": 0,
      "ds": 0,
      "flags": {},
      "_id": "bxmWv8IzLfh1EmE9",
      "threshold": {
        "light": null,
        "sight": null,
        "sound": null,
        "attenuation": false
      },
      "_key": "!scenes.walls!hbrY8ou3FOvljDPm.bxmWv8IzLfh1EmE9"
    },
    {
      "c": [
        2058,
        1335,
        2089,
        1256
      ],
      "light": 20,
      "move": 20,
      "sight": 20,
      "sound": 20,
      "dir": 0,
      "door": 0,
      "ds": 0,
      "flags": {},
      "_id": "3Ue3zj793TEjrRXE",
      "threshold": {
        "light": null,
        "sight": null,
        "sound": null,
        "attenuation": false
      },
      "_key": "!scenes.walls!hbrY8ou3FOvljDPm.3Ue3zj793TEjrRXE"
    },
    {
      "c": [
        2089,
        1256,
        2099,
        1173
      ],
      "light": 20,
      "move": 20,
      "sight": 20,
      "sound": 20,
      "dir": 0,
      "door": 0,
      "ds": 0,
      "flags": {},
      "_id": "TrORco1c060D0xaA",
      "threshold": {
        "light": null,
        "sight": null,
        "sound": null,
        "attenuation": false
      },
      "_key": "!scenes.walls!hbrY8ou3FOvljDPm.TrORco1c060D0xaA"
    },
    {
      "_id": "F6n1j0L27LbhoD20",
      "c": [
        1900,
        1650,
        1900,
        1487
      ],
      "light": 20,
      "move": 20,
      "sight": 20,
      "sound": 20,
      "dir": 0,
      "door": 0,
      "ds": 0,
      "flags": {},
      "threshold": {
        "light": null,
        "sight": null,
        "sound": null,
        "attenuation": false
      },
      "_key": "!scenes.walls!hbrY8ou3FOvljDPm.F6n1j0L27LbhoD20"
    },
    {
      "_id": "za4v7DrvvlJ871sL",
      "c": [
        1912,
        1912,
        1912,
        2025
      ],
      "light": 20,
      "move": 20,
      "sight": 20,
      "sound": 20,
      "dir": 0,
      "door": 0,
      "ds": 0,
      "flags": {},
      "threshold": {
        "light": null,
        "sight": null,
        "sound": null,
        "attenuation": false
      },
      "_key": "!scenes.walls!hbrY8ou3FOvljDPm.za4v7DrvvlJ871sL"
    },
    {
      "_id": "9BhgrbXpOkQIyplJ",
      "c": [
        1912,
        2025,
        2087,
        2025
      ],
      "light": 20,
      "move": 20,
      "sight": 20,
      "sound": 20,
      "dir": 0,
      "door": 0,
      "ds": 0,
      "flags": {},
      "threshold": {
        "light": null,
        "sight": null,
        "sound": null,
        "attenuation": false
      },
      "_key": "!scenes.walls!hbrY8ou3FOvljDPm.9BhgrbXpOkQIyplJ"
    },
    {
      "_id": "hMYI7ao4itb0Ysas",
      "c": [
        2087,
        2025,
        2100,
        2400
      ],
      "light": 20,
      "move": 20,
      "sight": 20,
      "sound": 20,
      "dir": 0,
      "door": 0,
      "ds": 0,
      "flags": {},
      "threshold": {
        "light": null,
        "sight": null,
        "sound": null,
        "attenuation": false
      },
      "_key": "!scenes.walls!hbrY8ou3FOvljDPm.hMYI7ao4itb0Ysas"
    },
    {
      "_id": "dvKhAYfvH8NW3ZhG",
      "c": [
        2100,
        2400,
        1725,
        2400
      ],
      "light": 20,
      "move": 20,
      "sight": 20,
      "sound": 20,
      "dir": 0,
      "door": 0,
      "ds": 0,
      "flags": {},
      "threshold": {
        "light": null,
        "sight": null,
        "sound": null,
        "attenuation": false
      },
      "_key": "!scenes.walls!hbrY8ou3FOvljDPm.dvKhAYfvH8NW3ZhG"
    },
    {
      "_id": "JgJPiYp0VRaUShdQ",
      "c": [
        1575,
        2412,
        1400,
        2412
      ],
      "light": 20,
      "move": 20,
      "sight": 20,
      "sound": 20,
      "dir": 0,
      "door": 0,
      "ds": 0,
      "flags": {},
      "threshold": {
        "light": null,
        "sight": null,
        "sound": null,
        "attenuation": false
      },
      "_key": "!scenes.walls!hbrY8ou3FOvljDPm.JgJPiYp0VRaUShdQ"
    },
    {
      "_id": "UNvA6U7Ffmp166Zv",
      "c": [
        1400,
        2412,
        1400,
        2300
      ],
      "light": 20,
      "move": 20,
      "sight": 20,
      "sound": 20,
      "dir": 0,
      "door": 0,
      "ds": 0,
      "flags": {},
      "threshold": {
        "light": null,
        "sight": null,
        "sound": null,
        "attenuation": false
      },
      "_key": "!scenes.walls!hbrY8ou3FOvljDPm.UNvA6U7Ffmp166Zv"
    },
    {
      "_id": "Kqinl8bbkDrx8XqU",
      "c": [
        1197,
        2224,
        1197,
        2402
      ],
      "light": 20,
      "move": 20,
      "sight": 20,
      "sound": 20,
      "dir": 0,
      "door": 0,
      "ds": 0,
      "flags": {},
      "threshold": {
        "light": null,
        "sight": null,
        "sound": null,
        "attenuation": false
      },
      "_key": "!scenes.walls!hbrY8ou3FOvljDPm.Kqinl8bbkDrx8XqU"
    },
    {
      "_id": "3Q0jLprNALpMoc9c",
      "c": [
        1197,
        2402,
        712,
        2412
      ],
      "light": 20,
      "move": 20,
      "sight": 20,
      "sound": 20,
      "dir": 0,
      "door": 0,
      "ds": 0,
      "flags": {},
      "threshold": {
        "light": null,
        "sight": null,
        "sound": null,
        "attenuation": false
      },
      "_key": "!scenes.walls!hbrY8ou3FOvljDPm.3Q0jLprNALpMoc9c"
    },
    {
      "_id": "6r9BRYYGxHBheZsz",
      "c": [
        712,
        2412,
        700,
        2300
      ],
      "light": 20,
      "move": 20,
      "sight": 20,
      "sound": 20,
      "dir": 0,
      "door": 0,
      "ds": 0,
      "flags": {},
      "threshold": {
        "light": null,
        "sight": null,
        "sound": null,
        "attenuation": false
      },
      "_key": "!scenes.walls!hbrY8ou3FOvljDPm.6r9BRYYGxHBheZsz"
    },
    {
      "dir": 0,
      "door": 0,
      "ds": 0,
      "light": 20,
      "sight": 20,
      "sound": 20,
      "move": 20,
      "c": [
        500,
        600,
        2300,
        600
      ],
      "_id": "RwMrcNMKN68q2Lz5",
      "flags": {},
      "threshold": {
        "light": null,
        "sight": null,
        "sound": null,
        "attenuation": false
      },
      "_key": "!scenes.walls!hbrY8ou3FOvljDPm.RwMrcNMKN68q2Lz5"
    },
    {
      "dir": 0,
      "door": 0,
      "ds": 0,
      "light": 20,
      "sight": 20,
      "sound": 20,
      "move": 20,
      "c": [
        2300,
        600,
        2300,
        2800
      ],
      "_id": "ZPFj7Wnxh2PI1gCZ",
      "flags": {},
      "threshold": {
        "light": null,
        "sight": null,
        "sound": null,
        "attenuation": false
      },
      "_key": "!scenes.walls!hbrY8ou3FOvljDPm.ZPFj7Wnxh2PI1gCZ"
    },
    {
      "dir": 0,
      "door": 0,
      "ds": 0,
      "light": 20,
      "sight": 20,
      "sound": 20,
      "move": 20,
      "c": [
        2300,
        2800,
        500,
        2800
      ],
      "_id": "q8W7MZ4vAiwDzOYe",
      "flags": {},
      "threshold": {
        "light": null,
        "sight": null,
        "sound": null,
        "attenuation": false
      },
      "_key": "!scenes.walls!hbrY8ou3FOvljDPm.q8W7MZ4vAiwDzOYe"
    },
    {
      "dir": 0,
      "door": 0,
      "ds": 0,
      "light": 20,
      "sight": 20,
      "sound": 20,
      "move": 20,
      "c": [
        500,
        2800,
        500,
        600
      ],
      "_id": "BxQR9qaqK7MRZDEl",
      "flags": {},
      "threshold": {
        "light": null,
        "sight": null,
        "sound": null,
        "attenuation": false
      },
      "_key": "!scenes.walls!hbrY8ou3FOvljDPm.BxQR9qaqK7MRZDEl"
    }
  ],
  "playlist": null,
  "playlistSound": null,
  "journal": null,
  "journalEntryPage": null,
  "weather": "",
  "flags": {},
  "_stats": {
    "systemId": "dnd5e",
    "systemVersion": "2.4.1",
    "coreVersion": "12.330",
    "createdTime": 1695240968028,
    "modifiedTime": 1723948098318,
    "lastModifiedBy": "dnd5ebuilder0000",
    "compendiumSource": "Compendium.fa-battlemaps.maps.hbrY8ou3FOvljDPm",
    "duplicateSource": null
  },
  "_id": "hbrY8ou3FOvljDPm",
  "active": false,
  "folder": null,
  "sort": 0,
  "ownership": {
    "default": 0
  },
  "regions": [],
  "environment": {
    "globalLight": {
      "luminosity": 0,
      "enabled": true,
      "darkness": {
        "max": 1,
        "min": 0
      },
      "alpha": 0.5,
      "bright": false,
      "color": null,
      "coloration": 1,
      "saturation": 0,
      "contrast": 0,
      "shadows": 0
    },
    "darknessLevel": 0,
    "darknessLock": false,
    "cycle": true,
    "base": {
      "hue": 0,
      "intensity": 0,
      "luminosity": 0,
      "saturation": 0,
      "shadows": 0
    },
    "dark": {
      "hue": 0.7138888888888889,
      "intensity": 0,
      "luminosity": -0.25,
      "saturation": 0,
      "shadows": 0
    }
  },
  "fog": {
    "exploration": true,
    "reset": 1695240968026,
    "overlay": null,
    "colors": {
      "explored": null,
      "unexplored": null
    }
  },
  "_key": "!scenes!hbrY8ou3FOvljDPm"
}
