{
  "name": "Old Entrance [24x22]",
  "navigation": false,
  "navOrder": 0,
  "navName": "",
  "background": {
    "src": "fa_battlemaps/Maps/2022/December/fa_wec-old-entrance/Maps/OldEntranceBG.webp",
    "scaleX": 1,
    "scaleY": 1,
    "offsetX": 0,
    "offsetY": 0,
    "rotation": 0,
    "tint": "#ffffff",
    "anchorX": 0,
    "anchorY": 0,
    "fit": "fill",
    "alphaThreshold": 0
  },
  "foreground": "fa_battlemaps/Maps/2022/December/fa_wec-old-entrance/Maps/OldEntranceFG.webp",
  "foregroundElevation": 20,
  "thumb": "modules/fa-battlemaps/assets/scenes/Wo95wpq0Khb3SWma-thumb.webp",
  "width": 2400,
  "height": 2200,
  "padding": 0.25,
  "initial": {
    "x": null,
    "y": null,
    "scale": null
  },
  "backgroundColor": "#000000",
  "grid": {
    "type": 1,
    "size": 100,
    "color": "#000000",
    "alpha": 0.2,
    "distance": 5,
    "units": "ft",
    "style": "solidLines",
    "thickness": 1
  },
  "tokenVision": true,
  "drawings": [],
  "tokens": [],
  "lights": [],
  "notes": [],
  "sounds": [
    {
      "path": "fa_battlemaps/Audio/CaveAmbience.ogg",
      "x": 1900,
      "y": 1400,
      "radius": 88.42,
      "easing": false,
      "walls": false,
      "volume": 0.3,
      "darkness": {
        "min": 0,
        "max": 1
      },
      "flags": {
        "tagger": {
          "tags": ""
        }
      },
      "_id": "igREkoYtEmgdmEYm",
      "repeat": false,
      "hidden": false,
      "elevation": 0,
      "effects": {
        "base": {
          "intensity": 5
        },
        "muffled": {
          "intensity": 5
        }
      },
      "_key": "!scenes.sounds!Wo95wpq0Khb3SWma.igREkoYtEmgdmEYm"
    }
  ],
  "templates": [],
  "tiles": [
    {
      "texture": {
        "src": "fa_battlemaps/Maps/2022/December/fa_wec-old-entrance/Tiles/ArmoryDoor.webp",
        "scaleX": 1,
        "scaleY": 1,
        "offsetX": 0,
        "offsetY": 0,
        "rotation": 0,
        "tint": "#ffffff",
        "anchorX": 0.5,
        "anchorY": 0.5,
        "fit": "fill",
        "alphaThreshold": 0.75
      },
      "width": 200,
      "height": 200,
      "_id": "PmQfMMMLBICD6qvQ",
      "rotation": 0,
      "alpha": 0,
      "hidden": false,
      "locked": true,
      "occlusion": {
        "mode": 0,
        "alpha": 1
      },
      "video": {
        "loop": true,
        "autoplay": true,
        "volume": 0
      },
      "flags": {
        "tagger": {
          "tags": [
            "ArmoryDoor"
          ]
        },
        "monks-active-tiles": {
          "active": true,
          "record": false,
          "restriction": "all",
          "controlled": "all",
          "trigger": [
            "",
            "manual"
          ],
          "allowpaused": false,
          "usealpha": false,
          "pointer": false,
          "pertoken": false,
          "minrequired": 0,
          "chance": 100,
          "fileindex": 0,
          "actions": [
            {
              "action": "alter",
              "data": {
                "entity": {
                  "id": "tagger:armorydoorwall",
                  "match": "all",
                  "scene": "_active",
                  "name": "<i class=\"fas fa-tag fa-sm\"></i> armorydoorwall"
                },
                "attribute": "move",
                "value": "={{entity.move}} == 0 ? 20 : 0",
                "chatMessage": false,
                "rollmode": "roll"
              },
              "id": "yKexzK1VMhSU6GrX"
            },
            {
              "action": "alter",
              "data": {
                "entity": {
                  "id": "tagger:armorydoorwall",
                  "match": "all",
                  "scene": "_active",
                  "name": "<i class=\"fas fa-tag fa-sm\"></i> armorydoorwall"
                },
                "attribute": "sight",
                "value": "={{entity.sight}} == 0 ? 20 : 0",
                "chatMessage": false,
                "rollmode": "roll"
              },
              "id": "n2eOfvIqJbjLTRcA"
            },
            {
              "action": "alter",
              "data": {
                "entity": {
                  "id": "tagger:armorydoorwall",
                  "match": "all",
                  "scene": "_active",
                  "name": "<i class=\"fas fa-tag fa-sm\"></i> armorydoorwall"
                },
                "attribute": "light",
                "value": "={{entity.light}} == 0 ? 20 : 0",
                "chatMessage": false,
                "rollmode": "roll"
              },
              "id": "s7jFu8jUrAnWuZac"
            },
            {
              "action": "alter",
              "data": {
                "entity": {
                  "id": "tile",
                  "name": "This Tile"
                },
                "attribute": "alpha",
                "value": "={{entity.alpha}} == 0 ? 1 : 0",
                "chatMessage": false,
                "rollmode": "roll"
              },
              "id": "mFxWhJ8pwOty76Og"
            }
          ],
          "files": [
            {
              "id": "DGP4iL7e7owvlE6p",
              "name": "fa_battlemaps/Maps/2022/December/fa_wec-old-entrance/Tiles/ArmoryDoor.webp",
              "selected": true
            }
          ],
          "name": "",
          "vision": false,
          "cooldown": null
        }
      },
      "x": 1699,
      "y": 1900,
      "sort": 1,
      "restrictions": {
        "light": false,
        "weather": false
      },
      "elevation": 0,
      "_key": "!scenes.tiles!Wo95wpq0Khb3SWma.PmQfMMMLBICD6qvQ"
    },
    {
      "texture": {
        "src": "fa_battlemaps/Maps/2022/December/fa_wec-old-entrance/Tiles/AssayersOfficeDoor.webp",
        "scaleX": 1,
        "scaleY": 1,
        "offsetX": 0,
        "offsetY": 0,
        "rotation": 0,
        "tint": "#ffffff",
        "anchorX": 0.5,
        "anchorY": 0.5,
        "fit": "fill",
        "alphaThreshold": 0.75
      },
      "width": 300,
      "height": 200,
      "_id": "YilrV01UuzRdm4U4",
      "rotation": 0,
      "alpha": 0,
      "hidden": false,
      "locked": true,
      "occlusion": {
        "mode": 0,
        "alpha": 1
      },
      "video": {
        "loop": true,
        "autoplay": true,
        "volume": 0
      },
      "flags": {
        "tagger": {
          "tags": [
            "AssayerDoor"
          ]
        },
        "monks-active-tiles": {
          "active": true,
          "record": false,
          "restriction": "all",
          "controlled": "all",
          "trigger": [
            "manual"
          ],
          "allowpaused": false,
          "usealpha": false,
          "pointer": false,
          "pertoken": false,
          "minrequired": 0,
          "chance": 100,
          "fileindex": 0,
          "actions": [
            {
              "action": "alter",
              "data": {
                "entity": {
                  "id": "tagger:assayerwalldoor",
                  "match": "all",
                  "scene": "_active",
                  "name": "<i class=\"fas fa-tag fa-sm\"></i> assayerwalldoor"
                },
                "attribute": "move",
                "value": "={{entity.move}} == 0 ? 20 : 0",
                "chatMessage": false,
                "rollmode": "roll"
              },
              "id": "eWinSpUcD0W44aBr"
            },
            {
              "action": "alter",
              "data": {
                "entity": {
                  "id": "tagger:assayerwalldoor",
                  "match": "all",
                  "scene": "_active",
                  "name": "<i class=\"fas fa-tag fa-sm\"></i> assayerwalldoor"
                },
                "attribute": "sight",
                "value": "={{entity.sight}} == 0 ? 20 : 0",
                "chatMessage": false,
                "rollmode": "roll"
              },
              "id": "U3U0jT3DaVxirS4n"
            },
            {
              "action": "alter",
              "data": {
                "entity": {
                  "id": "tagger:assayerwalldoor",
                  "match": "all",
                  "scene": "_active",
                  "name": "<i class=\"fas fa-tag fa-sm\"></i> assayerwalldoor"
                },
                "attribute": "light",
                "value": "={{entity.light}} == 0 ? 20 : 0",
                "chatMessage": false,
                "rollmode": "roll"
              },
              "id": "QzOJUuuzInZlAb6k"
            },
            {
              "action": "alter",
              "data": {
                "entity": {
                  "id": "tile",
                  "name": "This Tile"
                },
                "attribute": "alpha",
                "value": "={{entity.alpha}} == 0 ? 1 : 0",
                "chatMessage": false,
                "rollmode": "roll"
              },
              "id": "rbImUx0XucqxK7y9"
            }
          ],
          "files": [],
          "name": "",
          "vision": false,
          "cooldown": null
        }
      },
      "x": 2300,
      "y": 1900,
      "sort": 2,
      "restrictions": {
        "light": false,
        "weather": false
      },
      "elevation": 0,
      "_key": "!scenes.tiles!Wo95wpq0Khb3SWma.YilrV01UuzRdm4U4"
    },
    {
      "texture": {
        "src": "fa_battlemaps/Maps/2022/December/fa_wec-old-entrance/Tiles/ArmoryNoSkeletons.webp",
        "scaleX": 1,
        "scaleY": 1,
        "offsetX": 0,
        "offsetY": 0,
        "rotation": 0,
        "tint": "#ffffff",
        "anchorX": 0.5,
        "anchorY": 0.5,
        "fit": "fill",
        "alphaThreshold": 0.75
      },
      "x": 800,
      "y": 1600,
      "width": 1000,
      "height": 700,
      "_id": "0un6xmGEz0XR6RDB",
      "rotation": 0,
      "alpha": 0,
      "hidden": false,
      "locked": true,
      "occlusion": {
        "mode": 0,
        "alpha": 1
      },
      "video": {
        "loop": true,
        "autoplay": true,
        "volume": 0
      },
      "flags": {
        "monks-active-tiles": {
          "name": "",
          "active": false,
          "record": false,
          "restriction": "all",
          "controlled": "all",
          "trigger": [
            ""
          ],
          "allowpaused": false,
          "usealpha": false,
          "pointer": false,
          "vision": false,
          "pertoken": false,
          "minrequired": 0,
          "cooldown": null,
          "chance": 50,
          "fileindex": -1,
          "actions": [],
          "files": []
        },
        "tagger": {
          "tags": [
            "skeletons"
          ]
        }
      },
      "sort": 3,
      "restrictions": {
        "light": false,
        "weather": false
      },
      "elevation": 0,
      "_key": "!scenes.tiles!Wo95wpq0Khb3SWma.0un6xmGEz0XR6RDB"
    },
    {
      "texture": {
        "src": "icons/svg/skull.svg",
        "scaleX": 1,
        "scaleY": 1,
        "offsetX": 0,
        "offsetY": 0,
        "rotation": 0,
        "tint": "#ffffff",
        "anchorX": 0.5,
        "anchorY": 0.5,
        "fit": "fill",
        "alphaThreshold": 0.75
      },
      "x": 1300,
      "y": 1550,
      "width": 100,
      "height": 100,
      "_id": "yuUfY4WZnfl9YMg5",
      "rotation": 0,
      "alpha": 1,
      "hidden": false,
      "locked": false,
      "occlusion": {
        "mode": 1,
        "alpha": 1
      },
      "video": {
        "loop": true,
        "autoplay": true,
        "volume": 0
      },
      "flags": {
        "tagger": {},
        "monks-active-tiles": {
          "active": true,
          "record": false,
          "restriction": "all",
          "controlled": "gm",
          "trigger": [
            "dblclick"
          ],
          "allowpaused": false,
          "usealpha": false,
          "pointer": false,
          "pertoken": false,
          "minrequired": 0,
          "chance": 100,
          "fileindex": 0,
          "actions": [
            {
              "action": "alter",
              "data": {
                "entity": {
                  "id": "tagger:skeletons",
                  "match": "all",
                  "scene": "_active",
                  "name": "<i class=\"fas fa-tag fa-sm\"></i> skeletons"
                },
                "attribute": "alpha",
                "value": "={{entity.alpha}} == 0 ? 1 : 0",
                "chatMessage": false,
                "rollmode": "roll",
                "collection": "tokens"
              },
              "id": "kOWAbQ5kZEmDEyDD"
            }
          ],
          "files": [],
          "name": "",
          "vision": false,
          "cooldown": null
        }
      },
      "elevation": 20,
      "sort": 100,
      "restrictions": {
        "light": false,
        "weather": false
      },
      "_key": "!scenes.tiles!Wo95wpq0Khb3SWma.yuUfY4WZnfl9YMg5"
    },
    {
      "texture": {
        "src": "modules/fa-battlemaps/images/Swing_Indicator_A1_White_1x1.png",
        "scaleX": 1,
        "scaleY": 1,
        "offsetX": 0,
        "offsetY": 0,
        "rotation": 0,
        "tint": "#ffffff",
        "anchorX": 0.5,
        "anchorY": 0.5,
        "fit": "fill",
        "alphaThreshold": 0.75
      },
      "x": 1700,
      "y": 2000,
      "width": 100,
      "height": 100,
      "rotation": 90,
      "alpha": 1,
      "hidden": true,
      "locked": true,
      "occlusion": {
        "mode": 0,
        "alpha": 1
      },
      "video": {
        "loop": true,
        "autoplay": true,
        "volume": 0
      },
      "flags": {
        "tagger": {
          "tags": ""
        },
        "monks-active-tiles": {
          "active": true,
          "record": false,
          "restriction": "all",
          "controlled": "gm",
          "trigger": [
            "dblclick"
          ],
          "allowpaused": false,
          "usealpha": false,
          "pointer": false,
          "pertoken": false,
          "minrequired": 0,
          "chance": 100,
          "fileindex": 0,
          "actions": [],
          "files": []
        }
      },
      "_id": "zWsptQWfYTPYanJs",
      "sort": 5,
      "restrictions": {
        "light": false,
        "weather": false
      },
      "elevation": 0,
      "_key": "!scenes.tiles!Wo95wpq0Khb3SWma.zWsptQWfYTPYanJs"
    },
    {
      "texture": {
        "src": "modules/fa-battlemaps/images/Swing_Indicator_A1_White_1x1.png",
        "scaleX": 1,
        "scaleY": -1,
        "offsetX": 0,
        "offsetY": 0,
        "rotation": 0,
        "tint": "#ffffff",
        "anchorX": 0.5,
        "anchorY": 0.5,
        "fit": "fill",
        "alphaThreshold": 0.75
      },
      "x": 2400,
      "y": 2000,
      "width": 100,
      "height": 100,
      "rotation": 90,
      "alpha": 1,
      "hidden": true,
      "locked": true,
      "occlusion": {
        "mode": 0,
        "alpha": 1
      },
      "video": {
        "loop": true,
        "autoplay": true,
        "volume": 0
      },
      "flags": {
        "tagger": {
          "tags": ""
        },
        "monks-active-tiles": {
          "active": true,
          "record": false,
          "restriction": "all",
          "controlled": "gm",
          "trigger": [
            "dblclick"
          ],
          "allowpaused": false,
          "usealpha": false,
          "pointer": false,
          "pertoken": false,
          "minrequired": 0,
          "chance": 100,
          "fileindex": 0,
          "actions": [],
          "files": []
        }
      },
      "_id": "5EjsA77w4FWMX5dF",
      "sort": 4,
      "restrictions": {
        "light": false,
        "weather": false
      },
      "elevation": 0,
      "_key": "!scenes.tiles!Wo95wpq0Khb3SWma.5EjsA77w4FWMX5dF"
    }
  ],
  "walls": [
    {
      "_id": "vjWwU3Gu3Zu33fom",
      "c": [
        600,
        1237,
        712,
        1150
      ],
      "light": 20,
      "move": 20,
      "sight": 20,
      "sound": 20,
      "dir": 0,
      "door": 0,
      "ds": 0,
      "flags": {},
      "threshold": {
        "light": null,
        "sight": null,
        "sound": null,
        "attenuation": false
      },
      "_key": "!scenes.walls!Wo95wpq0Khb3SWma.vjWwU3Gu3Zu33fom"
    },
    {
      "_id": "og2nWFC5MBgT7QPV",
      "c": [
        712,
        1150,
        900,
        1162
      ],
      "light": 20,
      "move": 20,
      "sight": 20,
      "sound": 20,
      "dir": 0,
      "door": 0,
      "ds": 0,
      "flags": {},
      "threshold": {
        "light": null,
        "sight": null,
        "sound": null,
        "attenuation": false
      },
      "_key": "!scenes.walls!Wo95wpq0Khb3SWma.og2nWFC5MBgT7QPV"
    },
    {
      "_id": "KJNXuVQ0LlsZWJWm",
      "c": [
        900,
        1162,
        1025,
        1237
      ],
      "light": 20,
      "move": 20,
      "sight": 20,
      "sound": 20,
      "dir": 0,
      "door": 0,
      "ds": 0,
      "flags": {},
      "threshold": {
        "light": null,
        "sight": null,
        "sound": null,
        "attenuation": false
      },
      "_key": "!scenes.walls!Wo95wpq0Khb3SWma.KJNXuVQ0LlsZWJWm"
    },
    {
      "_id": "x21C0jsA3aUWXYB8",
      "c": [
        1025,
        1237,
        1275,
        1250
      ],
      "light": 20,
      "move": 20,
      "sight": 20,
      "sound": 20,
      "dir": 0,
      "door": 0,
      "ds": 0,
      "flags": {},
      "threshold": {
        "light": null,
        "sight": null,
        "sound": null,
        "attenuation": false
      },
      "_key": "!scenes.walls!Wo95wpq0Khb3SWma.x21C0jsA3aUWXYB8"
    },
    {
      "_id": "5vBtUz1mSns5vC9O",
      "c": [
        1275,
        1250,
        1500,
        1387
      ],
      "light": 20,
      "move": 20,
      "sight": 20,
      "sound": 20,
      "dir": 0,
      "door": 0,
      "ds": 0,
      "flags": {},
      "threshold": {
        "light": null,
        "sight": null,
        "sound": null,
        "attenuation": false
      },
      "_key": "!scenes.walls!Wo95wpq0Khb3SWma.5vBtUz1mSns5vC9O"
    },
    {
      "_id": "QB7XtSxd1P5jhdPQ",
      "c": [
        1500,
        1387,
        1587,
        1475
      ],
      "light": 20,
      "move": 20,
      "sight": 20,
      "sound": 20,
      "dir": 0,
      "door": 0,
      "ds": 0,
      "flags": {},
      "threshold": {
        "light": null,
        "sight": null,
        "sound": null,
        "attenuation": false
      },
      "_key": "!scenes.walls!Wo95wpq0Khb3SWma.QB7XtSxd1P5jhdPQ"
    },
    {
      "_id": "sWagizG26mlWqnuj",
      "c": [
        1587,
        1475,
        1750,
        1525
      ],
      "light": 20,
      "move": 20,
      "sight": 20,
      "sound": 20,
      "dir": 0,
      "door": 0,
      "ds": 0,
      "flags": {},
      "threshold": {
        "light": null,
        "sight": null,
        "sound": null,
        "attenuation": false
      },
      "_key": "!scenes.walls!Wo95wpq0Khb3SWma.sWagizG26mlWqnuj"
    },
    {
      "_id": "u2MpBafjfVOs0XKq",
      "c": [
        1750,
        1525,
        1887,
        1512
      ],
      "light": 20,
      "move": 20,
      "sight": 20,
      "sound": 20,
      "dir": 0,
      "door": 0,
      "ds": 0,
      "flags": {},
      "threshold": {
        "light": null,
        "sight": null,
        "sound": null,
        "attenuation": false
      },
      "_key": "!scenes.walls!Wo95wpq0Khb3SWma.u2MpBafjfVOs0XKq"
    },
    {
      "_id": "U45hOAQeKG2sT8D3",
      "c": [
        1887,
        1512,
        1950,
        1550
      ],
      "light": 20,
      "move": 20,
      "sight": 20,
      "sound": 20,
      "dir": 0,
      "door": 0,
      "ds": 0,
      "flags": {},
      "threshold": {
        "light": null,
        "sight": null,
        "sound": null,
        "attenuation": false
      },
      "_key": "!scenes.walls!Wo95wpq0Khb3SWma.U45hOAQeKG2sT8D3"
    },
    {
      "_id": "RdeBUG6gdsbvwZ0j",
      "c": [
        1950,
        1550,
        1962,
        1837
      ],
      "light": 20,
      "move": 20,
      "sight": 20,
      "sound": 20,
      "dir": 0,
      "door": 0,
      "ds": 0,
      "flags": {},
      "threshold": {
        "light": null,
        "sight": null,
        "sound": null,
        "attenuation": false
      },
      "_key": "!scenes.walls!Wo95wpq0Khb3SWma.RdeBUG6gdsbvwZ0j"
    },
    {
      "_id": "jGLSPIxLmamOwhmK",
      "c": [
        1962,
        1837,
        1937,
        1862
      ],
      "light": 20,
      "move": 20,
      "sight": 20,
      "sound": 20,
      "dir": 0,
      "door": 0,
      "ds": 0,
      "flags": {},
      "threshold": {
        "light": null,
        "sight": null,
        "sound": null,
        "attenuation": false
      },
      "_key": "!scenes.walls!Wo95wpq0Khb3SWma.jGLSPIxLmamOwhmK"
    },
    {
      "_id": "hI0TFFPV2hTqIJuC",
      "c": [
        1937,
        1862,
        1800,
        1875
      ],
      "light": 20,
      "move": 20,
      "sight": 20,
      "sound": 20,
      "dir": 0,
      "door": 0,
      "ds": 0,
      "flags": {},
      "threshold": {
        "light": null,
        "sight": null,
        "sound": null,
        "attenuation": false
      },
      "_key": "!scenes.walls!Wo95wpq0Khb3SWma.hI0TFFPV2hTqIJuC"
    },
    {
      "_id": "TL9WC7mkr1AuRj3o",
      "c": [
        1800,
        1875,
        1800,
        1675
      ],
      "light": 20,
      "move": 20,
      "sight": 20,
      "sound": 20,
      "dir": 0,
      "door": 0,
      "ds": 0,
      "flags": {},
      "threshold": {
        "light": null,
        "sight": null,
        "sound": null,
        "attenuation": false
      },
      "_key": "!scenes.walls!Wo95wpq0Khb3SWma.TL9WC7mkr1AuRj3o"
    },
    {
      "_id": "0s8LMC41iNpCqrFN",
      "c": [
        1800,
        1675,
        1225,
        1675
      ],
      "light": 20,
      "move": 20,
      "sight": 20,
      "sound": 20,
      "dir": 0,
      "door": 0,
      "ds": 0,
      "flags": {},
      "threshold": {
        "light": null,
        "sight": null,
        "sound": null,
        "attenuation": false
      },
      "_key": "!scenes.walls!Wo95wpq0Khb3SWma.0s8LMC41iNpCqrFN"
    },
    {
      "_id": "fUn0bCMTPbAeoLFm",
      "c": [
        1225,
        1675,
        1212,
        1475
      ],
      "light": 20,
      "move": 20,
      "sight": 20,
      "sound": 20,
      "dir": 0,
      "door": 0,
      "ds": 0,
      "flags": {},
      "threshold": {
        "light": null,
        "sight": null,
        "sound": null,
        "attenuation": false
      },
      "_key": "!scenes.walls!Wo95wpq0Khb3SWma.fUn0bCMTPbAeoLFm"
    },
    {
      "_id": "9M7Nsq0gpNiObnaS",
      "c": [
        1212,
        1475,
        787,
        1487
      ],
      "light": 20,
      "move": 20,
      "sight": 20,
      "sound": 20,
      "dir": 0,
      "door": 0,
      "ds": 0,
      "flags": {},
      "threshold": {
        "light": null,
        "sight": null,
        "sound": null,
        "attenuation": false
      },
      "_key": "!scenes.walls!Wo95wpq0Khb3SWma.9M7Nsq0gpNiObnaS"
    },
    {
      "_id": "7Fk8r6afTY6ebcND",
      "c": [
        787,
        1487,
        787,
        2112
      ],
      "light": 20,
      "move": 20,
      "sight": 20,
      "sound": 20,
      "dir": 0,
      "door": 0,
      "ds": 0,
      "flags": {},
      "threshold": {
        "light": null,
        "sight": null,
        "sound": null,
        "attenuation": false
      },
      "_key": "!scenes.walls!Wo95wpq0Khb3SWma.7Fk8r6afTY6ebcND"
    },
    {
      "_id": "MUjgMun4UhJRAuxD",
      "c": [
        787,
        2112,
        975,
        2112
      ],
      "light": 20,
      "move": 20,
      "sight": 20,
      "sound": 20,
      "dir": 0,
      "door": 0,
      "ds": 0,
      "flags": {},
      "threshold": {
        "light": null,
        "sight": null,
        "sound": null,
        "attenuation": false
      },
      "_key": "!scenes.walls!Wo95wpq0Khb3SWma.MUjgMun4UhJRAuxD"
    },
    {
      "_id": "r7PSyf6FEyZL9GJk",
      "c": [
        975,
        2112,
        987,
        2325
      ],
      "light": 20,
      "move": 20,
      "sight": 20,
      "sound": 20,
      "dir": 0,
      "door": 0,
      "ds": 0,
      "flags": {},
      "threshold": {
        "light": null,
        "sight": null,
        "sound": null,
        "attenuation": false
      },
      "_key": "!scenes.walls!Wo95wpq0Khb3SWma.r7PSyf6FEyZL9GJk"
    },
    {
      "_id": "gbRfBaAaCTMVLZFo",
      "c": [
        987,
        2325,
        1800,
        2325
      ],
      "light": 20,
      "move": 20,
      "sight": 20,
      "sound": 20,
      "dir": 0,
      "door": 0,
      "ds": 0,
      "flags": {},
      "threshold": {
        "light": null,
        "sight": null,
        "sound": null,
        "attenuation": false
      },
      "_key": "!scenes.walls!Wo95wpq0Khb3SWma.gbRfBaAaCTMVLZFo"
    },
    {
      "_id": "JN0BDzDmDg5RhXlj",
      "c": [
        1800,
        2325,
        1800,
        2125
      ],
      "light": 20,
      "move": 20,
      "sight": 20,
      "sound": 20,
      "dir": 0,
      "door": 0,
      "ds": 0,
      "flags": {},
      "threshold": {
        "light": null,
        "sight": null,
        "sound": null,
        "attenuation": false
      },
      "_key": "!scenes.walls!Wo95wpq0Khb3SWma.JN0BDzDmDg5RhXlj"
    },
    {
      "_id": "BHX7xWZ3mBLYT3rp",
      "c": [
        1800,
        2125,
        1975,
        2125
      ],
      "light": 20,
      "move": 20,
      "sight": 20,
      "sound": 20,
      "dir": 0,
      "door": 0,
      "ds": 0,
      "flags": {},
      "threshold": {
        "light": null,
        "sight": null,
        "sound": null,
        "attenuation": false
      },
      "_key": "!scenes.walls!Wo95wpq0Khb3SWma.BHX7xWZ3mBLYT3rp"
    },
    {
      "_id": "k7aY9NQR1op8lzrP",
      "c": [
        1975,
        2125,
        1975,
        2462
      ],
      "light": 20,
      "move": 20,
      "sight": 20,
      "sound": 20,
      "dir": 0,
      "door": 0,
      "ds": 0,
      "flags": {},
      "threshold": {
        "light": null,
        "sight": null,
        "sound": null,
        "attenuation": false
      },
      "_key": "!scenes.walls!Wo95wpq0Khb3SWma.k7aY9NQR1op8lzrP"
    },
    {
      "_id": "ryan73xfgr5vRa0U",
      "c": [
        1975,
        2462,
        2037,
        2575
      ],
      "light": 20,
      "move": 20,
      "sight": 20,
      "sound": 20,
      "dir": 0,
      "door": 0,
      "ds": 0,
      "flags": {},
      "threshold": {
        "light": null,
        "sight": null,
        "sound": null,
        "attenuation": false
      },
      "_key": "!scenes.walls!Wo95wpq0Khb3SWma.ryan73xfgr5vRa0U"
    },
    {
      "_id": "EOCWPc0fptYa1CHB",
      "c": [
        2037,
        2575,
        2112,
        2600
      ],
      "light": 20,
      "move": 20,
      "sight": 20,
      "sound": 20,
      "dir": 0,
      "door": 0,
      "ds": 0,
      "flags": {},
      "threshold": {
        "light": null,
        "sight": null,
        "sound": null,
        "attenuation": false
      },
      "_key": "!scenes.walls!Wo95wpq0Khb3SWma.EOCWPc0fptYa1CHB"
    },
    {
      "_id": "2jGoMK2N9edLvzI0",
      "c": [
        2112,
        2600,
        2225,
        2400
      ],
      "light": 20,
      "move": 20,
      "sight": 20,
      "sound": 20,
      "dir": 0,
      "door": 0,
      "ds": 0,
      "flags": {},
      "threshold": {
        "light": null,
        "sight": null,
        "sound": null,
        "attenuation": false
      },
      "_key": "!scenes.walls!Wo95wpq0Khb3SWma.2jGoMK2N9edLvzI0"
    },
    {
      "_id": "PK8fC03FEijpAOTM",
      "c": [
        2225,
        2400,
        2225,
        2125
      ],
      "light": 20,
      "move": 20,
      "sight": 20,
      "sound": 20,
      "dir": 0,
      "door": 0,
      "ds": 0,
      "flags": {},
      "threshold": {
        "light": null,
        "sight": null,
        "sound": null,
        "attenuation": false
      },
      "_key": "!scenes.walls!Wo95wpq0Khb3SWma.PK8fC03FEijpAOTM"
    },
    {
      "_id": "bjl4L2iBRVCy1t9d",
      "c": [
        2225,
        2125,
        2400,
        2125
      ],
      "light": 20,
      "move": 20,
      "sight": 20,
      "sound": 20,
      "dir": 0,
      "door": 0,
      "ds": 0,
      "flags": {},
      "threshold": {
        "light": null,
        "sight": null,
        "sound": null,
        "attenuation": false
      },
      "_key": "!scenes.walls!Wo95wpq0Khb3SWma.bjl4L2iBRVCy1t9d"
    },
    {
      "_id": "LeXAwN7L19fc77Kd",
      "c": [
        2400,
        2125,
        2400,
        2325
      ],
      "light": 20,
      "move": 20,
      "sight": 20,
      "sound": 20,
      "dir": 0,
      "door": 0,
      "ds": 0,
      "flags": {},
      "threshold": {
        "light": null,
        "sight": null,
        "sound": null,
        "attenuation": false
      },
      "_key": "!scenes.walls!Wo95wpq0Khb3SWma.LeXAwN7L19fc77Kd"
    },
    {
      "_id": "yaaWmdUw9fmtVY6W",
      "c": [
        2400,
        2325,
        2812,
        2325
      ],
      "light": 20,
      "move": 20,
      "sight": 20,
      "sound": 20,
      "dir": 0,
      "door": 0,
      "ds": 0,
      "flags": {},
      "threshold": {
        "light": null,
        "sight": null,
        "sound": null,
        "attenuation": false
      },
      "_key": "!scenes.walls!Wo95wpq0Khb3SWma.yaaWmdUw9fmtVY6W"
    },
    {
      "_id": "SkSn6H8HsPG8mPQR",
      "c": [
        2812,
        2325,
        2800,
        1475
      ],
      "light": 20,
      "move": 20,
      "sight": 20,
      "sound": 20,
      "dir": 0,
      "door": 0,
      "ds": 0,
      "flags": {},
      "threshold": {
        "light": null,
        "sight": null,
        "sound": null,
        "attenuation": false
      },
      "_key": "!scenes.walls!Wo95wpq0Khb3SWma.SkSn6H8HsPG8mPQR"
    },
    {
      "_id": "qb0GP3jaae1bRLsw",
      "c": [
        2800,
        1475,
        2400,
        1487
      ],
      "light": 20,
      "move": 20,
      "sight": 20,
      "sound": 20,
      "dir": 0,
      "door": 0,
      "ds": 0,
      "flags": {},
      "threshold": {
        "light": null,
        "sight": null,
        "sound": null,
        "attenuation": false
      },
      "_key": "!scenes.walls!Wo95wpq0Khb3SWma.qb0GP3jaae1bRLsw"
    },
    {
      "_id": "fErCkzZfSUoK2YFm",
      "c": [
        2400,
        1487,
        2400,
        2000
      ],
      "light": 20,
      "move": 20,
      "sight": 20,
      "sound": 20,
      "dir": 0,
      "door": 0,
      "ds": 0,
      "flags": {},
      "threshold": {
        "light": null,
        "sight": null,
        "sound": null,
        "attenuation": false
      },
      "_key": "!scenes.walls!Wo95wpq0Khb3SWma.fErCkzZfSUoK2YFm"
    },
    {
      "_id": "XZCSupkkPT5kzctd",
      "c": [
        1800,
        1875,
        1800,
        2000
      ],
      "light": 20,
      "move": 20,
      "sight": 20,
      "sound": 20,
      "dir": 0,
      "door": 0,
      "ds": 0,
      "flags": {},
      "threshold": {
        "light": null,
        "sight": null,
        "sound": null,
        "attenuation": false
      },
      "_key": "!scenes.walls!Wo95wpq0Khb3SWma.XZCSupkkPT5kzctd"
    },
    {
      "_id": "U8SE7rKtd4cCDxO2",
      "c": [
        2400,
        1862,
        2262,
        1862
      ],
      "light": 20,
      "move": 20,
      "sight": 20,
      "sound": 20,
      "dir": 0,
      "door": 0,
      "ds": 0,
      "flags": {},
      "threshold": {
        "light": null,
        "sight": null,
        "sound": null,
        "attenuation": false
      },
      "_key": "!scenes.walls!Wo95wpq0Khb3SWma.U8SE7rKtd4cCDxO2"
    },
    {
      "_id": "5wqS5rjFXZ1CEXTe",
      "c": [
        2262,
        1862,
        2250,
        1437
      ],
      "light": 20,
      "move": 20,
      "sight": 20,
      "sound": 20,
      "dir": 0,
      "door": 0,
      "ds": 0,
      "flags": {},
      "threshold": {
        "light": null,
        "sight": null,
        "sound": null,
        "attenuation": false
      },
      "_key": "!scenes.walls!Wo95wpq0Khb3SWma.5wqS5rjFXZ1CEXTe"
    },
    {
      "_id": "AUm3FL6o70AxvABX",
      "c": [
        2250,
        1437,
        2312,
        1312
      ],
      "light": 20,
      "move": 20,
      "sight": 20,
      "sound": 20,
      "dir": 0,
      "door": 0,
      "ds": 0,
      "flags": {},
      "threshold": {
        "light": null,
        "sight": null,
        "sound": null,
        "attenuation": false
      },
      "_key": "!scenes.walls!Wo95wpq0Khb3SWma.AUm3FL6o70AxvABX"
    },
    {
      "_id": "sId3kxhVZTk9KZPj",
      "c": [
        2312,
        1312,
        2387,
        1312
      ],
      "light": 20,
      "move": 20,
      "sight": 20,
      "sound": 20,
      "dir": 0,
      "door": 0,
      "ds": 0,
      "flags": {},
      "threshold": {
        "light": null,
        "sight": null,
        "sound": null,
        "attenuation": false
      },
      "_key": "!scenes.walls!Wo95wpq0Khb3SWma.sId3kxhVZTk9KZPj"
    },
    {
      "_id": "xERrwkuUXnVITGYY",
      "c": [
        2387,
        1312,
        2437,
        1237
      ],
      "light": 20,
      "move": 20,
      "sight": 20,
      "sound": 20,
      "dir": 0,
      "door": 0,
      "ds": 0,
      "flags": {},
      "threshold": {
        "light": null,
        "sight": null,
        "sound": null,
        "attenuation": false
      },
      "_key": "!scenes.walls!Wo95wpq0Khb3SWma.xERrwkuUXnVITGYY"
    },
    {
      "_id": "l695jK29t985U2hd",
      "c": [
        2437,
        1237,
        2487,
        1212
      ],
      "light": 20,
      "move": 20,
      "sight": 20,
      "sound": 20,
      "dir": 0,
      "door": 0,
      "ds": 0,
      "flags": {},
      "threshold": {
        "light": null,
        "sight": null,
        "sound": null,
        "attenuation": false
      },
      "_key": "!scenes.walls!Wo95wpq0Khb3SWma.l695jK29t985U2hd"
    },
    {
      "_id": "zFY4lugRtPaVCY4h",
      "c": [
        2487,
        1212,
        2562,
        1062
      ],
      "light": 20,
      "move": 20,
      "sight": 20,
      "sound": 20,
      "dir": 0,
      "door": 0,
      "ds": 0,
      "flags": {},
      "threshold": {
        "light": null,
        "sight": null,
        "sound": null,
        "attenuation": false
      },
      "_key": "!scenes.walls!Wo95wpq0Khb3SWma.zFY4lugRtPaVCY4h"
    },
    {
      "_id": "XgW5GVSzO2IeomR7",
      "c": [
        2562,
        1062,
        2637,
        1075
      ],
      "light": 20,
      "move": 20,
      "sight": 20,
      "sound": 20,
      "dir": 0,
      "door": 0,
      "ds": 0,
      "flags": {},
      "threshold": {
        "light": null,
        "sight": null,
        "sound": null,
        "attenuation": false
      },
      "_key": "!scenes.walls!Wo95wpq0Khb3SWma.XgW5GVSzO2IeomR7"
    },
    {
      "_id": "f3EFp4X80LbmIfXz",
      "c": [
        2637,
        1075,
        2787,
        1050
      ],
      "light": 20,
      "move": 20,
      "sight": 20,
      "sound": 20,
      "dir": 0,
      "door": 0,
      "ds": 0,
      "flags": {},
      "threshold": {
        "light": null,
        "sight": null,
        "sound": null,
        "attenuation": false
      },
      "_key": "!scenes.walls!Wo95wpq0Khb3SWma.f3EFp4X80LbmIfXz"
    },
    {
      "_id": "9RxWHurehhr3NEyL",
      "c": [
        2787,
        1050,
        2850,
        1100
      ],
      "light": 20,
      "move": 20,
      "sight": 20,
      "sound": 20,
      "dir": 0,
      "door": 0,
      "ds": 0,
      "flags": {},
      "threshold": {
        "light": null,
        "sight": null,
        "sound": null,
        "attenuation": false
      },
      "_key": "!scenes.walls!Wo95wpq0Khb3SWma.9RxWHurehhr3NEyL"
    },
    {
      "_id": "QchskGGshkS5kare",
      "c": [
        2850,
        1100,
        3000,
        1100
      ],
      "light": 20,
      "move": 20,
      "sight": 20,
      "sound": 20,
      "dir": 0,
      "door": 0,
      "ds": 0,
      "flags": {},
      "threshold": {
        "light": null,
        "sight": null,
        "sound": null,
        "attenuation": false
      },
      "_key": "!scenes.walls!Wo95wpq0Khb3SWma.QchskGGshkS5kare"
    },
    {
      "_id": "4WOpJkGRg6tREeRP",
      "c": [
        3000,
        600,
        2937,
        662
      ],
      "light": 20,
      "move": 20,
      "sight": 20,
      "sound": 20,
      "dir": 0,
      "door": 0,
      "ds": 0,
      "flags": {},
      "threshold": {
        "light": null,
        "sight": null,
        "sound": null,
        "attenuation": false
      },
      "_key": "!scenes.walls!Wo95wpq0Khb3SWma.4WOpJkGRg6tREeRP"
    },
    {
      "_id": "OHiaNadw09TBbGUz",
      "c": [
        2937,
        662,
        2925,
        712
      ],
      "light": 20,
      "move": 20,
      "sight": 20,
      "sound": 20,
      "dir": 0,
      "door": 0,
      "ds": 0,
      "flags": {},
      "threshold": {
        "light": null,
        "sight": null,
        "sound": null,
        "attenuation": false
      },
      "_key": "!scenes.walls!Wo95wpq0Khb3SWma.OHiaNadw09TBbGUz"
    },
    {
      "_id": "uE3eNabwCEKHB3fj",
      "c": [
        2925,
        712,
        2750,
        762
      ],
      "light": 20,
      "move": 20,
      "sight": 20,
      "sound": 20,
      "dir": 0,
      "door": 0,
      "ds": 0,
      "flags": {},
      "threshold": {
        "light": null,
        "sight": null,
        "sound": null,
        "attenuation": false
      },
      "_key": "!scenes.walls!Wo95wpq0Khb3SWma.uE3eNabwCEKHB3fj"
    },
    {
      "_id": "YY2GsXdsSxip1Efs",
      "c": [
        2750,
        762,
        2650,
        750
      ],
      "light": 20,
      "move": 20,
      "sight": 20,
      "sound": 20,
      "dir": 0,
      "door": 0,
      "ds": 0,
      "flags": {},
      "threshold": {
        "light": null,
        "sight": null,
        "sound": null,
        "attenuation": false
      },
      "_key": "!scenes.walls!Wo95wpq0Khb3SWma.YY2GsXdsSxip1Efs"
    },
    {
      "_id": "2qvAzF4w9m7OmpsJ",
      "c": [
        2650,
        750,
        2550,
        787
      ],
      "light": 20,
      "move": 20,
      "sight": 20,
      "sound": 20,
      "dir": 0,
      "door": 0,
      "ds": 0,
      "flags": {},
      "threshold": {
        "light": null,
        "sight": null,
        "sound": null,
        "attenuation": false
      },
      "_key": "!scenes.walls!Wo95wpq0Khb3SWma.2qvAzF4w9m7OmpsJ"
    },
    {
      "_id": "Q0rVzPvFNlk4OAGd",
      "c": [
        2550,
        787,
        2462,
        862
      ],
      "light": 20,
      "move": 20,
      "sight": 20,
      "sound": 20,
      "dir": 0,
      "door": 0,
      "ds": 0,
      "flags": {},
      "threshold": {
        "light": null,
        "sight": null,
        "sound": null,
        "attenuation": false
      },
      "_key": "!scenes.walls!Wo95wpq0Khb3SWma.Q0rVzPvFNlk4OAGd"
    },
    {
      "_id": "r88dEu3D9J1Wi0iR",
      "c": [
        2462,
        862,
        2375,
        887
      ],
      "light": 20,
      "move": 20,
      "sight": 20,
      "sound": 20,
      "dir": 0,
      "door": 0,
      "ds": 0,
      "flags": {},
      "threshold": {
        "light": null,
        "sight": null,
        "sound": null,
        "attenuation": false
      },
      "_key": "!scenes.walls!Wo95wpq0Khb3SWma.r88dEu3D9J1Wi0iR"
    },
    {
      "_id": "9BDgPWXG85quj8rH",
      "c": [
        2375,
        887,
        2287,
        862
      ],
      "light": 20,
      "move": 20,
      "sight": 20,
      "sound": 20,
      "dir": 0,
      "door": 0,
      "ds": 0,
      "flags": {},
      "threshold": {
        "light": null,
        "sight": null,
        "sound": null,
        "attenuation": false
      },
      "_key": "!scenes.walls!Wo95wpq0Khb3SWma.9BDgPWXG85quj8rH"
    },
    {
      "_id": "kgSEfTTzAl8rX2Uv",
      "c": [
        2287,
        862,
        2175,
        900
      ],
      "light": 20,
      "move": 20,
      "sight": 20,
      "sound": 20,
      "dir": 0,
      "door": 0,
      "ds": 0,
      "flags": {},
      "threshold": {
        "light": null,
        "sight": null,
        "sound": null,
        "attenuation": false
      },
      "_key": "!scenes.walls!Wo95wpq0Khb3SWma.kgSEfTTzAl8rX2Uv"
    },
    {
      "_id": "pOCHRe14SXuLIp7q",
      "c": [
        2175,
        900,
        2050,
        800
      ],
      "light": 20,
      "move": 20,
      "sight": 20,
      "sound": 20,
      "dir": 0,
      "door": 0,
      "ds": 0,
      "flags": {},
      "threshold": {
        "light": null,
        "sight": null,
        "sound": null,
        "attenuation": false
      },
      "_key": "!scenes.walls!Wo95wpq0Khb3SWma.pOCHRe14SXuLIp7q"
    },
    {
      "_id": "lDHCH90DGkBR75aZ",
      "c": [
        2050,
        800,
        2087,
        712
      ],
      "light": 20,
      "move": 20,
      "sight": 20,
      "sound": 20,
      "dir": 0,
      "door": 0,
      "ds": 0,
      "flags": {},
      "threshold": {
        "light": null,
        "sight": null,
        "sound": null,
        "attenuation": false
      },
      "_key": "!scenes.walls!Wo95wpq0Khb3SWma.lDHCH90DGkBR75aZ"
    },
    {
      "_id": "Sa8j6RjaLDUpkvcW",
      "c": [
        2087,
        712,
        2037,
        600
      ],
      "light": 20,
      "move": 20,
      "sight": 20,
      "sound": 20,
      "dir": 0,
      "door": 0,
      "ds": 0,
      "flags": {},
      "threshold": {
        "light": null,
        "sight": null,
        "sound": null,
        "attenuation": false
      },
      "_key": "!scenes.walls!Wo95wpq0Khb3SWma.Sa8j6RjaLDUpkvcW"
    },
    {
      "_id": "A7BEHSMympr8Q2tL",
      "c": [
        1750,
        600,
        1700,
        650
      ],
      "light": 20,
      "move": 20,
      "sight": 20,
      "sound": 20,
      "dir": 0,
      "door": 0,
      "ds": 0,
      "flags": {},
      "threshold": {
        "light": null,
        "sight": null,
        "sound": null,
        "attenuation": false
      },
      "_key": "!scenes.walls!Wo95wpq0Khb3SWma.A7BEHSMympr8Q2tL"
    },
    {
      "_id": "s5iKLqglVKFEuklm",
      "c": [
        1700,
        650,
        1762,
        800
      ],
      "light": 20,
      "move": 20,
      "sight": 20,
      "sound": 20,
      "dir": 0,
      "door": 0,
      "ds": 0,
      "flags": {},
      "threshold": {
        "light": null,
        "sight": null,
        "sound": null,
        "attenuation": false
      },
      "_key": "!scenes.walls!Wo95wpq0Khb3SWma.s5iKLqglVKFEuklm"
    },
    {
      "_id": "ThpTgdtOM66Wbmjj",
      "c": [
        1762,
        800,
        1612,
        912
      ],
      "light": 20,
      "move": 20,
      "sight": 20,
      "sound": 20,
      "dir": 0,
      "door": 0,
      "ds": 0,
      "flags": {},
      "threshold": {
        "light": null,
        "sight": null,
        "sound": null,
        "attenuation": false
      },
      "_key": "!scenes.walls!Wo95wpq0Khb3SWma.ThpTgdtOM66Wbmjj"
    },
    {
      "_id": "RumEgv2g5sG5kwSC",
      "c": [
        1612,
        912,
        1462,
        900
      ],
      "light": 20,
      "move": 20,
      "sight": 20,
      "sound": 20,
      "dir": 0,
      "door": 0,
      "ds": 0,
      "flags": {},
      "threshold": {
        "light": null,
        "sight": null,
        "sound": null,
        "attenuation": false
      },
      "_key": "!scenes.walls!Wo95wpq0Khb3SWma.RumEgv2g5sG5kwSC"
    },
    {
      "_id": "4Htvt1HW3dbyw8Za",
      "c": [
        1462,
        900,
        1400,
        962
      ],
      "light": 20,
      "move": 20,
      "sight": 20,
      "sound": 20,
      "dir": 0,
      "door": 0,
      "ds": 0,
      "flags": {},
      "threshold": {
        "light": null,
        "sight": null,
        "sound": null,
        "attenuation": false
      },
      "_key": "!scenes.walls!Wo95wpq0Khb3SWma.4Htvt1HW3dbyw8Za"
    },
    {
      "_id": "dJMPUmyJEHAtcGh2",
      "c": [
        1400,
        962,
        1300,
        1000
      ],
      "light": 20,
      "move": 20,
      "sight": 20,
      "sound": 20,
      "dir": 0,
      "door": 0,
      "ds": 0,
      "flags": {},
      "threshold": {
        "light": null,
        "sight": null,
        "sound": null,
        "attenuation": false
      },
      "_key": "!scenes.walls!Wo95wpq0Khb3SWma.dJMPUmyJEHAtcGh2"
    },
    {
      "_id": "nKedR5uBomBlvWvT",
      "c": [
        1300,
        1000,
        1250,
        950
      ],
      "light": 20,
      "move": 20,
      "sight": 20,
      "sound": 20,
      "dir": 0,
      "door": 0,
      "ds": 0,
      "flags": {},
      "threshold": {
        "light": null,
        "sight": null,
        "sound": null,
        "attenuation": false
      },
      "_key": "!scenes.walls!Wo95wpq0Khb3SWma.nKedR5uBomBlvWvT"
    },
    {
      "_id": "P6orO2GvnIKfUHDF",
      "c": [
        1250,
        950,
        1262,
        875
      ],
      "light": 20,
      "move": 20,
      "sight": 20,
      "sound": 20,
      "dir": 0,
      "door": 0,
      "ds": 0,
      "flags": {},
      "threshold": {
        "light": null,
        "sight": null,
        "sound": null,
        "attenuation": false
      },
      "_key": "!scenes.walls!Wo95wpq0Khb3SWma.P6orO2GvnIKfUHDF"
    },
    {
      "_id": "OBoDavOcOn1xgkHr",
      "c": [
        1262,
        875,
        1237,
        737
      ],
      "light": 20,
      "move": 20,
      "sight": 20,
      "sound": 20,
      "dir": 0,
      "door": 0,
      "ds": 0,
      "flags": {},
      "threshold": {
        "light": null,
        "sight": null,
        "sound": null,
        "attenuation": false
      },
      "_key": "!scenes.walls!Wo95wpq0Khb3SWma.OBoDavOcOn1xgkHr"
    },
    {
      "_id": "4qgXpYWovmDCHLMy",
      "c": [
        1237,
        737,
        1250,
        600
      ],
      "light": 20,
      "move": 20,
      "sight": 20,
      "sound": 20,
      "dir": 0,
      "door": 0,
      "ds": 0,
      "flags": {},
      "threshold": {
        "light": null,
        "sight": null,
        "sound": null,
        "attenuation": false
      },
      "_key": "!scenes.walls!Wo95wpq0Khb3SWma.4qgXpYWovmDCHLMy"
    },
    {
      "_id": "khEVZ6V8KOJqOQqD",
      "c": [
        950,
        600,
        925,
        675
      ],
      "light": 20,
      "move": 20,
      "sight": 20,
      "sound": 20,
      "dir": 0,
      "door": 0,
      "ds": 0,
      "flags": {},
      "threshold": {
        "light": null,
        "sight": null,
        "sound": null,
        "attenuation": false
      },
      "_key": "!scenes.walls!Wo95wpq0Khb3SWma.khEVZ6V8KOJqOQqD"
    },
    {
      "_id": "6vDbXHmy94GtQrKS",
      "c": [
        925,
        675,
        950,
        750
      ],
      "light": 20,
      "move": 20,
      "sight": 20,
      "sound": 20,
      "dir": 0,
      "door": 0,
      "ds": 0,
      "flags": {},
      "threshold": {
        "light": null,
        "sight": null,
        "sound": null,
        "attenuation": false
      },
      "_key": "!scenes.walls!Wo95wpq0Khb3SWma.6vDbXHmy94GtQrKS"
    },
    {
      "_id": "AIcXwXLbFcJBVZLZ",
      "c": [
        950,
        750,
        925,
        812
      ],
      "light": 20,
      "move": 20,
      "sight": 20,
      "sound": 20,
      "dir": 0,
      "door": 0,
      "ds": 0,
      "flags": {},
      "threshold": {
        "light": null,
        "sight": null,
        "sound": null,
        "attenuation": false
      },
      "_key": "!scenes.walls!Wo95wpq0Khb3SWma.AIcXwXLbFcJBVZLZ"
    },
    {
      "_id": "wBkiScKnFyriRmn9",
      "c": [
        925,
        812,
        950,
        912
      ],
      "light": 20,
      "move": 20,
      "sight": 20,
      "sound": 20,
      "dir": 0,
      "door": 0,
      "ds": 0,
      "flags": {},
      "threshold": {
        "light": null,
        "sight": null,
        "sound": null,
        "attenuation": false
      },
      "_key": "!scenes.walls!Wo95wpq0Khb3SWma.wBkiScKnFyriRmn9"
    },
    {
      "_id": "PTzN4rgX2lJQG8ld",
      "c": [
        950,
        912,
        850,
        887
      ],
      "light": 20,
      "move": 20,
      "sight": 20,
      "sound": 20,
      "dir": 0,
      "door": 0,
      "ds": 0,
      "flags": {},
      "threshold": {
        "light": null,
        "sight": null,
        "sound": null,
        "attenuation": false
      },
      "_key": "!scenes.walls!Wo95wpq0Khb3SWma.PTzN4rgX2lJQG8ld"
    },
    {
      "_id": "exvhqbOkMZ6sFZAW",
      "c": [
        850,
        887,
        787,
        850
      ],
      "light": 20,
      "move": 20,
      "sight": 20,
      "sound": 20,
      "dir": 0,
      "door": 0,
      "ds": 0,
      "flags": {},
      "threshold": {
        "light": null,
        "sight": null,
        "sound": null,
        "attenuation": false
      },
      "_key": "!scenes.walls!Wo95wpq0Khb3SWma.exvhqbOkMZ6sFZAW"
    },
    {
      "_id": "HWwMfTOTdkvb9wFa",
      "c": [
        787,
        850,
        712,
        850
      ],
      "light": 20,
      "move": 20,
      "sight": 20,
      "sound": 20,
      "dir": 0,
      "door": 0,
      "ds": 0,
      "flags": {},
      "threshold": {
        "light": null,
        "sight": null,
        "sound": null,
        "attenuation": false
      },
      "_key": "!scenes.walls!Wo95wpq0Khb3SWma.HWwMfTOTdkvb9wFa"
    },
    {
      "_id": "l7mDXN4yzEBuOb2K",
      "c": [
        712,
        850,
        600,
        887
      ],
      "light": 20,
      "move": 20,
      "sight": 20,
      "sound": 20,
      "dir": 0,
      "door": 0,
      "ds": 0,
      "flags": {},
      "threshold": {
        "light": null,
        "sight": null,
        "sound": null,
        "attenuation": false
      },
      "_key": "!scenes.walls!Wo95wpq0Khb3SWma.l7mDXN4yzEBuOb2K"
    },
    {
      "_id": "vqiVldZACylMLXqN",
      "c": [
        600,
        600,
        600,
        2800
      ],
      "light": 20,
      "move": 20,
      "sight": 20,
      "sound": 20,
      "dir": 0,
      "door": 0,
      "ds": 0,
      "flags": {},
      "threshold": {
        "light": null,
        "sight": null,
        "sound": null,
        "attenuation": false
      },
      "_key": "!scenes.walls!Wo95wpq0Khb3SWma.vqiVldZACylMLXqN"
    },
    {
      "_id": "iUyjqFGddVoUrMr6",
      "c": [
        600,
        2800,
        3000,
        2800
      ],
      "light": 20,
      "move": 20,
      "sight": 20,
      "sound": 20,
      "dir": 0,
      "door": 0,
      "ds": 0,
      "flags": {},
      "threshold": {
        "light": null,
        "sight": null,
        "sound": null,
        "attenuation": false
      },
      "_key": "!scenes.walls!Wo95wpq0Khb3SWma.iUyjqFGddVoUrMr6"
    },
    {
      "_id": "iQwc2Uy6nsBcp29K",
      "c": [
        3000,
        2800,
        3000,
        600
      ],
      "light": 20,
      "move": 20,
      "sight": 20,
      "sound": 20,
      "dir": 0,
      "door": 0,
      "ds": 0,
      "flags": {},
      "threshold": {
        "light": null,
        "sight": null,
        "sound": null,
        "attenuation": false
      },
      "_key": "!scenes.walls!Wo95wpq0Khb3SWma.iQwc2Uy6nsBcp29K"
    },
    {
      "_id": "LIGPp4VdozYjtRmh",
      "c": [
        3000,
        600,
        600,
        600
      ],
      "light": 20,
      "move": 20,
      "sight": 20,
      "sound": 20,
      "dir": 0,
      "door": 0,
      "ds": 0,
      "flags": {},
      "threshold": {
        "light": null,
        "sight": null,
        "sound": null,
        "attenuation": false
      },
      "_key": "!scenes.walls!Wo95wpq0Khb3SWma.LIGPp4VdozYjtRmh"
    },
    {
      "_id": "LuSVoASHDhgbQDZI",
      "c": [
        1800,
        2125,
        1800,
        2100
      ],
      "light": 20,
      "move": 20,
      "sight": 20,
      "sound": 20,
      "dir": 0,
      "door": 0,
      "ds": 0,
      "flags": {},
      "threshold": {
        "light": null,
        "sight": null,
        "sound": null,
        "attenuation": false
      },
      "_key": "!scenes.walls!Wo95wpq0Khb3SWma.LuSVoASHDhgbQDZI"
    },
    {
      "_id": "me6FmHrS8rGDmXz0",
      "c": [
        1800,
        2100,
        1800,
        2000
      ],
      "light": 20,
      "move": 20,
      "sight": 20,
      "sound": 20,
      "dir": 0,
      "door": 1,
      "ds": 0,
      "flags": {
        "tagger": {
          "tags": ""
        },
        "monks-active-tiles": {
          "entity": {
            "id": "Scene.Wo95wpq0Khb3SWma.Tile.PmQfMMMLBICD6qvQ",
            "name": "Tile: PmQfMMMLBICD6qvQ"
          },
          "open": true,
          "close": true,
          "lock": false,
          "checklock": false,
          "secret": false
        }
      },
      "threshold": {
        "light": null,
        "sight": null,
        "sound": null,
        "attenuation": false
      },
      "doorSound": "stoneBasic",
      "_key": "!scenes.walls!Wo95wpq0Khb3SWma.me6FmHrS8rGDmXz0"
    },
    {
      "_id": "ptIkk9IB6HpI1ApE",
      "c": [
        2400,
        2125,
        2400,
        2100
      ],
      "light": 20,
      "move": 20,
      "sight": 20,
      "sound": 20,
      "dir": 0,
      "door": 0,
      "ds": 0,
      "flags": {},
      "threshold": {
        "light": null,
        "sight": null,
        "sound": null,
        "attenuation": false
      },
      "_key": "!scenes.walls!Wo95wpq0Khb3SWma.ptIkk9IB6HpI1ApE"
    },
    {
      "_id": "yHBvvpewwHBggoYA",
      "c": [
        2400,
        2100,
        2400,
        2000
      ],
      "light": 20,
      "move": 20,
      "sight": 20,
      "sound": 20,
      "dir": 0,
      "door": 1,
      "ds": 0,
      "flags": {
        "tagger": {
          "tags": ""
        },
        "monks-active-tiles": {
          "entity": {
            "id": "Scene.Wo95wpq0Khb3SWma.Tile.YilrV01UuzRdm4U4",
            "name": "Tile: YilrV01UuzRdm4U4"
          },
          "open": true,
          "close": true,
          "lock": false,
          "checklock": false,
          "secret": false
        }
      },
      "threshold": {
        "light": null,
        "sight": null,
        "sound": null,
        "attenuation": false
      },
      "doorSound": "stoneBasic",
      "_key": "!scenes.walls!Wo95wpq0Khb3SWma.yHBvvpewwHBggoYA"
    },
    {
      "_id": "24imhrzA5q978CHH",
      "c": [
        1800,
        2000,
        1700,
        2000
      ],
      "light": 0,
      "move": 0,
      "sight": 0,
      "sound": 20,
      "dir": 0,
      "door": 0,
      "ds": 0,
      "flags": {
        "tagger": {
          "tags": [
            "armorydoorwall"
          ]
        },
        "monks-active-tiles": {
          "entity": {},
          "open": false,
          "close": false,
          "lock": false,
          "checklock": false,
          "secret": false
        }
      },
      "threshold": {
        "light": null,
        "sight": null,
        "sound": null,
        "attenuation": false
      },
      "_key": "!scenes.walls!Wo95wpq0Khb3SWma.24imhrzA5q978CHH"
    },
    {
      "_id": "3ejAzQcpvG6cq2CX",
      "c": [
        2400,
        2000,
        2487,
        2000
      ],
      "light": 0,
      "move": 0,
      "sight": 0,
      "sound": 20,
      "dir": 0,
      "door": 0,
      "ds": 0,
      "flags": {
        "tagger": {
          "tags": [
            "assayerwalldoor"
          ]
        },
        "monks-active-tiles": {
          "entity": {},
          "open": false,
          "close": false,
          "lock": false,
          "checklock": false,
          "secret": false
        }
      },
      "threshold": {
        "light": null,
        "sight": null,
        "sound": null,
        "attenuation": false
      },
      "_key": "!scenes.walls!Wo95wpq0Khb3SWma.3ejAzQcpvG6cq2CX"
    }
  ],
  "playlist": null,
  "playlistSound": null,
  "journal": null,
  "journalEntryPage": null,
  "weather": "",
  "flags": {},
  "_stats": {
    "systemId": "dnd5e",
    "systemVersion": "2.4.1",
    "coreVersion": "12.330",
    "createdTime": 1670367692263,
    "modifiedTime": 1723946803705,
    "lastModifiedBy": "dnd5ebuilder0000",
    "compendiumSource": "Compendium.fa-battlemaps.maps.Wo95wpq0Khb3SWma",
    "duplicateSource": null
  },
  "_id": "Wo95wpq0Khb3SWma",
  "active": false,
  "folder": null,
  "sort": 0,
  "ownership": {
    "default": 0
  },
  "regions": [],
  "environment": {
    "globalLight": {
      "luminosity": 0,
      "enabled": false,
      "darkness": {
        "max": 1,
        "min": 0
      },
      "alpha": 0.5,
      "bright": false,
      "color": null,
      "coloration": 1,
      "saturation": 0,
      "contrast": 0,
      "shadows": 0
    },
    "darknessLevel": 0.4,
    "darknessLock": false,
    "cycle": true,
    "base": {
      "hue": 0,
      "intensity": 0,
      "luminosity": 0,
      "saturation": 0,
      "shadows": 0
    },
    "dark": {
      "hue": 0.7138888888888889,
      "intensity": 0,
      "luminosity": -0.25,
      "saturation": 0,
      "shadows": 0
    }
  },
  "fog": {
    "exploration": true,
    "reset": 1670367692261,
    "overlay": null,
    "colors": {
      "explored": null,
      "unexplored": null
    }
  },
  "_key": "!scenes!Wo95wpq0Khb3SWma"
}
