{
  "name": "Outskirts Borough [37x29]",
  "navigation": false,
  "navOrder": 0,
  "navName": "",
  "background": {
    "src": "fa_battlemaps/Maps/2023/May/fa_outskirtsborough/Maps/BG.webp",
    "scaleX": 1,
    "scaleY": 1,
    "offsetX": 0,
    "offsetY": 0,
    "rotation": 0,
    "tint": "#ffffff",
    "anchorX": 0,
    "anchorY": 0,
    "fit": "fill",
    "alphaThreshold": 0
  },
  "foreground": null,
  "foregroundElevation": 20,
  "thumb": "modules/fa-battlemaps/assets/scenes/GfJhToNVIZKdJSgD-thumb.webp",
  "width": 3700,
  "height": 2900,
  "padding": 0.25,
  "initial": {
    "x": 3421,
    "y": 2152,
    "scale": 0.37874508491408265
  },
  "backgroundColor": "#000000",
  "grid": {
    "type": 1,
    "size": 100,
    "color": "#000000",
    "alpha": 0.2,
    "distance": 5,
    "units": "ft",
    "style": "solidLines",
    "thickness": 1
  },
  "tokenVision": true,
  "drawings": [],
  "tokens": [],
  "lights": [],
  "notes": [],
  "sounds": [
    {
      "path": "fa_battlemaps/Audio/C-NeutralStreet.ogg",
      "x": 2850,
      "y": 2200,
      "radius": 150,
      "easing": false,
      "walls": false,
      "volume": 0.1,
      "darkness": {
        "min": 0,
        "max": 0.69
      },
      "flags": {
        "tagger": {
          "tags": ""
        }
      },
      "repeat": false,
      "hidden": false,
      "_id": "PaG94JSkPS9Bbc0z",
      "elevation": 0,
      "effects": {
        "base": {
          "intensity": 5
        },
        "muffled": {
          "intensity": 5
        }
      },
      "_key": "!scenes.sounds!GfJhToNVIZKdJSgD.PaG94JSkPS9Bbc0z"
    },
    {
      "path": "fa_battlemaps/Audio/C-SideStreet.ogg",
      "x": 4150,
      "y": 2350,
      "radius": 50,
      "easing": false,
      "walls": false,
      "volume": 0.35,
      "darkness": {
        "min": 0,
        "max": 0.69
      },
      "flags": {
        "tagger": {
          "tags": ""
        }
      },
      "repeat": false,
      "hidden": false,
      "_id": "7B3jZqvydjM2KDWy",
      "elevation": 0,
      "effects": {
        "base": {
          "intensity": 5
        },
        "muffled": {
          "intensity": 5
        }
      },
      "_key": "!scenes.sounds!GfJhToNVIZKdJSgD.7B3jZqvydjM2KDWy"
    },
    {
      "path": "fa_battlemaps/Audio/C-SideStreet.ogg",
      "x": 2700,
      "y": 2550,
      "radius": 40,
      "easing": false,
      "walls": false,
      "volume": 0.35,
      "darkness": {
        "min": 0,
        "max": 0.69
      },
      "flags": {
        "tagger": {
          "tags": ""
        }
      },
      "repeat": false,
      "hidden": false,
      "_id": "KbmnxE3V7fqOEhtG",
      "elevation": 0,
      "effects": {
        "base": {
          "intensity": 5
        },
        "muffled": {
          "intensity": 5
        }
      },
      "_key": "!scenes.sounds!GfJhToNVIZKdJSgD.KbmnxE3V7fqOEhtG"
    },
    {
      "path": "fa_battlemaps/Audio/C-SideStreet.ogg",
      "x": 1550,
      "y": 2650,
      "radius": 40,
      "easing": false,
      "walls": false,
      "volume": 0.35,
      "darkness": {
        "min": 0,
        "max": 0.69
      },
      "flags": {
        "tagger": {
          "tags": ""
        }
      },
      "repeat": false,
      "hidden": false,
      "_id": "zM3oi785sJ4C8L9U",
      "elevation": 0,
      "effects": {
        "base": {
          "intensity": 5
        },
        "muffled": {
          "intensity": 5
        }
      },
      "_key": "!scenes.sounds!GfJhToNVIZKdJSgD.zM3oi785sJ4C8L9U"
    },
    {
      "path": "fa_battlemaps/Audio/C-SideStreet.ogg",
      "x": 2950,
      "y": 2200,
      "radius": 130,
      "easing": false,
      "walls": false,
      "volume": 0.1,
      "darkness": {
        "min": 0,
        "max": 0.69
      },
      "flags": {
        "tagger": {
          "tags": ""
        }
      },
      "repeat": false,
      "hidden": false,
      "_id": "iL0qEv6lv50xGAKg",
      "elevation": 0,
      "effects": {
        "base": {
          "intensity": 5
        },
        "muffled": {
          "intensity": 5
        }
      },
      "_key": "!scenes.sounds!GfJhToNVIZKdJSgD.iL0qEv6lv50xGAKg"
    },
    {
      "path": "fa_battlemaps/Audio/C-NeutralStreet.ogg",
      "x": 1700,
      "y": 550,
      "radius": 80,
      "easing": false,
      "walls": false,
      "volume": 0.35,
      "darkness": {
        "min": 0,
        "max": 0.69
      },
      "flags": {
        "tagger": {
          "tags": ""
        }
      },
      "repeat": false,
      "hidden": false,
      "_id": "R35IU29SDWBZtMMg",
      "elevation": 0,
      "effects": {
        "base": {
          "intensity": 5
        },
        "muffled": {
          "intensity": 5
        }
      },
      "_key": "!scenes.sounds!GfJhToNVIZKdJSgD.R35IU29SDWBZtMMg"
    },
    {
      "path": "fa_battlemaps/Audio/C-NeutralStreet.ogg",
      "x": 3450,
      "y": 350,
      "radius": 80,
      "easing": false,
      "walls": false,
      "volume": 0.35,
      "darkness": {
        "min": 0,
        "max": 0.69
      },
      "flags": {
        "tagger": {
          "tags": ""
        }
      },
      "repeat": false,
      "hidden": false,
      "_id": "ka3r4lWVQRT5T8PL",
      "elevation": 0,
      "effects": {
        "base": {
          "intensity": 5
        },
        "muffled": {
          "intensity": 5
        }
      },
      "_key": "!scenes.sounds!GfJhToNVIZKdJSgD.ka3r4lWVQRT5T8PL"
    },
    {
      "path": "fa_battlemaps/Audio/C-NeutralStreet.ogg",
      "x": 1650,
      "y": 4250,
      "radius": 60,
      "easing": false,
      "walls": false,
      "volume": 0.35,
      "darkness": {
        "min": 0,
        "max": 0.69
      },
      "flags": {
        "tagger": {
          "tags": ""
        }
      },
      "repeat": false,
      "hidden": false,
      "_id": "gQSZ6zMwGHOVXZDN",
      "elevation": 0,
      "effects": {
        "base": {
          "intensity": 5
        },
        "muffled": {
          "intensity": 5
        }
      },
      "_key": "!scenes.sounds!GfJhToNVIZKdJSgD.gQSZ6zMwGHOVXZDN"
    },
    {
      "path": "fa_battlemaps/Audio/C-NeutralStreet.ogg",
      "x": 3100,
      "y": 4250,
      "radius": 60,
      "easing": false,
      "walls": false,
      "volume": 0.35,
      "darkness": {
        "min": 0,
        "max": 0.69
      },
      "flags": {
        "tagger": {
          "tags": ""
        }
      },
      "repeat": false,
      "hidden": false,
      "_id": "CXPJ7draBOLIDHuX",
      "elevation": 0,
      "effects": {
        "base": {
          "intensity": 5
        },
        "muffled": {
          "intensity": 5
        }
      },
      "_key": "!scenes.sounds!GfJhToNVIZKdJSgD.CXPJ7draBOLIDHuX"
    },
    {
      "path": "fa_battlemaps/Audio/C-NeutralStreet.ogg",
      "x": 4800,
      "y": 4150,
      "radius": 60,
      "easing": false,
      "walls": false,
      "volume": 0.35,
      "darkness": {
        "min": 0,
        "max": 0.69
      },
      "flags": {
        "tagger": {
          "tags": ""
        }
      },
      "repeat": false,
      "hidden": false,
      "_id": "V589QgQG3lY3JQgV",
      "elevation": 0,
      "effects": {
        "base": {
          "intensity": 5
        },
        "muffled": {
          "intensity": 5
        }
      },
      "_key": "!scenes.sounds!GfJhToNVIZKdJSgD.V589QgQG3lY3JQgV"
    },
    {
      "path": "fa_battlemaps/Audio/C-Tavern.ogg",
      "x": 2650,
      "y": 800,
      "radius": 42.95,
      "easing": true,
      "walls": true,
      "volume": 0.5,
      "darkness": {
        "min": 0,
        "max": 0.69
      },
      "flags": {
        "tagger": {
          "tags": ""
        }
      },
      "_id": "zaGiKHvTOba3xFzA",
      "repeat": false,
      "hidden": false,
      "elevation": 0,
      "effects": {
        "base": {
          "intensity": 5
        },
        "muffled": {
          "intensity": 5
        }
      },
      "_key": "!scenes.sounds!GfJhToNVIZKdJSgD.zaGiKHvTOba3xFzA"
    },
    {
      "path": "fa_battlemaps/Audio/C-City-Night.ogg",
      "x": 3000,
      "y": 2400,
      "radius": 150,
      "easing": false,
      "walls": false,
      "volume": 0.35,
      "darkness": {
        "min": 0.7,
        "max": 1
      },
      "flags": {
        "tagger": {
          "tags": ""
        }
      },
      "repeat": false,
      "hidden": false,
      "_id": "UUER390S1I8Msx1M",
      "elevation": 0,
      "effects": {
        "base": {
          "intensity": 5
        },
        "muffled": {
          "intensity": 5
        }
      },
      "_key": "!scenes.sounds!GfJhToNVIZKdJSgD.UUER390S1I8Msx1M"
    }
  ],
  "templates": [],
  "tiles": [
    {
      "texture": {
        "src": "fa_battlemaps/Maps/2023/May/fa_outskirtsborough/Tiles/Basement.webp",
        "scaleX": 1,
        "scaleY": 1,
        "offsetX": 0,
        "offsetY": 0,
        "rotation": 0,
        "tint": "#ffffff",
        "anchorX": 0.5,
        "anchorY": 0.5,
        "fit": "fill",
        "alphaThreshold": 0.75
      },
      "x": 3800,
      "y": 1900,
      "width": 300,
      "height": 300,
      "_id": "K0ZEhHtC23foNm3m",
      "rotation": 0,
      "alpha": 0,
      "hidden": false,
      "locked": true,
      "occlusion": {
        "mode": 0,
        "alpha": 1
      },
      "video": {
        "loop": true,
        "autoplay": true,
        "volume": 0
      },
      "flags": {
        "tagger": {
          "tags": [
            "cellar"
          ]
        },
        "monks-active-tiles": {
          "active": true,
          "record": false,
          "restriction": "all",
          "controlled": "gm",
          "trigger": [
            "enter"
          ],
          "allowpaused": false,
          "usealpha": false,
          "pointer": false,
          "pertoken": false,
          "minrequired": 0,
          "chance": 100,
          "fileindex": 0,
          "actions": [],
          "files": []
        }
      },
      "sort": 12,
      "restrictions": {
        "light": false,
        "weather": false
      },
      "elevation": 0,
      "_key": "!scenes.tiles!GfJhToNVIZKdJSgD.K0ZEhHtC23foNm3m"
    },
    {
      "texture": {
        "src": "fa_battlemaps/Maps/2023/May/fa_outskirtsborough/Tiles/Hatch.webp",
        "scaleX": 1,
        "scaleY": 1,
        "offsetX": 0,
        "offsetY": 0,
        "rotation": 0,
        "tint": "#ffffff",
        "anchorX": 0.5,
        "anchorY": 0.5,
        "fit": "fill",
        "alphaThreshold": 0.75
      },
      "x": 4500,
      "y": 2600,
      "width": 200,
      "height": 300,
      "_id": "2JLnTg2LzE06eK3G",
      "rotation": 0,
      "alpha": 1,
      "hidden": false,
      "locked": true,
      "occlusion": {
        "mode": 0,
        "alpha": 1
      },
      "video": {
        "loop": true,
        "autoplay": true,
        "volume": 0
      },
      "flags": {
        "tagger": {
          "tags": [
            "H"
          ]
        },
        "monks-active-tiles": {
          "active": true,
          "record": false,
          "restriction": "all",
          "controlled": "gm",
          "trigger": [
            "enter"
          ],
          "allowpaused": false,
          "usealpha": false,
          "pointer": false,
          "pertoken": false,
          "minrequired": 0,
          "chance": 100,
          "fileindex": 0,
          "actions": [],
          "files": [
            {
              "id": "qQeyFCzWdjEhSF62",
              "name": "fa_battlemaps/Maps/2023/May/fa_outskirtsborough/Tiles/Hatch.webp",
              "selected": false
            },
            {
              "id": "9E9c8Kc5xORXaP2b",
              "name": "fa_battlemaps/Maps/2023/May/fa_outskirtsborough/Tiles/Hatch_open.webp",
              "selected": false
            }
          ]
        }
      },
      "sort": 11,
      "restrictions": {
        "light": false,
        "weather": false
      },
      "elevation": 0,
      "_key": "!scenes.tiles!GfJhToNVIZKdJSgD.2JLnTg2LzE06eK3G"
    },
    {
      "texture": {
        "src": "fa_battlemaps/Maps/2023/May/fa_outskirtsborough/Tiles/NoBasement1.webp",
        "scaleX": 1,
        "scaleY": 1,
        "offsetX": 0,
        "offsetY": 0,
        "rotation": 0,
        "tint": "#ffffff",
        "anchorX": 0.5,
        "anchorY": 0.5,
        "fit": "fill",
        "alphaThreshold": 0.75
      },
      "x": 2400,
      "y": 2300,
      "width": 300,
      "height": 200,
      "_id": "aNl8OrkRpepsi14n",
      "rotation": 0,
      "alpha": 0,
      "hidden": false,
      "locked": true,
      "occlusion": {
        "mode": 0,
        "alpha": 1
      },
      "video": {
        "loop": true,
        "autoplay": true,
        "volume": 0
      },
      "flags": {
        "tagger": {
          "tags": [
            "base1"
          ]
        },
        "monks-active-tiles": {
          "active": true,
          "record": false,
          "restriction": "all",
          "controlled": "gm",
          "trigger": [
            "enter"
          ],
          "allowpaused": false,
          "usealpha": false,
          "pointer": false,
          "pertoken": false,
          "minrequired": 0,
          "chance": 100,
          "fileindex": 0,
          "actions": [],
          "files": []
        }
      },
      "sort": 10,
      "restrictions": {
        "light": false,
        "weather": false
      },
      "elevation": 0,
      "_key": "!scenes.tiles!GfJhToNVIZKdJSgD.aNl8OrkRpepsi14n"
    },
    {
      "texture": {
        "src": "fa_battlemaps/Maps/2023/May/fa_outskirtsborough/Tiles/NoBasement2.webp",
        "scaleX": 1,
        "scaleY": 1,
        "offsetX": 0,
        "offsetY": 0,
        "rotation": 0,
        "tint": "#ffffff",
        "anchorX": 0.5,
        "anchorY": 0.5,
        "fit": "fill",
        "alphaThreshold": 0.75
      },
      "x": 1000,
      "y": 2600,
      "width": 300,
      "height": 300,
      "_id": "mPACX0mB2UIK75rJ",
      "rotation": 0,
      "alpha": 0,
      "hidden": false,
      "locked": true,
      "occlusion": {
        "mode": 0,
        "alpha": 1
      },
      "video": {
        "loop": true,
        "autoplay": true,
        "volume": 0
      },
      "flags": {
        "tagger": {
          "tags": [
            "base2"
          ]
        },
        "monks-active-tiles": {
          "active": true,
          "record": false,
          "restriction": "all",
          "controlled": "gm",
          "trigger": [
            "enter"
          ],
          "allowpaused": false,
          "usealpha": false,
          "pointer": false,
          "pertoken": false,
          "minrequired": 0,
          "chance": 100,
          "fileindex": 0,
          "actions": [],
          "files": []
        }
      },
      "sort": 9,
      "restrictions": {
        "light": false,
        "weather": false
      },
      "elevation": 0,
      "_key": "!scenes.tiles!GfJhToNVIZKdJSgD.mPACX0mB2UIK75rJ"
    },
    {
      "texture": {
        "src": "fa_battlemaps/Maps/2023/May/fa_outskirtsborough/Tiles/NoBasement3.webp",
        "scaleX": 1,
        "scaleY": 1,
        "offsetX": 0,
        "offsetY": 0,
        "rotation": 0,
        "tint": "#ffffff",
        "anchorX": 0.5,
        "anchorY": 0.5,
        "fit": "fill",
        "alphaThreshold": 0.75
      },
      "x": 3700,
      "y": 2700,
      "width": 200,
      "height": 200,
      "_id": "qtt4RHInXyXxAeyQ",
      "rotation": 0,
      "alpha": 0,
      "hidden": false,
      "locked": true,
      "occlusion": {
        "mode": 0,
        "alpha": 1
      },
      "video": {
        "loop": true,
        "autoplay": true,
        "volume": 0
      },
      "flags": {
        "tagger": {
          "tags": [
            "base3"
          ]
        },
        "monks-active-tiles": {
          "active": true,
          "record": false,
          "restriction": "all",
          "controlled": "gm",
          "trigger": [
            "enter"
          ],
          "allowpaused": false,
          "usealpha": false,
          "pointer": false,
          "pertoken": false,
          "minrequired": 0,
          "chance": 100,
          "fileindex": 0,
          "actions": [],
          "files": []
        }
      },
      "sort": 8,
      "restrictions": {
        "light": false,
        "weather": false
      },
      "elevation": 0,
      "_key": "!scenes.tiles!GfJhToNVIZKdJSgD.qtt4RHInXyXxAeyQ"
    },
    {
      "texture": {
        "src": "modules/fa-battlemaps/images/Scroll2.webp",
        "scaleX": 1,
        "scaleY": 1,
        "offsetX": 0,
        "offsetY": 0,
        "rotation": 0,
        "tint": "#ffffff",
        "anchorX": 0.5,
        "anchorY": 0.5,
        "fit": "fill",
        "alphaThreshold": 0.75
      },
      "x": 4718,
      "y": 830,
      "width": 298.3,
      "height": 530.1,
      "_id": "HLBTDd4UuvV86qdc",
      "rotation": 0,
      "alpha": 1,
      "hidden": false,
      "locked": true,
      "occlusion": {
        "mode": 0,
        "alpha": 1
      },
      "video": {
        "loop": true,
        "autoplay": true,
        "volume": 0
      },
      "flags": {},
      "sort": 1,
      "restrictions": {
        "light": false,
        "weather": false
      },
      "elevation": 0,
      "_key": "!scenes.tiles!GfJhToNVIZKdJSgD.HLBTDd4UuvV86qdc"
    },
    {
      "texture": {
        "src": "modules/fa-battlemaps/images/AnimationsText.png",
        "scaleX": 1,
        "scaleY": 1,
        "offsetX": 0,
        "offsetY": 0,
        "rotation": 0,
        "tint": "#890101",
        "anchorX": 0.5,
        "anchorY": 0.5,
        "fit": "fill",
        "alphaThreshold": 0.75
      },
      "x": 4717,
      "y": 1406,
      "width": 300,
      "height": 50,
      "_id": "LQumXm5cUMsSd8vC",
      "rotation": 0,
      "alpha": 1,
      "hidden": false,
      "locked": true,
      "occlusion": {
        "mode": 0,
        "alpha": 1
      },
      "video": {
        "loop": true,
        "autoplay": true,
        "volume": 0
      },
      "flags": {
        "tagger": {
          "tags": [
            "b5"
          ]
        },
        "monks-active-tiles": {
          "active": true,
          "record": false,
          "restriction": "all",
          "controlled": "gm",
          "trigger": [
            "",
            "dblclick"
          ],
          "allowpaused": false,
          "usealpha": false,
          "pointer": true,
          "pertoken": false,
          "minrequired": 0,
          "chance": 100,
          "fileindex": 0,
          "actions": [
            {
              "action": "alter",
              "data": {
                "entity": {
                  "id": "tagger:b5",
                  "match": "all",
                  "scene": "_active",
                  "name": "<i class=\"fas fa-tag fa-sm\"></i> b5"
                },
                "attribute": "texture.tint",
                "value": "='{{entity.texture.tint}}' == '#000000' ? '#890101' : '#000000'",
                "chatMessage": false,
                "rollmode": "roll"
              },
              "id": "cabiI2Ner9H7vm2G"
            },
            {
              "action": "tileimage",
              "data": {
                "entity": {
                  "id": "tagger:an",
                  "match": "all",
                  "scene": "_active",
                  "name": "<i class=\"fas fa-tag fa-sm\"></i> an"
                },
                "select": "next",
                "transition": "none",
                "speed": 1,
                "loop": 1
              },
              "id": "M0B521UzyGRw85np"
            }
          ],
          "files": []
        }
      },
      "sort": 7,
      "restrictions": {
        "light": false,
        "weather": false
      },
      "elevation": 0,
      "_key": "!scenes.tiles!GfJhToNVIZKdJSgD.LQumXm5cUMsSd8vC"
    },
    {
      "texture": {
        "src": "modules/fa-battlemaps/images/Transparent.webp",
        "scaleX": 1,
        "scaleY": 1,
        "offsetX": 0,
        "offsetY": 0,
        "rotation": 0,
        "tint": "#ffffff",
        "anchorX": 0.5,
        "anchorY": 0.5,
        "fit": "fill",
        "alphaThreshold": 0.75
      },
      "x": 3808,
      "y": 1955,
      "width": 200,
      "height": 200,
      "_id": "igU2vHouB0gw6IvY",
      "rotation": 0,
      "alpha": 1,
      "hidden": false,
      "locked": false,
      "occlusion": {
        "mode": 1,
        "alpha": 1
      },
      "video": {
        "loop": true,
        "autoplay": true,
        "volume": 0
      },
      "flags": {
        "tagger": {},
        "monks-active-tiles": {
          "active": true,
          "record": false,
          "restriction": "all",
          "controlled": "gm",
          "trigger": [
            "",
            "dblclick"
          ],
          "allowpaused": false,
          "usealpha": false,
          "pointer": true,
          "pertoken": false,
          "minrequired": 0,
          "chance": 100,
          "fileindex": 0,
          "actions": [
            {
              "action": "alter",
              "data": {
                "entity": {
                  "id": "tagger:cellar",
                  "match": "all",
                  "scene": "_active",
                  "name": "<i class=\"fas fa-tag fa-sm\"></i> cellar"
                },
                "attribute": "alpha",
                "value": "={{entity.alpha}} == 0 ? 1 : 0",
                "chatMessage": false,
                "rollmode": "roll"
              },
              "id": "nGoxICvnOkyQyA8Q"
            },
            {
              "action": "playsound",
              "data": {
                "audiofile": "fa_battlemaps/Audio/C-Hatch.ogg",
                "audiofor": "all",
                "volume": 0.2,
                "loop": false,
                "fade": 0.25,
                "scenerestrict": false,
                "prevent": false
              },
              "id": "cEk9k8YFv9Ioth8N"
            }
          ],
          "files": []
        }
      },
      "elevation": 20,
      "sort": 100,
      "restrictions": {
        "light": false,
        "weather": false
      },
      "_key": "!scenes.tiles!GfJhToNVIZKdJSgD.igU2vHouB0gw6IvY"
    },
    {
      "texture": {
        "src": "modules/fa-battlemaps/images/Transparent.webp",
        "scaleX": 1,
        "scaleY": 1,
        "offsetX": 0,
        "offsetY": 0,
        "rotation": 0,
        "tint": "#ffffff",
        "anchorX": 0.5,
        "anchorY": 0.5,
        "fit": "fill",
        "alphaThreshold": 0.75
      },
      "x": 4500,
      "y": 2700,
      "width": 122,
      "height": 97,
      "rotation": 0,
      "alpha": 1,
      "hidden": false,
      "locked": false,
      "occlusion": {
        "mode": 1,
        "alpha": 1
      },
      "video": {
        "loop": true,
        "autoplay": true,
        "volume": 0
      },
      "flags": {
        "tagger": {
          "tags": [
            "HT"
          ]
        },
        "monks-active-tiles": {
          "active": true,
          "record": false,
          "restriction": "all",
          "controlled": "gm",
          "trigger": [
            "",
            "dblclick"
          ],
          "allowpaused": false,
          "usealpha": false,
          "pointer": true,
          "pertoken": false,
          "minrequired": 0,
          "chance": 100,
          "fileindex": 0,
          "actions": [
            {
              "action": "tileimage",
              "data": {
                "entity": {
                  "id": "tagger:H",
                  "match": "all",
                  "scene": "_active",
                  "name": "<i class=\"fas fa-tag fa-sm\"></i> H"
                },
                "select": "next",
                "transition": "none",
                "speed": 1,
                "loop": 1
              },
              "id": "6QQrVZxQRH6vj9lq"
            }
          ],
          "files": []
        }
      },
      "_id": "OUY4ScpsV9LDjEFj",
      "elevation": 20,
      "sort": 100,
      "restrictions": {
        "light": false,
        "weather": false
      },
      "_key": "!scenes.tiles!GfJhToNVIZKdJSgD.OUY4ScpsV9LDjEFj"
    },
    {
      "texture": {
        "src": "fa_battlemaps/Maps/2023/May/fa_outskirtsborough/Text/Basement-1.png",
        "scaleX": 1,
        "scaleY": 1,
        "offsetX": 0,
        "offsetY": 0,
        "rotation": 0,
        "tint": "#000000",
        "anchorX": 0.5,
        "anchorY": 0.5,
        "fit": "fill",
        "alphaThreshold": 0.75
      },
      "x": 4756,
      "y": 903,
      "width": 225,
      "height": 75,
      "_id": "kURiOGYzvEQNsUp7",
      "rotation": 0,
      "alpha": 1,
      "hidden": false,
      "locked": true,
      "occlusion": {
        "mode": 0,
        "alpha": 1
      },
      "video": {
        "loop": true,
        "autoplay": true,
        "volume": 0
      },
      "flags": {
        "tagger": {
          "tags": [
            "b1"
          ]
        },
        "monks-active-tiles": {
          "active": true,
          "record": false,
          "restriction": "all",
          "controlled": "gm",
          "trigger": [
            "",
            "dblclick"
          ],
          "allowpaused": false,
          "usealpha": false,
          "pointer": true,
          "pertoken": false,
          "minrequired": 0,
          "chance": 100,
          "fileindex": 0,
          "actions": [
            {
              "action": "alter",
              "data": {
                "entity": {
                  "id": "tagger:b1",
                  "match": "all",
                  "scene": "_active",
                  "name": "<i class=\"fas fa-tag fa-sm\"></i> b1"
                },
                "attribute": "texture.tint",
                "value": "='{{entity.texture.tint}}' == '#000000' ? '#890101' : '#000000'",
                "chatMessage": false,
                "rollmode": "roll"
              },
              "id": "xqdDQxvL2RYjpCMX"
            },
            {
              "action": "alter",
              "data": {
                "entity": {
                  "id": "tagger:base1",
                  "match": "all",
                  "scene": "_active",
                  "name": "<i class=\"fas fa-tag fa-sm\"></i> base1"
                },
                "attribute": "alpha",
                "value": "={{entity.alpha}} == 0 ? 1 : 0",
                "chatMessage": false,
                "rollmode": "roll"
              },
              "id": "SfMrI2A5GCL59Wog"
            }
          ],
          "files": []
        }
      },
      "sort": 6,
      "restrictions": {
        "light": false,
        "weather": false
      },
      "elevation": 0,
      "_key": "!scenes.tiles!GfJhToNVIZKdJSgD.kURiOGYzvEQNsUp7"
    },
    {
      "texture": {
        "src": "fa_battlemaps/Maps/2023/May/fa_outskirtsborough/Text/Basement-2.png",
        "scaleX": 1,
        "scaleY": 1,
        "offsetX": 0,
        "offsetY": 0,
        "rotation": 0,
        "tint": "#000000",
        "anchorX": 0.5,
        "anchorY": 0.5,
        "fit": "fill",
        "alphaThreshold": 0.75
      },
      "x": 4758,
      "y": 1000,
      "width": 225,
      "height": 75,
      "rotation": 0,
      "alpha": 1,
      "hidden": false,
      "locked": true,
      "occlusion": {
        "mode": 0,
        "alpha": 1
      },
      "video": {
        "loop": true,
        "autoplay": true,
        "volume": 0
      },
      "flags": {
        "tagger": {
          "tags": [
            "b2"
          ]
        },
        "monks-active-tiles": {
          "active": true,
          "record": false,
          "restriction": "all",
          "controlled": "gm",
          "trigger": [
            "",
            "dblclick"
          ],
          "allowpaused": false,
          "usealpha": false,
          "pointer": true,
          "pertoken": false,
          "minrequired": 0,
          "chance": 100,
          "fileindex": 0,
          "actions": [
            {
              "action": "alter",
              "data": {
                "entity": {
                  "id": "tagger:b2",
                  "match": "all",
                  "scene": "_active",
                  "name": "<i class=\"fas fa-tag fa-sm\"></i> b2"
                },
                "attribute": "texture.tint",
                "value": "='{{entity.texture.tint}}' == '#000000' ? '#890101' : '#000000'",
                "chatMessage": false,
                "rollmode": "roll"
              },
              "id": "xqdDQxvL2RYjpCMX"
            },
            {
              "action": "alter",
              "data": {
                "entity": {
                  "id": "tagger:base2",
                  "match": "all",
                  "scene": "_active",
                  "name": "<i class=\"fas fa-tag fa-sm\"></i> base2"
                },
                "attribute": "alpha",
                "value": "={{entity.alpha}} == 0 ? 1 : 0",
                "chatMessage": false,
                "rollmode": "roll"
              },
              "id": "SfMrI2A5GCL59Wog"
            }
          ],
          "files": []
        }
      },
      "_id": "01pLHkAJm38nNAol",
      "sort": 5,
      "restrictions": {
        "light": false,
        "weather": false
      },
      "elevation": 0,
      "_key": "!scenes.tiles!GfJhToNVIZKdJSgD.01pLHkAJm38nNAol"
    },
    {
      "texture": {
        "src": "fa_battlemaps/Maps/2023/May/fa_outskirtsborough/Text/Basement-3.png",
        "scaleX": 1,
        "scaleY": 1,
        "offsetX": 0,
        "offsetY": 0,
        "rotation": 0,
        "tint": "#000000",
        "anchorX": 0.5,
        "anchorY": 0.5,
        "fit": "fill",
        "alphaThreshold": 0.75
      },
      "x": 4752,
      "y": 1103,
      "width": 225,
      "height": 75,
      "rotation": 0,
      "alpha": 1,
      "hidden": false,
      "locked": true,
      "occlusion": {
        "mode": 0,
        "alpha": 1
      },
      "video": {
        "loop": true,
        "autoplay": true,
        "volume": 0
      },
      "flags": {
        "tagger": {
          "tags": [
            "b3"
          ]
        },
        "monks-active-tiles": {
          "active": true,
          "record": false,
          "restriction": "all",
          "controlled": "gm",
          "trigger": [
            "",
            "dblclick"
          ],
          "allowpaused": false,
          "usealpha": false,
          "pointer": true,
          "pertoken": false,
          "minrequired": 0,
          "chance": 100,
          "fileindex": 0,
          "actions": [
            {
              "action": "alter",
              "data": {
                "entity": {
                  "id": "tagger:b3",
                  "match": "all",
                  "scene": "_active",
                  "name": "<i class=\"fas fa-tag fa-sm\"></i> b3"
                },
                "attribute": "texture.tint",
                "value": "='{{entity.texture.tint}}' == '#000000' ? '#890101' : '#000000'",
                "chatMessage": false,
                "rollmode": "roll"
              },
              "id": "xqdDQxvL2RYjpCMX"
            },
            {
              "action": "alter",
              "data": {
                "entity": {
                  "id": "tagger:base3",
                  "match": "all",
                  "scene": "_active",
                  "name": "<i class=\"fas fa-tag fa-sm\"></i> base3"
                },
                "attribute": "alpha",
                "value": "={{entity.alpha}} == 0 ? 1 : 0",
                "chatMessage": false,
                "rollmode": "roll"
              },
              "id": "SfMrI2A5GCL59Wog"
            }
          ],
          "files": []
        }
      },
      "_id": "Hez0IrNpVVVDIrvQ",
      "sort": 4,
      "restrictions": {
        "light": false,
        "weather": false
      },
      "elevation": 0,
      "_key": "!scenes.tiles!GfJhToNVIZKdJSgD.Hez0IrNpVVVDIrvQ"
    },
    {
      "texture": {
        "src": "fa_battlemaps/Maps/2023/May/fa_outskirtsborough/Text/Sunroof.png",
        "scaleX": 1,
        "scaleY": 1,
        "offsetX": 0,
        "offsetY": 0,
        "rotation": 0,
        "tint": "#000000",
        "anchorX": 0.5,
        "anchorY": 0.5,
        "fit": "fill",
        "alphaThreshold": 0.75
      },
      "x": 4754,
      "y": 1199,
      "width": 225,
      "height": 75,
      "rotation": 0,
      "alpha": 1,
      "hidden": false,
      "locked": true,
      "occlusion": {
        "mode": 0,
        "alpha": 1
      },
      "video": {
        "loop": true,
        "autoplay": true,
        "volume": 0
      },
      "flags": {
        "tagger": {
          "tags": [
            "b4"
          ]
        },
        "monks-active-tiles": {
          "active": true,
          "record": false,
          "restriction": "all",
          "controlled": "gm",
          "trigger": [
            "",
            "dblclick"
          ],
          "allowpaused": false,
          "usealpha": false,
          "pointer": true,
          "pertoken": false,
          "minrequired": 0,
          "chance": 100,
          "fileindex": 0,
          "actions": [
            {
              "action": "alter",
              "data": {
                "entity": {
                  "id": "tagger:b4",
                  "match": "all",
                  "scene": "_active",
                  "name": "<i class=\"fas fa-tag fa-sm\"></i> b4"
                },
                "attribute": "texture.tint",
                "value": "='{{entity.texture.tint}}' == '#000000' ? '#890101' : '#000000'",
                "chatMessage": false,
                "rollmode": "roll"
              },
              "id": "xqdDQxvL2RYjpCMX"
            },
            {
              "action": "alter",
              "data": {
                "entity": {
                  "id": "tagger:H",
                  "match": "all",
                  "scene": "_active",
                  "name": "<i class=\"fas fa-tag fa-sm\"></i> H"
                },
                "attribute": "alpha",
                "value": "={{entity.alpha}} == 0 ? 1 : 0",
                "chatMessage": false,
                "rollmode": "roll"
              },
              "id": "SfMrI2A5GCL59Wog"
            },
            {
              "action": "activate",
              "data": {
                "entity": {
                  "id": "tagger:HT",
                  "match": "all",
                  "scene": "_active",
                  "name": "<i class=\"fas fa-tag fa-sm\"></i> HT"
                },
                "activate": "toggle"
              },
              "id": "4CpQb8H64grXM4D9"
            },
            {
              "action": "tileimage",
              "data": {
                "entity": {
                  "id": "tagger:H",
                  "match": "all",
                  "scene": "_active",
                  "name": "<i class=\"fas fa-tag fa-sm\"></i> H"
                },
                "select": "first",
                "transition": "none",
                "speed": 1,
                "loop": 1
              },
              "id": "RfzovvdfKZI37YcK"
            }
          ],
          "files": []
        }
      },
      "_id": "IiSGUPU5cw9lKgw7",
      "sort": 3,
      "restrictions": {
        "light": false,
        "weather": false
      },
      "elevation": 0,
      "_key": "!scenes.tiles!GfJhToNVIZKdJSgD.IiSGUPU5cw9lKgw7"
    },
    {
      "texture": {
        "src": "modules/fa-battlemaps/images/Transparent.webp",
        "scaleX": 1,
        "scaleY": 1,
        "offsetX": 0,
        "offsetY": 0,
        "rotation": 0,
        "tint": "#ffffff",
        "anchorX": 0.5,
        "anchorY": 0.5,
        "fit": "fill",
        "alphaThreshold": 0.75
      },
      "x": 4548,
      "y": 1703,
      "width": 150,
      "height": 150,
      "_id": "S33RbDwRK4TTLmNn",
      "rotation": 135,
      "alpha": 1,
      "hidden": false,
      "locked": true,
      "occlusion": {
        "mode": 0,
        "alpha": 1
      },
      "video": {
        "loop": true,
        "autoplay": true,
        "volume": 0
      },
      "flags": {
        "tagger": {
          "tags": [
            "an"
          ]
        },
        "monks-active-tiles": {
          "active": true,
          "record": false,
          "restriction": "all",
          "controlled": "gm",
          "trigger": [
            "enter"
          ],
          "allowpaused": false,
          "usealpha": false,
          "pointer": false,
          "pertoken": false,
          "minrequired": 0,
          "chance": 100,
          "fileindex": 1,
          "actions": [],
          "files": [
            {
              "id": "Qgz6Se4idBsR2m4B",
              "name": "fa_battlemaps/Animations/Flies_A1_01.webm",
              "selected": true
            },
            {
              "id": "tTLBN1tB104NuN5d",
              "name": "modules/fa-battlemaps/images/Transparent.webp",
              "selected": false
            }
          ]
        }
      },
      "sort": 17,
      "restrictions": {
        "light": false,
        "weather": false
      },
      "elevation": 0,
      "_key": "!scenes.tiles!GfJhToNVIZKdJSgD.S33RbDwRK4TTLmNn"
    },
    {
      "texture": {
        "src": "modules/fa-battlemaps/images/Transparent.webp",
        "scaleX": 1,
        "scaleY": 1,
        "offsetX": 0,
        "offsetY": 0,
        "rotation": 0,
        "tint": "#ffffff",
        "anchorX": 0.5,
        "anchorY": 0.5,
        "fit": "fill",
        "alphaThreshold": 0.75
      },
      "x": 1497,
      "y": 2670,
      "width": 150,
      "height": 150,
      "rotation": 135,
      "alpha": 1,
      "hidden": false,
      "locked": true,
      "occlusion": {
        "mode": 0,
        "alpha": 1
      },
      "video": {
        "loop": true,
        "autoplay": true,
        "volume": 0
      },
      "flags": {
        "tagger": {
          "tags": [
            "an"
          ]
        },
        "monks-active-tiles": {
          "active": true,
          "record": false,
          "restriction": "all",
          "controlled": "gm",
          "trigger": [
            "enter"
          ],
          "allowpaused": false,
          "usealpha": false,
          "pointer": false,
          "pertoken": false,
          "minrequired": 0,
          "chance": 100,
          "fileindex": 1,
          "actions": [],
          "files": [
            {
              "id": "Qgz6Se4idBsR2m4B",
              "name": "fa_battlemaps/Animations/Flies_A1_01.webm",
              "selected": true
            },
            {
              "id": "tTLBN1tB104NuN5d",
              "name": "modules/fa-battlemaps/images/Transparent.webp",
              "selected": false
            }
          ]
        }
      },
      "_id": "AMnRJYLhnSyx3fUQ",
      "sort": 16,
      "restrictions": {
        "light": false,
        "weather": false
      },
      "elevation": 0,
      "_key": "!scenes.tiles!GfJhToNVIZKdJSgD.AMnRJYLhnSyx3fUQ"
    },
    {
      "texture": {
        "src": "modules/fa-battlemaps/images/Transparent.webp",
        "scaleX": 1,
        "scaleY": 1,
        "offsetX": 0,
        "offsetY": 0,
        "rotation": 0,
        "tint": "#ffffff",
        "anchorX": 0.5,
        "anchorY": 0.5,
        "fit": "fill",
        "alphaThreshold": 0.75
      },
      "x": 1106,
      "y": 2934,
      "width": 150,
      "height": 150,
      "rotation": 135,
      "alpha": 1,
      "hidden": false,
      "locked": true,
      "occlusion": {
        "mode": 0,
        "alpha": 1
      },
      "video": {
        "loop": true,
        "autoplay": true,
        "volume": 0
      },
      "flags": {
        "tagger": {
          "tags": [
            "an"
          ]
        },
        "monks-active-tiles": {
          "active": true,
          "record": false,
          "restriction": "all",
          "controlled": "gm",
          "trigger": [
            "enter"
          ],
          "allowpaused": false,
          "usealpha": false,
          "pointer": false,
          "pertoken": false,
          "minrequired": 0,
          "chance": 100,
          "fileindex": 1,
          "actions": [],
          "files": [
            {
              "id": "Qgz6Se4idBsR2m4B",
              "name": "fa_battlemaps/Animations/Flies_A1_01.webm",
              "selected": true
            },
            {
              "id": "tTLBN1tB104NuN5d",
              "name": "modules/fa-battlemaps/images/Transparent.webp",
              "selected": false
            }
          ]
        }
      },
      "_id": "iWCmvjfBiQ5KU69A",
      "sort": 15,
      "restrictions": {
        "light": false,
        "weather": false
      },
      "elevation": 0,
      "_key": "!scenes.tiles!GfJhToNVIZKdJSgD.iWCmvjfBiQ5KU69A"
    },
    {
      "texture": {
        "src": "modules/fa-battlemaps/images/Transparent.webp",
        "scaleX": 1,
        "scaleY": 1,
        "offsetX": 0,
        "offsetY": 0,
        "rotation": 0,
        "tint": "#ffffff",
        "anchorX": 0.5,
        "anchorY": 0.5,
        "fit": "fill",
        "alphaThreshold": 0.75
      },
      "x": 4424,
      "y": 2438,
      "width": 150,
      "height": 150,
      "rotation": 225,
      "alpha": 1,
      "hidden": false,
      "locked": true,
      "occlusion": {
        "mode": 0,
        "alpha": 1
      },
      "video": {
        "loop": true,
        "autoplay": true,
        "volume": 0
      },
      "flags": {
        "tagger": {
          "tags": [
            "an"
          ]
        },
        "monks-active-tiles": {
          "active": true,
          "record": false,
          "restriction": "all",
          "controlled": "gm",
          "trigger": [
            "enter"
          ],
          "allowpaused": false,
          "usealpha": false,
          "pointer": false,
          "pertoken": false,
          "minrequired": 0,
          "chance": 100,
          "fileindex": 1,
          "actions": [],
          "files": [
            {
              "id": "Qgz6Se4idBsR2m4B",
              "name": "fa_battlemaps/Animations/Flies_A1_01.webm",
              "selected": true
            },
            {
              "id": "tTLBN1tB104NuN5d",
              "name": "modules/fa-battlemaps/images/Transparent.webp",
              "selected": false
            }
          ]
        }
      },
      "_id": "uVnHoX3oOBwwJUse",
      "sort": 14,
      "restrictions": {
        "light": false,
        "weather": false
      },
      "elevation": 0,
      "_key": "!scenes.tiles!GfJhToNVIZKdJSgD.uVnHoX3oOBwwJUse"
    },
    {
      "texture": {
        "src": "modules/fa-battlemaps/images/Transparent.webp",
        "scaleX": 1,
        "scaleY": 1,
        "offsetX": 0,
        "offsetY": 0,
        "rotation": 0,
        "tint": "#ffffff",
        "anchorX": 0.5,
        "anchorY": 0.5,
        "fit": "fill",
        "alphaThreshold": 0.75
      },
      "x": 2273,
      "y": 2657,
      "width": 150,
      "height": 150,
      "rotation": 315,
      "alpha": 1,
      "hidden": false,
      "locked": true,
      "occlusion": {
        "mode": 0,
        "alpha": 1
      },
      "video": {
        "loop": true,
        "autoplay": true,
        "volume": 0
      },
      "flags": {
        "tagger": {
          "tags": [
            "an"
          ]
        },
        "monks-active-tiles": {
          "active": true,
          "record": false,
          "restriction": "all",
          "controlled": "gm",
          "trigger": [
            "enter"
          ],
          "allowpaused": false,
          "usealpha": false,
          "pointer": false,
          "pertoken": false,
          "minrequired": 0,
          "chance": 100,
          "fileindex": 1,
          "actions": [],
          "files": [
            {
              "id": "Qgz6Se4idBsR2m4B",
              "name": "fa_battlemaps/Animations/Flies_A1_01.webm",
              "selected": true
            },
            {
              "id": "tTLBN1tB104NuN5d",
              "name": "modules/fa-battlemaps/images/Transparent.webp",
              "selected": false
            }
          ]
        }
      },
      "_id": "91lavblfuWi4rOoM",
      "sort": 13,
      "restrictions": {
        "light": false,
        "weather": false
      },
      "elevation": 0,
      "_key": "!scenes.tiles!GfJhToNVIZKdJSgD.91lavblfuWi4rOoM"
    },
    {
      "texture": {
        "src": "modules/fa-battlemaps/images/SmallScroll.png",
        "scaleX": 1,
        "scaleY": 1,
        "offsetX": 0,
        "offsetY": 0,
        "rotation": 0,
        "tint": "#ffffff",
        "anchorX": 0.5,
        "anchorY": 0.5,
        "fit": "fill",
        "alphaThreshold": 0.75
      },
      "width": 300,
      "height": 100,
      "_id": "yoaUKEhM77wsIBAQ",
      "rotation": 0,
      "alpha": 1,
      "hidden": false,
      "locked": true,
      "occlusion": {
        "mode": 0,
        "alpha": 1
      },
      "video": {
        "loop": true,
        "autoplay": true,
        "volume": 0
      },
      "flags": {},
      "sort": 2,
      "restrictions": {
        "light": false,
        "weather": false
      },
      "elevation": 0,
      "x": 4721,
      "y": 1385,
      "_key": "!scenes.tiles!GfJhToNVIZKdJSgD.yoaUKEhM77wsIBAQ"
    }
  ],
  "walls": [
    {
      "_id": "CN3GJDm7kRDtuWw4",
      "c": [
        1000,
        800,
        1000,
        3700
      ],
      "light": 20,
      "move": 20,
      "sight": 20,
      "sound": 20,
      "dir": 0,
      "door": 0,
      "ds": 0,
      "flags": {},
      "threshold": {
        "light": null,
        "sight": null,
        "sound": null,
        "attenuation": false
      },
      "_key": "!scenes.walls!GfJhToNVIZKdJSgD.CN3GJDm7kRDtuWw4"
    },
    {
      "_id": "jPFGE0kPleJzgXzA",
      "c": [
        1000,
        3700,
        4700,
        3700
      ],
      "light": 20,
      "move": 20,
      "sight": 20,
      "sound": 20,
      "dir": 0,
      "door": 0,
      "ds": 0,
      "flags": {},
      "threshold": {
        "light": null,
        "sight": null,
        "sound": null,
        "attenuation": false
      },
      "_key": "!scenes.walls!GfJhToNVIZKdJSgD.jPFGE0kPleJzgXzA"
    },
    {
      "_id": "6Lncn24k2D26ROfq",
      "c": [
        4700,
        3700,
        4700,
        800
      ],
      "light": 20,
      "move": 20,
      "sight": 20,
      "sound": 20,
      "dir": 0,
      "door": 0,
      "ds": 0,
      "flags": {},
      "threshold": {
        "light": null,
        "sight": null,
        "sound": null,
        "attenuation": false
      },
      "_key": "!scenes.walls!GfJhToNVIZKdJSgD.6Lncn24k2D26ROfq"
    },
    {
      "_id": "u788d2seSG4zpcYN",
      "c": [
        4700,
        800,
        1000,
        800
      ],
      "light": 20,
      "move": 20,
      "sight": 20,
      "sound": 20,
      "dir": 0,
      "door": 0,
      "ds": 0,
      "flags": {},
      "threshold": {
        "light": null,
        "sight": null,
        "sound": null,
        "attenuation": false
      },
      "_key": "!scenes.walls!GfJhToNVIZKdJSgD.u788d2seSG4zpcYN"
    },
    {
      "_id": "GkvjfEhUESp1vtt5",
      "c": [
        1775,
        2100,
        1789,
        2298
      ],
      "light": 20,
      "move": 0,
      "sight": 20,
      "sound": 0,
      "dir": 0,
      "door": 0,
      "ds": 0,
      "flags": {},
      "threshold": {
        "light": null,
        "sight": null,
        "sound": null,
        "attenuation": false
      },
      "_key": "!scenes.walls!GfJhToNVIZKdJSgD.GkvjfEhUESp1vtt5"
    },
    {
      "_id": "LhIKEl0eaDCgvumw",
      "c": [
        1789,
        2298,
        1802,
        2711
      ],
      "light": 20,
      "move": 0,
      "sight": 20,
      "sound": 0,
      "dir": 0,
      "door": 0,
      "ds": 0,
      "flags": {},
      "threshold": {
        "light": null,
        "sight": null,
        "sound": null,
        "attenuation": false
      },
      "_key": "!scenes.walls!GfJhToNVIZKdJSgD.LhIKEl0eaDCgvumw"
    },
    {
      "_id": "oKRTXcuQN5LIrJVA",
      "c": [
        1494,
        2316,
        1788,
        2301
      ],
      "light": 20,
      "move": 0,
      "sight": 20,
      "sound": 0,
      "dir": 0,
      "door": 0,
      "ds": 0,
      "flags": {},
      "threshold": {
        "light": null,
        "sight": null,
        "sound": null,
        "attenuation": false
      },
      "_key": "!scenes.walls!GfJhToNVIZKdJSgD.oKRTXcuQN5LIrJVA"
    },
    {
      "_id": "fGHFpFW71VzKY0qC",
      "c": [
        2824,
        2419,
        2808,
        2096
      ],
      "light": 20,
      "move": 0,
      "sight": 20,
      "sound": 0,
      "dir": 0,
      "door": 0,
      "ds": 0,
      "flags": {},
      "threshold": {
        "light": null,
        "sight": null,
        "sound": null,
        "attenuation": false
      },
      "_key": "!scenes.walls!GfJhToNVIZKdJSgD.fGHFpFW71VzKY0qC"
    },
    {
      "_id": "K9XaDhGhkVrh7cgB",
      "c": [
        3012,
        2087,
        2809,
        2095
      ],
      "light": 20,
      "move": 0,
      "sight": 20,
      "sound": 0,
      "dir": 0,
      "door": 0,
      "ds": 0,
      "flags": {},
      "threshold": {
        "light": null,
        "sight": null,
        "sound": null,
        "attenuation": false
      },
      "_key": "!scenes.walls!GfJhToNVIZKdJSgD.K9XaDhGhkVrh7cgB"
    },
    {
      "_id": "fIu1BtDPBAK8kqqR",
      "c": [
        2809,
        2095,
        2214,
        2122
      ],
      "light": 20,
      "move": 0,
      "sight": 20,
      "sound": 0,
      "dir": 0,
      "door": 0,
      "ds": 0,
      "flags": {},
      "threshold": {
        "light": null,
        "sight": null,
        "sound": null,
        "attenuation": false
      },
      "_key": "!scenes.walls!GfJhToNVIZKdJSgD.fIu1BtDPBAK8kqqR"
    },
    {
      "_id": "i2SpkKSK2kiL8mUG",
      "c": [
        3592,
        1597,
        3609,
        2188
      ],
      "light": 20,
      "move": 0,
      "sight": 20,
      "sound": 0,
      "dir": 0,
      "door": 0,
      "ds": 0,
      "flags": {},
      "threshold": {
        "light": null,
        "sight": null,
        "sound": null,
        "attenuation": false
      },
      "_key": "!scenes.walls!GfJhToNVIZKdJSgD.i2SpkKSK2kiL8mUG"
    },
    {
      "_id": "PvGLhogaZ4eRYFCT",
      "c": [
        3287,
        2975,
        3490,
        2985
      ],
      "light": 20,
      "move": 0,
      "sight": 20,
      "sound": 0,
      "dir": 0,
      "door": 0,
      "ds": 0,
      "flags": {},
      "threshold": {
        "light": null,
        "sight": null,
        "sound": null,
        "attenuation": false
      },
      "_key": "!scenes.walls!GfJhToNVIZKdJSgD.PvGLhogaZ4eRYFCT"
    },
    {
      "_id": "z5s8T3wC6DhnIgAy",
      "c": [
        3490,
        2985,
        4000,
        3012
      ],
      "light": 20,
      "move": 0,
      "sight": 20,
      "sound": 0,
      "dir": 0,
      "door": 0,
      "ds": 0,
      "flags": {},
      "threshold": {
        "light": null,
        "sight": null,
        "sound": null,
        "attenuation": false
      },
      "_key": "!scenes.walls!GfJhToNVIZKdJSgD.z5s8T3wC6DhnIgAy"
    },
    {
      "_id": "UYauyUWrLX1dkNXm",
      "c": [
        3500,
        2700,
        3487,
        2987
      ],
      "light": 20,
      "move": 0,
      "sight": 20,
      "sound": 0,
      "dir": 0,
      "door": 0,
      "ds": 0,
      "flags": {},
      "threshold": {
        "light": null,
        "sight": null,
        "sound": null,
        "attenuation": false
      },
      "_key": "!scenes.walls!GfJhToNVIZKdJSgD.UYauyUWrLX1dkNXm"
    },
    {
      "_id": "t362nWBakQWj7y4U",
      "c": [
        2187,
        3000,
        2800,
        3037
      ],
      "light": 20,
      "move": 0,
      "sight": 20,
      "sound": 0,
      "dir": 0,
      "door": 0,
      "ds": 0,
      "flags": {},
      "threshold": {
        "light": null,
        "sight": null,
        "sound": null,
        "attenuation": false
      },
      "_key": "!scenes.walls!GfJhToNVIZKdJSgD.t362nWBakQWj7y4U"
    },
    {
      "_id": "upW7zfuaTUNUN4j3",
      "c": [
        1400,
        3150,
        2087,
        3100
      ],
      "light": 20,
      "move": 0,
      "sight": 20,
      "sound": 0,
      "dir": 0,
      "door": 0,
      "ds": 0,
      "flags": {},
      "threshold": {
        "light": null,
        "sight": null,
        "sound": null,
        "attenuation": false
      },
      "_key": "!scenes.walls!GfJhToNVIZKdJSgD.upW7zfuaTUNUN4j3"
    },
    {
      "_id": "z29BddrHcrLen68f",
      "c": [
        1168,
        2480,
        998,
        2507
      ],
      "light": 20,
      "move": 0,
      "sight": 20,
      "sound": 0,
      "dir": 0,
      "door": 0,
      "ds": 0,
      "flags": {},
      "threshold": {
        "light": null,
        "sight": null,
        "sound": null,
        "attenuation": false
      },
      "_key": "!scenes.walls!GfJhToNVIZKdJSgD.z29BddrHcrLen68f"
    },
    {
      "_id": "eTg72QslMNb5cc9A",
      "c": [
        1675,
        1062,
        1712,
        800
      ],
      "light": 20,
      "move": 0,
      "sight": 20,
      "sound": 0,
      "dir": 0,
      "door": 0,
      "ds": 0,
      "flags": {},
      "threshold": {
        "light": null,
        "sight": null,
        "sound": null,
        "attenuation": false
      },
      "_key": "!scenes.walls!GfJhToNVIZKdJSgD.eTg72QslMNb5cc9A"
    },
    {
      "_id": "WaAjIAIljhGWtJjy",
      "c": [
        4362,
        2887,
        4700,
        2862
      ],
      "light": 20,
      "move": 0,
      "sight": 20,
      "sound": 0,
      "dir": 0,
      "door": 0,
      "ds": 0,
      "flags": {},
      "threshold": {
        "light": null,
        "sight": null,
        "sound": null,
        "attenuation": false
      },
      "_key": "!scenes.walls!GfJhToNVIZKdJSgD.WaAjIAIljhGWtJjy"
    },
    {
      "_id": "z6N33YQPYaubRhcA",
      "c": [
        4375,
        2200,
        4700,
        2162
      ],
      "light": 20,
      "move": 0,
      "sight": 20,
      "sound": 0,
      "dir": 0,
      "door": 0,
      "ds": 0,
      "flags": {},
      "threshold": {
        "light": null,
        "sight": null,
        "sound": null,
        "attenuation": false
      },
      "_key": "!scenes.walls!GfJhToNVIZKdJSgD.z6N33YQPYaubRhcA"
    },
    {
      "_id": "rS4hzAUqCF9V9Ues",
      "c": [
        4212,
        1612,
        4675,
        1475
      ],
      "light": 20,
      "move": 0,
      "sight": 20,
      "sound": 0,
      "dir": 0,
      "door": 0,
      "ds": 0,
      "flags": {},
      "threshold": {
        "light": null,
        "sight": null,
        "sound": null,
        "attenuation": false
      },
      "_key": "!scenes.walls!GfJhToNVIZKdJSgD.rS4hzAUqCF9V9Ues"
    }
  ],
  "playlist": null,
  "playlistSound": null,
  "journal": null,
  "journalEntryPage": null,
  "weather": "",
  "flags": {
    "scene-packer": {
      "hash": "3cd0996e055af9ed332143f09302b2b668e5a941",
      "sourceId": "Scene.GfJhToNVIZKdJSgD"
    }
  },
  "_stats": {
    "systemId": "dnd5e",
    "systemVersion": "2.4.1",
    "coreVersion": "12.330",
    "createdTime": 1681045656661,
    "modifiedTime": 1723948174817,
    "lastModifiedBy": "dnd5ebuilder0000",
    "compendiumSource": "Compendium.fa-battlemaps.maps.GfJhToNVIZKdJSgD",
    "duplicateSource": null
  },
  "_id": "GfJhToNVIZKdJSgD",
  "active": false,
  "folder": null,
  "sort": 0,
  "ownership": {
    "default": 0
  },
  "regions": [],
  "environment": {
    "globalLight": {
      "luminosity": 0,
      "enabled": true,
      "darkness": {
        "max": 1,
        "min": 0
      },
      "alpha": 0.5,
      "bright": false,
      "color": null,
      "coloration": 1,
      "saturation": 0,
      "contrast": 0,
      "shadows": 0
    },
    "darknessLevel": 0,
    "darknessLock": false,
    "cycle": true,
    "base": {
      "hue": 0,
      "intensity": 0,
      "luminosity": 0,
      "saturation": 0,
      "shadows": 0
    },
    "dark": {
      "hue": 0.7138888888888889,
      "intensity": 0,
      "luminosity": -0.25,
      "saturation": 0,
      "shadows": 0
    }
  },
  "fog": {
    "exploration": true,
    "reset": 1681045656657,
    "overlay": null,
    "colors": {
      "explored": null,
      "unexplored": null
    }
  },
  "_key": "!scenes!GfJhToNVIZKdJSgD"
}
