{
  "name": "Phandalin Alleys [15x20]",
  "navigation": false,
  "navOrder": 0,
  "navName": "",
  "background": {
    "src": "fa_battlemaps/Maps/2023/October/fa_phandalin-alleys/Maps/PhandalinAlleysBG.webp",
    "scaleX": 1,
    "scaleY": 1,
    "offsetX": 0,
    "offsetY": 0,
    "rotation": 0,
    "tint": "#ffffff",
    "anchorX": 0,
    "anchorY": 0,
    "fit": "fill",
    "alphaThreshold": 0
  },
  "foreground": "fa_battlemaps/Maps/2023/October/fa_phandalin-alleys/Maps/PhandalinAlleysFG.webp",
  "foregroundElevation": 20,
  "thumb": "modules/fa-battlemaps/assets/scenes/236Qo3PZG6A3V0ML-thumb.webp",
  "width": 1500,
  "height": 2000,
  "padding": 0.25,
  "initial": {
    "x": 1273,
    "y": 1482,
    "scale": 0.6152533549502153
  },
  "backgroundColor": "#000000",
  "grid": {
    "type": 1,
    "size": 100,
    "color": "#000000",
    "alpha": 0.2,
    "distance": 5,
    "units": "ft",
    "style": "solidLines",
    "thickness": 1
  },
  "tokenVision": true,
  "drawings": [],
  "tokens": [],
  "lights": [
    {
      "_id": "nt45T65jjT5fL1Hb",
      "x": 935,
      "y": 1852,
      "rotation": 0,
      "walls": true,
      "vision": false,
      "config": {
        "alpha": 0.5,
        "angle": 360,
        "bright": 15,
        "color": "#9b5712",
        "coloration": 1,
        "dim": 40,
        "attenuation": 0.65,
        "luminosity": 0.5,
        "saturation": 0.05,
        "contrast": 0.05,
        "shadows": 0.1,
        "animation": {
          "type": "torch",
          "speed": 4,
          "intensity": 4,
          "reverse": false
        },
        "darkness": {
          "min": 0,
          "max": 1
        },
        "negative": false,
        "priority": 0
      },
      "hidden": true,
      "flags": {
        "tagger": {}
      },
      "elevation": 0,
      "_key": "!scenes.lights!236Qo3PZG6A3V0ML.nt45T65jjT5fL1Hb"
    }
  ],
  "notes": [],
  "sounds": [
    {
      "path": "fa_battlemaps/Audio/fire-loop.ogg",
      "x": 950,
      "y": 1850,
      "radius": 21.07,
      "easing": true,
      "walls": true,
      "volume": 0.45,
      "darkness": {
        "min": 0,
        "max": 1
      },
      "flags": {
        "tagger": {
          "tags": ""
        }
      },
      "_id": "GzeosdrDdkJQKwL2",
      "repeat": false,
      "hidden": true,
      "elevation": 0,
      "effects": {
        "base": {
          "intensity": 5
        },
        "muffled": {
          "intensity": 5
        }
      },
      "_key": "!scenes.sounds!236Qo3PZG6A3V0ML.GzeosdrDdkJQKwL2"
    },
    {
      "path": "fa_battlemaps/Audio/C-ForestOutskirts.ogg",
      "x": 1000,
      "y": 1350,
      "radius": 159.41,
      "easing": false,
      "walls": false,
      "volume": 0.5,
      "darkness": {
        "min": 0,
        "max": 0.69
      },
      "flags": {
        "tagger": {}
      },
      "repeat": false,
      "hidden": false,
      "_id": "gq5Kp0tFvrPBAU0U",
      "elevation": 0,
      "effects": {
        "base": {
          "intensity": 5,
          "type": ""
        },
        "muffled": {
          "intensity": 3,
          "type": "lowpass"
        }
      },
      "_key": "!scenes.sounds!236Qo3PZG6A3V0ML.gq5Kp0tFvrPBAU0U"
    },
    {
      "path": "fa_battlemaps/Audio/C-Village-Night.ogg",
      "x": 1000,
      "y": 1300,
      "radius": 159.41,
      "easing": false,
      "walls": false,
      "volume": 0.2,
      "darkness": {
        "min": 0.7,
        "max": 1
      },
      "flags": {
        "tagger": {}
      },
      "repeat": false,
      "hidden": false,
      "_id": "Dai02so1jtAAr09s",
      "elevation": 0,
      "effects": {
        "base": {
          "intensity": 5,
          "type": ""
        },
        "muffled": {
          "intensity": 3,
          "type": "lowpass"
        }
      },
      "_key": "!scenes.sounds!236Qo3PZG6A3V0ML.Dai02so1jtAAr09s"
    },
    {
      "path": "fa_battlemaps/Audio/C-WindAndSand.ogg",
      "x": 950,
      "y": 1350,
      "radius": 102.58,
      "easing": false,
      "walls": false,
      "volume": 0.05,
      "darkness": {
        "min": 0,
        "max": 1
      },
      "flags": {
        "tagger": {}
      },
      "repeat": false,
      "hidden": false,
      "_id": "DMklYrX8yTMjNjzK",
      "elevation": 0,
      "effects": {
        "base": {
          "intensity": 5,
          "type": ""
        },
        "muffled": {
          "intensity": 4,
          "type": "lowpass"
        }
      },
      "_key": "!scenes.sounds!236Qo3PZG6A3V0ML.DMklYrX8yTMjNjzK"
    }
  ],
  "templates": [],
  "tiles": [
    {
      "texture": {
        "src": "fa_battlemaps/Maps/2023/October/fa_phandalin-alleys/Tiles/NoShrine.webp",
        "scaleX": 1,
        "scaleY": 1,
        "offsetX": 0,
        "offsetY": 0,
        "rotation": 0,
        "tint": "#ffffff",
        "anchorX": 0.5,
        "anchorY": 0.5,
        "fit": "fill",
        "alphaThreshold": 0.75
      },
      "x": 600,
      "y": 1900,
      "width": 500,
      "height": 500,
      "_id": "lbcnlSHPl8gECwkK",
      "rotation": 0,
      "alpha": 0,
      "hidden": false,
      "locked": false,
      "occlusion": {
        "mode": 0,
        "alpha": 1
      },
      "video": {
        "loop": true,
        "autoplay": true,
        "volume": 0
      },
      "flags": {
        "tagger": {
          "tags": [
            "shrine"
          ]
        },
        "betterroofs": {
          "brMode": false,
          "occlusionLinkId": "",
          "occlusionLinkSource": false
        },
        "monks-active-tiles": {
          "active": true,
          "record": false,
          "restriction": "all",
          "controlled": "gm",
          "trigger": [
            "dblclick"
          ],
          "allowpaused": false,
          "usealpha": false,
          "pointer": false,
          "pertoken": false,
          "minrequired": 0,
          "chance": 100,
          "fileindex": 0,
          "actions": [],
          "files": []
        }
      },
      "sort": 6,
      "restrictions": {
        "light": false,
        "weather": false
      },
      "elevation": 0,
      "_key": "!scenes.tiles!236Qo3PZG6A3V0ML.lbcnlSHPl8gECwkK"
    },
    {
      "texture": {
        "src": "fa_battlemaps/Maps/2023/October/fa_phandalin-alleys/Tiles/Door1.webp",
        "scaleX": 1,
        "scaleY": 1,
        "offsetX": 0,
        "offsetY": 0,
        "rotation": 0,
        "tint": "#ffffff",
        "anchorX": 0.5,
        "anchorY": 0.5,
        "fit": "fill",
        "alphaThreshold": 0.75
      },
      "x": 900,
      "y": 1400,
      "width": 200,
      "height": 200,
      "_id": "VQrxBsoNOjb2lwTW",
      "rotation": 0,
      "alpha": 0,
      "hidden": false,
      "locked": false,
      "occlusion": {
        "mode": 0,
        "alpha": 1
      },
      "video": {
        "loop": true,
        "autoplay": true,
        "volume": 0
      },
      "flags": {
        "tagger": {
          "tags": [
            "door1"
          ]
        },
        "betterroofs": {
          "brMode": false,
          "occlusionLinkId": "",
          "occlusionLinkSource": false
        },
        "monks-active-tiles": {
          "active": true,
          "record": false,
          "restriction": "all",
          "controlled": "all",
          "trigger": [
            "",
            "door"
          ],
          "allowpaused": false,
          "usealpha": false,
          "pointer": false,
          "pertoken": false,
          "minrequired": 0,
          "chance": 100,
          "fileindex": 0,
          "actions": [
            {
              "action": "alter",
              "data": {
                "entity": {
                  "id": "tile",
                  "name": "This Tile"
                },
                "collection": "tokens",
                "attribute": "alpha",
                "value": "={{entity.alpha}} == 0 ? 1 : 0",
                "chatMessage": false,
                "rollmode": "roll"
              },
              "id": "XfLH8MDRwJpsZQn3"
            }
          ],
          "files": []
        }
      },
      "sort": 5,
      "restrictions": {
        "light": false,
        "weather": false
      },
      "elevation": 0,
      "_key": "!scenes.tiles!236Qo3PZG6A3V0ML.VQrxBsoNOjb2lwTW"
    },
    {
      "texture": {
        "src": "fa_battlemaps/Maps/2023/October/fa_phandalin-alleys/Tiles/Door2.webp",
        "scaleX": 1,
        "scaleY": 1,
        "offsetX": 0,
        "offsetY": 0,
        "rotation": 0,
        "tint": "#ffffff",
        "anchorX": 0.5,
        "anchorY": 0.5,
        "fit": "fill",
        "alphaThreshold": 0.75
      },
      "x": 1300,
      "y": 1500,
      "width": 200,
      "height": 200,
      "_id": "jwZuvek35zkusfk7",
      "rotation": 0,
      "alpha": 0,
      "hidden": false,
      "locked": false,
      "occlusion": {
        "mode": 0,
        "alpha": 1
      },
      "video": {
        "loop": true,
        "autoplay": true,
        "volume": 0
      },
      "flags": {
        "tagger": {
          "tags": [
            "door2"
          ]
        },
        "betterroofs": {
          "brMode": false,
          "occlusionLinkId": "",
          "occlusionLinkSource": false
        },
        "monks-active-tiles": {
          "active": true,
          "record": false,
          "restriction": "all",
          "controlled": "all",
          "trigger": [
            "",
            "door"
          ],
          "allowpaused": false,
          "usealpha": false,
          "pointer": false,
          "pertoken": false,
          "minrequired": 0,
          "chance": 100,
          "fileindex": 0,
          "actions": [
            {
              "action": "alter",
              "data": {
                "entity": {
                  "id": "tile",
                  "name": "This Tile"
                },
                "collection": "tokens",
                "attribute": "alpha",
                "value": "={{entity.alpha}} == 0 ? 1 : 0",
                "chatMessage": false,
                "rollmode": "roll"
              },
              "id": "cNWvZHGFQQM7Kt2Q"
            },
            {
              "action": "alter",
              "data": {
                "entity": {
                  "id": "tagger:doorwall",
                  "match": "all",
                  "scene": "_active",
                  "name": "<i class=\"fas fa-tag fa-sm\"></i> doorwall"
                },
                "collection": "tokens",
                "attribute": "move",
                "value": "={{entity.move}} == 0 ? 20 : 0",
                "chatMessage": false,
                "rollmode": "roll"
              },
              "id": "uJTySuMYBHQdx1j1"
            },
            {
              "action": "alter",
              "data": {
                "entity": {
                  "id": "tagger:doorwall",
                  "match": "all",
                  "scene": "_active",
                  "name": "<i class=\"fas fa-tag fa-sm\"></i> doorwall"
                },
                "collection": "tokens",
                "attribute": "sight",
                "value": "={{entity.sight}} == 0 ? 20 : 0",
                "chatMessage": false,
                "rollmode": "roll"
              },
              "id": "fKoz1NGX0bk2OeF6"
            },
            {
              "action": "alter",
              "data": {
                "entity": {
                  "id": "tagger:doorwall",
                  "match": "all",
                  "scene": "_active",
                  "name": "<i class=\"fas fa-tag fa-sm\"></i> doorwall"
                },
                "collection": "tokens",
                "attribute": "light",
                "value": "={{entity.light}} == 0 ? 20 : 0",
                "chatMessage": false,
                "rollmode": "roll"
              },
              "id": "n480T2cKiNy1PJaB"
            }
          ],
          "files": []
        }
      },
      "sort": 3,
      "restrictions": {
        "light": false,
        "weather": false
      },
      "elevation": 0,
      "_key": "!scenes.tiles!236Qo3PZG6A3V0ML.jwZuvek35zkusfk7"
    },
    {
      "texture": {
        "src": "modules/fa-battlemaps/images/Fire_Red_Solo_A3_1x1.png",
        "scaleX": 1,
        "scaleY": 1,
        "offsetX": 0,
        "offsetY": 0,
        "rotation": 0,
        "tint": "#ffffff",
        "anchorX": 0.5,
        "anchorY": 0.5,
        "fit": "fill",
        "alphaThreshold": 0.75
      },
      "x": 880,
      "y": 1803,
      "width": 100,
      "height": 100,
      "_id": "jO4vUGXmFFhKgo9C",
      "rotation": 0,
      "alpha": 0,
      "hidden": false,
      "locked": true,
      "occlusion": {
        "mode": 0,
        "alpha": 1
      },
      "video": {
        "loop": true,
        "autoplay": true,
        "volume": 0
      },
      "flags": {
        "monks-active-tiles": {
          "actions": [
            {
              "action": "activate",
              "data": {
                "entity": {
                  "id": "within",
                  "name": "Tiles within Tile"
                },
                "collection": "sounds",
                "activate": "toggle"
              },
              "id": "W5HGzwkL8rP44wxe"
            },
            {
              "action": "activate",
              "data": {
                "entity": {
                  "id": "within",
                  "name": "Tiles within Tile"
                },
                "collection": "lights",
                "activate": "toggle"
              },
              "id": "Q0NkW6ES3nPGxEzb"
            },
            {
              "action": "alter",
              "data": {
                "entity": {
                  "id": "tile",
                  "name": "This Tile"
                },
                "collection": "tokens",
                "attribute": "alpha",
                "value": "={{entity.alpha}} == 0 ? 1 : 0",
                "chatMessage": false,
                "rollmode": "roll"
              },
              "id": "IWjW7BOBp6VAutr8"
            },
            {
              "action": "playsound",
              "data": {
                "audiofile": "fa_battlemaps/Audio/flameblowout.ogg",
                "audiofor": "all",
                "volume": 0.5,
                "loop": false,
                "fade": 0.25,
                "scenerestrict": false,
                "prevent": false,
                "playlist": true
              },
              "id": "XRgKrBdDIDgwxLV6"
            },
            {
              "action": "tileimage",
              "data": {
                "entity": {
                  "id": "tagger:smoke",
                  "match": "all",
                  "scene": "_active",
                  "name": "<i class=\"fas fa-tag fa-sm\"></i> smoke"
                },
                "select": "next",
                "transition": "none",
                "speed": 1,
                "loop": 1
              },
              "id": "SLwu8vivJyEcHpmd"
            }
          ],
          "active": true,
          "record": false,
          "restriction": "all",
          "controlled": "gm",
          "trigger": [
            "",
            "dblclick"
          ],
          "allowpaused": false,
          "usealpha": false,
          "pointer": true,
          "pertoken": false,
          "minrequired": 0,
          "chance": 50,
          "fileindex": 0,
          "files": []
        },
        "tagger": {},
        "betterroofs": {
          "brMode": false,
          "occlusionLinkId": "",
          "occlusionLinkSource": false
        }
      },
      "sort": 4,
      "restrictions": {
        "light": false,
        "weather": false
      },
      "elevation": 0,
      "_key": "!scenes.tiles!236Qo3PZG6A3V0ML.jO4vUGXmFFhKgo9C"
    },
    {
      "texture": {
        "src": "fa_battlemaps/Maps/2023/October/fa_phandalin-alleys/Tiles/PhandalinAlleysRoof.webp",
        "scaleX": 1,
        "scaleY": 1,
        "offsetX": 0,
        "offsetY": 0,
        "rotation": 0,
        "tint": "#ffffff",
        "anchorX": 0.5,
        "anchorY": 0.5,
        "fit": "fill",
        "alphaThreshold": 0.75
      },
      "x": 800,
      "y": 1300,
      "width": 800,
      "height": 800,
      "_id": "J6plpBVt6SrVZRJi",
      "rotation": 0,
      "alpha": 1,
      "hidden": false,
      "locked": false,
      "occlusion": {
        "mode": 1,
        "alpha": 0
      },
      "video": {
        "loop": true,
        "autoplay": true,
        "volume": 0
      },
      "flags": {
        "tagger": {},
        "betterroofs": {
          "brMode": true,
          "occlusionLinkId": "roof",
          "occlusionLinkSource": true
        },
        "monks-active-tiles": {
          "active": true,
          "record": false,
          "restriction": "all",
          "controlled": "gm",
          "trigger": [
            "dblclick"
          ],
          "allowpaused": false,
          "usealpha": false,
          "pointer": false,
          "pertoken": false,
          "minrequired": 0,
          "chance": 100,
          "fileindex": 0,
          "actions": [],
          "files": [],
          "name": "",
          "vision": false,
          "cooldown": null
        }
      },
      "elevation": 20,
      "sort": 101,
      "restrictions": {
        "light": true,
        "weather": true
      },
      "_key": "!scenes.tiles!236Qo3PZG6A3V0ML.J6plpBVt6SrVZRJi"
    },
    {
      "texture": {
        "src": "modules/fa-battlemaps/images/Transparent.webp",
        "scaleX": 1,
        "scaleY": 1,
        "offsetX": 0,
        "offsetY": 0,
        "rotation": 0,
        "tint": "#ffffff",
        "anchorX": 0.5,
        "anchorY": 0.5,
        "fit": "fill",
        "alphaThreshold": 0.75
      },
      "x": 800,
      "y": 1700,
      "width": 400,
      "height": 300,
      "_id": "mjyXT8VJt0V4A55w",
      "rotation": 0,
      "alpha": 1,
      "hidden": false,
      "locked": false,
      "occlusion": {
        "mode": 1,
        "alpha": 1
      },
      "video": {
        "loop": true,
        "autoplay": true,
        "volume": 0
      },
      "flags": {
        "tagger": {
          "tags": [
            "smoke"
          ]
        },
        "betterroofs": {
          "brMode": false,
          "occlusionLinkId": "roof",
          "occlusionLinkSource": false
        },
        "monks-active-tiles": {
          "active": true,
          "record": false,
          "restriction": "all",
          "controlled": "gm",
          "trigger": [
            "dblclick"
          ],
          "allowpaused": false,
          "usealpha": false,
          "pointer": false,
          "pertoken": false,
          "minrequired": 0,
          "chance": 100,
          "fileindex": 1,
          "actions": [],
          "files": [
            {
              "id": "wm4bRg8WMr1J9pF0",
              "name": "fa_battlemaps/Maps/2023/October/fa_phandalin-alleys/Tiles/PhandalinAlleysSmoke.webp",
              "selected": true
            },
            {
              "id": "YjdE5j7G18MSbdcb",
              "name": "modules/fa-battlemaps/images/Transparent.webp",
              "selected": false
            }
          ]
        }
      },
      "elevation": 20,
      "sort": 103,
      "restrictions": {
        "light": false,
        "weather": false
      },
      "_key": "!scenes.tiles!236Qo3PZG6A3V0ML.mjyXT8VJt0V4A55w"
    },
    {
      "texture": {
        "src": "modules/fa-battlemaps/images/SmallScroll.png",
        "scaleX": 1,
        "scaleY": 1,
        "offsetX": 0,
        "offsetY": 0,
        "rotation": 0,
        "tint": "#ffffff",
        "anchorX": 0.5,
        "anchorY": 0.5,
        "fit": "fill",
        "alphaThreshold": 0.75
      },
      "width": 300,
      "height": 100,
      "_id": "0Fe6umKpl4HP4fQA",
      "rotation": 0,
      "alpha": 1,
      "hidden": false,
      "locked": true,
      "occlusion": {
        "mode": 0,
        "alpha": 1
      },
      "video": {
        "loop": true,
        "autoplay": true,
        "volume": 0
      },
      "flags": {},
      "x": 1900,
      "y": 500,
      "sort": 1,
      "restrictions": {
        "light": false,
        "weather": false
      },
      "elevation": 0,
      "_key": "!scenes.tiles!236Qo3PZG6A3V0ML.0Fe6umKpl4HP4fQA"
    },
    {
      "texture": {
        "src": "fa_battlemaps/Maps/2023/October/fa_phandalin-alleys/Text/Shrine.webp",
        "scaleX": 1,
        "scaleY": 1,
        "offsetX": 0,
        "offsetY": 0,
        "rotation": 0,
        "tint": "#000000",
        "anchorX": 0.5,
        "anchorY": 0.5,
        "fit": "fill",
        "alphaThreshold": 0.75
      },
      "x": 1899,
      "y": 524,
      "width": 300,
      "height": 50,
      "_id": "deHmePJPowJJbPeE",
      "rotation": 0,
      "alpha": 1,
      "hidden": false,
      "locked": true,
      "occlusion": {
        "mode": 0,
        "alpha": 1
      },
      "video": {
        "loop": true,
        "autoplay": true,
        "volume": 0
      },
      "flags": {
        "tagger": {},
        "betterroofs": {
          "brMode": false,
          "occlusionLinkId": "",
          "occlusionLinkSource": false
        },
        "monks-active-tiles": {
          "active": true,
          "record": false,
          "restriction": "all",
          "controlled": "gm",
          "trigger": [
            "dblclick"
          ],
          "allowpaused": false,
          "usealpha": false,
          "pointer": false,
          "pertoken": false,
          "minrequired": 0,
          "chance": 100,
          "fileindex": 0,
          "actions": [
            {
              "action": "alter",
              "data": {
                "entity": {
                  "id": "tile",
                  "name": "This Tile"
                },
                "collection": "tokens",
                "attribute": "texture.tint",
                "value": "='{{entity.texture.tint}}' == '#000000' ? '#890101' : '#000000'",
                "chatMessage": false,
                "rollmode": "roll"
              },
              "id": "ItPjXv6YVArQCG1S"
            },
            {
              "action": "alter",
              "data": {
                "entity": {
                  "id": "tagger:shrine",
                  "match": "all",
                  "scene": "_active",
                  "name": "<i class=\"fas fa-tag fa-sm\"></i> shrine"
                },
                "collection": "tokens",
                "attribute": "alpha",
                "value": "={{entity.alpha}} == 0 ? 1 : 0",
                "chatMessage": false,
                "rollmode": "roll"
              },
              "id": "ww9xaY2Aw3pmYidf"
            }
          ],
          "files": []
        }
      },
      "sort": 2,
      "restrictions": {
        "light": false,
        "weather": false
      },
      "elevation": 0,
      "_key": "!scenes.tiles!236Qo3PZG6A3V0ML.deHmePJPowJJbPeE"
    }
  ],
  "walls": [
    {
      "_id": "HwkBdF4Xpap6jrSQ",
      "c": [
        700,
        500,
        700,
        700
      ],
      "light": 10,
      "move": 20,
      "sight": 10,
      "sound": 0,
      "dir": 0,
      "door": 0,
      "ds": 0,
      "flags": {
        "tagger": {},
        "monks-active-tiles": {
          "entity": {},
          "open": false,
          "close": false,
          "lock": false,
          "checklock": false,
          "secret": false
        }
      },
      "threshold": {
        "light": null,
        "sight": null,
        "sound": null,
        "attenuation": false
      },
      "_key": "!scenes.walls!236Qo3PZG6A3V0ML.HwkBdF4Xpap6jrSQ"
    },
    {
      "_id": "uLDXQ9s68Tu08gil",
      "c": [
        700,
        700,
        1100,
        700
      ],
      "light": 10,
      "move": 20,
      "sight": 10,
      "sound": 0,
      "dir": 0,
      "door": 0,
      "ds": 0,
      "flags": {
        "tagger": {},
        "monks-active-tiles": {
          "entity": {},
          "open": false,
          "close": false,
          "lock": false,
          "checklock": false,
          "secret": false
        }
      },
      "threshold": {
        "light": null,
        "sight": null,
        "sound": null,
        "attenuation": false
      },
      "_key": "!scenes.walls!236Qo3PZG6A3V0ML.uLDXQ9s68Tu08gil"
    },
    {
      "_id": "84fD2SyZWsN1nzC8",
      "c": [
        1100,
        700,
        1100,
        500
      ],
      "light": 10,
      "move": 20,
      "sight": 10,
      "sound": 0,
      "dir": 0,
      "door": 0,
      "ds": 0,
      "flags": {
        "tagger": {},
        "monks-active-tiles": {
          "entity": {},
          "open": false,
          "close": false,
          "lock": false,
          "checklock": false,
          "secret": false
        }
      },
      "threshold": {
        "light": null,
        "sight": null,
        "sound": null,
        "attenuation": false
      },
      "_key": "!scenes.walls!236Qo3PZG6A3V0ML.84fD2SyZWsN1nzC8"
    },
    {
      "_id": "cH2ofdoUJDaa1ONZ",
      "c": [
        1560,
        715,
        1475,
        825
      ],
      "light": 10,
      "move": 20,
      "sight": 10,
      "sound": 0,
      "dir": 0,
      "door": 0,
      "ds": 0,
      "flags": {
        "tagger": {},
        "monks-active-tiles": {
          "entity": {},
          "open": false,
          "close": false,
          "lock": false,
          "checklock": false,
          "secret": false
        }
      },
      "threshold": {
        "light": null,
        "sight": null,
        "sound": null,
        "attenuation": false
      },
      "_key": "!scenes.walls!236Qo3PZG6A3V0ML.cH2ofdoUJDaa1ONZ"
    },
    {
      "_id": "wUXj5XY2iA0U0oCw",
      "c": [
        1475,
        825,
        1350,
        737
      ],
      "light": 10,
      "move": 20,
      "sight": 10,
      "sound": 0,
      "dir": 0,
      "door": 0,
      "ds": 0,
      "flags": {
        "tagger": {},
        "monks-active-tiles": {
          "entity": {},
          "open": false,
          "close": false,
          "lock": false,
          "checklock": false,
          "secret": false
        }
      },
      "threshold": {
        "light": null,
        "sight": null,
        "sound": null,
        "attenuation": false
      },
      "_key": "!scenes.walls!236Qo3PZG6A3V0ML.wUXj5XY2iA0U0oCw"
    },
    {
      "_id": "DO6qrfIe0PG1LKet",
      "c": [
        1350,
        737,
        1450,
        625
      ],
      "light": 10,
      "move": 20,
      "sight": 10,
      "sound": 0,
      "dir": 0,
      "door": 0,
      "ds": 0,
      "flags": {
        "tagger": {},
        "monks-active-tiles": {
          "entity": {},
          "open": false,
          "close": false,
          "lock": false,
          "checklock": false,
          "secret": false
        }
      },
      "threshold": {
        "light": null,
        "sight": null,
        "sound": null,
        "attenuation": false
      },
      "_key": "!scenes.walls!236Qo3PZG6A3V0ML.DO6qrfIe0PG1LKet"
    },
    {
      "_id": "rJJFhmd4t2dlyCwP",
      "c": [
        1450,
        625,
        1560,
        715
      ],
      "light": 10,
      "move": 20,
      "sight": 10,
      "sound": 0,
      "dir": 0,
      "door": 0,
      "ds": 0,
      "flags": {
        "tagger": {},
        "monks-active-tiles": {
          "entity": {},
          "open": false,
          "close": false,
          "lock": false,
          "checklock": false,
          "secret": false
        }
      },
      "threshold": {
        "light": null,
        "sight": null,
        "sound": null,
        "attenuation": false
      },
      "_key": "!scenes.walls!236Qo3PZG6A3V0ML.rJJFhmd4t2dlyCwP"
    },
    {
      "_id": "8okNKGxMz4j5DYkB",
      "c": [
        1900,
        750,
        1837,
        787
      ],
      "light": 10,
      "move": 20,
      "sight": 10,
      "sound": 0,
      "dir": 0,
      "door": 0,
      "ds": 0,
      "flags": {
        "tagger": {},
        "monks-active-tiles": {
          "entity": {},
          "open": false,
          "close": false,
          "lock": false,
          "checklock": false,
          "secret": false
        }
      },
      "threshold": {
        "light": null,
        "sight": null,
        "sound": null,
        "attenuation": false
      },
      "_key": "!scenes.walls!236Qo3PZG6A3V0ML.8okNKGxMz4j5DYkB"
    },
    {
      "_id": "XaYv92B0HH210DTS",
      "c": [
        1837,
        787,
        1812,
        750
      ],
      "light": 10,
      "move": 20,
      "sight": 10,
      "sound": 0,
      "dir": 0,
      "door": 0,
      "ds": 0,
      "flags": {
        "tagger": {},
        "monks-active-tiles": {
          "entity": {},
          "open": false,
          "close": false,
          "lock": false,
          "checklock": false,
          "secret": false
        }
      },
      "threshold": {
        "light": null,
        "sight": null,
        "sound": null,
        "attenuation": false
      },
      "_key": "!scenes.walls!236Qo3PZG6A3V0ML.XaYv92B0HH210DTS"
    },
    {
      "_id": "t4tgOPenK9zgQism",
      "c": [
        1812,
        750,
        1662,
        850
      ],
      "light": 10,
      "move": 20,
      "sight": 10,
      "sound": 0,
      "dir": 0,
      "door": 0,
      "ds": 0,
      "flags": {
        "tagger": {},
        "monks-active-tiles": {
          "entity": {},
          "open": false,
          "close": false,
          "lock": false,
          "checklock": false,
          "secret": false
        }
      },
      "threshold": {
        "light": null,
        "sight": null,
        "sound": null,
        "attenuation": false
      },
      "_key": "!scenes.walls!236Qo3PZG6A3V0ML.t4tgOPenK9zgQism"
    },
    {
      "_id": "o6Q7iD7B8AZE0q3y",
      "c": [
        1662,
        850,
        1687,
        887
      ],
      "light": 10,
      "move": 20,
      "sight": 10,
      "sound": 0,
      "dir": 0,
      "door": 0,
      "ds": 0,
      "flags": {
        "tagger": {},
        "monks-active-tiles": {
          "entity": {},
          "open": false,
          "close": false,
          "lock": false,
          "checklock": false,
          "secret": false
        }
      },
      "threshold": {
        "light": null,
        "sight": null,
        "sound": null,
        "attenuation": false
      },
      "_key": "!scenes.walls!236Qo3PZG6A3V0ML.o6Q7iD7B8AZE0q3y"
    },
    {
      "_id": "HrNENDCyCZdm36ZK",
      "c": [
        1687,
        887,
        1575,
        987
      ],
      "light": 10,
      "move": 20,
      "sight": 10,
      "sound": 0,
      "dir": 0,
      "door": 0,
      "ds": 0,
      "flags": {
        "tagger": {},
        "monks-active-tiles": {
          "entity": {},
          "open": false,
          "close": false,
          "lock": false,
          "checklock": false,
          "secret": false
        }
      },
      "threshold": {
        "light": null,
        "sight": null,
        "sound": null,
        "attenuation": false
      },
      "_key": "!scenes.walls!236Qo3PZG6A3V0ML.HrNENDCyCZdm36ZK"
    },
    {
      "_id": "tS9MdpDc7rn40IeI",
      "c": [
        1575,
        987,
        1762,
        1250
      ],
      "light": 10,
      "move": 20,
      "sight": 10,
      "sound": 0,
      "dir": 0,
      "door": 0,
      "ds": 0,
      "flags": {
        "tagger": {},
        "monks-active-tiles": {
          "entity": {},
          "open": false,
          "close": false,
          "lock": false,
          "checklock": false,
          "secret": false
        }
      },
      "threshold": {
        "light": null,
        "sight": null,
        "sound": null,
        "attenuation": false
      },
      "_key": "!scenes.walls!236Qo3PZG6A3V0ML.tS9MdpDc7rn40IeI"
    },
    {
      "_id": "E1Ggx3OMiQiq2cmu",
      "c": [
        1762,
        1250,
        1900,
        1150
      ],
      "light": 10,
      "move": 20,
      "sight": 10,
      "sound": 0,
      "dir": 0,
      "door": 0,
      "ds": 0,
      "flags": {
        "tagger": {},
        "monks-active-tiles": {
          "entity": {},
          "open": false,
          "close": false,
          "lock": false,
          "checklock": false,
          "secret": false
        }
      },
      "threshold": {
        "light": null,
        "sight": null,
        "sound": null,
        "attenuation": false
      },
      "_key": "!scenes.walls!236Qo3PZG6A3V0ML.E1Ggx3OMiQiq2cmu"
    },
    {
      "_id": "12gvwDDryjUp5TNG",
      "c": [
        400,
        1700,
        600,
        1700
      ],
      "light": 10,
      "move": 20,
      "sight": 10,
      "sound": 0,
      "dir": 0,
      "door": 0,
      "ds": 0,
      "flags": {
        "tagger": {},
        "monks-active-tiles": {
          "entity": {},
          "open": false,
          "close": false,
          "lock": false,
          "checklock": false,
          "secret": false
        }
      },
      "threshold": {
        "light": null,
        "sight": null,
        "sound": null,
        "attenuation": false
      },
      "_key": "!scenes.walls!236Qo3PZG6A3V0ML.12gvwDDryjUp5TNG"
    },
    {
      "_id": "WLEiJvP4ZhI8qLnw",
      "c": [
        600,
        1700,
        587,
        1312
      ],
      "light": 10,
      "move": 20,
      "sight": 10,
      "sound": 0,
      "dir": 0,
      "door": 0,
      "ds": 0,
      "flags": {
        "tagger": {},
        "monks-active-tiles": {
          "entity": {},
          "open": false,
          "close": false,
          "lock": false,
          "checklock": false,
          "secret": false
        }
      },
      "threshold": {
        "light": null,
        "sight": null,
        "sound": null,
        "attenuation": false
      },
      "_key": "!scenes.walls!236Qo3PZG6A3V0ML.WLEiJvP4ZhI8qLnw"
    },
    {
      "_id": "4WOASs59QmKjR14E",
      "c": [
        587,
        1312,
        400,
        1312
      ],
      "light": 10,
      "move": 20,
      "sight": 10,
      "sound": 0,
      "dir": 0,
      "door": 0,
      "ds": 0,
      "flags": {
        "tagger": {},
        "monks-active-tiles": {
          "entity": {},
          "open": false,
          "close": false,
          "lock": false,
          "checklock": false,
          "secret": false
        }
      },
      "threshold": {
        "light": null,
        "sight": null,
        "sound": null,
        "attenuation": false
      },
      "_key": "!scenes.walls!236Qo3PZG6A3V0ML.4WOASs59QmKjR14E"
    },
    {
      "_id": "mV1SCkfwbtIDs34w",
      "c": [
        1036,
        2010,
        950,
        1887
      ],
      "light": 20,
      "move": 20,
      "sight": 20,
      "sound": 20,
      "dir": 0,
      "door": 0,
      "ds": 0,
      "flags": {},
      "threshold": {
        "light": null,
        "sight": null,
        "sound": null,
        "attenuation": false
      },
      "_key": "!scenes.walls!236Qo3PZG6A3V0ML.mV1SCkfwbtIDs34w"
    },
    {
      "_id": "K93zcyUeovf58pba",
      "c": [
        950,
        1887,
        821,
        1703
      ],
      "light": 20,
      "move": 20,
      "sight": 20,
      "sound": 20,
      "dir": 0,
      "door": 0,
      "ds": 0,
      "flags": {},
      "threshold": {
        "light": null,
        "sight": null,
        "sound": null,
        "attenuation": false
      },
      "_key": "!scenes.walls!236Qo3PZG6A3V0ML.K93zcyUeovf58pba"
    },
    {
      "_id": "utXLi7cOMJjiTOgB",
      "c": [
        821,
        1703,
        980,
        1591
      ],
      "light": 20,
      "move": 20,
      "sight": 20,
      "sound": 20,
      "dir": 0,
      "door": 0,
      "ds": 0,
      "flags": {},
      "threshold": {
        "light": null,
        "sight": null,
        "sound": null,
        "attenuation": false
      },
      "_key": "!scenes.walls!236Qo3PZG6A3V0ML.utXLi7cOMJjiTOgB"
    },
    {
      "_id": "wzbXIRcZVqzqn4EF",
      "c": [
        923,
        1514,
        1037,
        1437
      ],
      "light": 20,
      "move": 20,
      "sight": 20,
      "sound": 20,
      "dir": 0,
      "door": 0,
      "ds": 0,
      "flags": {},
      "threshold": {
        "light": null,
        "sight": null,
        "sound": null,
        "attenuation": false
      },
      "_key": "!scenes.walls!236Qo3PZG6A3V0ML.wzbXIRcZVqzqn4EF"
    },
    {
      "_id": "dAktXhHaRpCwWK8q",
      "c": [
        1075,
        1409,
        1183,
        1334
      ],
      "light": 20,
      "move": 20,
      "sight": 20,
      "sound": 20,
      "dir": 0,
      "door": 0,
      "ds": 0,
      "flags": {},
      "threshold": {
        "light": null,
        "sight": null,
        "sound": null,
        "attenuation": false
      },
      "_key": "!scenes.walls!236Qo3PZG6A3V0ML.dAktXhHaRpCwWK8q"
    },
    {
      "_id": "456RCC9Vaf359O1e",
      "c": [
        1183,
        1334,
        1242,
        1414
      ],
      "light": 20,
      "move": 20,
      "sight": 20,
      "sound": 20,
      "dir": 0,
      "door": 0,
      "ds": 0,
      "flags": {},
      "threshold": {
        "light": null,
        "sight": null,
        "sound": null,
        "attenuation": false
      },
      "_key": "!scenes.walls!236Qo3PZG6A3V0ML.456RCC9Vaf359O1e"
    },
    {
      "_id": "T1ME7vOxWfjY0FFM",
      "c": [
        1242,
        1414,
        1269,
        1396
      ],
      "light": 20,
      "move": 20,
      "sight": 20,
      "sound": 20,
      "dir": 0,
      "door": 0,
      "ds": 0,
      "flags": {},
      "threshold": {
        "light": null,
        "sight": null,
        "sound": null,
        "attenuation": false
      },
      "_key": "!scenes.walls!236Qo3PZG6A3V0ML.T1ME7vOxWfjY0FFM"
    },
    {
      "_id": "zyYvX3nB6BQigCRG",
      "c": [
        1269,
        1396,
        1306,
        1453
      ],
      "light": 20,
      "move": 20,
      "sight": 20,
      "sound": 20,
      "dir": 0,
      "door": 0,
      "ds": 0,
      "flags": {},
      "threshold": {
        "light": null,
        "sight": null,
        "sound": null,
        "attenuation": false
      },
      "_key": "!scenes.walls!236Qo3PZG6A3V0ML.zyYvX3nB6BQigCRG"
    },
    {
      "_id": "jW9KrRORgRmmDBdF",
      "c": [
        1306,
        1453,
        1334,
        1490
      ],
      "light": 30,
      "move": 20,
      "sight": 30,
      "sound": 0,
      "dir": 0,
      "door": 0,
      "ds": 0,
      "flags": {
        "tagger": {},
        "monks-active-tiles": {
          "entity": {},
          "open": false,
          "close": false,
          "lock": false,
          "checklock": false,
          "secret": false
        }
      },
      "threshold": {
        "light": 10,
        "sight": 10,
        "sound": null,
        "attenuation": true
      },
      "_key": "!scenes.walls!236Qo3PZG6A3V0ML.jW9KrRORgRmmDBdF"
    },
    {
      "_id": "VOLXQQ6YnQxy1pcF",
      "c": [
        1334,
        1490,
        1375,
        1550
      ],
      "light": 20,
      "move": 20,
      "sight": 20,
      "sound": 20,
      "dir": 0,
      "door": 0,
      "ds": 0,
      "flags": {},
      "threshold": {
        "light": null,
        "sight": null,
        "sound": null,
        "attenuation": false
      },
      "_key": "!scenes.walls!236Qo3PZG6A3V0ML.VOLXQQ6YnQxy1pcF"
    },
    {
      "_id": "tJpkpqTOUZjkuJf9",
      "c": [
        1375,
        1550,
        1425,
        1625
      ],
      "light": 20,
      "move": 20,
      "sight": 20,
      "sound": 20,
      "dir": 0,
      "door": 1,
      "ds": 0,
      "flags": {
        "tagger": {},
        "monks-active-tiles": {
          "entity": {
            "id": "tagger:door2",
            "match": "all",
            "scene": "_active",
            "name": "<i class=\"fas fa-tag fa-sm\"></i> door2"
          },
          "open": true,
          "close": true,
          "lock": false,
          "checklock": false,
          "secret": false
        }
      },
      "threshold": {
        "light": null,
        "sight": null,
        "sound": null,
        "attenuation": false
      },
      "doorSound": "woodBasic",
      "_key": "!scenes.walls!236Qo3PZG6A3V0ML.tJpkpqTOUZjkuJf9"
    },
    {
      "_id": "MVTEeTH5shGNBh3E",
      "c": [
        1425,
        1625,
        1475,
        1700
      ],
      "light": 20,
      "move": 20,
      "sight": 20,
      "sound": 20,
      "dir": 0,
      "door": 0,
      "ds": 0,
      "flags": {},
      "threshold": {
        "light": null,
        "sight": null,
        "sound": null,
        "attenuation": false
      },
      "_key": "!scenes.walls!236Qo3PZG6A3V0ML.MVTEeTH5shGNBh3E"
    },
    {
      "_id": "MZQn8UbpUwJ8h2lp",
      "c": [
        1475,
        1700,
        1387,
        1762
      ],
      "light": 20,
      "move": 20,
      "sight": 20,
      "sound": 20,
      "dir": 0,
      "door": 0,
      "ds": 0,
      "flags": {},
      "threshold": {
        "light": null,
        "sight": null,
        "sound": null,
        "attenuation": false
      },
      "_key": "!scenes.walls!236Qo3PZG6A3V0ML.MZQn8UbpUwJ8h2lp"
    },
    {
      "_id": "PsRKV9Lw4uA2bJkE",
      "c": [
        1387,
        1762,
        1350,
        1787
      ],
      "light": 30,
      "move": 20,
      "sight": 30,
      "sound": 20,
      "dir": 0,
      "door": 0,
      "ds": 0,
      "flags": {
        "tagger": {},
        "monks-active-tiles": {
          "entity": {},
          "open": false,
          "close": false,
          "lock": false,
          "checklock": false,
          "secret": false
        }
      },
      "threshold": {
        "light": 10,
        "sight": 10,
        "sound": null,
        "attenuation": true
      },
      "_key": "!scenes.walls!236Qo3PZG6A3V0ML.PsRKV9Lw4uA2bJkE"
    },
    {
      "_id": "VOOZ6K1oWD4qxzPr",
      "c": [
        1350,
        1787,
        1191,
        1900
      ],
      "light": 20,
      "move": 20,
      "sight": 20,
      "sound": 20,
      "dir": 0,
      "door": 0,
      "ds": 0,
      "flags": {},
      "threshold": {
        "light": null,
        "sight": null,
        "sound": null,
        "attenuation": false
      },
      "_key": "!scenes.walls!236Qo3PZG6A3V0ML.VOOZ6K1oWD4qxzPr"
    },
    {
      "_id": "A9sJkzXIGTxXUKH5",
      "c": [
        1191,
        1900,
        1151,
        1929
      ],
      "light": 30,
      "move": 20,
      "sight": 30,
      "sound": 20,
      "dir": 0,
      "door": 0,
      "ds": 0,
      "flags": {
        "tagger": {},
        "monks-active-tiles": {
          "entity": {},
          "open": false,
          "close": false,
          "lock": false,
          "checklock": false,
          "secret": false
        }
      },
      "threshold": {
        "light": 10,
        "sight": 10,
        "sound": null,
        "attenuation": true
      },
      "_key": "!scenes.walls!236Qo3PZG6A3V0ML.A9sJkzXIGTxXUKH5"
    },
    {
      "_id": "QoGVMYLGBJAtiOpl",
      "c": [
        1151,
        1929,
        1036,
        2010
      ],
      "light": 20,
      "move": 20,
      "sight": 20,
      "sound": 20,
      "dir": 0,
      "door": 0,
      "ds": 0,
      "flags": {},
      "threshold": {
        "light": null,
        "sight": null,
        "sound": null,
        "attenuation": false
      },
      "_key": "!scenes.walls!236Qo3PZG6A3V0ML.QoGVMYLGBJAtiOpl"
    },
    {
      "_id": "up0bVOPW2L6j52is",
      "c": [
        1075,
        1409,
        1037,
        1437
      ],
      "light": 30,
      "move": 20,
      "sight": 30,
      "sound": 20,
      "dir": 0,
      "door": 0,
      "ds": 0,
      "flags": {
        "tagger": {},
        "monks-active-tiles": {
          "entity": {},
          "open": false,
          "close": false,
          "lock": false,
          "checklock": false,
          "secret": false
        }
      },
      "threshold": {
        "light": 10,
        "sight": 10,
        "sound": null,
        "attenuation": true
      },
      "_key": "!scenes.walls!236Qo3PZG6A3V0ML.up0bVOPW2L6j52is"
    },
    {
      "_id": "ESWulKR7vrOVvVgt",
      "c": [
        980,
        1591,
        923,
        1514
      ],
      "light": 20,
      "move": 20,
      "sight": 20,
      "sound": 20,
      "dir": 0,
      "door": 1,
      "ds": 0,
      "flags": {
        "tagger": {},
        "monks-active-tiles": {
          "entity": {
            "id": "tagger:door1",
            "match": "all",
            "scene": "_active",
            "name": "<i class=\"fas fa-tag fa-sm\"></i> door1"
          },
          "open": true,
          "close": true,
          "lock": false,
          "checklock": false,
          "secret": false
        }
      },
      "threshold": {
        "light": null,
        "sight": null,
        "sound": null,
        "attenuation": false
      },
      "doorSound": "woodBasic",
      "_key": "!scenes.walls!236Qo3PZG6A3V0ML.ESWulKR7vrOVvVgt"
    },
    {
      "_id": "Bdg1VUJa6tlm0343",
      "c": [
        1425,
        1625,
        1362,
        1675
      ],
      "light": 0,
      "move": 0,
      "sight": 0,
      "sound": 0,
      "dir": 0,
      "door": 0,
      "ds": 0,
      "flags": {
        "tagger": {
          "tags": [
            "doorwall"
          ]
        },
        "monks-active-tiles": {
          "entity": {},
          "open": false,
          "close": false,
          "lock": false,
          "checklock": false,
          "secret": false
        }
      },
      "threshold": {
        "light": null,
        "sight": null,
        "sound": null,
        "attenuation": false
      },
      "_key": "!scenes.walls!236Qo3PZG6A3V0ML.Bdg1VUJa6tlm0343"
    },
    {
      "_id": "bWwquiPbUZVpcPv8",
      "c": [
        1187,
        1237,
        1087,
        1312
      ],
      "light": 10,
      "move": 20,
      "sight": 10,
      "sound": 0,
      "dir": 0,
      "door": 0,
      "ds": 0,
      "flags": {
        "tagger": {},
        "monks-active-tiles": {
          "entity": {},
          "open": false,
          "close": false,
          "lock": false,
          "checklock": false,
          "secret": false
        }
      },
      "threshold": {
        "light": null,
        "sight": null,
        "sound": null,
        "attenuation": false
      },
      "_key": "!scenes.walls!236Qo3PZG6A3V0ML.bWwquiPbUZVpcPv8"
    },
    {
      "_id": "d8ErinscgS6MeDu9",
      "c": [
        1087,
        1312,
        1037,
        1250
      ],
      "light": 10,
      "move": 20,
      "sight": 10,
      "sound": 0,
      "dir": 0,
      "door": 0,
      "ds": 0,
      "flags": {
        "tagger": {},
        "monks-active-tiles": {
          "entity": {},
          "open": false,
          "close": false,
          "lock": false,
          "checklock": false,
          "secret": false
        }
      },
      "threshold": {
        "light": null,
        "sight": null,
        "sound": null,
        "attenuation": false
      },
      "_key": "!scenes.walls!236Qo3PZG6A3V0ML.d8ErinscgS6MeDu9"
    },
    {
      "_id": "cCUizCHmpvRK7rUu",
      "c": [
        1037,
        1250,
        1137,
        1175
      ],
      "light": 10,
      "move": 20,
      "sight": 10,
      "sound": 0,
      "dir": 0,
      "door": 0,
      "ds": 0,
      "flags": {
        "tagger": {},
        "monks-active-tiles": {
          "entity": {},
          "open": false,
          "close": false,
          "lock": false,
          "checklock": false,
          "secret": false
        }
      },
      "threshold": {
        "light": null,
        "sight": null,
        "sound": null,
        "attenuation": false
      },
      "_key": "!scenes.walls!236Qo3PZG6A3V0ML.cCUizCHmpvRK7rUu"
    },
    {
      "_id": "kNXKOGjSTkisHyt9",
      "c": [
        1137,
        1175,
        1187,
        1237
      ],
      "light": 10,
      "move": 20,
      "sight": 10,
      "sound": 0,
      "dir": 0,
      "door": 0,
      "ds": 0,
      "flags": {
        "tagger": {},
        "monks-active-tiles": {
          "entity": {},
          "open": false,
          "close": false,
          "lock": false,
          "checklock": false,
          "secret": false
        }
      },
      "threshold": {
        "light": null,
        "sight": null,
        "sound": null,
        "attenuation": false
      },
      "_key": "!scenes.walls!236Qo3PZG6A3V0ML.kNXKOGjSTkisHyt9"
    },
    {
      "dir": 0,
      "door": 0,
      "ds": 0,
      "light": 20,
      "sight": 20,
      "sound": 20,
      "move": 20,
      "c": [
        400,
        500,
        1900,
        500
      ],
      "_id": "8vcLYriS6TqgMGkB",
      "flags": {},
      "threshold": {
        "light": null,
        "sight": null,
        "sound": null,
        "attenuation": false
      },
      "_key": "!scenes.walls!236Qo3PZG6A3V0ML.8vcLYriS6TqgMGkB"
    },
    {
      "dir": 0,
      "door": 0,
      "ds": 0,
      "light": 20,
      "sight": 20,
      "sound": 20,
      "move": 20,
      "c": [
        1900,
        500,
        1900,
        2500
      ],
      "_id": "tQjscq1SkxmO5smM",
      "flags": {},
      "threshold": {
        "light": null,
        "sight": null,
        "sound": null,
        "attenuation": false
      },
      "_key": "!scenes.walls!236Qo3PZG6A3V0ML.tQjscq1SkxmO5smM"
    },
    {
      "dir": 0,
      "door": 0,
      "ds": 0,
      "light": 20,
      "sight": 20,
      "sound": 20,
      "move": 20,
      "c": [
        1900,
        2500,
        400,
        2500
      ],
      "_id": "apgGzAsWnracj5aW",
      "flags": {},
      "threshold": {
        "light": null,
        "sight": null,
        "sound": null,
        "attenuation": false
      },
      "_key": "!scenes.walls!236Qo3PZG6A3V0ML.apgGzAsWnracj5aW"
    },
    {
      "dir": 0,
      "door": 0,
      "ds": 0,
      "light": 20,
      "sight": 20,
      "sound": 20,
      "move": 20,
      "c": [
        400,
        2500,
        400,
        500
      ],
      "_id": "N2w0LbU81zX2scoS",
      "flags": {},
      "threshold": {
        "light": null,
        "sight": null,
        "sound": null,
        "attenuation": false
      },
      "_key": "!scenes.walls!236Qo3PZG6A3V0ML.N2w0LbU81zX2scoS"
    }
  ],
  "playlist": null,
  "playlistSound": null,
  "journal": null,
  "journalEntryPage": null,
  "weather": "",
  "flags": {},
  "_stats": {
    "systemId": "dnd5e",
    "systemVersion": "2.4.1",
    "coreVersion": "12.330",
    "createdTime": 1697575931748,
    "modifiedTime": 1723947037793,
    "lastModifiedBy": "dnd5ebuilder0000",
    "compendiumSource": "Compendium.fa-battlemaps.maps.236Qo3PZG6A3V0ML",
    "duplicateSource": null
  },
  "_id": "236Qo3PZG6A3V0ML",
  "active": false,
  "folder": null,
  "sort": 0,
  "ownership": {
    "default": 0
  },
  "regions": [],
  "environment": {
    "globalLight": {
      "luminosity": 0,
      "enabled": true,
      "darkness": {
        "max": 1,
        "min": 0
      },
      "alpha": 0.5,
      "bright": false,
      "color": null,
      "coloration": 1,
      "saturation": 0,
      "contrast": 0,
      "shadows": 0
    },
    "darknessLevel": 0.05,
    "darknessLock": false,
    "cycle": true,
    "base": {
      "hue": 0,
      "intensity": 0,
      "luminosity": 0,
      "saturation": 0,
      "shadows": 0
    },
    "dark": {
      "hue": 0.7138888888888889,
      "intensity": 0,
      "luminosity": -0.25,
      "saturation": 0,
      "shadows": 0
    }
  },
  "fog": {
    "exploration": true,
    "reset": 1697575931746,
    "overlay": null,
    "colors": {
      "explored": null,
      "unexplored": null
    }
  },
  "_key": "!scenes!236Qo3PZG6A3V0ML"
}
