{
  "name": "Red Rock Gully [22x16]",
  "navigation": false,
  "navOrder": 0,
  "navName": "",
  "background": {
    "src": null,
    "scaleX": 1,
    "scaleY": 1,
    "offsetX": 0,
    "offsetY": 0,
    "rotation": 0,
    "tint": "#ffffff",
    "anchorX": 0,
    "anchorY": 0,
    "fit": "fill",
    "alphaThreshold": 0
  },
  "foreground": null,
  "foregroundElevation": 20,
  "thumb": "modules/fa-battlemaps/assets/scenes/srUOLXGBiHmuYEHu-thumb.webp",
  "width": 2200,
  "height": 1600,
  "padding": 0.25,
  "initial": {
    "x": null,
    "y": null,
    "scale": null
  },
  "backgroundColor": "#000000",
  "grid": {
    "type": 1,
    "size": 100,
    "color": "#000000",
    "alpha": 0.2,
    "distance": 5,
    "units": "ft",
    "style": "solidLines",
    "thickness": 1
  },
  "tokenVision": true,
  "drawings": [],
  "tokens": [],
  "lights": [],
  "notes": [],
  "sounds": [
    {
      "x": 1700,
      "y": 1300,
      "radius": 94.18,
      "path": "fa_battlemaps/Audio/DesertWind.ogg",
      "repeat": false,
      "volume": 0.35,
      "walls": false,
      "easing": false,
      "hidden": false,
      "darkness": {
        "min": 0,
        "max": 1
      },
      "flags": {
        "tagger": {
          "tags": ""
        }
      },
      "_id": "GNrcP1xC9Qh9ZAa7",
      "elevation": 0,
      "effects": {
        "base": {
          "intensity": 5
        },
        "muffled": {
          "intensity": 5
        }
      },
      "_key": "!scenes.sounds!srUOLXGBiHmuYEHu.GNrcP1xC9Qh9ZAa7"
    }
  ],
  "templates": [],
  "tiles": [
    {
      "texture": {
        "src": "fa_battlemaps/Maps/2023/February/fa_redrockgully/maps/RedRockGullyBG.webp",
        "scaleX": 1,
        "scaleY": 1,
        "offsetX": 0,
        "offsetY": 0,
        "rotation": 0,
        "tint": "#ffffff",
        "anchorX": 0.5,
        "anchorY": 0.5,
        "fit": "fill",
        "alphaThreshold": 0.75
      },
      "x": 600,
      "y": 400,
      "width": 2200,
      "height": 1600,
      "_id": "JgaACBVizTtIPYOl",
      "rotation": 0,
      "alpha": 1,
      "hidden": false,
      "locked": false,
      "occlusion": {
        "mode": 0,
        "alpha": 0
      },
      "video": {
        "loop": true,
        "autoplay": true,
        "volume": 0
      },
      "flags": {
        "tagger": {
          "tags": [
            "Map"
          ]
        },
        "monks-active-tiles": {
          "active": false,
          "record": false,
          "restriction": "all",
          "controlled": "gm",
          "trigger": [
            ""
          ],
          "allowpaused": false,
          "usealpha": false,
          "pointer": false,
          "pertoken": false,
          "minrequired": 0,
          "chance": 0,
          "fileindex": 0,
          "actions": [],
          "files": [
            {
              "id": "sFv5pjrpEQ8uyrWo",
              "name": "fa_battlemaps/Maps/2023/February/fa_redrockgully/maps/RedRockGullyBG.webp",
              "selected": true
            },
            {
              "id": "hhglb26tpwQQHvsB",
              "name": "fa_battlemaps/Maps/2023/February/fa_redrockgully/maps/BarrenGullyBG.webp",
              "selected": false
            }
          ]
        }
      },
      "sort": 1,
      "restrictions": {
        "light": false,
        "weather": false
      },
      "elevation": 0,
      "_key": "!scenes.tiles!srUOLXGBiHmuYEHu.JgaACBVizTtIPYOl"
    },
    {
      "texture": {
        "src": "modules/fa-battlemaps/images/SmallScroll.png",
        "scaleX": 1,
        "scaleY": 1,
        "offsetX": 0,
        "offsetY": 0,
        "rotation": 0,
        "tint": "#ffffff",
        "anchorX": 0.5,
        "anchorY": 0.5,
        "fit": "fill",
        "alphaThreshold": 0.75
      },
      "x": 2800,
      "y": 400,
      "width": 300,
      "height": 100,
      "_id": "OELdWPoPCXsWb3fa",
      "rotation": 0,
      "alpha": 1,
      "hidden": false,
      "locked": true,
      "occlusion": {
        "mode": 0,
        "alpha": 0
      },
      "video": {
        "loop": true,
        "autoplay": true,
        "volume": 0
      },
      "flags": {},
      "sort": 2,
      "restrictions": {
        "light": false,
        "weather": false
      },
      "elevation": 0,
      "_key": "!scenes.tiles!srUOLXGBiHmuYEHu.OELdWPoPCXsWb3fa"
    },
    {
      "texture": {
        "src": "fa_battlemaps/Maps/2023/February/fa_redrockgully/text/Alternate.webp",
        "scaleX": 1,
        "scaleY": 1,
        "offsetX": 0,
        "offsetY": 0,
        "rotation": 0,
        "tint": "#000000",
        "anchorX": 0.5,
        "anchorY": 0.5,
        "fit": "fill",
        "alphaThreshold": 0.75
      },
      "x": 2800,
      "y": 423,
      "width": 300,
      "height": 50,
      "rotation": 0,
      "alpha": 1,
      "hidden": false,
      "locked": false,
      "occlusion": {
        "mode": 0,
        "alpha": 0
      },
      "video": {
        "loop": true,
        "autoplay": true,
        "volume": 0
      },
      "flags": {
        "tagger": {},
        "monks-active-tiles": {
          "active": true,
          "record": false,
          "restriction": "all",
          "controlled": "gm",
          "trigger": [
            "dblclick"
          ],
          "allowpaused": false,
          "usealpha": false,
          "pointer": false,
          "pertoken": false,
          "minrequired": 0,
          "chance": 100,
          "fileindex": 0,
          "actions": [
            {
              "action": "tileimage",
              "data": {
                "entity": {
                  "id": "tagger:Map",
                  "match": "all",
                  "scene": "_active",
                  "name": "<i class=\"fas fa-tag fa-sm\"></i> Map"
                },
                "select": "next",
                "transition": "none",
                "speed": 1,
                "loop": 1
              },
              "id": "cBc5nyQEf7qjnal1"
            },
            {
              "action": "alter",
              "data": {
                "entity": {
                  "id": "tile",
                  "name": "This Tile"
                },
                "attribute": "texture.tint",
                "value": "='{{entity.texture.tint}}' == '#000000' ? '#890101' : '#000000'",
                "chatMessage": false,
                "rollmode": "roll"
              },
              "id": "8RlqJ5uZ68H7QoUk"
            }
          ],
          "files": [],
          "name": "",
          "vision": false,
          "cooldown": null
        },
        "betterroofs": {
          "brMode": false,
          "occlusionLinkId": "",
          "occlusionLinkSource": false
        }
      },
      "_id": "uwC4Y9HXrKfcqnI4",
      "sort": 3,
      "restrictions": {
        "light": false,
        "weather": false
      },
      "elevation": 0,
      "_key": "!scenes.tiles!srUOLXGBiHmuYEHu.uwC4Y9HXrKfcqnI4"
    }
  ],
  "walls": [
    {
      "_id": "E3XpHJm6jq4lRcwJ",
      "c": [
        2800,
        400,
        600,
        400
      ],
      "light": 20,
      "move": 20,
      "sight": 20,
      "sound": 20,
      "dir": 0,
      "door": 0,
      "ds": 0,
      "flags": {},
      "threshold": {
        "light": null,
        "sight": null,
        "sound": null,
        "attenuation": false
      },
      "_key": "!scenes.walls!srUOLXGBiHmuYEHu.E3XpHJm6jq4lRcwJ"
    },
    {
      "_id": "xW5ISoz5TbK0QAyR",
      "c": [
        2800,
        400,
        2800,
        2000
      ],
      "light": 20,
      "move": 20,
      "sight": 20,
      "sound": 20,
      "dir": 0,
      "door": 0,
      "ds": 0,
      "flags": {},
      "threshold": {
        "light": null,
        "sight": null,
        "sound": null,
        "attenuation": false
      },
      "_key": "!scenes.walls!srUOLXGBiHmuYEHu.xW5ISoz5TbK0QAyR"
    },
    {
      "_id": "2RPiPfSaVNPebhkC",
      "c": [
        2800,
        2000,
        600,
        2000
      ],
      "light": 20,
      "move": 20,
      "sight": 20,
      "sound": 20,
      "dir": 0,
      "door": 0,
      "ds": 0,
      "flags": {},
      "threshold": {
        "light": null,
        "sight": null,
        "sound": null,
        "attenuation": false
      },
      "_key": "!scenes.walls!srUOLXGBiHmuYEHu.2RPiPfSaVNPebhkC"
    },
    {
      "_id": "gzDJGxEuZO2FSXnF",
      "c": [
        600,
        2000,
        600,
        400
      ],
      "light": 20,
      "move": 20,
      "sight": 20,
      "sound": 20,
      "dir": 0,
      "door": 0,
      "ds": 0,
      "flags": {},
      "threshold": {
        "light": null,
        "sight": null,
        "sound": null,
        "attenuation": false
      },
      "_key": "!scenes.walls!srUOLXGBiHmuYEHu.gzDJGxEuZO2FSXnF"
    }
  ],
  "playlist": null,
  "playlistSound": null,
  "journal": null,
  "journalEntryPage": null,
  "weather": "",
  "flags": {},
  "_stats": {
    "systemId": "dnd5e",
    "systemVersion": "2.4.1",
    "coreVersion": "12.330",
    "createdTime": 1675820927191,
    "modifiedTime": 1723948174817,
    "lastModifiedBy": "dnd5ebuilder0000",
    "compendiumSource": "Compendium.fa-battlemaps.maps.srUOLXGBiHmuYEHu",
    "duplicateSource": null
  },
  "_id": "srUOLXGBiHmuYEHu",
  "active": false,
  "folder": null,
  "sort": 0,
  "ownership": {
    "default": 0
  },
  "regions": [],
  "environment": {
    "globalLight": {
      "luminosity": 0,
      "enabled": true,
      "darkness": {
        "max": 0.75,
        "min": 0
      },
      "alpha": 0.5,
      "bright": false,
      "color": null,
      "coloration": 1,
      "saturation": 0,
      "contrast": 0,
      "shadows": 0
    },
    "darknessLevel": 0,
    "darknessLock": false,
    "cycle": true,
    "base": {
      "hue": 0,
      "intensity": 0,
      "luminosity": 0,
      "saturation": 0,
      "shadows": 0
    },
    "dark": {
      "hue": 0.7138888888888889,
      "intensity": 0,
      "luminosity": -0.25,
      "saturation": 0,
      "shadows": 0
    }
  },
  "fog": {
    "exploration": true,
    "reset": 1675820927189,
    "overlay": null,
    "colors": {
      "explored": null,
      "unexplored": null
    }
  },
  "_key": "!scenes!srUOLXGBiHmuYEHu"
}
