{
  "name": "Residential Nook [26x30]",
  "navigation": false,
  "navOrder": 0,
  "navName": "",
  "background": {
    "src": "fa_battlemaps/Maps/2024/January/fa_residentialnook/Maps/BG.webp",
    "scaleX": 1,
    "scaleY": 1,
    "offsetX": 0,
    "offsetY": 0,
    "rotation": 0,
    "tint": "#ffffff",
    "anchorX": 0,
    "anchorY": 0,
    "fit": "fill",
    "alphaThreshold": 0
  },
  "foreground": null,
  "foregroundElevation": 20,
  "thumb": "modules/fa-battlemaps/assets/scenes/3JyA3Zf5atqus9Wf-thumb.webp",
  "width": 2600,
  "height": 3000,
  "padding": 0.25,
  "initial": {
    "x": 2095,
    "y": 2176,
    "scale": 0.6618372422545322
  },
  "backgroundColor": "#000000",
  "grid": {
    "type": 1,
    "size": 100,
    "color": "#000000",
    "alpha": 0.2,
    "distance": 5,
    "units": "ft",
    "style": "solidLines",
    "thickness": 1
  },
  "tokenVision": true,
  "drawings": [],
  "tokens": [],
  "lights": [],
  "notes": [],
  "sounds": [
    {
      "path": "fa_battlemaps/Audio/C-SideStreet.ogg",
      "x": 1950,
      "y": 2350,
      "radius": 105,
      "easing": false,
      "walls": false,
      "volume": 0.2,
      "darkness": {
        "min": 0,
        "max": 0.69
      },
      "flags": {
        "tagger": {
          "tags": ""
        }
      },
      "_id": "CAOiyVVcVKrvjufT",
      "repeat": false,
      "hidden": false,
      "elevation": 0,
      "effects": {
        "base": {
          "intensity": 5
        },
        "muffled": {
          "intensity": 5
        }
      },
      "_key": "!scenes.sounds!3JyA3Zf5atqus9Wf.CAOiyVVcVKrvjufT"
    },
    {
      "path": "fa_battlemaps/Audio/C-City-Night.ogg",
      "x": 1900,
      "y": 2300,
      "radius": 105,
      "easing": false,
      "walls": false,
      "volume": 0.2,
      "darkness": {
        "min": 0.7,
        "max": 1
      },
      "flags": {
        "tagger": {
          "tags": ""
        }
      },
      "repeat": false,
      "hidden": false,
      "_id": "HcPxE3vuWAjMYzec",
      "elevation": 0,
      "effects": {
        "base": {
          "intensity": 5
        },
        "muffled": {
          "intensity": 5
        }
      },
      "_key": "!scenes.sounds!3JyA3Zf5atqus9Wf.HcPxE3vuWAjMYzec"
    }
  ],
  "templates": [],
  "tiles": [
    {
      "texture": {
        "src": "fa_battlemaps/Maps/2024/January/fa_residentialnook/Tiles/NoFence.webp",
        "scaleX": 1,
        "scaleY": 1,
        "offsetX": 0,
        "offsetY": 0,
        "rotation": 0,
        "tint": "#ffffff",
        "anchorX": 0.5,
        "anchorY": 0.5,
        "fit": "fill",
        "alphaThreshold": 0.75
      },
      "x": 1000,
      "y": 1600,
      "width": 1400,
      "height": 1200,
      "_id": "6mSV0Io7s5XCi0C2",
      "rotation": 0,
      "alpha": 0,
      "hidden": false,
      "locked": false,
      "occlusion": {
        "mode": 0,
        "alpha": 1
      },
      "video": {
        "loop": true,
        "autoplay": true,
        "volume": 0
      },
      "flags": {
        "tagger": {
          "tags": [
            "fence"
          ]
        },
        "monks-active-tiles": {
          "active": true,
          "record": false,
          "restriction": "all",
          "controlled": "all",
          "trigger": [
            "enter"
          ],
          "allowpaused": false,
          "usealpha": false,
          "pointer": false,
          "pertoken": false,
          "minrequired": 0,
          "chance": 100,
          "fileindex": -1,
          "actions": [],
          "files": []
        }
      },
      "sort": 10,
      "restrictions": {
        "light": false,
        "weather": false
      },
      "elevation": 0,
      "_key": "!scenes.tiles!3JyA3Zf5atqus9Wf.6mSV0Io7s5XCi0C2"
    },
    {
      "texture": {
        "src": "fa_battlemaps/Maps/2024/January/fa_residentialnook/Tiles/NoWell.webp",
        "scaleX": 1,
        "scaleY": 1,
        "offsetX": 0,
        "offsetY": 0,
        "rotation": 0,
        "tint": "#ffffff",
        "anchorX": 0.5,
        "anchorY": 0.5,
        "fit": "fill",
        "alphaThreshold": 0.75
      },
      "x": 1500,
      "y": 2100,
      "width": 300,
      "height": 200,
      "_id": "RyfH7llhUPfM8rSQ",
      "rotation": 0,
      "alpha": 0,
      "hidden": false,
      "locked": false,
      "occlusion": {
        "mode": 0,
        "alpha": 1
      },
      "video": {
        "loop": true,
        "autoplay": true,
        "volume": 0
      },
      "flags": {
        "tagger": {
          "tags": [
            "well"
          ]
        },
        "monks-active-tiles": {
          "active": true,
          "record": false,
          "restriction": "all",
          "controlled": "all",
          "trigger": [
            "enter"
          ],
          "allowpaused": false,
          "usealpha": false,
          "pointer": false,
          "pertoken": false,
          "minrequired": 0,
          "chance": 100,
          "fileindex": -1,
          "actions": [],
          "files": []
        }
      },
      "sort": 9,
      "restrictions": {
        "light": false,
        "weather": false
      },
      "elevation": 0,
      "_key": "!scenes.tiles!3JyA3Zf5atqus9Wf.RyfH7llhUPfM8rSQ"
    },
    {
      "texture": {
        "src": "modules/fa-battlemaps/images/Scroll2.webp",
        "scaleX": 1,
        "scaleY": 1,
        "offsetX": 0,
        "offsetY": 0,
        "rotation": 0,
        "tint": "#ffffff",
        "anchorX": 0.5,
        "anchorY": 0.5,
        "fit": "fill",
        "alphaThreshold": 0.75
      },
      "x": 3364,
      "y": 856,
      "width": 228.4,
      "height": 439.9,
      "_id": "VjdBZodWQ8VGdIEi",
      "rotation": 0,
      "alpha": 1,
      "hidden": false,
      "locked": false,
      "occlusion": {
        "mode": 0,
        "alpha": 1
      },
      "video": {
        "loop": true,
        "autoplay": true,
        "volume": 0
      },
      "flags": {},
      "sort": 2,
      "restrictions": {
        "light": false,
        "weather": false
      },
      "elevation": 0,
      "_key": "!scenes.tiles!3JyA3Zf5atqus9Wf.VjdBZodWQ8VGdIEi"
    },
    {
      "texture": {
        "src": "modules/fa-battlemaps/images/Swing_Indicator_A1_White_1x1.png",
        "scaleX": 1,
        "scaleY": 1,
        "offsetX": 0,
        "offsetY": 0,
        "rotation": 0,
        "tint": "#ffffff",
        "anchorX": 0.5,
        "anchorY": 0.5,
        "fit": "fill",
        "alphaThreshold": 0.75
      },
      "x": 1900,
      "y": 2800,
      "width": 100,
      "height": 100,
      "_id": "OW4zmUjdDwFThF8i",
      "rotation": 0,
      "alpha": 0.2,
      "hidden": false,
      "locked": false,
      "occlusion": {
        "mode": 0,
        "alpha": 1
      },
      "video": {
        "loop": true,
        "autoplay": true,
        "volume": 0
      },
      "flags": {
        "tagger": {},
        "monks-active-tiles": {
          "active": true,
          "record": false,
          "restriction": "all",
          "controlled": "all",
          "trigger": [
            "enter"
          ],
          "allowpaused": false,
          "usealpha": false,
          "pointer": false,
          "pertoken": false,
          "minrequired": 0,
          "chance": 100,
          "fileindex": -1,
          "actions": [],
          "files": []
        }
      },
      "sort": 8,
      "restrictions": {
        "light": false,
        "weather": false
      },
      "elevation": 0,
      "_key": "!scenes.tiles!3JyA3Zf5atqus9Wf.OW4zmUjdDwFThF8i"
    },
    {
      "texture": {
        "src": "modules/fa-battlemaps/images/AnimationsText.png",
        "scaleX": 1,
        "scaleY": 1,
        "offsetX": 0,
        "offsetY": 0,
        "rotation": 0,
        "tint": "#000000",
        "anchorX": 0.5,
        "anchorY": 0.5,
        "fit": "fill",
        "alphaThreshold": 0.75
      },
      "x": 3333,
      "y": 1300,
      "width": 300,
      "height": 50,
      "_id": "5IeII1o0L5c8YOaB",
      "rotation": 0,
      "alpha": 1,
      "hidden": false,
      "locked": false,
      "occlusion": {
        "mode": 0,
        "alpha": 1
      },
      "video": {
        "loop": true,
        "autoplay": true,
        "volume": 0
      },
      "flags": {
        "tagger": {},
        "monks-active-tiles": {
          "active": true,
          "record": false,
          "restriction": "all",
          "controlled": "gm",
          "trigger": [
            "",
            "dblclick"
          ],
          "allowpaused": false,
          "usealpha": false,
          "pointer": true,
          "pertoken": false,
          "minrequired": 0,
          "chance": 100,
          "fileindex": 0,
          "actions": [
            {
              "action": "tileimage",
              "data": {
                "entity": {
                  "id": "tagger:an",
                  "match": "all",
                  "scene": "_active",
                  "name": "<i class=\"fas fa-tag fa-sm\"></i> an"
                },
                "select": "next",
                "transition": "none",
                "speed": 1,
                "loop": 1
              },
              "id": "tfio2yf2kyhezSlb"
            },
            {
              "action": "alter",
              "data": {
                "entity": {
                  "id": "tile",
                  "name": "This Tile"
                },
                "collection": "tokens",
                "attribute": "texture.tint",
                "value": "='{{entity.texture.tint}}' == '#000000' ? '#890101' : '#000000'",
                "chatMessage": false,
                "rollmode": "roll"
              },
              "id": "1XDZKaHiHs4gbrKT"
            }
          ],
          "files": []
        }
      },
      "sort": 6,
      "restrictions": {
        "light": false,
        "weather": false
      },
      "elevation": 0,
      "_key": "!scenes.tiles!3JyA3Zf5atqus9Wf.5IeII1o0L5c8YOaB"
    },
    {
      "texture": {
        "src": "fa_battlemaps/Maps/2024/January/fa_residentialnook/Text/roof.png",
        "scaleX": 1,
        "scaleY": 1,
        "offsetX": 0,
        "offsetY": 0,
        "rotation": 0,
        "tint": "#890101",
        "anchorX": 0.5,
        "anchorY": 0.5,
        "fit": "fill",
        "alphaThreshold": 0.75
      },
      "x": 3369,
      "y": 925,
      "width": 225,
      "height": 75,
      "_id": "GeXoFkwP2j6aCR26",
      "rotation": 0,
      "alpha": 1,
      "hidden": false,
      "locked": false,
      "occlusion": {
        "mode": 0,
        "alpha": 1
      },
      "video": {
        "loop": true,
        "autoplay": true,
        "volume": 0
      },
      "flags": {
        "tagger": {},
        "monks-active-tiles": {
          "active": true,
          "record": false,
          "restriction": "all",
          "controlled": "gm",
          "trigger": [
            "",
            "dblclick"
          ],
          "allowpaused": false,
          "usealpha": false,
          "pointer": true,
          "pertoken": false,
          "minrequired": 0,
          "chance": 100,
          "fileindex": 0,
          "actions": [
            {
              "action": "tileimage",
              "data": {
                "entity": {
                  "id": "tagger:roof",
                  "match": "all",
                  "scene": "_active",
                  "name": "<i class=\"fas fa-tag fa-sm\"></i> roof"
                },
                "select": "next",
                "transition": "none",
                "speed": 1,
                "loop": 1
              },
              "id": "waqnGvB8NCTfYSjS"
            },
            {
              "action": "alter",
              "data": {
                "entity": {
                  "id": "tile",
                  "name": "This Tile"
                },
                "collection": "tokens",
                "attribute": "texture.tint",
                "value": "='{{entity.texture.tint}}' == '#000000' ? '#890101' : '#000000'",
                "chatMessage": false,
                "rollmode": "roll"
              },
              "id": "ExCS1b6zXRQDiLiO"
            },
            {
              "action": "alter",
              "data": {
                "entity": {
                  "id": "tagger:w",
                  "match": "all",
                  "scene": "_active",
                  "name": "<i class=\"fas fa-tag fa-sm\"></i> w"
                },
                "collection": "tokens",
                "attribute": "move",
                "value": "={{entity.move}} == 0 ? 20 : 0 ",
                "chatMessage": false,
                "rollmode": "roll"
              },
              "id": "dgZNMClUHCRx6n40"
            },
            {
              "action": "alter",
              "data": {
                "entity": {
                  "id": "tagger:w",
                  "match": "all",
                  "scene": "_active",
                  "name": "<i class=\"fas fa-tag fa-sm\"></i> w"
                },
                "collection": "tokens",
                "attribute": "sight",
                "value": "={{entity.sight}} == 0 ? 30 : 0 ",
                "chatMessage": false,
                "rollmode": "roll"
              },
              "id": "8Ic1QpYSvg1uU0UR"
            },
            {
              "action": "alter",
              "data": {
                "entity": {
                  "id": "tagger:w",
                  "match": "all",
                  "scene": "_active",
                  "name": "<i class=\"fas fa-tag fa-sm\"></i> w"
                },
                "collection": "tokens",
                "attribute": "light",
                "value": "={{entity.light}} == 0 ? 30 : 0 ",
                "chatMessage": false,
                "rollmode": "roll"
              },
              "id": "LPDRqwIYkvPrz2qT"
            },
            {
              "action": "alter",
              "data": {
                "entity": {
                  "id": "tagger:wall",
                  "match": "all",
                  "scene": "_active",
                  "name": "<i class=\"fas fa-tag fa-sm\"></i> wall"
                },
                "collection": "tokens",
                "attribute": "move",
                "value": "={{entity.move}} == 0 ? 20 : 0 ",
                "chatMessage": false,
                "rollmode": "roll"
              },
              "id": "nMJi5j4nOjjujAD0"
            },
            {
              "action": "alter",
              "data": {
                "entity": {
                  "id": "tagger:wall",
                  "match": "all",
                  "scene": "_active",
                  "name": "<i class=\"fas fa-tag fa-sm\"></i> wall"
                },
                "collection": "tokens",
                "attribute": "sight",
                "value": "={{entity.sight}} == 0 ? 20 : 0 ",
                "chatMessage": false,
                "rollmode": "roll"
              },
              "id": "jPq5uWVJAuKmUsWQ"
            },
            {
              "action": "alter",
              "data": {
                "entity": {
                  "id": "tagger:wall",
                  "match": "all",
                  "scene": "_active",
                  "name": "<i class=\"fas fa-tag fa-sm\"></i> wall"
                },
                "collection": "tokens",
                "attribute": "light",
                "value": "={{entity.light}} == 0 ? 20 : 0 ",
                "chatMessage": false,
                "rollmode": "roll"
              },
              "id": "olBIsnWGthStDl0P"
            },
            {
              "action": "alter",
              "data": {
                "entity": {
                  "id": "tagger:wall",
                  "match": "all",
                  "scene": "_active",
                  "name": "<i class=\"fas fa-tag fa-sm\"></i> wall"
                },
                "collection": "tokens",
                "attribute": "sound",
                "value": "={{entity.sound}} == 0 ? 20 : 0 ",
                "chatMessage": false,
                "rollmode": "roll"
              },
              "id": "BzaB2dcK1x3OyTZj"
            },
            {
              "action": "alter",
              "data": {
                "entity": {
                  "id": "tagger:d",
                  "match": "all",
                  "scene": "_active",
                  "name": "<i class=\"fas fa-tag fa-sm\"></i> d"
                },
                "collection": "tokens",
                "attribute": "door",
                "value": "={{entity.door}} == 0 ? 1 : 0 ",
                "chatMessage": false,
                "rollmode": "roll"
              },
              "id": "IjdKkhMNF3zpEQ3z"
            },
            {
              "action": "alter",
              "data": {
                "entity": {
                  "id": "tagger:tw",
                  "match": "all",
                  "scene": "_active",
                  "name": "<i class=\"fas fa-tag fa-sm\"></i> tw"
                },
                "collection": "tokens",
                "attribute": "light",
                "value": "={{entity.light}} == 0 ? 20 : 0 ",
                "chatMessage": false,
                "rollmode": "roll"
              },
              "id": "R6OoJ53MHg3bkQmF"
            },
            {
              "action": "alter",
              "data": {
                "entity": {
                  "id": "tagger:tw",
                  "match": "all",
                  "scene": "_active",
                  "name": "<i class=\"fas fa-tag fa-sm\"></i> tw"
                },
                "collection": "tokens",
                "attribute": "sight",
                "value": "={{entity.sight}} == 0 ? 20 : 0 ",
                "chatMessage": false,
                "rollmode": "roll"
              },
              "id": "tXnjpctSRKTFySHB"
            }
          ],
          "files": [],
          "name": "",
          "vision": false,
          "cooldown": null
        }
      },
      "sort": 3,
      "restrictions": {
        "light": false,
        "weather": false
      },
      "elevation": 0,
      "_key": "!scenes.tiles!3JyA3Zf5atqus9Wf.GeXoFkwP2j6aCR26"
    },
    {
      "texture": {
        "src": "modules/fa-battlemaps/images/Transparent.webp",
        "scaleX": 1,
        "scaleY": 1,
        "offsetX": 0,
        "offsetY": 0,
        "rotation": 0,
        "tint": "#ffffff",
        "anchorX": 0.5,
        "anchorY": 0.5,
        "fit": "fill",
        "alphaThreshold": 0.75
      },
      "x": 1600,
      "y": 2700,
      "width": 800,
      "height": 600,
      "rotation": 0,
      "alpha": 1,
      "hidden": false,
      "locked": false,
      "occlusion": {
        "mode": 0,
        "alpha": 1
      },
      "video": {
        "loop": true,
        "autoplay": true,
        "volume": 0
      },
      "flags": {
        "tagger": {
          "tags": [
            "roof"
          ]
        },
        "monks-active-tiles": {
          "active": true,
          "record": false,
          "restriction": "all",
          "controlled": "all",
          "trigger": [
            "enter"
          ],
          "allowpaused": false,
          "usealpha": false,
          "pointer": false,
          "pertoken": false,
          "minrequired": 0,
          "chance": 100,
          "fileindex": 1,
          "actions": [],
          "files": [
            {
              "id": "R9hw1XTWJGlt77yK",
              "name": "fa_battlemaps/Maps/2024/January/fa_residentialnook/Tiles/Roof.webp",
              "selected": false
            },
            {
              "id": "LNFwtxQU6BSjJ1aj",
              "name": "modules/fa-battlemaps/images/Transparent.webp",
              "selected": true
            }
          ]
        }
      },
      "_id": "v8az2Z0Q3TLLwgYc",
      "sort": 11,
      "restrictions": {
        "light": false,
        "weather": false
      },
      "elevation": 0,
      "_key": "!scenes.tiles!3JyA3Zf5atqus9Wf.v8az2Z0Q3TLLwgYc"
    },
    {
      "texture": {
        "src": "fa_battlemaps/Maps/2024/January/fa_residentialnook/Text/Well.png",
        "scaleX": 1,
        "scaleY": 1,
        "offsetX": 0,
        "offsetY": 0,
        "rotation": 0,
        "tint": "#000000",
        "anchorX": 0.5,
        "anchorY": 0.5,
        "fit": "fill",
        "alphaThreshold": 0.75
      },
      "x": 3368,
      "y": 1026,
      "width": 225,
      "height": 75,
      "rotation": 0,
      "alpha": 1,
      "hidden": false,
      "locked": false,
      "occlusion": {
        "mode": 0,
        "alpha": 1
      },
      "video": {
        "loop": true,
        "autoplay": true,
        "volume": 0
      },
      "flags": {
        "tagger": {},
        "monks-active-tiles": {
          "active": true,
          "record": false,
          "restriction": "all",
          "controlled": "gm",
          "trigger": [
            "",
            "dblclick"
          ],
          "allowpaused": false,
          "usealpha": false,
          "pointer": true,
          "pertoken": false,
          "minrequired": 0,
          "chance": 100,
          "fileindex": 0,
          "actions": [
            {
              "action": "alter",
              "data": {
                "entity": {
                  "id": "tile",
                  "name": "This Tile"
                },
                "collection": "tokens",
                "attribute": "texture.tint",
                "value": "='{{entity.texture.tint}}' == '#000000' ? '#890101' : '#000000'",
                "chatMessage": false,
                "rollmode": "roll"
              },
              "id": "ExCS1b6zXRQDiLiO"
            },
            {
              "action": "alter",
              "data": {
                "entity": {
                  "id": "tagger:well",
                  "match": "all",
                  "scene": "_active",
                  "name": "<i class=\"fas fa-tag fa-sm\"></i> well"
                },
                "collection": "tokens",
                "attribute": "alpha",
                "value": "={{entity.alpha}} == 0 ? 1 : 0",
                "chatMessage": false,
                "rollmode": "roll"
              },
              "id": "UAPHgALQKUq2eWuC"
            }
          ],
          "files": [],
          "name": "",
          "vision": false,
          "cooldown": null
        }
      },
      "_id": "P6RHBJdwZbV6NM5f",
      "sort": 5,
      "restrictions": {
        "light": false,
        "weather": false
      },
      "elevation": 0,
      "_key": "!scenes.tiles!3JyA3Zf5atqus9Wf.P6RHBJdwZbV6NM5f"
    },
    {
      "texture": {
        "src": "fa_battlemaps/Maps/2024/January/fa_residentialnook/Text/Fence.png",
        "scaleX": 1,
        "scaleY": 1,
        "offsetX": 0,
        "offsetY": 0,
        "rotation": 0,
        "tint": "#000000",
        "anchorX": 0.5,
        "anchorY": 0.5,
        "fit": "fill",
        "alphaThreshold": 0.75
      },
      "x": 3367,
      "y": 1129,
      "width": 225,
      "height": 75,
      "rotation": 0,
      "alpha": 1,
      "hidden": false,
      "locked": false,
      "occlusion": {
        "mode": 0,
        "alpha": 1
      },
      "video": {
        "loop": true,
        "autoplay": true,
        "volume": 0
      },
      "flags": {
        "tagger": {},
        "monks-active-tiles": {
          "active": true,
          "record": false,
          "restriction": "all",
          "controlled": "gm",
          "trigger": [
            "",
            "dblclick"
          ],
          "allowpaused": false,
          "usealpha": false,
          "pointer": true,
          "pertoken": false,
          "minrequired": 0,
          "chance": 100,
          "fileindex": 0,
          "actions": [
            {
              "action": "alter",
              "data": {
                "entity": {
                  "id": "tile",
                  "name": "This Tile"
                },
                "collection": "tokens",
                "attribute": "texture.tint",
                "value": "='{{entity.texture.tint}}' == '#000000' ? '#890101' : '#000000'",
                "chatMessage": false,
                "rollmode": "roll"
              },
              "id": "ExCS1b6zXRQDiLiO"
            },
            {
              "action": "alter",
              "data": {
                "entity": {
                  "id": "tagger:fence",
                  "match": "all",
                  "scene": "_active",
                  "name": "<i class=\"fas fa-tag fa-sm\"></i> fence"
                },
                "collection": "tokens",
                "attribute": "alpha",
                "value": "={{entity.alpha}} == 0 ? 1 : 0",
                "chatMessage": false,
                "rollmode": "roll"
              },
              "id": "UAPHgALQKUq2eWuC"
            }
          ],
          "files": [],
          "name": "",
          "vision": false,
          "cooldown": null
        }
      },
      "_id": "6nm9nRGya2dfjw6P",
      "sort": 4,
      "restrictions": {
        "light": false,
        "weather": false
      },
      "elevation": 0,
      "_key": "!scenes.tiles!3JyA3Zf5atqus9Wf.6nm9nRGya2dfjw6P"
    },
    {
      "texture": {
        "src": "fa_battlemaps/Maps/2024/January/fa_residentialnook/Tiles/Door.webp",
        "scaleX": 1,
        "scaleY": 1,
        "offsetX": 0,
        "offsetY": 0,
        "rotation": 0,
        "tint": "#ffffff",
        "anchorX": 0.5,
        "anchorY": 0.5,
        "fit": "fill",
        "alphaThreshold": 0.75
      },
      "x": 1800,
      "y": 2700,
      "width": 300,
      "height": 300,
      "_id": "ZXG9WhVmYFQercUf",
      "rotation": 0,
      "alpha": 0,
      "hidden": false,
      "locked": false,
      "occlusion": {
        "mode": 0,
        "alpha": 1
      },
      "video": {
        "loop": true,
        "autoplay": true,
        "volume": 0
      },
      "flags": {
        "tagger": {
          "tags": [
            "door"
          ]
        },
        "monks-active-tiles": {
          "active": true,
          "record": false,
          "restriction": "all",
          "controlled": "all",
          "trigger": [
            "",
            "manual"
          ],
          "allowpaused": false,
          "usealpha": false,
          "pointer": false,
          "pertoken": false,
          "minrequired": 0,
          "chance": 100,
          "fileindex": 0,
          "actions": [
            {
              "action": "alter",
              "data": {
                "entity": {
                  "id": "tile",
                  "name": "This Tile"
                },
                "collection": "tokens",
                "attribute": "alpha",
                "value": "={{entity.alpha}} == 0 ? 1 : 0",
                "chatMessage": false,
                "rollmode": "roll"
              },
              "id": "jTqkyFTA49BCKwvo"
            }
          ],
          "files": []
        }
      },
      "sort": 7,
      "restrictions": {
        "light": false,
        "weather": false
      },
      "elevation": 0,
      "_key": "!scenes.tiles!3JyA3Zf5atqus9Wf.ZXG9WhVmYFQercUf"
    },
    {
      "texture": {
        "src": "fa_battlemaps/Animations/Flies_A1_01.webm",
        "scaleX": 1,
        "scaleY": 1,
        "offsetX": 0,
        "offsetY": 0,
        "rotation": 0,
        "tint": "#ffffff",
        "anchorX": 0.5,
        "anchorY": 0.5,
        "fit": "fill",
        "alphaThreshold": 0.75
      },
      "width": 150,
      "height": 150,
      "_id": "7U43vMHsu3jYnaMl",
      "rotation": 135,
      "alpha": 1,
      "hidden": false,
      "locked": false,
      "occlusion": {
        "mode": 0,
        "alpha": 1
      },
      "video": {
        "loop": true,
        "autoplay": true,
        "volume": 0
      },
      "flags": {
        "tagger": {
          "tags": [
            "an"
          ]
        },
        "monks-active-tiles": {
          "active": true,
          "record": false,
          "restriction": "all",
          "controlled": "all",
          "trigger": [
            "enter"
          ],
          "allowpaused": false,
          "usealpha": false,
          "pointer": false,
          "pertoken": false,
          "minrequired": 0,
          "chance": 100,
          "fileindex": 0,
          "actions": [],
          "files": [
            {
              "id": "Qgz6Se4idBsR2m4B",
              "name": "fa_battlemaps/Animations/Flies_A1_01.webm",
              "selected": false
            },
            {
              "id": "tTLBN1tB104NuN5d",
              "name": "modules/fa-battlemaps/images/Transparent.webp",
              "selected": true
            }
          ]
        }
      },
      "x": 2280,
      "y": 2983,
      "sort": 19,
      "restrictions": {
        "light": false,
        "weather": false
      },
      "elevation": 0,
      "_key": "!scenes.tiles!3JyA3Zf5atqus9Wf.7U43vMHsu3jYnaMl"
    },
    {
      "texture": {
        "src": "fa_battlemaps/Animations/Flies_A1_01.webm",
        "scaleX": 1,
        "scaleY": 1,
        "offsetX": 0,
        "offsetY": 0,
        "rotation": 0,
        "tint": "#ffffff",
        "anchorX": 0.5,
        "anchorY": 0.5,
        "fit": "fill",
        "alphaThreshold": 0.75
      },
      "width": 150,
      "height": 150,
      "rotation": 0,
      "alpha": 1,
      "hidden": false,
      "locked": false,
      "occlusion": {
        "mode": 0,
        "alpha": 1
      },
      "video": {
        "loop": true,
        "autoplay": true,
        "volume": 0
      },
      "flags": {
        "tagger": {
          "tags": [
            "an"
          ]
        },
        "monks-active-tiles": {
          "active": true,
          "record": false,
          "restriction": "all",
          "controlled": "all",
          "trigger": [
            "enter"
          ],
          "allowpaused": false,
          "usealpha": false,
          "pointer": false,
          "pertoken": false,
          "minrequired": 0,
          "chance": 100,
          "fileindex": 0,
          "actions": [],
          "files": [
            {
              "id": "Qgz6Se4idBsR2m4B",
              "name": "fa_battlemaps/Animations/Flies_A1_01.webm",
              "selected": false
            },
            {
              "id": "tTLBN1tB104NuN5d",
              "name": "modules/fa-battlemaps/images/Transparent.webp",
              "selected": true
            }
          ]
        }
      },
      "x": 663,
      "y": 3496,
      "_id": "s28j1q1UzZE5sNK1",
      "sort": 18,
      "restrictions": {
        "light": false,
        "weather": false
      },
      "elevation": 0,
      "_key": "!scenes.tiles!3JyA3Zf5atqus9Wf.s28j1q1UzZE5sNK1"
    },
    {
      "texture": {
        "src": "fa_battlemaps/Animations/Flies_A1_01.webm",
        "scaleX": 1,
        "scaleY": 1,
        "offsetX": 0,
        "offsetY": 0,
        "rotation": 0,
        "tint": "#ffffff",
        "anchorX": 0.5,
        "anchorY": 0.5,
        "fit": "fill",
        "alphaThreshold": 0.75
      },
      "width": 150,
      "height": 150,
      "rotation": 90,
      "alpha": 1,
      "hidden": false,
      "locked": false,
      "occlusion": {
        "mode": 0,
        "alpha": 1
      },
      "video": {
        "loop": true,
        "autoplay": true,
        "volume": 0
      },
      "flags": {
        "tagger": {
          "tags": [
            "an"
          ]
        },
        "monks-active-tiles": {
          "active": true,
          "record": false,
          "restriction": "all",
          "controlled": "all",
          "trigger": [
            "enter"
          ],
          "allowpaused": false,
          "usealpha": false,
          "pointer": false,
          "pertoken": false,
          "minrequired": 0,
          "chance": 100,
          "fileindex": 0,
          "actions": [],
          "files": [
            {
              "id": "Qgz6Se4idBsR2m4B",
              "name": "fa_battlemaps/Animations/Flies_A1_01.webm",
              "selected": false
            },
            {
              "id": "tTLBN1tB104NuN5d",
              "name": "modules/fa-battlemaps/images/Transparent.webp",
              "selected": true
            }
          ]
        }
      },
      "x": 1400,
      "y": 1450,
      "_id": "JQK0m5Zh7QAfOa3N",
      "sort": 17,
      "restrictions": {
        "light": false,
        "weather": false
      },
      "elevation": 0,
      "_key": "!scenes.tiles!3JyA3Zf5atqus9Wf.JQK0m5Zh7QAfOa3N"
    },
    {
      "texture": {
        "src": "fa_battlemaps/Animations/Flies_A1_01.webm",
        "scaleX": 1,
        "scaleY": 1,
        "offsetX": 0,
        "offsetY": 0,
        "rotation": 0,
        "tint": "#ffffff",
        "anchorX": 0.5,
        "anchorY": 0.5,
        "fit": "fill",
        "alphaThreshold": 0.75
      },
      "width": 150,
      "height": 150,
      "rotation": 0,
      "alpha": 1,
      "hidden": false,
      "locked": false,
      "occlusion": {
        "mode": 0,
        "alpha": 1
      },
      "video": {
        "loop": true,
        "autoplay": true,
        "volume": 0
      },
      "flags": {
        "tagger": {
          "tags": [
            "an"
          ]
        },
        "monks-active-tiles": {
          "active": true,
          "record": false,
          "restriction": "all",
          "controlled": "all",
          "trigger": [
            "enter"
          ],
          "allowpaused": false,
          "usealpha": false,
          "pointer": false,
          "pertoken": false,
          "minrequired": 0,
          "chance": 100,
          "fileindex": 0,
          "actions": [],
          "files": [
            {
              "id": "Qgz6Se4idBsR2m4B",
              "name": "fa_battlemaps/Animations/Flies_A1_01.webm",
              "selected": false
            },
            {
              "id": "tTLBN1tB104NuN5d",
              "name": "modules/fa-battlemaps/images/Transparent.webp",
              "selected": true
            }
          ]
        }
      },
      "x": 3096,
      "y": 1563,
      "_id": "Y6dl9BgffFEwyiZb",
      "sort": 16,
      "restrictions": {
        "light": false,
        "weather": false
      },
      "elevation": 0,
      "_key": "!scenes.tiles!3JyA3Zf5atqus9Wf.Y6dl9BgffFEwyiZb"
    },
    {
      "texture": {
        "src": "fa_battlemaps/Animations/Flies_A1_01.webm",
        "scaleX": 1,
        "scaleY": 1,
        "offsetX": 0,
        "offsetY": 0,
        "rotation": 0,
        "tint": "#ffffff",
        "anchorX": 0.5,
        "anchorY": 0.5,
        "fit": "fill",
        "alphaThreshold": 0.75
      },
      "width": 120,
      "height": 120,
      "rotation": 0,
      "alpha": 1,
      "hidden": false,
      "locked": false,
      "occlusion": {
        "mode": 0,
        "alpha": 1
      },
      "video": {
        "loop": true,
        "autoplay": true,
        "volume": 0
      },
      "flags": {
        "tagger": {
          "tags": [
            "an"
          ]
        },
        "monks-active-tiles": {
          "active": true,
          "record": false,
          "restriction": "all",
          "controlled": "all",
          "trigger": [
            "enter"
          ],
          "allowpaused": false,
          "usealpha": false,
          "pointer": false,
          "pertoken": false,
          "minrequired": 0,
          "chance": 100,
          "fileindex": 0,
          "actions": [],
          "files": [
            {
              "id": "Qgz6Se4idBsR2m4B",
              "name": "fa_battlemaps/Animations/Flies_A1_01.webm",
              "selected": true
            },
            {
              "id": "tTLBN1tB104NuN5d",
              "name": "modules/fa-battlemaps/images/Transparent.webp",
              "selected": false
            }
          ]
        }
      },
      "x": 3190,
      "y": 3651,
      "_id": "FSbjBxmhVMBgN4PP",
      "sort": 15,
      "restrictions": {
        "light": false,
        "weather": false
      },
      "elevation": 0,
      "_key": "!scenes.tiles!3JyA3Zf5atqus9Wf.FSbjBxmhVMBgN4PP"
    },
    {
      "texture": {
        "src": "fa_battlemaps/Animations/Flies_A1_01.webm",
        "scaleX": 1,
        "scaleY": 1,
        "offsetX": 0,
        "offsetY": 0,
        "rotation": 0,
        "tint": "#ffffff",
        "anchorX": 0.5,
        "anchorY": 0.5,
        "fit": "fill",
        "alphaThreshold": 0.75
      },
      "width": 120,
      "height": 120,
      "rotation": 225,
      "alpha": 1,
      "hidden": false,
      "locked": false,
      "occlusion": {
        "mode": 0,
        "alpha": 1
      },
      "video": {
        "loop": true,
        "autoplay": true,
        "volume": 0
      },
      "flags": {
        "tagger": {
          "tags": [
            "an"
          ]
        },
        "monks-active-tiles": {
          "active": true,
          "record": false,
          "restriction": "all",
          "controlled": "all",
          "trigger": [
            "enter"
          ],
          "allowpaused": false,
          "usealpha": false,
          "pointer": false,
          "pertoken": false,
          "minrequired": 0,
          "chance": 100,
          "fileindex": 0,
          "actions": [],
          "files": [
            {
              "id": "Qgz6Se4idBsR2m4B",
              "name": "fa_battlemaps/Animations/Flies_A1_01.webm",
              "selected": true
            },
            {
              "id": "tTLBN1tB104NuN5d",
              "name": "modules/fa-battlemaps/images/Transparent.webp",
              "selected": false
            }
          ]
        }
      },
      "x": 869,
      "y": 785,
      "_id": "IgCYFotnO1ILbpgl",
      "sort": 14,
      "restrictions": {
        "light": false,
        "weather": false
      },
      "elevation": 0,
      "_key": "!scenes.tiles!3JyA3Zf5atqus9Wf.IgCYFotnO1ILbpgl"
    },
    {
      "texture": {
        "src": "fa_battlemaps/Animations/Flies_A1_01.webm",
        "scaleX": 1,
        "scaleY": 1,
        "offsetX": 0,
        "offsetY": 0,
        "rotation": 0,
        "tint": "#ffffff",
        "anchorX": 0.5,
        "anchorY": 0.5,
        "fit": "fill",
        "alphaThreshold": 0.75
      },
      "width": 150,
      "height": 150,
      "rotation": 285,
      "alpha": 1,
      "hidden": false,
      "locked": false,
      "occlusion": {
        "mode": 0,
        "alpha": 1
      },
      "video": {
        "loop": true,
        "autoplay": true,
        "volume": 0
      },
      "flags": {
        "tagger": {
          "tags": [
            "an"
          ]
        },
        "monks-active-tiles": {
          "active": true,
          "record": false,
          "restriction": "all",
          "controlled": "all",
          "trigger": [
            "enter"
          ],
          "allowpaused": false,
          "usealpha": false,
          "pointer": false,
          "pertoken": false,
          "minrequired": 0,
          "chance": 100,
          "fileindex": 0,
          "actions": [],
          "files": [
            {
              "id": "Qgz6Se4idBsR2m4B",
              "name": "fa_battlemaps/Animations/Flies_A1_01.webm",
              "selected": false
            },
            {
              "id": "tTLBN1tB104NuN5d",
              "name": "modules/fa-battlemaps/images/Transparent.webp",
              "selected": true
            }
          ]
        }
      },
      "x": 1764,
      "y": 860,
      "_id": "CedwpAoH5JsdQr2q",
      "sort": 13,
      "restrictions": {
        "light": false,
        "weather": false
      },
      "elevation": 0,
      "_key": "!scenes.tiles!3JyA3Zf5atqus9Wf.CedwpAoH5JsdQr2q"
    },
    {
      "texture": {
        "src": "fa_battlemaps/Animations/Flies_A1_01.webm",
        "scaleX": 1,
        "scaleY": 1,
        "offsetX": 0,
        "offsetY": 0,
        "rotation": 0,
        "tint": "#ffffff",
        "anchorX": 0.5,
        "anchorY": 0.5,
        "fit": "fill",
        "alphaThreshold": 0.75
      },
      "width": 150,
      "height": 150,
      "rotation": 0,
      "alpha": 1,
      "hidden": false,
      "locked": false,
      "occlusion": {
        "mode": 0,
        "alpha": 1
      },
      "video": {
        "loop": true,
        "autoplay": true,
        "volume": 0
      },
      "flags": {
        "tagger": {
          "tags": [
            "an",
            "fence"
          ]
        },
        "monks-active-tiles": {
          "active": true,
          "record": false,
          "restriction": "all",
          "controlled": "all",
          "trigger": [
            "enter"
          ],
          "allowpaused": false,
          "usealpha": false,
          "pointer": false,
          "pertoken": false,
          "minrequired": 0,
          "chance": 100,
          "fileindex": 0,
          "actions": [],
          "files": [
            {
              "id": "Qgz6Se4idBsR2m4B",
              "name": "fa_battlemaps/Animations/Flies_A1_01.webm",
              "selected": true
            },
            {
              "id": "tTLBN1tB104NuN5d",
              "name": "modules/fa-battlemaps/images/Transparent.webp",
              "selected": false
            }
          ]
        }
      },
      "x": 1940,
      "y": 2574,
      "_id": "IVH0pJkwGwqibnWB",
      "sort": 12,
      "restrictions": {
        "light": false,
        "weather": false
      },
      "elevation": 0,
      "_key": "!scenes.tiles!3JyA3Zf5atqus9Wf.IVH0pJkwGwqibnWB"
    },
    {
      "texture": {
        "src": "modules/fa-battlemaps/images/SmallScroll.png",
        "scaleX": 1,
        "scaleY": 1,
        "offsetX": 0,
        "offsetY": 0,
        "rotation": 0,
        "tint": "#ffffff",
        "anchorX": 0.5,
        "anchorY": 0.5,
        "fit": "fill",
        "alphaThreshold": 0.75
      },
      "width": 300,
      "height": 100,
      "_id": "zYPcCN9OR6eqaq6r",
      "rotation": 0,
      "alpha": 1,
      "hidden": false,
      "locked": false,
      "occlusion": {
        "mode": 0,
        "alpha": 1
      },
      "video": {
        "loop": true,
        "autoplay": true,
        "volume": 0
      },
      "flags": {},
      "x": 3333,
      "y": 1281,
      "sort": 1,
      "restrictions": {
        "light": false,
        "weather": false
      },
      "elevation": 0,
      "_key": "!scenes.tiles!3JyA3Zf5atqus9Wf.zYPcCN9OR6eqaq6r"
    }
  ],
  "walls": [
    {
      "_id": "C6P2Tuxhg1o9BTof",
      "c": [
        700,
        800,
        3300,
        800
      ],
      "light": 20,
      "move": 20,
      "sight": 20,
      "sound": 20,
      "dir": 0,
      "door": 0,
      "ds": 0,
      "flags": {},
      "threshold": {
        "light": null,
        "sight": null,
        "sound": null,
        "attenuation": false
      },
      "_key": "!scenes.walls!3JyA3Zf5atqus9Wf.C6P2Tuxhg1o9BTof"
    },
    {
      "_id": "HPBOdmjDxjR35nNi",
      "c": [
        3300,
        800,
        3300,
        3800
      ],
      "light": 20,
      "move": 20,
      "sight": 20,
      "sound": 20,
      "dir": 0,
      "door": 0,
      "ds": 0,
      "flags": {},
      "threshold": {
        "light": null,
        "sight": null,
        "sound": null,
        "attenuation": false
      },
      "_key": "!scenes.walls!3JyA3Zf5atqus9Wf.HPBOdmjDxjR35nNi"
    },
    {
      "_id": "yQk8TuO4ipDCjpll",
      "c": [
        3300,
        3800,
        700,
        3800
      ],
      "light": 20,
      "move": 20,
      "sight": 20,
      "sound": 20,
      "dir": 0,
      "door": 0,
      "ds": 0,
      "flags": {},
      "threshold": {
        "light": null,
        "sight": null,
        "sound": null,
        "attenuation": false
      },
      "_key": "!scenes.walls!3JyA3Zf5atqus9Wf.yQk8TuO4ipDCjpll"
    },
    {
      "_id": "tbUPeEQWVNmFCcBM",
      "c": [
        700,
        3800,
        700,
        800
      ],
      "light": 20,
      "move": 20,
      "sight": 20,
      "sound": 20,
      "dir": 0,
      "door": 0,
      "ds": 0,
      "flags": {},
      "threshold": {
        "light": null,
        "sight": null,
        "sound": null,
        "attenuation": false
      },
      "_key": "!scenes.walls!3JyA3Zf5atqus9Wf.tbUPeEQWVNmFCcBM"
    },
    {
      "_id": "yZMeW31rkonaqR6s",
      "c": [
        1900,
        2800,
        1700,
        2800
      ],
      "light": 20,
      "move": 20,
      "sight": 20,
      "sound": 20,
      "dir": 0,
      "door": 0,
      "ds": 0,
      "flags": {
        "tagger": {
          "tags": [
            "wall"
          ]
        },
        "monks-active-tiles": {
          "entity": {},
          "open": false,
          "close": false,
          "lock": false,
          "checklock": false,
          "secret": false
        }
      },
      "threshold": {
        "light": null,
        "sight": null,
        "sound": null,
        "attenuation": false
      },
      "_key": "!scenes.walls!3JyA3Zf5atqus9Wf.yZMeW31rkonaqR6s"
    },
    {
      "_id": "HNmogtJ25LqUusVe",
      "c": [
        1700,
        2800,
        1700,
        3200
      ],
      "light": 20,
      "move": 20,
      "sight": 20,
      "sound": 20,
      "dir": 0,
      "door": 0,
      "ds": 0,
      "flags": {
        "tagger": {
          "tags": [
            "wall"
          ]
        },
        "monks-active-tiles": {
          "entity": {},
          "open": false,
          "close": false,
          "lock": false,
          "checklock": false,
          "secret": false
        }
      },
      "threshold": {
        "light": null,
        "sight": null,
        "sound": null,
        "attenuation": false
      },
      "_key": "!scenes.walls!3JyA3Zf5atqus9Wf.HNmogtJ25LqUusVe"
    },
    {
      "_id": "R76UjI6NiYHNuucN",
      "c": [
        1700,
        3200,
        1800,
        3200
      ],
      "light": 20,
      "move": 20,
      "sight": 20,
      "sound": 20,
      "dir": 0,
      "door": 0,
      "ds": 0,
      "flags": {
        "tagger": {
          "tags": [
            "wall"
          ]
        },
        "monks-active-tiles": {
          "entity": {},
          "open": false,
          "close": false,
          "lock": false,
          "checklock": false,
          "secret": false
        }
      },
      "threshold": {
        "light": null,
        "sight": null,
        "sound": null,
        "attenuation": false
      },
      "_key": "!scenes.walls!3JyA3Zf5atqus9Wf.R76UjI6NiYHNuucN"
    },
    {
      "_id": "01SaP60oLYZkMwAJ",
      "c": [
        1900,
        3200,
        2100,
        3200
      ],
      "light": 20,
      "move": 20,
      "sight": 20,
      "sound": 20,
      "dir": 0,
      "door": 0,
      "ds": 0,
      "flags": {
        "tagger": {
          "tags": [
            "wall"
          ]
        },
        "monks-active-tiles": {
          "entity": {},
          "open": false,
          "close": false,
          "lock": false,
          "checklock": false,
          "secret": false
        }
      },
      "threshold": {
        "light": null,
        "sight": null,
        "sound": null,
        "attenuation": false
      },
      "_key": "!scenes.walls!3JyA3Zf5atqus9Wf.01SaP60oLYZkMwAJ"
    },
    {
      "_id": "syHTh3r7bRHv5O5W",
      "c": [
        2300,
        3200,
        2300,
        3100
      ],
      "light": 20,
      "move": 20,
      "sight": 20,
      "sound": 20,
      "dir": 0,
      "door": 0,
      "ds": 0,
      "flags": {
        "tagger": {
          "tags": [
            "wall"
          ]
        },
        "monks-active-tiles": {
          "entity": {},
          "open": false,
          "close": false,
          "lock": false,
          "checklock": false,
          "secret": false
        }
      },
      "threshold": {
        "light": null,
        "sight": null,
        "sound": null,
        "attenuation": false
      },
      "_key": "!scenes.walls!3JyA3Zf5atqus9Wf.syHTh3r7bRHv5O5W"
    },
    {
      "_id": "GM8sHodG3wif3CFh",
      "c": [
        2300,
        2900,
        2300,
        2800
      ],
      "light": 20,
      "move": 20,
      "sight": 20,
      "sound": 20,
      "dir": 0,
      "door": 0,
      "ds": 0,
      "flags": {
        "tagger": {
          "tags": [
            "wall"
          ]
        },
        "monks-active-tiles": {
          "entity": {},
          "open": false,
          "close": false,
          "lock": false,
          "checklock": false,
          "secret": false
        }
      },
      "threshold": {
        "light": null,
        "sight": null,
        "sound": null,
        "attenuation": false
      },
      "_key": "!scenes.walls!3JyA3Zf5atqus9Wf.GM8sHodG3wif3CFh"
    },
    {
      "_id": "vgkoygR8JXzArgSx",
      "c": [
        2300,
        2800,
        2200,
        2800
      ],
      "light": 20,
      "move": 20,
      "sight": 20,
      "sound": 20,
      "dir": 0,
      "door": 0,
      "ds": 0,
      "flags": {
        "tagger": {
          "tags": [
            "wall"
          ]
        },
        "monks-active-tiles": {
          "entity": {},
          "open": false,
          "close": false,
          "lock": false,
          "checklock": false,
          "secret": false
        }
      },
      "threshold": {
        "light": null,
        "sight": null,
        "sound": null,
        "attenuation": false
      },
      "_key": "!scenes.walls!3JyA3Zf5atqus9Wf.vgkoygR8JXzArgSx"
    },
    {
      "_id": "qLOcVwa8ofLWyOgp",
      "c": [
        2100,
        2800,
        2000,
        2800
      ],
      "light": 20,
      "move": 20,
      "sight": 20,
      "sound": 20,
      "dir": 0,
      "door": 0,
      "ds": 0,
      "flags": {
        "tagger": {
          "tags": [
            "wall"
          ]
        },
        "monks-active-tiles": {
          "entity": {},
          "open": false,
          "close": false,
          "lock": false,
          "checklock": false,
          "secret": false
        }
      },
      "threshold": {
        "light": null,
        "sight": null,
        "sound": null,
        "attenuation": false
      },
      "_key": "!scenes.walls!3JyA3Zf5atqus9Wf.qLOcVwa8ofLWyOgp"
    },
    {
      "_id": "3MTWxvJcQRWJS0PK",
      "c": [
        2000,
        2800,
        2000,
        2900
      ],
      "light": 20,
      "move": 20,
      "sight": 20,
      "sound": 20,
      "dir": 0,
      "door": 0,
      "ds": 0,
      "flags": {
        "tagger": {
          "tags": [
            "wall"
          ]
        },
        "monks-active-tiles": {
          "entity": {},
          "open": false,
          "close": false,
          "lock": false,
          "checklock": false,
          "secret": false
        }
      },
      "threshold": {
        "light": null,
        "sight": null,
        "sound": null,
        "attenuation": false
      },
      "_key": "!scenes.walls!3JyA3Zf5atqus9Wf.3MTWxvJcQRWJS0PK"
    },
    {
      "_id": "etVHa9JG4mXjT58S",
      "c": [
        2100,
        3000,
        2100,
        3200
      ],
      "light": 20,
      "move": 20,
      "sight": 20,
      "sound": 20,
      "dir": 0,
      "door": 0,
      "ds": 0,
      "flags": {
        "tagger": {
          "tags": [
            "wall"
          ]
        },
        "monks-active-tiles": {
          "entity": {},
          "open": false,
          "close": false,
          "lock": false,
          "checklock": false,
          "secret": false
        }
      },
      "threshold": {
        "light": null,
        "sight": null,
        "sound": null,
        "attenuation": false
      },
      "_key": "!scenes.walls!3JyA3Zf5atqus9Wf.etVHa9JG4mXjT58S"
    },
    {
      "_id": "oSbh51VP94FOcW8B",
      "c": [
        2300,
        3200,
        2100,
        3200
      ],
      "light": 20,
      "move": 20,
      "sight": 20,
      "sound": 20,
      "dir": 0,
      "door": 0,
      "ds": 0,
      "flags": {
        "tagger": {
          "tags": [
            "wall"
          ]
        },
        "monks-active-tiles": {
          "entity": {},
          "open": false,
          "close": false,
          "lock": false,
          "checklock": false,
          "secret": false
        }
      },
      "threshold": {
        "light": null,
        "sight": null,
        "sound": null,
        "attenuation": false
      },
      "_key": "!scenes.walls!3JyA3Zf5atqus9Wf.oSbh51VP94FOcW8B"
    },
    {
      "_id": "hIg7gVJ38LgmHp1j",
      "c": [
        1900,
        2900,
        1900,
        3100
      ],
      "light": 20,
      "move": 20,
      "sight": 20,
      "sound": 20,
      "dir": 0,
      "door": 0,
      "ds": 0,
      "flags": {
        "tagger": {
          "tags": [
            "wall"
          ]
        },
        "monks-active-tiles": {
          "entity": {},
          "open": false,
          "close": false,
          "lock": false,
          "checklock": false,
          "secret": false
        }
      },
      "threshold": {
        "light": null,
        "sight": null,
        "sound": null,
        "attenuation": false
      },
      "_key": "!scenes.walls!3JyA3Zf5atqus9Wf.hIg7gVJ38LgmHp1j"
    },
    {
      "_id": "lYlYsgqMG6UopCGz",
      "c": [
        2000,
        2900,
        2012,
        2912
      ],
      "light": 20,
      "move": 20,
      "sight": 20,
      "sound": 20,
      "dir": 0,
      "door": 0,
      "ds": 0,
      "flags": {
        "tagger": {
          "tags": [
            "wall"
          ]
        },
        "monks-active-tiles": {
          "entity": {},
          "open": false,
          "close": false,
          "lock": false,
          "checklock": false,
          "secret": false
        }
      },
      "threshold": {
        "light": null,
        "sight": null,
        "sound": null,
        "attenuation": false
      },
      "_key": "!scenes.walls!3JyA3Zf5atqus9Wf.lYlYsgqMG6UopCGz"
    },
    {
      "_id": "hNXuNfcPGq3k3b4P",
      "c": [
        2100,
        3000,
        2087,
        2987
      ],
      "light": 20,
      "move": 20,
      "sight": 20,
      "sound": 20,
      "dir": 0,
      "door": 0,
      "ds": 0,
      "flags": {
        "tagger": {
          "tags": [
            "wall"
          ]
        },
        "monks-active-tiles": {
          "entity": {},
          "open": false,
          "close": false,
          "lock": false,
          "checklock": false,
          "secret": false
        }
      },
      "threshold": {
        "light": null,
        "sight": null,
        "sound": null,
        "attenuation": false
      },
      "_key": "!scenes.walls!3JyA3Zf5atqus9Wf.hNXuNfcPGq3k3b4P"
    },
    {
      "_id": "ImnGO294xNgyoZaq",
      "c": [
        2287,
        2950,
        2300,
        2950
      ],
      "light": 20,
      "move": 20,
      "sight": 20,
      "sound": 20,
      "dir": 0,
      "door": 0,
      "ds": 0,
      "flags": {
        "tagger": {
          "tags": [
            "wall"
          ]
        },
        "monks-active-tiles": {
          "entity": {},
          "open": false,
          "close": false,
          "lock": false,
          "checklock": false,
          "secret": false
        }
      },
      "threshold": {
        "light": null,
        "sight": null,
        "sound": null,
        "attenuation": false
      },
      "_key": "!scenes.walls!3JyA3Zf5atqus9Wf.ImnGO294xNgyoZaq"
    },
    {
      "_id": "K11hGgXW1fVQTsdp",
      "c": [
        2287,
        3000,
        2300,
        3000
      ],
      "light": 20,
      "move": 20,
      "sight": 20,
      "sound": 20,
      "dir": 0,
      "door": 0,
      "ds": 0,
      "flags": {
        "tagger": {
          "tags": [
            "wall"
          ]
        },
        "monks-active-tiles": {
          "entity": {},
          "open": false,
          "close": false,
          "lock": false,
          "checklock": false,
          "secret": false
        }
      },
      "threshold": {
        "light": null,
        "sight": null,
        "sound": null,
        "attenuation": false
      },
      "_key": "!scenes.walls!3JyA3Zf5atqus9Wf.K11hGgXW1fVQTsdp"
    },
    {
      "_id": "BML64Ymrvz3vKBaw",
      "c": [
        2287,
        3050,
        2300,
        3050
      ],
      "light": 20,
      "move": 20,
      "sight": 20,
      "sound": 20,
      "dir": 0,
      "door": 0,
      "ds": 0,
      "flags": {
        "tagger": {
          "tags": [
            "wall"
          ]
        },
        "monks-active-tiles": {
          "entity": {},
          "open": false,
          "close": false,
          "lock": false,
          "checklock": false,
          "secret": false
        }
      },
      "threshold": {
        "light": null,
        "sight": null,
        "sound": null,
        "attenuation": false
      },
      "_key": "!scenes.walls!3JyA3Zf5atqus9Wf.BML64Ymrvz3vKBaw"
    },
    {
      "_id": "S2MhhoBmCNgBtTwJ",
      "c": [
        1850,
        3187,
        1850,
        3200
      ],
      "light": 20,
      "move": 20,
      "sight": 20,
      "sound": 20,
      "dir": 0,
      "door": 0,
      "ds": 0,
      "flags": {
        "tagger": {
          "tags": [
            "wall"
          ]
        },
        "monks-active-tiles": {
          "entity": {},
          "open": false,
          "close": false,
          "lock": false,
          "checklock": false,
          "secret": false
        }
      },
      "threshold": {
        "light": null,
        "sight": null,
        "sound": null,
        "attenuation": false
      },
      "_key": "!scenes.walls!3JyA3Zf5atqus9Wf.S2MhhoBmCNgBtTwJ"
    },
    {
      "_id": "xdcV03CczREkESZp",
      "c": [
        2150,
        2800,
        2150,
        2812
      ],
      "light": 20,
      "move": 20,
      "sight": 20,
      "sound": 20,
      "dir": 0,
      "door": 0,
      "ds": 0,
      "flags": {
        "tagger": {
          "tags": [
            "wall"
          ]
        },
        "monks-active-tiles": {
          "entity": {},
          "open": false,
          "close": false,
          "lock": false,
          "checklock": false,
          "secret": false
        }
      },
      "threshold": {
        "light": null,
        "sight": null,
        "sound": null,
        "attenuation": false
      },
      "_key": "!scenes.walls!3JyA3Zf5atqus9Wf.xdcV03CczREkESZp"
    },
    {
      "_id": "6QBVCmLeBmILduQW",
      "c": [
        2100,
        2800,
        2150,
        2800
      ],
      "light": 30,
      "move": 20,
      "sight": 30,
      "sound": 0,
      "dir": 0,
      "door": 0,
      "ds": 0,
      "flags": {
        "tagger": {
          "tags": [
            "w"
          ]
        },
        "monks-active-tiles": {
          "entity": {},
          "open": false,
          "close": false,
          "lock": false,
          "checklock": false,
          "secret": false
        }
      },
      "threshold": {
        "light": 10,
        "sight": 10,
        "sound": null,
        "attenuation": true
      },
      "_key": "!scenes.walls!3JyA3Zf5atqus9Wf.6QBVCmLeBmILduQW"
    },
    {
      "_id": "pd5Bzo0F97Wc02D3",
      "c": [
        2200,
        2800,
        2150,
        2800
      ],
      "light": 30,
      "move": 20,
      "sight": 30,
      "sound": 0,
      "dir": 0,
      "door": 0,
      "ds": 0,
      "flags": {
        "tagger": {
          "tags": [
            "w"
          ]
        },
        "monks-active-tiles": {
          "entity": {},
          "open": false,
          "close": false,
          "lock": false,
          "checklock": false,
          "secret": false
        }
      },
      "threshold": {
        "light": 10,
        "sight": 10,
        "sound": null,
        "attenuation": true
      },
      "_key": "!scenes.walls!3JyA3Zf5atqus9Wf.pd5Bzo0F97Wc02D3"
    },
    {
      "_id": "vwj5uH1PSnAzjv1L",
      "c": [
        2300,
        2900,
        2300,
        2950
      ],
      "light": 30,
      "move": 20,
      "sight": 30,
      "sound": 0,
      "dir": 0,
      "door": 0,
      "ds": 0,
      "flags": {
        "tagger": {
          "tags": [
            "w"
          ]
        },
        "monks-active-tiles": {
          "entity": {},
          "open": false,
          "close": false,
          "lock": false,
          "checklock": false,
          "secret": false
        }
      },
      "threshold": {
        "light": 10,
        "sight": 10,
        "sound": null,
        "attenuation": true
      },
      "_key": "!scenes.walls!3JyA3Zf5atqus9Wf.vwj5uH1PSnAzjv1L"
    },
    {
      "_id": "Ux9hiidfVkPjSi31",
      "c": [
        2300,
        2950,
        2300,
        3000
      ],
      "light": 30,
      "move": 20,
      "sight": 30,
      "sound": 0,
      "dir": 0,
      "door": 0,
      "ds": 0,
      "flags": {
        "tagger": {
          "tags": [
            "w"
          ]
        },
        "monks-active-tiles": {
          "entity": {},
          "open": false,
          "close": false,
          "lock": false,
          "checklock": false,
          "secret": false
        }
      },
      "threshold": {
        "light": 10,
        "sight": 10,
        "sound": null,
        "attenuation": true
      },
      "_key": "!scenes.walls!3JyA3Zf5atqus9Wf.Ux9hiidfVkPjSi31"
    },
    {
      "_id": "79OQtO9j4siPasMh",
      "c": [
        2300,
        3000,
        2300,
        3050
      ],
      "light": 30,
      "move": 20,
      "sight": 30,
      "sound": 0,
      "dir": 0,
      "door": 0,
      "ds": 0,
      "flags": {
        "tagger": {
          "tags": [
            "w"
          ]
        },
        "monks-active-tiles": {
          "entity": {},
          "open": false,
          "close": false,
          "lock": false,
          "checklock": false,
          "secret": false
        }
      },
      "threshold": {
        "light": 10,
        "sight": 10,
        "sound": null,
        "attenuation": true
      },
      "_key": "!scenes.walls!3JyA3Zf5atqus9Wf.79OQtO9j4siPasMh"
    },
    {
      "_id": "0xFkbDNUWycgzF6x",
      "c": [
        2300,
        3050,
        2300,
        3100
      ],
      "light": 30,
      "move": 20,
      "sight": 30,
      "sound": 0,
      "dir": 0,
      "door": 0,
      "ds": 0,
      "flags": {
        "tagger": {
          "tags": [
            "w"
          ]
        },
        "monks-active-tiles": {
          "entity": {},
          "open": false,
          "close": false,
          "lock": false,
          "checklock": false,
          "secret": false
        }
      },
      "threshold": {
        "light": 10,
        "sight": 10,
        "sound": null,
        "attenuation": true
      },
      "_key": "!scenes.walls!3JyA3Zf5atqus9Wf.0xFkbDNUWycgzF6x"
    },
    {
      "_id": "hDhZvWw4u97YckUC",
      "c": [
        1900,
        3200,
        1850,
        3200
      ],
      "light": 30,
      "move": 20,
      "sight": 30,
      "sound": 0,
      "dir": 0,
      "door": 0,
      "ds": 0,
      "flags": {
        "tagger": {
          "tags": [
            "w"
          ]
        },
        "monks-active-tiles": {
          "entity": {},
          "open": false,
          "close": false,
          "lock": false,
          "checklock": false,
          "secret": false
        }
      },
      "threshold": {
        "light": 10,
        "sight": 10,
        "sound": null,
        "attenuation": true
      },
      "_key": "!scenes.walls!3JyA3Zf5atqus9Wf.hDhZvWw4u97YckUC"
    },
    {
      "_id": "c5XH1vAXlGWdGWe0",
      "c": [
        1850,
        3200,
        1800,
        3200
      ],
      "light": 30,
      "move": 20,
      "sight": 30,
      "sound": 0,
      "dir": 0,
      "door": 0,
      "ds": 0,
      "flags": {
        "tagger": {
          "tags": [
            "w"
          ]
        },
        "monks-active-tiles": {
          "entity": {},
          "open": false,
          "close": false,
          "lock": false,
          "checklock": false,
          "secret": false
        }
      },
      "threshold": {
        "light": 10,
        "sight": 10,
        "sound": null,
        "attenuation": true
      },
      "_key": "!scenes.walls!3JyA3Zf5atqus9Wf.c5XH1vAXlGWdGWe0"
    },
    {
      "_id": "ek2CYqm6tY1TT757",
      "c": [
        1900,
        2800,
        2000,
        2800
      ],
      "light": 20,
      "move": 20,
      "sight": 20,
      "sound": 20,
      "dir": 0,
      "door": 1,
      "ds": 0,
      "flags": {
        "tagger": {
          "tags": [
            "d",
            "wall"
          ]
        },
        "monks-active-tiles": {
          "entity": {
            "id": "tagger:door",
            "match": "all",
            "scene": "_active",
            "name": "<i class=\"fas fa-tag fa-sm\"></i> door"
          },
          "open": true,
          "close": true,
          "lock": false,
          "checklock": false,
          "secret": false
        }
      },
      "threshold": {
        "light": null,
        "sight": null,
        "sound": null,
        "attenuation": false
      },
      "doorSound": "woodCreaky",
      "_key": "!scenes.walls!3JyA3Zf5atqus9Wf.ek2CYqm6tY1TT757"
    },
    {
      "_id": "QYrIcBa9tXrCYa0L",
      "c": [
        2012,
        2912,
        2087,
        2987
      ],
      "light": 20,
      "move": 20,
      "sight": 20,
      "sound": 20,
      "dir": 0,
      "door": 1,
      "ds": 0,
      "flags": {
        "tagger": {
          "tags": [
            "d",
            "wall"
          ]
        },
        "monks-active-tiles": {
          "entity": {},
          "open": false,
          "close": false,
          "lock": false,
          "checklock": false,
          "secret": false
        }
      },
      "threshold": {
        "light": null,
        "sight": null,
        "sound": null,
        "attenuation": false
      },
      "doorSound": "slidingWood",
      "_key": "!scenes.walls!3JyA3Zf5atqus9Wf.QYrIcBa9tXrCYa0L"
    },
    {
      "_id": "nIl0ZJnDkEceTP2o",
      "c": [
        1987,
        1512,
        2637,
        1500
      ],
      "light": 20,
      "move": 0,
      "sight": 20,
      "sound": 0,
      "dir": 0,
      "door": 0,
      "ds": 0,
      "flags": {},
      "threshold": {
        "light": null,
        "sight": null,
        "sound": null,
        "attenuation": false
      },
      "_key": "!scenes.walls!3JyA3Zf5atqus9Wf.nIl0ZJnDkEceTP2o"
    },
    {
      "_id": "7qNvwGLtujgFSFPc",
      "c": [
        2637,
        1500,
        2637,
        1200
      ],
      "light": 20,
      "move": 0,
      "sight": 20,
      "sound": 0,
      "dir": 0,
      "door": 0,
      "ds": 0,
      "flags": {},
      "threshold": {
        "light": null,
        "sight": null,
        "sound": null,
        "attenuation": false
      },
      "_key": "!scenes.walls!3JyA3Zf5atqus9Wf.7qNvwGLtujgFSFPc"
    },
    {
      "_id": "bTrue0OUUsWkpaJd",
      "c": [
        2637,
        1500,
        2650,
        2000
      ],
      "light": 20,
      "move": 0,
      "sight": 20,
      "sound": 0,
      "dir": 0,
      "door": 0,
      "ds": 0,
      "flags": {},
      "threshold": {
        "light": null,
        "sight": null,
        "sound": null,
        "attenuation": false
      },
      "_key": "!scenes.walls!3JyA3Zf5atqus9Wf.bTrue0OUUsWkpaJd"
    },
    {
      "_id": "1MXqqgHRhpzZCbVp",
      "c": [
        887,
        1700,
        887,
        1300
      ],
      "light": 20,
      "move": 0,
      "sight": 20,
      "sound": 0,
      "dir": 0,
      "door": 0,
      "ds": 0,
      "flags": {},
      "threshold": {
        "light": null,
        "sight": null,
        "sound": null,
        "attenuation": false
      },
      "_key": "!scenes.walls!3JyA3Zf5atqus9Wf.1MXqqgHRhpzZCbVp"
    },
    {
      "_id": "d1wFiz4Ib97FD1aJ",
      "c": [
        1512,
        1300,
        887,
        1300
      ],
      "light": 20,
      "move": 0,
      "sight": 20,
      "sound": 0,
      "dir": 0,
      "door": 0,
      "ds": 0,
      "flags": {},
      "threshold": {
        "light": null,
        "sight": null,
        "sound": null,
        "attenuation": false
      },
      "_key": "!scenes.walls!3JyA3Zf5atqus9Wf.d1wFiz4Ib97FD1aJ"
    },
    {
      "_id": "44CXAZyHMgScnQfb",
      "c": [
        887,
        1300,
        700,
        1300
      ],
      "light": 20,
      "move": 0,
      "sight": 20,
      "sound": 0,
      "dir": 0,
      "door": 0,
      "ds": 0,
      "flags": {},
      "threshold": {
        "light": null,
        "sight": null,
        "sound": null,
        "attenuation": false
      },
      "_key": "!scenes.walls!3JyA3Zf5atqus9Wf.44CXAZyHMgScnQfb"
    },
    {
      "_id": "RKHLQNKZ8yuNXoR5",
      "c": [
        1100,
        2112,
        725,
        2112
      ],
      "light": 20,
      "move": 0,
      "sight": 20,
      "sound": 0,
      "dir": 0,
      "door": 0,
      "ds": 0,
      "flags": {},
      "threshold": {
        "light": null,
        "sight": null,
        "sound": null,
        "attenuation": false
      },
      "_key": "!scenes.walls!3JyA3Zf5atqus9Wf.RKHLQNKZ8yuNXoR5"
    },
    {
      "_id": "HzhiP0RpXrEBg8RI",
      "c": [
        1237,
        3300,
        697,
        3293
      ],
      "light": 20,
      "move": 0,
      "sight": 20,
      "sound": 0,
      "dir": 0,
      "door": 0,
      "ds": 0,
      "flags": {},
      "threshold": {
        "light": null,
        "sight": null,
        "sound": null,
        "attenuation": false
      },
      "_key": "!scenes.walls!3JyA3Zf5atqus9Wf.HzhiP0RpXrEBg8RI"
    },
    {
      "_id": "C94swSuwFiwwSVaI",
      "c": [
        1237,
        3300,
        1412,
        3087
      ],
      "light": 20,
      "move": 0,
      "sight": 20,
      "sound": 0,
      "dir": 0,
      "door": 0,
      "ds": 0,
      "flags": {},
      "threshold": {
        "light": null,
        "sight": null,
        "sound": null,
        "attenuation": false
      },
      "_key": "!scenes.walls!3JyA3Zf5atqus9Wf.C94swSuwFiwwSVaI"
    },
    {
      "_id": "ksLApAtuJe5I6RzK",
      "c": [
        1400,
        3512,
        1237,
        3300
      ],
      "light": 20,
      "move": 0,
      "sight": 20,
      "sound": 0,
      "dir": 0,
      "door": 0,
      "ds": 0,
      "flags": {},
      "threshold": {
        "light": null,
        "sight": null,
        "sound": null,
        "attenuation": false
      },
      "_key": "!scenes.walls!3JyA3Zf5atqus9Wf.ksLApAtuJe5I6RzK"
    },
    {
      "_id": "eQUllRHBsJWyqcJj",
      "c": [
        1350,
        3800,
        1350,
        3700
      ],
      "light": 20,
      "move": 0,
      "sight": 20,
      "sound": 0,
      "dir": 0,
      "door": 0,
      "ds": 0,
      "flags": {},
      "threshold": {
        "light": null,
        "sight": null,
        "sound": null,
        "attenuation": false
      },
      "_key": "!scenes.walls!3JyA3Zf5atqus9Wf.eQUllRHBsJWyqcJj"
    },
    {
      "_id": "hUpmOZ0ZOAJq94sA",
      "c": [
        1987,
        3487,
        2000,
        3800
      ],
      "light": 20,
      "move": 0,
      "sight": 20,
      "sound": 0,
      "dir": 0,
      "door": 0,
      "ds": 0,
      "flags": {},
      "threshold": {
        "light": null,
        "sight": null,
        "sound": null,
        "attenuation": false
      },
      "_key": "!scenes.walls!3JyA3Zf5atqus9Wf.hUpmOZ0ZOAJq94sA"
    },
    {
      "_id": "GxYqQPefLlj9MJ3s",
      "c": [
        2700,
        2737,
        3300,
        2750
      ],
      "light": 20,
      "move": 0,
      "sight": 20,
      "sound": 0,
      "dir": 0,
      "door": 0,
      "ds": 0,
      "flags": {},
      "threshold": {
        "light": null,
        "sight": null,
        "sound": null,
        "attenuation": false
      },
      "_key": "!scenes.walls!3JyA3Zf5atqus9Wf.GxYqQPefLlj9MJ3s"
    },
    {
      "_id": "7ECjwT5Uwm1szK2E",
      "c": [
        3000,
        3275,
        3000,
        3737
      ],
      "light": 20,
      "move": 0,
      "sight": 20,
      "sound": 0,
      "dir": 0,
      "door": 0,
      "ds": 0,
      "flags": {},
      "threshold": {
        "light": null,
        "sight": null,
        "sound": null,
        "attenuation": false
      },
      "_key": "!scenes.walls!3JyA3Zf5atqus9Wf.7ECjwT5Uwm1szK2E"
    },
    {
      "_id": "0AwHEP3siTenIFcQ",
      "c": [
        3000,
        3737,
        2600,
        3737
      ],
      "light": 20,
      "move": 0,
      "sight": 20,
      "sound": 0,
      "dir": 0,
      "door": 0,
      "ds": 0,
      "flags": {},
      "threshold": {
        "light": null,
        "sight": null,
        "sound": null,
        "attenuation": false
      },
      "_key": "!scenes.walls!3JyA3Zf5atqus9Wf.0AwHEP3siTenIFcQ"
    },
    {
      "_id": "r02HRv3MguI5bWDg",
      "c": [
        1700,
        3000,
        2312,
        3000
      ],
      "light": 0,
      "move": 0,
      "sight": 0,
      "sound": 0,
      "dir": 0,
      "door": 0,
      "ds": 0,
      "flags": {
        "tagger": {
          "tags": [
            "tw"
          ]
        },
        "monks-active-tiles": {
          "entity": {},
          "open": false,
          "close": false,
          "lock": false,
          "checklock": false,
          "secret": false
        }
      },
      "threshold": {
        "light": null,
        "sight": null,
        "sound": null,
        "attenuation": false
      },
      "_key": "!scenes.walls!3JyA3Zf5atqus9Wf.r02HRv3MguI5bWDg"
    }
  ],
  "playlist": null,
  "playlistSound": null,
  "journal": null,
  "journalEntryPage": null,
  "weather": "",
  "flags": {
    "scene-packer": {
      "hash": "83dc0af2b5194fc7d8364cd5be51ca0ceeefe4b0",
      "sourceId": "Scene.3JyA3Zf5atqus9Wf"
    }
  },
  "_stats": {
    "systemId": "dnd5e",
    "systemVersion": "2.4.1",
    "coreVersion": "12.330",
    "createdTime": 1704562544068,
    "modifiedTime": 1723947037793,
    "lastModifiedBy": "dnd5ebuilder0000",
    "compendiumSource": "Compendium.fa-battlemaps.maps.3JyA3Zf5atqus9Wf",
    "duplicateSource": null
  },
  "_id": "3JyA3Zf5atqus9Wf",
  "active": false,
  "folder": null,
  "sort": 0,
  "ownership": {
    "default": 0
  },
  "regions": [
    {
      "name": "Region",
      "color": "#cc4428",
      "shapes": [
        {
          "type": "polygon",
          "points": [
            2300,
            3200,
            1700,
            3200,
            1700,
            2800,
            2300,
            2800
          ],
          "hole": false
        }
      ],
      "_id": "nHjFb3GJmqAYYgl7",
      "elevation": {
        "bottom": null,
        "top": null
      },
      "behaviors": [
        {
          "name": "Suppress Weather",
          "type": "suppressWeather",
          "_id": "3KeiWNVPRdRvntBF",
          "system": {},
          "disabled": false,
          "flags": {},
          "_stats": {
            "compendiumSource": null,
            "duplicateSource": null,
            "coreVersion": "12.330",
            "systemId": "dnd5e",
            "systemVersion": "3.3.1",
            "createdTime": null,
            "modifiedTime": null,
            "lastModifiedBy": null
          },
          "_key": "!scenes.regions.behaviors!3JyA3Zf5atqus9Wf.nHjFb3GJmqAYYgl7.3KeiWNVPRdRvntBF"
        }
      ],
      "visibility": 0,
      "locked": false,
      "flags": {
        "tagger": {}
      },
      "_key": "!scenes.regions!3JyA3Zf5atqus9Wf.nHjFb3GJmqAYYgl7"
    }
  ],
  "environment": {
    "globalLight": {
      "luminosity": 0,
      "enabled": true,
      "darkness": {
        "max": 1,
        "min": 0
      },
      "alpha": 0.5,
      "bright": false,
      "color": null,
      "coloration": 1,
      "saturation": 0,
      "contrast": 0,
      "shadows": 0
    },
    "darknessLevel": 0,
    "darknessLock": false,
    "cycle": true,
    "base": {
      "hue": 0,
      "intensity": 0,
      "luminosity": 0,
      "saturation": 0,
      "shadows": 0
    },
    "dark": {
      "hue": 0.7138888888888889,
      "intensity": 0,
      "luminosity": -0.25,
      "saturation": 0,
      "shadows": 0
    }
  },
  "fog": {
    "exploration": true,
    "reset": 1704562544065,
    "overlay": null,
    "colors": {
      "explored": null,
      "unexplored": null
    }
  },
  "_key": "!scenes!3JyA3Zf5atqus9Wf"
}
