{
  "_id": "IaapBLFMfPf0o4M3",
  "name": "River Cavern [30x30]",
  "navigation": false,
  "navOrder": 0,
  "navName": "",
  "foreground": "fa_battlemaps/Maps/2022/September/fa_rivercavern/Maps/RiverCaveFG.webp",
  "thumb": "modules/fa-battlemaps/assets/scenes/IaapBLFMfPf0o4M3-thumb.webp",
  "width": 3000,
  "height": 3000,
  "padding": 0.25,
  "initial": {
    "x": 2684,
    "y": 2343,
    "scale": 0.44
  },
  "backgroundColor": "#000000",
  "grid": {
    "size": 100,
    "type": 1,
    "color": "#000000",
    "alpha": 0.2,
    "distance": 5,
    "units": "ft",
    "style": "solidLines",
    "thickness": 1
  },
  "tokenVision": true,
  "drawings": [],
  "tokens": [],
  "lights": [],
  "notes": [],
  "sounds": [
    {
      "_id": "A5goT6r86dYZn9Vc",
      "x": 2250,
      "y": 2487,
      "radius": 108.91,
      "path": "fa_battlemaps/Audio/CaveAmbience.ogg",
      "repeat": false,
      "volume": 0.5,
      "walls": false,
      "easing": false,
      "hidden": false,
      "darkness": {
        "min": 0,
        "max": 1
      },
      "flags": {
        "tagger": {
          "tags": ""
        }
      },
      "elevation": 0,
      "effects": {
        "base": {
          "intensity": 5
        },
        "muffled": {
          "intensity": 5
        }
      },
      "_key": "!scenes.sounds!IaapBLFMfPf0o4M3.A5goT6r86dYZn9Vc"
    },
    {
      "_id": "ybvCPLIRQ5GIqL02",
      "x": 2400,
      "y": 2350,
      "radius": 108.91,
      "path": "fa_battlemaps/Audio/Rapids.ogg",
      "repeat": false,
      "volume": 0.15,
      "walls": false,
      "easing": true,
      "hidden": false,
      "darkness": {
        "min": 0,
        "max": 1
      },
      "flags": {
        "tagger": {
          "tags": ""
        }
      },
      "elevation": 0,
      "effects": {
        "base": {
          "intensity": 5
        },
        "muffled": {
          "intensity": 5
        }
      },
      "_key": "!scenes.sounds!IaapBLFMfPf0o4M3.ybvCPLIRQ5GIqL02"
    }
  ],
  "templates": [],
  "tiles": [
    {
      "_id": "6xx7CtHvBV2JF6cV",
      "width": 800,
      "height": 400,
      "x": 1200,
      "y": 800,
      "rotation": 0,
      "alpha": 1,
      "hidden": false,
      "locked": false,
      "occlusion": {
        "mode": 0,
        "alpha": 1
      },
      "video": {
        "loop": true,
        "autoplay": true,
        "volume": 0
      },
      "flags": {
        "tagger": {
          "tags": [
            "opening"
          ]
        },
        "monks-active-tiles": {
          "active": true,
          "record": false,
          "restriction": "all",
          "controlled": "gm",
          "trigger": "enter",
          "allowpaused": false,
          "usealpha": false,
          "pointer": false,
          "pertoken": false,
          "minrequired": 0,
          "chance": 100,
          "fileindex": 0,
          "actions": [],
          "files": []
        }
      },
      "texture": {
        "src": "fa_battlemaps/Maps/2022/September/fa_rivercavern/Tiles/Opening.webp",
        "tint": "#ffffff",
        "scaleX": 1,
        "scaleY": 1,
        "offsetX": 0,
        "offsetY": 0,
        "rotation": 0,
        "anchorX": 0.5,
        "anchorY": 0.5,
        "fit": "fill",
        "alphaThreshold": 0.75
      },
      "sort": 100,
      "restrictions": {
        "light": false,
        "weather": false
      },
      "elevation": 0,
      "_key": "!scenes.tiles!IaapBLFMfPf0o4M3.6xx7CtHvBV2JF6cV"
    },
    {
      "_id": "dD3kXQkNu1pVWV4f",
      "width": 800,
      "height": 400,
      "x": 1200,
      "y": 800,
      "rotation": 0,
      "alpha": 1,
      "hidden": false,
      "locked": true,
      "occlusion": {
        "mode": 0,
        "alpha": 1
      },
      "video": {
        "loop": true,
        "autoplay": true,
        "volume": 0
      },
      "flags": {
        "tagger": {
          "tags": [
            "openingfg"
          ]
        },
        "monks-active-tiles": {
          "active": false,
          "record": false,
          "restriction": "all",
          "controlled": "gm",
          "trigger": "enter",
          "allowpaused": false,
          "usealpha": false,
          "pointer": false,
          "pertoken": false,
          "minrequired": 0,
          "chance": 50,
          "fileindex": 0,
          "actions": [],
          "files": [
            {
              "id": "OXsedPZ0Wi7VlLbJ",
              "name": "fa_battlemaps/Maps/2022/September/fa_rivercavern/Tiles/RiverCaveOpen.webp",
              "selected": true
            },
            {
              "id": "AJVLSLayi3Hvytdw",
              "name": "fa_battlemaps/Maps/2022/September/fa_rivercavern/Tiles/RiverCaveClosed.webp",
              "selected": false
            }
          ]
        }
      },
      "texture": {
        "src": "fa_battlemaps/Maps/2022/September/fa_rivercavern/Tiles/RiverCaveOpen.webp",
        "tint": "#ffffff",
        "scaleX": 1,
        "scaleY": 1,
        "offsetX": 0,
        "offsetY": 0,
        "rotation": 0,
        "anchorX": 0.5,
        "anchorY": 0.5,
        "fit": "fill",
        "alphaThreshold": 0.75
      },
      "elevation": 20,
      "sort": 100,
      "restrictions": {
        "light": false,
        "weather": false
      },
      "_key": "!scenes.tiles!IaapBLFMfPf0o4M3.dD3kXQkNu1pVWV4f"
    },
    {
      "_id": "LIXDxwGE4DsPf3f5",
      "width": 460,
      "height": 168,
      "x": 3800,
      "y": 800,
      "rotation": 0,
      "alpha": 1,
      "hidden": false,
      "locked": false,
      "occlusion": {
        "mode": 0,
        "alpha": 1
      },
      "video": {
        "loop": true,
        "autoplay": true,
        "volume": 0
      },
      "flags": {
        "tagger": {},
        "monks-active-tiles": {
          "active": true,
          "record": false,
          "restriction": "all",
          "controlled": "gm",
          "trigger": [
            "dblclick"
          ],
          "allowpaused": false,
          "usealpha": false,
          "pointer": true,
          "pertoken": false,
          "minrequired": 0,
          "chance": 100,
          "fileindex": 0,
          "actions": [
            {
              "action": "alter",
              "data": {
                "entity": {
                  "id": "tagger:opening",
                  "match": "all",
                  "scene": "_active",
                  "name": "<i class=\"fas fa-tag fa-sm\"></i> opening"
                },
                "attribute": "alpha",
                "value": "={{entity.alpha}} == 0 ? 1 : 0",
                "chatMessage": false,
                "rollmode": "roll"
              },
              "id": "FG728zdjOmOaabu9"
            },
            {
              "action": "tileimage",
              "data": {
                "entity": {
                  "id": "tagger:openingfg",
                  "match": "all",
                  "scene": "_active",
                  "name": "<i class=\"fas fa-tag fa-sm\"></i> openingfg"
                },
                "attribute": "alpha",
                "value": "={{entity.alpha}} == 0 ? 1 : 0",
                "chatMessage": false,
                "rollmode": "roll",
                "location": {},
                "item": {},
                "actor": {},
                "token": {},
                "select": "next",
                "transition": "none",
                "speed": 1,
                "loop": 1
              },
              "id": "b9ZUQr7AfiRsCg1Z"
            },
            {
              "action": "alter",
              "data": {
                "entity": {
                  "id": "tagger:openingwalls",
                  "match": "all",
                  "scene": "_active",
                  "name": "<i class=\"fas fa-tag fa-sm\"></i> openingwalls"
                },
                "attribute": "move",
                "value": "={{entity.move}} == 0 ? 20 : 0",
                "chatMessage": false,
                "rollmode": "roll"
              },
              "id": "d9MrRkl60FPbLYai"
            },
            {
              "action": "alter",
              "data": {
                "entity": {
                  "id": "tagger:openingwalls",
                  "match": "all",
                  "scene": "_active",
                  "name": "<i class=\"fas fa-tag fa-sm\"></i> openingwalls"
                },
                "attribute": "sight",
                "value": "={{entity.sight}} == 0 ? 20 : 0",
                "chatMessage": false,
                "rollmode": "roll"
              },
              "id": "5RErKZTGMNKVQ1bw"
            },
            {
              "action": "alter",
              "data": {
                "entity": {
                  "id": "tagger:openingwalls",
                  "match": "all",
                  "scene": "_active",
                  "name": "<i class=\"fas fa-tag fa-sm\"></i> openingwalls"
                },
                "attribute": "light",
                "value": "={{entity.light}} == 0 ? 20 : 0",
                "chatMessage": false,
                "rollmode": "roll"
              },
              "id": "1kA4MeMtjmK0ub8G"
            },
            {
              "action": "tileimage",
              "data": {
                "entity": "",
                "select": "next",
                "transition": "none",
                "speed": 1,
                "loop": 1
              },
              "id": "Lq8HabNwL6Nq0OQm"
            }
          ],
          "files": [
            {
              "id": "d46iuHlUfZoy2Ifo",
              "name": "fa_battlemaps/Maps/2022/September/fa_rivercavern/Text/CaveExit.webp",
              "selected": true
            },
            {
              "id": "ymdgrvR6t7zJeazN",
              "name": "fa_battlemaps/Maps/2022/September/fa_rivercavern/Text/CaveExitRed.webp",
              "selected": false
            }
          ],
          "name": "",
          "vision": false,
          "cooldown": null
        }
      },
      "texture": {
        "src": "fa_battlemaps/Maps/2022/September/fa_rivercavern/Text/CaveExit.webp",
        "tint": "#ffffff",
        "scaleX": 1,
        "scaleY": 1,
        "offsetX": 0,
        "offsetY": 0,
        "rotation": 0,
        "anchorX": 0.5,
        "anchorY": 0.5,
        "fit": "fill",
        "alphaThreshold": 0.75
      },
      "sort": 99,
      "restrictions": {
        "light": false,
        "weather": false
      },
      "elevation": 0,
      "_key": "!scenes.tiles!IaapBLFMfPf0o4M3.LIXDxwGE4DsPf3f5"
    }
  ],
  "walls": [
    {
      "_id": "Pxwp1RgIQiOGpYFj",
      "c": [
        3800,
        800,
        800,
        800
      ],
      "light": 20,
      "move": 20,
      "sight": 20,
      "sound": 20,
      "dir": 0,
      "door": 0,
      "ds": 0,
      "flags": {},
      "threshold": {
        "light": null,
        "sight": null,
        "sound": null,
        "attenuation": false
      },
      "_key": "!scenes.walls!IaapBLFMfPf0o4M3.Pxwp1RgIQiOGpYFj"
    },
    {
      "_id": "504f0LrElBBemynk",
      "c": [
        800,
        800,
        800,
        3800
      ],
      "light": 20,
      "move": 20,
      "sight": 20,
      "sound": 20,
      "dir": 0,
      "door": 0,
      "ds": 0,
      "flags": {},
      "threshold": {
        "light": null,
        "sight": null,
        "sound": null,
        "attenuation": false
      },
      "_key": "!scenes.walls!IaapBLFMfPf0o4M3.504f0LrElBBemynk"
    },
    {
      "_id": "ddNyc7wwSlrxnOmY",
      "c": [
        800,
        3800,
        3800,
        3800
      ],
      "light": 20,
      "move": 20,
      "sight": 20,
      "sound": 20,
      "dir": 0,
      "door": 0,
      "ds": 0,
      "flags": {},
      "threshold": {
        "light": null,
        "sight": null,
        "sound": null,
        "attenuation": false
      },
      "_key": "!scenes.walls!IaapBLFMfPf0o4M3.ddNyc7wwSlrxnOmY"
    },
    {
      "_id": "WQOPnLdoOzLV64za",
      "c": [
        3800,
        3800,
        3800,
        800
      ],
      "light": 20,
      "move": 20,
      "sight": 20,
      "sound": 20,
      "dir": 0,
      "door": 0,
      "ds": 0,
      "flags": {},
      "threshold": {
        "light": null,
        "sight": null,
        "sound": null,
        "attenuation": false
      },
      "_key": "!scenes.walls!IaapBLFMfPf0o4M3.WQOPnLdoOzLV64za"
    },
    {
      "_id": "Xc5VEYOsctXZk6ES",
      "c": [
        800,
        2412,
        937,
        2387
      ],
      "light": 20,
      "move": 20,
      "sight": 20,
      "sound": 20,
      "dir": 0,
      "door": 0,
      "ds": 0,
      "flags": {},
      "threshold": {
        "light": null,
        "sight": null,
        "sound": null,
        "attenuation": false
      },
      "_key": "!scenes.walls!IaapBLFMfPf0o4M3.Xc5VEYOsctXZk6ES"
    },
    {
      "_id": "btsO1kUhJbCS1bKy",
      "c": [
        937,
        2387,
        1062,
        2437
      ],
      "light": 20,
      "move": 20,
      "sight": 20,
      "sound": 20,
      "dir": 0,
      "door": 0,
      "ds": 0,
      "flags": {},
      "threshold": {
        "light": null,
        "sight": null,
        "sound": null,
        "attenuation": false
      },
      "_key": "!scenes.walls!IaapBLFMfPf0o4M3.btsO1kUhJbCS1bKy"
    },
    {
      "_id": "FMgiZV1sR7OcJWMI",
      "c": [
        1062,
        2437,
        1362,
        2612
      ],
      "light": 20,
      "move": 20,
      "sight": 20,
      "sound": 20,
      "dir": 0,
      "door": 0,
      "ds": 0,
      "flags": {},
      "threshold": {
        "light": null,
        "sight": null,
        "sound": null,
        "attenuation": false
      },
      "_key": "!scenes.walls!IaapBLFMfPf0o4M3.FMgiZV1sR7OcJWMI"
    },
    {
      "_id": "9HFAu970EGnmYaK7",
      "c": [
        1362,
        2612,
        1437,
        2637
      ],
      "light": 20,
      "move": 20,
      "sight": 20,
      "sound": 20,
      "dir": 0,
      "door": 0,
      "ds": 0,
      "flags": {},
      "threshold": {
        "light": null,
        "sight": null,
        "sound": null,
        "attenuation": false
      },
      "_key": "!scenes.walls!IaapBLFMfPf0o4M3.9HFAu970EGnmYaK7"
    },
    {
      "_id": "GnDCx9oQ4nMOkG7S",
      "c": [
        1437,
        2637,
        1550,
        2762
      ],
      "light": 20,
      "move": 20,
      "sight": 20,
      "sound": 20,
      "dir": 0,
      "door": 0,
      "ds": 0,
      "flags": {},
      "threshold": {
        "light": null,
        "sight": null,
        "sound": null,
        "attenuation": false
      },
      "_key": "!scenes.walls!IaapBLFMfPf0o4M3.GnDCx9oQ4nMOkG7S"
    },
    {
      "_id": "PXJE7aiCEG6shPYf",
      "c": [
        1550,
        2762,
        1600,
        2762
      ],
      "light": 20,
      "move": 20,
      "sight": 20,
      "sound": 20,
      "dir": 0,
      "door": 0,
      "ds": 0,
      "flags": {},
      "threshold": {
        "light": null,
        "sight": null,
        "sound": null,
        "attenuation": false
      },
      "_key": "!scenes.walls!IaapBLFMfPf0o4M3.PXJE7aiCEG6shPYf"
    },
    {
      "_id": "5Y5DnWzbvI0pYqv3",
      "c": [
        1600,
        2762,
        1675,
        2625
      ],
      "light": 20,
      "move": 20,
      "sight": 20,
      "sound": 20,
      "dir": 0,
      "door": 0,
      "ds": 0,
      "flags": {},
      "threshold": {
        "light": null,
        "sight": null,
        "sound": null,
        "attenuation": false
      },
      "_key": "!scenes.walls!IaapBLFMfPf0o4M3.5Y5DnWzbvI0pYqv3"
    },
    {
      "_id": "ULEqZd7hDefQzEs4",
      "c": [
        1675,
        2625,
        1887,
        2500
      ],
      "light": 20,
      "move": 20,
      "sight": 20,
      "sound": 20,
      "dir": 0,
      "door": 0,
      "ds": 0,
      "flags": {},
      "threshold": {
        "light": null,
        "sight": null,
        "sound": null,
        "attenuation": false
      },
      "_key": "!scenes.walls!IaapBLFMfPf0o4M3.ULEqZd7hDefQzEs4"
    },
    {
      "_id": "EGl1X2mH58mFinge",
      "c": [
        1887,
        2500,
        1962,
        2287
      ],
      "light": 20,
      "move": 20,
      "sight": 20,
      "sound": 20,
      "dir": 0,
      "door": 0,
      "ds": 0,
      "flags": {},
      "threshold": {
        "light": null,
        "sight": null,
        "sound": null,
        "attenuation": false
      },
      "_key": "!scenes.walls!IaapBLFMfPf0o4M3.EGl1X2mH58mFinge"
    },
    {
      "_id": "jJOshz2UJ91IzVPg",
      "c": [
        1962,
        2287,
        1925,
        2237
      ],
      "light": 20,
      "move": 20,
      "sight": 20,
      "sound": 20,
      "dir": 0,
      "door": 0,
      "ds": 0,
      "flags": {},
      "threshold": {
        "light": null,
        "sight": null,
        "sound": null,
        "attenuation": false
      },
      "_key": "!scenes.walls!IaapBLFMfPf0o4M3.jJOshz2UJ91IzVPg"
    },
    {
      "_id": "dLiTv85DUjFyTW5b",
      "c": [
        1925,
        2237,
        1850,
        2237
      ],
      "light": 20,
      "move": 20,
      "sight": 20,
      "sound": 20,
      "dir": 0,
      "door": 0,
      "ds": 0,
      "flags": {},
      "threshold": {
        "light": null,
        "sight": null,
        "sound": null,
        "attenuation": false
      },
      "_key": "!scenes.walls!IaapBLFMfPf0o4M3.dLiTv85DUjFyTW5b"
    },
    {
      "_id": "fHbZ7QH6jszilCvJ",
      "c": [
        1850,
        2237,
        1750,
        2325
      ],
      "light": 20,
      "move": 20,
      "sight": 20,
      "sound": 20,
      "dir": 0,
      "door": 0,
      "ds": 0,
      "flags": {},
      "threshold": {
        "light": null,
        "sight": null,
        "sound": null,
        "attenuation": false
      },
      "_key": "!scenes.walls!IaapBLFMfPf0o4M3.fHbZ7QH6jszilCvJ"
    },
    {
      "_id": "JXlLSVZj5Di3GtJS",
      "c": [
        1750,
        2325,
        1575,
        2387
      ],
      "light": 20,
      "move": 20,
      "sight": 20,
      "sound": 20,
      "dir": 0,
      "door": 0,
      "ds": 0,
      "flags": {},
      "threshold": {
        "light": null,
        "sight": null,
        "sound": null,
        "attenuation": false
      },
      "_key": "!scenes.walls!IaapBLFMfPf0o4M3.JXlLSVZj5Di3GtJS"
    },
    {
      "_id": "NSnnRvsXAAqeFSXj",
      "c": [
        1575,
        2387,
        1412,
        2300
      ],
      "light": 20,
      "move": 20,
      "sight": 20,
      "sound": 20,
      "dir": 0,
      "door": 0,
      "ds": 0,
      "flags": {},
      "threshold": {
        "light": null,
        "sight": null,
        "sound": null,
        "attenuation": false
      },
      "_key": "!scenes.walls!IaapBLFMfPf0o4M3.NSnnRvsXAAqeFSXj"
    },
    {
      "_id": "JWC95EyIWxOU8byM",
      "c": [
        1412,
        2300,
        1325,
        2325
      ],
      "light": 20,
      "move": 20,
      "sight": 20,
      "sound": 20,
      "dir": 0,
      "door": 0,
      "ds": 0,
      "flags": {},
      "threshold": {
        "light": null,
        "sight": null,
        "sound": null,
        "attenuation": false
      },
      "_key": "!scenes.walls!IaapBLFMfPf0o4M3.JWC95EyIWxOU8byM"
    },
    {
      "_id": "B7rtFPJkSJoBPOgY",
      "c": [
        1325,
        2325,
        1225,
        2287
      ],
      "light": 20,
      "move": 20,
      "sight": 20,
      "sound": 20,
      "dir": 0,
      "door": 0,
      "ds": 0,
      "flags": {},
      "threshold": {
        "light": null,
        "sight": null,
        "sound": null,
        "attenuation": false
      },
      "_key": "!scenes.walls!IaapBLFMfPf0o4M3.B7rtFPJkSJoBPOgY"
    },
    {
      "_id": "yIfem1hfWY7Uqwp9",
      "c": [
        1225,
        2287,
        1075,
        2312
      ],
      "light": 20,
      "move": 20,
      "sight": 20,
      "sound": 20,
      "dir": 0,
      "door": 0,
      "ds": 0,
      "flags": {},
      "threshold": {
        "light": null,
        "sight": null,
        "sound": null,
        "attenuation": false
      },
      "_key": "!scenes.walls!IaapBLFMfPf0o4M3.yIfem1hfWY7Uqwp9"
    },
    {
      "_id": "CCax7wRGwcLZAfve",
      "c": [
        1075,
        2312,
        987,
        2250
      ],
      "light": 20,
      "move": 20,
      "sight": 20,
      "sound": 20,
      "dir": 0,
      "door": 0,
      "ds": 0,
      "flags": {},
      "threshold": {
        "light": null,
        "sight": null,
        "sound": null,
        "attenuation": false
      },
      "_key": "!scenes.walls!IaapBLFMfPf0o4M3.CCax7wRGwcLZAfve"
    },
    {
      "_id": "r2O2Ztsv5W75Cey2",
      "c": [
        987,
        2250,
        950,
        2075
      ],
      "light": 20,
      "move": 20,
      "sight": 20,
      "sound": 20,
      "dir": 0,
      "door": 0,
      "ds": 0,
      "flags": {},
      "threshold": {
        "light": null,
        "sight": null,
        "sound": null,
        "attenuation": false
      },
      "_key": "!scenes.walls!IaapBLFMfPf0o4M3.r2O2Ztsv5W75Cey2"
    },
    {
      "_id": "Q2ebyuYlvZs1ltiC",
      "c": [
        950,
        2075,
        962,
        2025
      ],
      "light": 20,
      "move": 20,
      "sight": 20,
      "sound": 20,
      "dir": 0,
      "door": 0,
      "ds": 0,
      "flags": {},
      "threshold": {
        "light": null,
        "sight": null,
        "sound": null,
        "attenuation": false
      },
      "_key": "!scenes.walls!IaapBLFMfPf0o4M3.Q2ebyuYlvZs1ltiC"
    },
    {
      "_id": "LxRxDytsvCxVlwny",
      "c": [
        962,
        2025,
        900,
        1925
      ],
      "light": 20,
      "move": 20,
      "sight": 20,
      "sound": 20,
      "dir": 0,
      "door": 0,
      "ds": 0,
      "flags": {},
      "threshold": {
        "light": null,
        "sight": null,
        "sound": null,
        "attenuation": false
      },
      "_key": "!scenes.walls!IaapBLFMfPf0o4M3.LxRxDytsvCxVlwny"
    },
    {
      "_id": "6mAPbGOvMJVND3k1",
      "c": [
        900,
        1925,
        900,
        1875
      ],
      "light": 20,
      "move": 20,
      "sight": 20,
      "sound": 20,
      "dir": 0,
      "door": 0,
      "ds": 0,
      "flags": {},
      "threshold": {
        "light": null,
        "sight": null,
        "sound": null,
        "attenuation": false
      },
      "_key": "!scenes.walls!IaapBLFMfPf0o4M3.6mAPbGOvMJVND3k1"
    },
    {
      "_id": "UJvteLQkFVtbACU5",
      "c": [
        900,
        1875,
        1000,
        1625
      ],
      "light": 20,
      "move": 20,
      "sight": 20,
      "sound": 20,
      "dir": 0,
      "door": 0,
      "ds": 0,
      "flags": {},
      "threshold": {
        "light": null,
        "sight": null,
        "sound": null,
        "attenuation": false
      },
      "_key": "!scenes.walls!IaapBLFMfPf0o4M3.UJvteLQkFVtbACU5"
    },
    {
      "_id": "rvOU2L4ImBdkC2S0",
      "c": [
        1000,
        1625,
        975,
        1537
      ],
      "light": 20,
      "move": 20,
      "sight": 20,
      "sound": 20,
      "dir": 0,
      "door": 0,
      "ds": 0,
      "flags": {},
      "threshold": {
        "light": null,
        "sight": null,
        "sound": null,
        "attenuation": false
      },
      "_key": "!scenes.walls!IaapBLFMfPf0o4M3.rvOU2L4ImBdkC2S0"
    },
    {
      "_id": "4OJEXaxr7c6IFMcl",
      "c": [
        975,
        1537,
        900,
        1450
      ],
      "light": 20,
      "move": 20,
      "sight": 20,
      "sound": 20,
      "dir": 0,
      "door": 0,
      "ds": 0,
      "flags": {},
      "threshold": {
        "light": null,
        "sight": null,
        "sound": null,
        "attenuation": false
      },
      "_key": "!scenes.walls!IaapBLFMfPf0o4M3.4OJEXaxr7c6IFMcl"
    },
    {
      "_id": "JpomgWoSCPdTXyMy",
      "c": [
        900,
        1450,
        925,
        1300
      ],
      "light": 20,
      "move": 20,
      "sight": 20,
      "sound": 20,
      "dir": 0,
      "door": 0,
      "ds": 0,
      "flags": {},
      "threshold": {
        "light": null,
        "sight": null,
        "sound": null,
        "attenuation": false
      },
      "_key": "!scenes.walls!IaapBLFMfPf0o4M3.JpomgWoSCPdTXyMy"
    },
    {
      "_id": "xvhCE4D34rdvF5kf",
      "c": [
        925,
        1300,
        1000,
        1162
      ],
      "light": 20,
      "move": 20,
      "sight": 20,
      "sound": 20,
      "dir": 0,
      "door": 0,
      "ds": 0,
      "flags": {},
      "threshold": {
        "light": null,
        "sight": null,
        "sound": null,
        "attenuation": false
      },
      "_key": "!scenes.walls!IaapBLFMfPf0o4M3.xvhCE4D34rdvF5kf"
    },
    {
      "_id": "kRayJZpj7Jv5lmBg",
      "c": [
        1000,
        1162,
        1125,
        1112
      ],
      "light": 20,
      "move": 20,
      "sight": 20,
      "sound": 20,
      "dir": 0,
      "door": 0,
      "ds": 0,
      "flags": {},
      "threshold": {
        "light": null,
        "sight": null,
        "sound": null,
        "attenuation": false
      },
      "_key": "!scenes.walls!IaapBLFMfPf0o4M3.kRayJZpj7Jv5lmBg"
    },
    {
      "_id": "5NDCPWNBo0JwpH3s",
      "c": [
        1125,
        1112,
        1237,
        1137
      ],
      "light": 20,
      "move": 20,
      "sight": 20,
      "sound": 20,
      "dir": 0,
      "door": 0,
      "ds": 0,
      "flags": {},
      "threshold": {
        "light": null,
        "sight": null,
        "sound": null,
        "attenuation": false
      },
      "_key": "!scenes.walls!IaapBLFMfPf0o4M3.5NDCPWNBo0JwpH3s"
    },
    {
      "_id": "XjF82r41r7ucf4LQ",
      "c": [
        1900,
        1137,
        1975,
        1187
      ],
      "light": 20,
      "move": 20,
      "sight": 20,
      "sound": 20,
      "dir": 0,
      "door": 0,
      "ds": 0,
      "flags": {},
      "threshold": {
        "light": null,
        "sight": null,
        "sound": null,
        "attenuation": false
      },
      "_key": "!scenes.walls!IaapBLFMfPf0o4M3.XjF82r41r7ucf4LQ"
    },
    {
      "_id": "P2eyWGHd1KKlSHcy",
      "c": [
        1975,
        1187,
        2012,
        1237
      ],
      "light": 20,
      "move": 20,
      "sight": 20,
      "sound": 20,
      "dir": 0,
      "door": 0,
      "ds": 0,
      "flags": {},
      "threshold": {
        "light": null,
        "sight": null,
        "sound": null,
        "attenuation": false
      },
      "_key": "!scenes.walls!IaapBLFMfPf0o4M3.P2eyWGHd1KKlSHcy"
    },
    {
      "_id": "m51X3rlVxqLljxyC",
      "c": [
        2012,
        1237,
        2087,
        1262
      ],
      "light": 20,
      "move": 20,
      "sight": 20,
      "sound": 20,
      "dir": 0,
      "door": 0,
      "ds": 0,
      "flags": {},
      "threshold": {
        "light": null,
        "sight": null,
        "sound": null,
        "attenuation": false
      },
      "_key": "!scenes.walls!IaapBLFMfPf0o4M3.m51X3rlVxqLljxyC"
    },
    {
      "_id": "ZRg9XKkXmkuLWUyD",
      "c": [
        2087,
        1262,
        2350,
        1212
      ],
      "light": 20,
      "move": 20,
      "sight": 20,
      "sound": 20,
      "dir": 0,
      "door": 0,
      "ds": 0,
      "flags": {},
      "threshold": {
        "light": null,
        "sight": null,
        "sound": null,
        "attenuation": false
      },
      "_key": "!scenes.walls!IaapBLFMfPf0o4M3.ZRg9XKkXmkuLWUyD"
    },
    {
      "_id": "5HoOLPUfuIYrPj9F",
      "c": [
        2350,
        1212,
        2375,
        1175
      ],
      "light": 20,
      "move": 20,
      "sight": 20,
      "sound": 20,
      "dir": 0,
      "door": 0,
      "ds": 0,
      "flags": {},
      "threshold": {
        "light": null,
        "sight": null,
        "sound": null,
        "attenuation": false
      },
      "_key": "!scenes.walls!IaapBLFMfPf0o4M3.5HoOLPUfuIYrPj9F"
    },
    {
      "_id": "Vfvxy6qge9eJxDwk",
      "c": [
        2375,
        1175,
        2400,
        1075
      ],
      "light": 20,
      "move": 20,
      "sight": 20,
      "sound": 20,
      "dir": 0,
      "door": 0,
      "ds": 0,
      "flags": {},
      "threshold": {
        "light": null,
        "sight": null,
        "sound": null,
        "attenuation": false
      },
      "_key": "!scenes.walls!IaapBLFMfPf0o4M3.Vfvxy6qge9eJxDwk"
    },
    {
      "_id": "cy7HjcOherRdzjVp",
      "c": [
        2400,
        1075,
        2537,
        975
      ],
      "light": 20,
      "move": 20,
      "sight": 20,
      "sound": 20,
      "dir": 0,
      "door": 0,
      "ds": 0,
      "flags": {},
      "threshold": {
        "light": null,
        "sight": null,
        "sound": null,
        "attenuation": false
      },
      "_key": "!scenes.walls!IaapBLFMfPf0o4M3.cy7HjcOherRdzjVp"
    },
    {
      "_id": "zmChowBpJr7pbyFL",
      "c": [
        2537,
        975,
        2612,
        850
      ],
      "light": 20,
      "move": 20,
      "sight": 20,
      "sound": 20,
      "dir": 0,
      "door": 0,
      "ds": 0,
      "flags": {},
      "threshold": {
        "light": null,
        "sight": null,
        "sound": null,
        "attenuation": false
      },
      "_key": "!scenes.walls!IaapBLFMfPf0o4M3.zmChowBpJr7pbyFL"
    },
    {
      "_id": "VzqH4xfX1wLg8rEp",
      "c": [
        2612,
        850,
        2625,
        800
      ],
      "light": 20,
      "move": 20,
      "sight": 20,
      "sound": 20,
      "dir": 0,
      "door": 0,
      "ds": 0,
      "flags": {},
      "threshold": {
        "light": null,
        "sight": null,
        "sound": null,
        "attenuation": false
      },
      "_key": "!scenes.walls!IaapBLFMfPf0o4M3.VzqH4xfX1wLg8rEp"
    },
    {
      "_id": "Zy6G1drtVbpddEnT",
      "c": [
        2437,
        1775,
        2350,
        1725
      ],
      "light": 20,
      "move": 20,
      "sight": 20,
      "sound": 20,
      "dir": 0,
      "door": 0,
      "ds": 0,
      "flags": {},
      "threshold": {
        "light": null,
        "sight": null,
        "sound": null,
        "attenuation": false
      },
      "_key": "!scenes.walls!IaapBLFMfPf0o4M3.Zy6G1drtVbpddEnT"
    },
    {
      "_id": "nZye76kY1lxulH4b",
      "c": [
        2350,
        1725,
        2287,
        1737
      ],
      "light": 20,
      "move": 20,
      "sight": 20,
      "sound": 20,
      "dir": 0,
      "door": 0,
      "ds": 0,
      "flags": {},
      "threshold": {
        "light": null,
        "sight": null,
        "sound": null,
        "attenuation": false
      },
      "_key": "!scenes.walls!IaapBLFMfPf0o4M3.nZye76kY1lxulH4b"
    },
    {
      "_id": "A6SerDGgvSN2cGV0",
      "c": [
        2287,
        1737,
        2187,
        1712
      ],
      "light": 20,
      "move": 20,
      "sight": 20,
      "sound": 20,
      "dir": 0,
      "door": 0,
      "ds": 0,
      "flags": {},
      "threshold": {
        "light": null,
        "sight": null,
        "sound": null,
        "attenuation": false
      },
      "_key": "!scenes.walls!IaapBLFMfPf0o4M3.A6SerDGgvSN2cGV0"
    },
    {
      "_id": "u0L5a5E08r7b6mri",
      "c": [
        2187,
        1712,
        2150,
        1750
      ],
      "light": 20,
      "move": 20,
      "sight": 20,
      "sound": 20,
      "dir": 0,
      "door": 0,
      "ds": 0,
      "flags": {},
      "threshold": {
        "light": null,
        "sight": null,
        "sound": null,
        "attenuation": false
      },
      "_key": "!scenes.walls!IaapBLFMfPf0o4M3.u0L5a5E08r7b6mri"
    },
    {
      "_id": "oTbS9e7j4ppMbhh8",
      "c": [
        2150,
        1750,
        2162,
        1825
      ],
      "light": 20,
      "move": 20,
      "sight": 20,
      "sound": 20,
      "dir": 0,
      "door": 0,
      "ds": 0,
      "flags": {},
      "threshold": {
        "light": null,
        "sight": null,
        "sound": null,
        "attenuation": false
      },
      "_key": "!scenes.walls!IaapBLFMfPf0o4M3.oTbS9e7j4ppMbhh8"
    },
    {
      "_id": "DKNhC43kwfnXR0vM",
      "c": [
        2162,
        1825,
        2300,
        1837
      ],
      "light": 20,
      "move": 20,
      "sight": 20,
      "sound": 20,
      "dir": 0,
      "door": 0,
      "ds": 0,
      "flags": {},
      "threshold": {
        "light": null,
        "sight": null,
        "sound": null,
        "attenuation": false
      },
      "_key": "!scenes.walls!IaapBLFMfPf0o4M3.DKNhC43kwfnXR0vM"
    },
    {
      "_id": "x15fJeBcZOtju87u",
      "c": [
        2300,
        1837,
        2362,
        1862
      ],
      "light": 20,
      "move": 20,
      "sight": 20,
      "sound": 20,
      "dir": 0,
      "door": 0,
      "ds": 0,
      "flags": {},
      "threshold": {
        "light": null,
        "sight": null,
        "sound": null,
        "attenuation": false
      },
      "_key": "!scenes.walls!IaapBLFMfPf0o4M3.x15fJeBcZOtju87u"
    },
    {
      "_id": "UXlvhOo6JO9qO2jw",
      "c": [
        2362,
        1862,
        2425,
        1850
      ],
      "light": 20,
      "move": 20,
      "sight": 20,
      "sound": 20,
      "dir": 0,
      "door": 0,
      "ds": 0,
      "flags": {},
      "threshold": {
        "light": null,
        "sight": null,
        "sound": null,
        "attenuation": false
      },
      "_key": "!scenes.walls!IaapBLFMfPf0o4M3.UXlvhOo6JO9qO2jw"
    },
    {
      "_id": "NbHDkRxyk0KVa6s9",
      "c": [
        2425,
        1850,
        2437,
        1775
      ],
      "light": 20,
      "move": 20,
      "sight": 20,
      "sound": 20,
      "dir": 0,
      "door": 0,
      "ds": 0,
      "flags": {},
      "threshold": {
        "light": null,
        "sight": null,
        "sound": null,
        "attenuation": false
      },
      "_key": "!scenes.walls!IaapBLFMfPf0o4M3.NbHDkRxyk0KVa6s9"
    },
    {
      "_id": "0kWfGb2MtLTqUa5x",
      "c": [
        2862,
        2300,
        2825,
        2237
      ],
      "light": 20,
      "move": 20,
      "sight": 20,
      "sound": 20,
      "dir": 0,
      "door": 0,
      "ds": 0,
      "flags": {},
      "threshold": {
        "light": null,
        "sight": null,
        "sound": null,
        "attenuation": false
      },
      "_key": "!scenes.walls!IaapBLFMfPf0o4M3.0kWfGb2MtLTqUa5x"
    },
    {
      "_id": "8nePf260ZD89OoDa",
      "c": [
        2825,
        2237,
        2875,
        2125
      ],
      "light": 20,
      "move": 20,
      "sight": 20,
      "sound": 20,
      "dir": 0,
      "door": 0,
      "ds": 0,
      "flags": {},
      "threshold": {
        "light": null,
        "sight": null,
        "sound": null,
        "attenuation": false
      },
      "_key": "!scenes.walls!IaapBLFMfPf0o4M3.8nePf260ZD89OoDa"
    },
    {
      "_id": "RdD96Ez4ApLvJleK",
      "c": [
        2875,
        2125,
        2875,
        2050
      ],
      "light": 20,
      "move": 20,
      "sight": 20,
      "sound": 20,
      "dir": 0,
      "door": 0,
      "ds": 0,
      "flags": {},
      "threshold": {
        "light": null,
        "sight": null,
        "sound": null,
        "attenuation": false
      },
      "_key": "!scenes.walls!IaapBLFMfPf0o4M3.RdD96Ez4ApLvJleK"
    },
    {
      "_id": "LwUMa8ux82tgpIwQ",
      "c": [
        2875,
        2050,
        2912,
        1962
      ],
      "light": 20,
      "move": 20,
      "sight": 20,
      "sound": 20,
      "dir": 0,
      "door": 0,
      "ds": 0,
      "flags": {},
      "threshold": {
        "light": null,
        "sight": null,
        "sound": null,
        "attenuation": false
      },
      "_key": "!scenes.walls!IaapBLFMfPf0o4M3.LwUMa8ux82tgpIwQ"
    },
    {
      "_id": "eYcqM05sWIMZSb2S",
      "c": [
        2912,
        1962,
        2900,
        1862
      ],
      "light": 20,
      "move": 20,
      "sight": 20,
      "sound": 20,
      "dir": 0,
      "door": 0,
      "ds": 0,
      "flags": {},
      "threshold": {
        "light": null,
        "sight": null,
        "sound": null,
        "attenuation": false
      },
      "_key": "!scenes.walls!IaapBLFMfPf0o4M3.eYcqM05sWIMZSb2S"
    },
    {
      "_id": "qlSLngCmUVWbMcLn",
      "c": [
        2900,
        1862,
        2925,
        1825
      ],
      "light": 20,
      "move": 20,
      "sight": 20,
      "sound": 20,
      "dir": 0,
      "door": 0,
      "ds": 0,
      "flags": {},
      "threshold": {
        "light": null,
        "sight": null,
        "sound": null,
        "attenuation": false
      },
      "_key": "!scenes.walls!IaapBLFMfPf0o4M3.qlSLngCmUVWbMcLn"
    },
    {
      "_id": "qjiXqnznoQcQtjcd",
      "c": [
        2925,
        1825,
        3062,
        1662
      ],
      "light": 20,
      "move": 20,
      "sight": 20,
      "sound": 20,
      "dir": 0,
      "door": 0,
      "ds": 0,
      "flags": {},
      "threshold": {
        "light": null,
        "sight": null,
        "sound": null,
        "attenuation": false
      },
      "_key": "!scenes.walls!IaapBLFMfPf0o4M3.qjiXqnznoQcQtjcd"
    },
    {
      "_id": "zA08EhoqIoFuDRRn",
      "c": [
        3062,
        1662,
        3137,
        1687
      ],
      "light": 20,
      "move": 20,
      "sight": 20,
      "sound": 20,
      "dir": 0,
      "door": 0,
      "ds": 0,
      "flags": {},
      "threshold": {
        "light": null,
        "sight": null,
        "sound": null,
        "attenuation": false
      },
      "_key": "!scenes.walls!IaapBLFMfPf0o4M3.zA08EhoqIoFuDRRn"
    },
    {
      "_id": "g8M7zWPQsYhpl0Ld",
      "c": [
        3137,
        1687,
        3200,
        1687
      ],
      "light": 20,
      "move": 20,
      "sight": 20,
      "sound": 20,
      "dir": 0,
      "door": 0,
      "ds": 0,
      "flags": {},
      "threshold": {
        "light": null,
        "sight": null,
        "sound": null,
        "attenuation": false
      },
      "_key": "!scenes.walls!IaapBLFMfPf0o4M3.g8M7zWPQsYhpl0Ld"
    },
    {
      "_id": "K2m4LGzizNyyayY9",
      "c": [
        3200,
        1687,
        3275,
        1725
      ],
      "light": 20,
      "move": 20,
      "sight": 20,
      "sound": 20,
      "dir": 0,
      "door": 0,
      "ds": 0,
      "flags": {},
      "threshold": {
        "light": null,
        "sight": null,
        "sound": null,
        "attenuation": false
      },
      "_key": "!scenes.walls!IaapBLFMfPf0o4M3.K2m4LGzizNyyayY9"
    },
    {
      "_id": "58VzEvOhpjwjhnMz",
      "c": [
        3275,
        1725,
        3275,
        1787
      ],
      "light": 20,
      "move": 20,
      "sight": 20,
      "sound": 20,
      "dir": 0,
      "door": 0,
      "ds": 0,
      "flags": {},
      "threshold": {
        "light": null,
        "sight": null,
        "sound": null,
        "attenuation": false
      },
      "_key": "!scenes.walls!IaapBLFMfPf0o4M3.58VzEvOhpjwjhnMz"
    },
    {
      "_id": "vOezmoyiXvrauZYQ",
      "c": [
        3275,
        1787,
        3300,
        1912
      ],
      "light": 20,
      "move": 20,
      "sight": 20,
      "sound": 20,
      "dir": 0,
      "door": 0,
      "ds": 0,
      "flags": {},
      "threshold": {
        "light": null,
        "sight": null,
        "sound": null,
        "attenuation": false
      },
      "_key": "!scenes.walls!IaapBLFMfPf0o4M3.vOezmoyiXvrauZYQ"
    },
    {
      "_id": "VlGUKxlqidLtE9Sc",
      "c": [
        3300,
        1912,
        3250,
        2025
      ],
      "light": 20,
      "move": 20,
      "sight": 20,
      "sound": 20,
      "dir": 0,
      "door": 0,
      "ds": 0,
      "flags": {},
      "threshold": {
        "light": null,
        "sight": null,
        "sound": null,
        "attenuation": false
      },
      "_key": "!scenes.walls!IaapBLFMfPf0o4M3.VlGUKxlqidLtE9Sc"
    },
    {
      "_id": "oFe2U9NqHH3cwLMK",
      "c": [
        3250,
        2025,
        3187,
        2075
      ],
      "light": 20,
      "move": 20,
      "sight": 20,
      "sound": 20,
      "dir": 0,
      "door": 0,
      "ds": 0,
      "flags": {},
      "threshold": {
        "light": null,
        "sight": null,
        "sound": null,
        "attenuation": false
      },
      "_key": "!scenes.walls!IaapBLFMfPf0o4M3.oFe2U9NqHH3cwLMK"
    },
    {
      "_id": "aJ3mb1r7HaXyPQif",
      "c": [
        3187,
        2075,
        3125,
        2150
      ],
      "light": 20,
      "move": 20,
      "sight": 20,
      "sound": 20,
      "dir": 0,
      "door": 0,
      "ds": 0,
      "flags": {},
      "threshold": {
        "light": null,
        "sight": null,
        "sound": null,
        "attenuation": false
      },
      "_key": "!scenes.walls!IaapBLFMfPf0o4M3.aJ3mb1r7HaXyPQif"
    },
    {
      "_id": "OyJZxr1gS2UgKVaf",
      "c": [
        3125,
        2150,
        3087,
        2250
      ],
      "light": 20,
      "move": 20,
      "sight": 20,
      "sound": 20,
      "dir": 0,
      "door": 0,
      "ds": 0,
      "flags": {},
      "threshold": {
        "light": null,
        "sight": null,
        "sound": null,
        "attenuation": false
      },
      "_key": "!scenes.walls!IaapBLFMfPf0o4M3.OyJZxr1gS2UgKVaf"
    },
    {
      "_id": "PxQEbIJzPiMvb1PW",
      "c": [
        3087,
        2250,
        2900,
        2312
      ],
      "light": 20,
      "move": 20,
      "sight": 20,
      "sound": 20,
      "dir": 0,
      "door": 0,
      "ds": 0,
      "flags": {},
      "threshold": {
        "light": null,
        "sight": null,
        "sound": null,
        "attenuation": false
      },
      "_key": "!scenes.walls!IaapBLFMfPf0o4M3.PxQEbIJzPiMvb1PW"
    },
    {
      "_id": "uei0WKetuQNdbw1r",
      "c": [
        2900,
        2312,
        2862,
        2300
      ],
      "light": 20,
      "move": 20,
      "sight": 20,
      "sound": 20,
      "dir": 0,
      "door": 0,
      "ds": 0,
      "flags": {},
      "threshold": {
        "light": null,
        "sight": null,
        "sound": null,
        "attenuation": false
      },
      "_key": "!scenes.walls!IaapBLFMfPf0o4M3.uei0WKetuQNdbw1r"
    },
    {
      "_id": "rnvGB1B16wxtptyU",
      "c": [
        800,
        2925,
        850,
        2925
      ],
      "light": 20,
      "move": 20,
      "sight": 20,
      "sound": 20,
      "dir": 0,
      "door": 0,
      "ds": 0,
      "flags": {},
      "threshold": {
        "light": null,
        "sight": null,
        "sound": null,
        "attenuation": false
      },
      "_key": "!scenes.walls!IaapBLFMfPf0o4M3.rnvGB1B16wxtptyU"
    },
    {
      "_id": "Y1wVePzDbrDUfTW4",
      "c": [
        850,
        2925,
        1037,
        2912
      ],
      "light": 20,
      "move": 20,
      "sight": 20,
      "sound": 20,
      "dir": 0,
      "door": 0,
      "ds": 0,
      "flags": {},
      "threshold": {
        "light": null,
        "sight": null,
        "sound": null,
        "attenuation": false
      },
      "_key": "!scenes.walls!IaapBLFMfPf0o4M3.Y1wVePzDbrDUfTW4"
    },
    {
      "_id": "biPJMGcQ2lj3Ys2V",
      "c": [
        1037,
        2912,
        1125,
        2987
      ],
      "light": 20,
      "move": 20,
      "sight": 20,
      "sound": 20,
      "dir": 0,
      "door": 0,
      "ds": 0,
      "flags": {},
      "threshold": {
        "light": null,
        "sight": null,
        "sound": null,
        "attenuation": false
      },
      "_key": "!scenes.walls!IaapBLFMfPf0o4M3.biPJMGcQ2lj3Ys2V"
    },
    {
      "_id": "rh6L8kdM4L516CT0",
      "c": [
        1125,
        2987,
        1225,
        3037
      ],
      "light": 20,
      "move": 20,
      "sight": 20,
      "sound": 20,
      "dir": 0,
      "door": 0,
      "ds": 0,
      "flags": {},
      "threshold": {
        "light": null,
        "sight": null,
        "sound": null,
        "attenuation": false
      },
      "_key": "!scenes.walls!IaapBLFMfPf0o4M3.rh6L8kdM4L516CT0"
    },
    {
      "_id": "Oba8WeUzxsQ4nA2L",
      "c": [
        1225,
        3037,
        1287,
        3150
      ],
      "light": 20,
      "move": 20,
      "sight": 20,
      "sound": 20,
      "dir": 0,
      "door": 0,
      "ds": 0,
      "flags": {},
      "threshold": {
        "light": null,
        "sight": null,
        "sound": null,
        "attenuation": false
      },
      "_key": "!scenes.walls!IaapBLFMfPf0o4M3.Oba8WeUzxsQ4nA2L"
    },
    {
      "_id": "DunCFcaaWUQOAtMg",
      "c": [
        1287,
        3150,
        1337,
        3287
      ],
      "light": 20,
      "move": 20,
      "sight": 20,
      "sound": 20,
      "dir": 0,
      "door": 0,
      "ds": 0,
      "flags": {},
      "threshold": {
        "light": null,
        "sight": null,
        "sound": null,
        "attenuation": false
      },
      "_key": "!scenes.walls!IaapBLFMfPf0o4M3.DunCFcaaWUQOAtMg"
    },
    {
      "_id": "6PcxmNKAmUVvXZ7w",
      "c": [
        1337,
        3287,
        1375,
        3375
      ],
      "light": 20,
      "move": 20,
      "sight": 20,
      "sound": 20,
      "dir": 0,
      "door": 0,
      "ds": 0,
      "flags": {},
      "threshold": {
        "light": null,
        "sight": null,
        "sound": null,
        "attenuation": false
      },
      "_key": "!scenes.walls!IaapBLFMfPf0o4M3.6PcxmNKAmUVvXZ7w"
    },
    {
      "_id": "X6D9lcBm5HjRAo4J",
      "c": [
        1375,
        3375,
        1525,
        3450
      ],
      "light": 20,
      "move": 20,
      "sight": 20,
      "sound": 20,
      "dir": 0,
      "door": 0,
      "ds": 0,
      "flags": {},
      "threshold": {
        "light": null,
        "sight": null,
        "sound": null,
        "attenuation": false
      },
      "_key": "!scenes.walls!IaapBLFMfPf0o4M3.X6D9lcBm5HjRAo4J"
    },
    {
      "_id": "x2hCz5jW45yMa0ie",
      "c": [
        1525,
        3450,
        1550,
        3537
      ],
      "light": 20,
      "move": 20,
      "sight": 20,
      "sound": 20,
      "dir": 0,
      "door": 0,
      "ds": 0,
      "flags": {},
      "threshold": {
        "light": null,
        "sight": null,
        "sound": null,
        "attenuation": false
      },
      "_key": "!scenes.walls!IaapBLFMfPf0o4M3.x2hCz5jW45yMa0ie"
    },
    {
      "_id": "TXNZ8iB5hCKes6UK",
      "c": [
        1550,
        3537,
        1562,
        3612
      ],
      "light": 20,
      "move": 20,
      "sight": 20,
      "sound": 20,
      "dir": 0,
      "door": 0,
      "ds": 0,
      "flags": {},
      "threshold": {
        "light": null,
        "sight": null,
        "sound": null,
        "attenuation": false
      },
      "_key": "!scenes.walls!IaapBLFMfPf0o4M3.TXNZ8iB5hCKes6UK"
    },
    {
      "_id": "mdBkKOosG68oHIji",
      "c": [
        1562,
        3612,
        1500,
        3800
      ],
      "light": 20,
      "move": 20,
      "sight": 20,
      "sound": 20,
      "dir": 0,
      "door": 0,
      "ds": 0,
      "flags": {},
      "threshold": {
        "light": null,
        "sight": null,
        "sound": null,
        "attenuation": false
      },
      "_key": "!scenes.walls!IaapBLFMfPf0o4M3.mdBkKOosG68oHIji"
    },
    {
      "_id": "ve4sydKemXzgDaLv",
      "c": [
        2000,
        3800,
        2125,
        3612
      ],
      "light": 20,
      "move": 20,
      "sight": 20,
      "sound": 20,
      "dir": 0,
      "door": 0,
      "ds": 0,
      "flags": {},
      "threshold": {
        "light": null,
        "sight": null,
        "sound": null,
        "attenuation": false
      },
      "_key": "!scenes.walls!IaapBLFMfPf0o4M3.ve4sydKemXzgDaLv"
    },
    {
      "_id": "6HuPpeT3gfbHMuWY",
      "c": [
        2125,
        3612,
        2437,
        3550
      ],
      "light": 20,
      "move": 20,
      "sight": 20,
      "sound": 20,
      "dir": 0,
      "door": 0,
      "ds": 0,
      "flags": {},
      "threshold": {
        "light": null,
        "sight": null,
        "sound": null,
        "attenuation": false
      },
      "_key": "!scenes.walls!IaapBLFMfPf0o4M3.6HuPpeT3gfbHMuWY"
    },
    {
      "_id": "RlLfQ0m9HOsmd738",
      "c": [
        2437,
        3550,
        2737,
        3662
      ],
      "light": 20,
      "move": 20,
      "sight": 20,
      "sound": 20,
      "dir": 0,
      "door": 0,
      "ds": 0,
      "flags": {},
      "threshold": {
        "light": null,
        "sight": null,
        "sound": null,
        "attenuation": false
      },
      "_key": "!scenes.walls!IaapBLFMfPf0o4M3.RlLfQ0m9HOsmd738"
    },
    {
      "_id": "JaQNP73xitk9wzCX",
      "c": [
        2737,
        3662,
        2887,
        3700
      ],
      "light": 20,
      "move": 20,
      "sight": 20,
      "sound": 20,
      "dir": 0,
      "door": 0,
      "ds": 0,
      "flags": {},
      "threshold": {
        "light": null,
        "sight": null,
        "sound": null,
        "attenuation": false
      },
      "_key": "!scenes.walls!IaapBLFMfPf0o4M3.JaQNP73xitk9wzCX"
    },
    {
      "_id": "EvPfUCq6MnTiyNmv",
      "c": [
        2887,
        3700,
        3025,
        3675
      ],
      "light": 20,
      "move": 20,
      "sight": 20,
      "sound": 20,
      "dir": 0,
      "door": 0,
      "ds": 0,
      "flags": {},
      "threshold": {
        "light": null,
        "sight": null,
        "sound": null,
        "attenuation": false
      },
      "_key": "!scenes.walls!IaapBLFMfPf0o4M3.EvPfUCq6MnTiyNmv"
    },
    {
      "_id": "MOmYk34nIyf3D7MF",
      "c": [
        3025,
        3675,
        3162,
        3612
      ],
      "light": 20,
      "move": 20,
      "sight": 20,
      "sound": 20,
      "dir": 0,
      "door": 0,
      "ds": 0,
      "flags": {},
      "threshold": {
        "light": null,
        "sight": null,
        "sound": null,
        "attenuation": false
      },
      "_key": "!scenes.walls!IaapBLFMfPf0o4M3.MOmYk34nIyf3D7MF"
    },
    {
      "_id": "IouwVdJtqT5o8p5p",
      "c": [
        3162,
        3612,
        3237,
        3587
      ],
      "light": 20,
      "move": 20,
      "sight": 20,
      "sound": 20,
      "dir": 0,
      "door": 0,
      "ds": 0,
      "flags": {},
      "threshold": {
        "light": null,
        "sight": null,
        "sound": null,
        "attenuation": false
      },
      "_key": "!scenes.walls!IaapBLFMfPf0o4M3.IouwVdJtqT5o8p5p"
    },
    {
      "_id": "brFEZM8govNgllzi",
      "c": [
        3237,
        3587,
        3387,
        3637
      ],
      "light": 20,
      "move": 20,
      "sight": 20,
      "sound": 20,
      "dir": 0,
      "door": 0,
      "ds": 0,
      "flags": {},
      "threshold": {
        "light": null,
        "sight": null,
        "sound": null,
        "attenuation": false
      },
      "_key": "!scenes.walls!IaapBLFMfPf0o4M3.brFEZM8govNgllzi"
    },
    {
      "_id": "xFupvAXM0CVaOE2w",
      "c": [
        3387,
        3637,
        3525,
        3600
      ],
      "light": 20,
      "move": 20,
      "sight": 20,
      "sound": 20,
      "dir": 0,
      "door": 0,
      "ds": 0,
      "flags": {},
      "threshold": {
        "light": null,
        "sight": null,
        "sound": null,
        "attenuation": false
      },
      "_key": "!scenes.walls!IaapBLFMfPf0o4M3.xFupvAXM0CVaOE2w"
    },
    {
      "_id": "t9Ffb1AEyBKvxzAU",
      "c": [
        3525,
        3600,
        3650,
        3500
      ],
      "light": 20,
      "move": 20,
      "sight": 20,
      "sound": 20,
      "dir": 0,
      "door": 0,
      "ds": 0,
      "flags": {},
      "threshold": {
        "light": null,
        "sight": null,
        "sound": null,
        "attenuation": false
      },
      "_key": "!scenes.walls!IaapBLFMfPf0o4M3.t9Ffb1AEyBKvxzAU"
    },
    {
      "_id": "ypdnSvJqfw0Zbwqb",
      "c": [
        3650,
        3500,
        3675,
        3375
      ],
      "light": 20,
      "move": 20,
      "sight": 20,
      "sound": 20,
      "dir": 0,
      "door": 0,
      "ds": 0,
      "flags": {},
      "threshold": {
        "light": null,
        "sight": null,
        "sound": null,
        "attenuation": false
      },
      "_key": "!scenes.walls!IaapBLFMfPf0o4M3.ypdnSvJqfw0Zbwqb"
    },
    {
      "_id": "sGDe6XRZYXeXk05Y",
      "c": [
        3675,
        3375,
        3612,
        3125
      ],
      "light": 20,
      "move": 20,
      "sight": 20,
      "sound": 20,
      "dir": 0,
      "door": 0,
      "ds": 0,
      "flags": {},
      "threshold": {
        "light": null,
        "sight": null,
        "sound": null,
        "attenuation": false
      },
      "_key": "!scenes.walls!IaapBLFMfPf0o4M3.sGDe6XRZYXeXk05Y"
    },
    {
      "_id": "caEkmoqnF7PqhucP",
      "c": [
        3612,
        3125,
        3612,
        3000
      ],
      "light": 20,
      "move": 20,
      "sight": 20,
      "sound": 20,
      "dir": 0,
      "door": 0,
      "ds": 0,
      "flags": {},
      "threshold": {
        "light": null,
        "sight": null,
        "sound": null,
        "attenuation": false
      },
      "_key": "!scenes.walls!IaapBLFMfPf0o4M3.caEkmoqnF7PqhucP"
    },
    {
      "_id": "8VdmCX9DZJCVxnLf",
      "c": [
        3612,
        3000,
        3575,
        2812
      ],
      "light": 20,
      "move": 20,
      "sight": 20,
      "sound": 20,
      "dir": 0,
      "door": 0,
      "ds": 0,
      "flags": {},
      "threshold": {
        "light": null,
        "sight": null,
        "sound": null,
        "attenuation": false
      },
      "_key": "!scenes.walls!IaapBLFMfPf0o4M3.8VdmCX9DZJCVxnLf"
    },
    {
      "_id": "sYDo9w2sNwIb5TDi",
      "c": [
        3575,
        2812,
        3462,
        2625
      ],
      "light": 20,
      "move": 20,
      "sight": 20,
      "sound": 20,
      "dir": 0,
      "door": 0,
      "ds": 0,
      "flags": {},
      "threshold": {
        "light": null,
        "sight": null,
        "sound": null,
        "attenuation": false
      },
      "_key": "!scenes.walls!IaapBLFMfPf0o4M3.sYDo9w2sNwIb5TDi"
    },
    {
      "_id": "1ubumhMyRXnzbAMW",
      "c": [
        3462,
        2625,
        3450,
        2537
      ],
      "light": 20,
      "move": 20,
      "sight": 20,
      "sound": 20,
      "dir": 0,
      "door": 0,
      "ds": 0,
      "flags": {},
      "threshold": {
        "light": null,
        "sight": null,
        "sound": null,
        "attenuation": false
      },
      "_key": "!scenes.walls!IaapBLFMfPf0o4M3.1ubumhMyRXnzbAMW"
    },
    {
      "_id": "XRAc42uZMp4NENVT",
      "c": [
        3450,
        2537,
        3537,
        2325
      ],
      "light": 20,
      "move": 20,
      "sight": 20,
      "sound": 20,
      "dir": 0,
      "door": 0,
      "ds": 0,
      "flags": {},
      "threshold": {
        "light": null,
        "sight": null,
        "sound": null,
        "attenuation": false
      },
      "_key": "!scenes.walls!IaapBLFMfPf0o4M3.XRAc42uZMp4NENVT"
    },
    {
      "_id": "neFdm4alp26aVFo9",
      "c": [
        3537,
        2325,
        3662,
        2175
      ],
      "light": 20,
      "move": 20,
      "sight": 20,
      "sound": 20,
      "dir": 0,
      "door": 0,
      "ds": 0,
      "flags": {},
      "threshold": {
        "light": null,
        "sight": null,
        "sound": null,
        "attenuation": false
      },
      "_key": "!scenes.walls!IaapBLFMfPf0o4M3.neFdm4alp26aVFo9"
    },
    {
      "_id": "6IEGPjC7REslsZo2",
      "c": [
        3662,
        2175,
        3687,
        2087
      ],
      "light": 20,
      "move": 20,
      "sight": 20,
      "sound": 20,
      "dir": 0,
      "door": 0,
      "ds": 0,
      "flags": {},
      "threshold": {
        "light": null,
        "sight": null,
        "sound": null,
        "attenuation": false
      },
      "_key": "!scenes.walls!IaapBLFMfPf0o4M3.6IEGPjC7REslsZo2"
    },
    {
      "_id": "8HLRvPuVTlqIPRt6",
      "c": [
        3687,
        2087,
        3712,
        1800
      ],
      "light": 20,
      "move": 20,
      "sight": 20,
      "sound": 20,
      "dir": 0,
      "door": 0,
      "ds": 0,
      "flags": {},
      "threshold": {
        "light": null,
        "sight": null,
        "sound": null,
        "attenuation": false
      },
      "_key": "!scenes.walls!IaapBLFMfPf0o4M3.8HLRvPuVTlqIPRt6"
    },
    {
      "_id": "KvOOfQJlUBW4tMiR",
      "c": [
        3712,
        1800,
        3662,
        1575
      ],
      "light": 20,
      "move": 20,
      "sight": 20,
      "sound": 20,
      "dir": 0,
      "door": 0,
      "ds": 0,
      "flags": {},
      "threshold": {
        "light": null,
        "sight": null,
        "sound": null,
        "attenuation": false
      },
      "_key": "!scenes.walls!IaapBLFMfPf0o4M3.KvOOfQJlUBW4tMiR"
    },
    {
      "_id": "uQ44S7YBFAEzo6jl",
      "c": [
        3662,
        1575,
        3625,
        1287
      ],
      "light": 20,
      "move": 20,
      "sight": 20,
      "sound": 20,
      "dir": 0,
      "door": 0,
      "ds": 0,
      "flags": {},
      "threshold": {
        "light": null,
        "sight": null,
        "sound": null,
        "attenuation": false
      },
      "_key": "!scenes.walls!IaapBLFMfPf0o4M3.uQ44S7YBFAEzo6jl"
    },
    {
      "_id": "CPQi9sBQeT21QcQX",
      "c": [
        3625,
        1287,
        3525,
        1162
      ],
      "light": 20,
      "move": 20,
      "sight": 20,
      "sound": 20,
      "dir": 0,
      "door": 0,
      "ds": 0,
      "flags": {},
      "threshold": {
        "light": null,
        "sight": null,
        "sound": null,
        "attenuation": false
      },
      "_key": "!scenes.walls!IaapBLFMfPf0o4M3.CPQi9sBQeT21QcQX"
    },
    {
      "_id": "z2QenYZ1vCTf4b8H",
      "c": [
        3525,
        1162,
        3412,
        1112
      ],
      "light": 20,
      "move": 20,
      "sight": 20,
      "sound": 20,
      "dir": 0,
      "door": 0,
      "ds": 0,
      "flags": {},
      "threshold": {
        "light": null,
        "sight": null,
        "sound": null,
        "attenuation": false
      },
      "_key": "!scenes.walls!IaapBLFMfPf0o4M3.z2QenYZ1vCTf4b8H"
    },
    {
      "_id": "I0GGRZjAe64wsOdR",
      "c": [
        3412,
        1112,
        3275,
        1100
      ],
      "light": 20,
      "move": 20,
      "sight": 20,
      "sound": 20,
      "dir": 0,
      "door": 0,
      "ds": 0,
      "flags": {},
      "threshold": {
        "light": null,
        "sight": null,
        "sound": null,
        "attenuation": false
      },
      "_key": "!scenes.walls!IaapBLFMfPf0o4M3.I0GGRZjAe64wsOdR"
    },
    {
      "_id": "07o9nCUCoIVcr9Uq",
      "c": [
        3275,
        1100,
        3162,
        1150
      ],
      "light": 20,
      "move": 20,
      "sight": 20,
      "sound": 20,
      "dir": 0,
      "door": 0,
      "ds": 0,
      "flags": {},
      "threshold": {
        "light": null,
        "sight": null,
        "sound": null,
        "attenuation": false
      },
      "_key": "!scenes.walls!IaapBLFMfPf0o4M3.07o9nCUCoIVcr9Uq"
    },
    {
      "_id": "4ZyyashwepWRxKWO",
      "c": [
        3162,
        1150,
        3112,
        1212
      ],
      "light": 20,
      "move": 20,
      "sight": 20,
      "sound": 20,
      "dir": 0,
      "door": 0,
      "ds": 0,
      "flags": {},
      "threshold": {
        "light": null,
        "sight": null,
        "sound": null,
        "attenuation": false
      },
      "_key": "!scenes.walls!IaapBLFMfPf0o4M3.4ZyyashwepWRxKWO"
    },
    {
      "_id": "ZOhtWrCU6Fa8mXaL",
      "c": [
        3112,
        1212,
        2962,
        1187
      ],
      "light": 20,
      "move": 20,
      "sight": 20,
      "sound": 20,
      "dir": 0,
      "door": 0,
      "ds": 0,
      "flags": {},
      "threshold": {
        "light": null,
        "sight": null,
        "sound": null,
        "attenuation": false
      },
      "_key": "!scenes.walls!IaapBLFMfPf0o4M3.ZOhtWrCU6Fa8mXaL"
    },
    {
      "_id": "UutuzdJOuLshRrsK",
      "c": [
        2962,
        1187,
        2912,
        1150
      ],
      "light": 20,
      "move": 20,
      "sight": 20,
      "sound": 20,
      "dir": 0,
      "door": 0,
      "ds": 0,
      "flags": {},
      "threshold": {
        "light": null,
        "sight": null,
        "sound": null,
        "attenuation": false
      },
      "_key": "!scenes.walls!IaapBLFMfPf0o4M3.UutuzdJOuLshRrsK"
    },
    {
      "_id": "mzGF9p3JNeP8tG2R",
      "c": [
        2912,
        1150,
        2925,
        1062
      ],
      "light": 20,
      "move": 20,
      "sight": 20,
      "sound": 20,
      "dir": 0,
      "door": 0,
      "ds": 0,
      "flags": {},
      "threshold": {
        "light": null,
        "sight": null,
        "sound": null,
        "attenuation": false
      },
      "_key": "!scenes.walls!IaapBLFMfPf0o4M3.mzGF9p3JNeP8tG2R"
    },
    {
      "_id": "hTDsNdRobdNmo5rM",
      "c": [
        2925,
        1062,
        2975,
        987
      ],
      "light": 20,
      "move": 20,
      "sight": 20,
      "sound": 20,
      "dir": 0,
      "door": 0,
      "ds": 0,
      "flags": {},
      "threshold": {
        "light": null,
        "sight": null,
        "sound": null,
        "attenuation": false
      },
      "_key": "!scenes.walls!IaapBLFMfPf0o4M3.hTDsNdRobdNmo5rM"
    },
    {
      "_id": "navyqDk6sW5SUtwA",
      "c": [
        2975,
        987,
        3075,
        912
      ],
      "light": 20,
      "move": 20,
      "sight": 20,
      "sound": 20,
      "dir": 0,
      "door": 0,
      "ds": 0,
      "flags": {},
      "threshold": {
        "light": null,
        "sight": null,
        "sound": null,
        "attenuation": false
      },
      "_key": "!scenes.walls!IaapBLFMfPf0o4M3.navyqDk6sW5SUtwA"
    },
    {
      "_id": "cHz6Y747hiW5XmSJ",
      "c": [
        3075,
        912,
        3137,
        800
      ],
      "light": 20,
      "move": 20,
      "sight": 20,
      "sound": 20,
      "dir": 0,
      "door": 0,
      "ds": 0,
      "flags": {},
      "threshold": {
        "light": null,
        "sight": null,
        "sound": null,
        "attenuation": false
      },
      "_key": "!scenes.walls!IaapBLFMfPf0o4M3.cHz6Y747hiW5XmSJ"
    },
    {
      "_id": "fbRhiDAwTbFLQfZY",
      "c": [
        3175,
        3212,
        3250,
        3125
      ],
      "light": 20,
      "move": 20,
      "sight": 20,
      "sound": 20,
      "dir": 0,
      "door": 0,
      "ds": 0,
      "flags": {},
      "threshold": {
        "light": null,
        "sight": null,
        "sound": null,
        "attenuation": false
      },
      "_key": "!scenes.walls!IaapBLFMfPf0o4M3.fbRhiDAwTbFLQfZY"
    },
    {
      "_id": "UcxCIHPNaR5TqHz9",
      "c": [
        3250,
        3125,
        3262,
        3062
      ],
      "light": 20,
      "move": 20,
      "sight": 20,
      "sound": 20,
      "dir": 0,
      "door": 0,
      "ds": 0,
      "flags": {},
      "threshold": {
        "light": null,
        "sight": null,
        "sound": null,
        "attenuation": false
      },
      "_key": "!scenes.walls!IaapBLFMfPf0o4M3.UcxCIHPNaR5TqHz9"
    },
    {
      "_id": "9xdESEHfCVusyDeW",
      "c": [
        3262,
        3062,
        3100,
        2900
      ],
      "light": 20,
      "move": 20,
      "sight": 20,
      "sound": 20,
      "dir": 0,
      "door": 0,
      "ds": 0,
      "flags": {},
      "threshold": {
        "light": null,
        "sight": null,
        "sound": null,
        "attenuation": false
      },
      "_key": "!scenes.walls!IaapBLFMfPf0o4M3.9xdESEHfCVusyDeW"
    },
    {
      "_id": "Ec0abbeBNYJ56yDC",
      "c": [
        3100,
        2900,
        3025,
        2887
      ],
      "light": 20,
      "move": 20,
      "sight": 20,
      "sound": 20,
      "dir": 0,
      "door": 0,
      "ds": 0,
      "flags": {},
      "threshold": {
        "light": null,
        "sight": null,
        "sound": null,
        "attenuation": false
      },
      "_key": "!scenes.walls!IaapBLFMfPf0o4M3.Ec0abbeBNYJ56yDC"
    },
    {
      "_id": "w3bTGfna6K0Eyryd",
      "c": [
        3025,
        2887,
        2850,
        2912
      ],
      "light": 20,
      "move": 20,
      "sight": 20,
      "sound": 20,
      "dir": 0,
      "door": 0,
      "ds": 0,
      "flags": {},
      "threshold": {
        "light": null,
        "sight": null,
        "sound": null,
        "attenuation": false
      },
      "_key": "!scenes.walls!IaapBLFMfPf0o4M3.w3bTGfna6K0Eyryd"
    },
    {
      "_id": "ZIw2lIg94SvahjQb",
      "c": [
        2850,
        2912,
        2712,
        2900
      ],
      "light": 20,
      "move": 20,
      "sight": 20,
      "sound": 20,
      "dir": 0,
      "door": 0,
      "ds": 0,
      "flags": {},
      "threshold": {
        "light": null,
        "sight": null,
        "sound": null,
        "attenuation": false
      },
      "_key": "!scenes.walls!IaapBLFMfPf0o4M3.ZIw2lIg94SvahjQb"
    },
    {
      "_id": "FNYgYHwwrQTVqaKH",
      "c": [
        2712,
        2900,
        2587,
        2862
      ],
      "light": 20,
      "move": 20,
      "sight": 20,
      "sound": 20,
      "dir": 0,
      "door": 0,
      "ds": 0,
      "flags": {},
      "threshold": {
        "light": null,
        "sight": null,
        "sound": null,
        "attenuation": false
      },
      "_key": "!scenes.walls!IaapBLFMfPf0o4M3.FNYgYHwwrQTVqaKH"
    },
    {
      "_id": "V9i4GQUTxPE1Xhn7",
      "c": [
        2587,
        2862,
        2537,
        2800
      ],
      "light": 20,
      "move": 20,
      "sight": 20,
      "sound": 20,
      "dir": 0,
      "door": 0,
      "ds": 0,
      "flags": {},
      "threshold": {
        "light": null,
        "sight": null,
        "sound": null,
        "attenuation": false
      },
      "_key": "!scenes.walls!IaapBLFMfPf0o4M3.V9i4GQUTxPE1Xhn7"
    },
    {
      "_id": "7KPwgujtKNLCzWnq",
      "c": [
        2537,
        2800,
        2512,
        2712
      ],
      "light": 20,
      "move": 20,
      "sight": 20,
      "sound": 20,
      "dir": 0,
      "door": 0,
      "ds": 0,
      "flags": {},
      "threshold": {
        "light": null,
        "sight": null,
        "sound": null,
        "attenuation": false
      },
      "_key": "!scenes.walls!IaapBLFMfPf0o4M3.7KPwgujtKNLCzWnq"
    },
    {
      "_id": "FmAJLLhOFyNi2JSh",
      "c": [
        2512,
        2712,
        2475,
        2687
      ],
      "light": 20,
      "move": 20,
      "sight": 20,
      "sound": 20,
      "dir": 0,
      "door": 0,
      "ds": 0,
      "flags": {},
      "threshold": {
        "light": null,
        "sight": null,
        "sound": null,
        "attenuation": false
      },
      "_key": "!scenes.walls!IaapBLFMfPf0o4M3.FmAJLLhOFyNi2JSh"
    },
    {
      "_id": "CJWUkh5lzVmsEiZY",
      "c": [
        2475,
        2687,
        2275,
        2750
      ],
      "light": 20,
      "move": 20,
      "sight": 20,
      "sound": 20,
      "dir": 0,
      "door": 0,
      "ds": 0,
      "flags": {},
      "threshold": {
        "light": null,
        "sight": null,
        "sound": null,
        "attenuation": false
      },
      "_key": "!scenes.walls!IaapBLFMfPf0o4M3.CJWUkh5lzVmsEiZY"
    },
    {
      "_id": "JE0y0t4NAei6vdUh",
      "c": [
        2275,
        2750,
        2162,
        2887
      ],
      "light": 20,
      "move": 20,
      "sight": 20,
      "sound": 20,
      "dir": 0,
      "door": 0,
      "ds": 0,
      "flags": {},
      "threshold": {
        "light": null,
        "sight": null,
        "sound": null,
        "attenuation": false
      },
      "_key": "!scenes.walls!IaapBLFMfPf0o4M3.JE0y0t4NAei6vdUh"
    },
    {
      "_id": "4jt6NeXUQzFsebi7",
      "c": [
        2162,
        2887,
        2075,
        2962
      ],
      "light": 20,
      "move": 20,
      "sight": 20,
      "sound": 20,
      "dir": 0,
      "door": 0,
      "ds": 0,
      "flags": {},
      "threshold": {
        "light": null,
        "sight": null,
        "sound": null,
        "attenuation": false
      },
      "_key": "!scenes.walls!IaapBLFMfPf0o4M3.4jt6NeXUQzFsebi7"
    },
    {
      "_id": "W9xw3BWbrfmMgDJz",
      "c": [
        2075,
        2962,
        2050,
        3012
      ],
      "light": 20,
      "move": 20,
      "sight": 20,
      "sound": 20,
      "dir": 0,
      "door": 0,
      "ds": 0,
      "flags": {},
      "threshold": {
        "light": null,
        "sight": null,
        "sound": null,
        "attenuation": false
      },
      "_key": "!scenes.walls!IaapBLFMfPf0o4M3.W9xw3BWbrfmMgDJz"
    },
    {
      "_id": "tQnH4xF1ZpGshgSW",
      "c": [
        2050,
        3012,
        2062,
        3100
      ],
      "light": 20,
      "move": 20,
      "sight": 20,
      "sound": 20,
      "dir": 0,
      "door": 0,
      "ds": 0,
      "flags": {},
      "threshold": {
        "light": null,
        "sight": null,
        "sound": null,
        "attenuation": false
      },
      "_key": "!scenes.walls!IaapBLFMfPf0o4M3.tQnH4xF1ZpGshgSW"
    },
    {
      "_id": "VsAeoJqoPmVCc6Va",
      "c": [
        2062,
        3100,
        2237,
        3162
      ],
      "light": 20,
      "move": 20,
      "sight": 20,
      "sound": 20,
      "dir": 0,
      "door": 0,
      "ds": 0,
      "flags": {},
      "threshold": {
        "light": null,
        "sight": null,
        "sound": null,
        "attenuation": false
      },
      "_key": "!scenes.walls!IaapBLFMfPf0o4M3.VsAeoJqoPmVCc6Va"
    },
    {
      "_id": "Emfp03jgBY8S5AeX",
      "c": [
        2237,
        3162,
        2350,
        3162
      ],
      "light": 20,
      "move": 20,
      "sight": 20,
      "sound": 20,
      "dir": 0,
      "door": 0,
      "ds": 0,
      "flags": {},
      "threshold": {
        "light": null,
        "sight": null,
        "sound": null,
        "attenuation": false
      },
      "_key": "!scenes.walls!IaapBLFMfPf0o4M3.Emfp03jgBY8S5AeX"
    },
    {
      "_id": "EL61pfS9oUHowmwW",
      "c": [
        2350,
        3162,
        2425,
        3150
      ],
      "light": 20,
      "move": 20,
      "sight": 20,
      "sound": 20,
      "dir": 0,
      "door": 0,
      "ds": 0,
      "flags": {},
      "threshold": {
        "light": null,
        "sight": null,
        "sound": null,
        "attenuation": false
      },
      "_key": "!scenes.walls!IaapBLFMfPf0o4M3.EL61pfS9oUHowmwW"
    },
    {
      "_id": "TBLmiFGdgJZbNplj",
      "c": [
        2425,
        3150,
        2737,
        3062
      ],
      "light": 20,
      "move": 20,
      "sight": 20,
      "sound": 20,
      "dir": 0,
      "door": 0,
      "ds": 0,
      "flags": {},
      "threshold": {
        "light": null,
        "sight": null,
        "sound": null,
        "attenuation": false
      },
      "_key": "!scenes.walls!IaapBLFMfPf0o4M3.TBLmiFGdgJZbNplj"
    },
    {
      "_id": "1qTdsopSSSVKqlEz",
      "c": [
        2737,
        3062,
        2875,
        3087
      ],
      "light": 20,
      "move": 20,
      "sight": 20,
      "sound": 20,
      "dir": 0,
      "door": 0,
      "ds": 0,
      "flags": {},
      "threshold": {
        "light": null,
        "sight": null,
        "sound": null,
        "attenuation": false
      },
      "_key": "!scenes.walls!IaapBLFMfPf0o4M3.1qTdsopSSSVKqlEz"
    },
    {
      "_id": "t0LVdn36ZJoIq3t9",
      "c": [
        2875,
        3087,
        2987,
        3150
      ],
      "light": 20,
      "move": 20,
      "sight": 20,
      "sound": 20,
      "dir": 0,
      "door": 0,
      "ds": 0,
      "flags": {},
      "threshold": {
        "light": null,
        "sight": null,
        "sound": null,
        "attenuation": false
      },
      "_key": "!scenes.walls!IaapBLFMfPf0o4M3.t0LVdn36ZJoIq3t9"
    },
    {
      "_id": "1I7uhqxguLv5X4vA",
      "c": [
        2987,
        3150,
        3100,
        3212
      ],
      "light": 20,
      "move": 20,
      "sight": 20,
      "sound": 20,
      "dir": 0,
      "door": 0,
      "ds": 0,
      "flags": {},
      "threshold": {
        "light": null,
        "sight": null,
        "sound": null,
        "attenuation": false
      },
      "_key": "!scenes.walls!IaapBLFMfPf0o4M3.1I7uhqxguLv5X4vA"
    },
    {
      "_id": "ISBnuJnbQVZAOa6M",
      "c": [
        3100,
        3212,
        3175,
        3212
      ],
      "light": 20,
      "move": 20,
      "sight": 20,
      "sound": 20,
      "dir": 0,
      "door": 0,
      "ds": 0,
      "flags": {},
      "threshold": {
        "light": null,
        "sight": null,
        "sound": null,
        "attenuation": false
      },
      "_key": "!scenes.walls!IaapBLFMfPf0o4M3.ISBnuJnbQVZAOa6M"
    },
    {
      "_id": "kQndDMksg8ifgPLV",
      "c": [
        1237,
        1137,
        1387,
        1000
      ],
      "light": 20,
      "move": 20,
      "sight": 20,
      "sound": 20,
      "dir": 0,
      "door": 0,
      "ds": 0,
      "flags": {},
      "threshold": {
        "light": null,
        "sight": null,
        "sound": null,
        "attenuation": false
      },
      "_key": "!scenes.walls!IaapBLFMfPf0o4M3.kQndDMksg8ifgPLV"
    },
    {
      "_id": "wApXkVHyoazuacBF",
      "c": [
        1387,
        1000,
        1362,
        950
      ],
      "light": 20,
      "move": 20,
      "sight": 20,
      "sound": 20,
      "dir": 0,
      "door": 0,
      "ds": 0,
      "flags": {},
      "threshold": {
        "light": null,
        "sight": null,
        "sound": null,
        "attenuation": false
      },
      "_key": "!scenes.walls!IaapBLFMfPf0o4M3.wApXkVHyoazuacBF"
    },
    {
      "_id": "5lhlaJ2Vso9BIIO5",
      "c": [
        1362,
        950,
        1387,
        800
      ],
      "light": 20,
      "move": 20,
      "sight": 20,
      "sound": 20,
      "dir": 0,
      "door": 0,
      "ds": 0,
      "flags": {},
      "threshold": {
        "light": null,
        "sight": null,
        "sound": null,
        "attenuation": false
      },
      "_key": "!scenes.walls!IaapBLFMfPf0o4M3.5lhlaJ2Vso9BIIO5"
    },
    {
      "_id": "gaGlUvKD7jGCNoiN",
      "c": [
        1900,
        1137,
        1837,
        1025
      ],
      "light": 20,
      "move": 20,
      "sight": 20,
      "sound": 20,
      "dir": 0,
      "door": 0,
      "ds": 0,
      "flags": {},
      "threshold": {
        "light": null,
        "sight": null,
        "sound": null,
        "attenuation": false
      },
      "_key": "!scenes.walls!IaapBLFMfPf0o4M3.gaGlUvKD7jGCNoiN"
    },
    {
      "_id": "1pYbYM54sheDVlYp",
      "c": [
        1837,
        1025,
        1887,
        900
      ],
      "light": 20,
      "move": 20,
      "sight": 20,
      "sound": 20,
      "dir": 0,
      "door": 0,
      "ds": 0,
      "flags": {},
      "threshold": {
        "light": null,
        "sight": null,
        "sound": null,
        "attenuation": false
      },
      "_key": "!scenes.walls!IaapBLFMfPf0o4M3.1pYbYM54sheDVlYp"
    },
    {
      "_id": "HXQMoTaH00nEmj21",
      "c": [
        1887,
        900,
        1875,
        800
      ],
      "light": 20,
      "move": 20,
      "sight": 20,
      "sound": 20,
      "dir": 0,
      "door": 0,
      "ds": 0,
      "flags": {},
      "threshold": {
        "light": null,
        "sight": null,
        "sound": null,
        "attenuation": false
      },
      "_key": "!scenes.walls!IaapBLFMfPf0o4M3.HXQMoTaH00nEmj21"
    },
    {
      "_id": "4Hwnv1wF4JE1MeMi",
      "c": [
        1837,
        1025,
        1812,
        975
      ],
      "light": 0,
      "move": 0,
      "sight": 0,
      "sound": 0,
      "dir": 0,
      "door": 0,
      "ds": 0,
      "flags": {
        "tagger": {
          "tags": [
            "openingwalls"
          ]
        },
        "monks-active-tiles": {
          "entity": "",
          "open": false,
          "close": false,
          "lock": false,
          "checklock": false,
          "secret": false
        }
      },
      "threshold": {
        "light": null,
        "sight": null,
        "sound": null,
        "attenuation": false
      },
      "_key": "!scenes.walls!IaapBLFMfPf0o4M3.4Hwnv1wF4JE1MeMi"
    },
    {
      "_id": "n1EQfEmteiIqmt8k",
      "c": [
        1812,
        975,
        1687,
        900
      ],
      "light": 0,
      "move": 0,
      "sight": 0,
      "sound": 0,
      "dir": 0,
      "door": 0,
      "ds": 0,
      "flags": {
        "tagger": {
          "tags": [
            "openingwalls"
          ]
        },
        "monks-active-tiles": {
          "entity": "",
          "open": false,
          "close": false,
          "lock": false,
          "checklock": false,
          "secret": false
        }
      },
      "threshold": {
        "light": null,
        "sight": null,
        "sound": null,
        "attenuation": false
      },
      "_key": "!scenes.walls!IaapBLFMfPf0o4M3.n1EQfEmteiIqmt8k"
    },
    {
      "_id": "UfN5NYxPNqNWUhJp",
      "c": [
        1687,
        900,
        1575,
        887
      ],
      "light": 0,
      "move": 0,
      "sight": 0,
      "sound": 0,
      "dir": 0,
      "door": 0,
      "ds": 0,
      "flags": {
        "tagger": {
          "tags": [
            "openingwalls"
          ]
        },
        "monks-active-tiles": {
          "entity": "",
          "open": false,
          "close": false,
          "lock": false,
          "checklock": false,
          "secret": false
        }
      },
      "threshold": {
        "light": null,
        "sight": null,
        "sound": null,
        "attenuation": false
      },
      "_key": "!scenes.walls!IaapBLFMfPf0o4M3.UfN5NYxPNqNWUhJp"
    },
    {
      "_id": "k0PLz9VjVcBlmfHC",
      "c": [
        1575,
        887,
        1450,
        925
      ],
      "light": 0,
      "move": 0,
      "sight": 0,
      "sound": 0,
      "dir": 0,
      "door": 0,
      "ds": 0,
      "flags": {
        "tagger": {
          "tags": [
            "openingwalls"
          ]
        },
        "monks-active-tiles": {
          "entity": "",
          "open": false,
          "close": false,
          "lock": false,
          "checklock": false,
          "secret": false
        }
      },
      "threshold": {
        "light": null,
        "sight": null,
        "sound": null,
        "attenuation": false
      },
      "_key": "!scenes.walls!IaapBLFMfPf0o4M3.k0PLz9VjVcBlmfHC"
    },
    {
      "_id": "Pp9Mdl1HVjKY6diu",
      "c": [
        1450,
        925,
        1387,
        1000
      ],
      "light": 0,
      "move": 0,
      "sight": 0,
      "sound": 0,
      "dir": 0,
      "door": 0,
      "ds": 0,
      "flags": {
        "tagger": {
          "tags": [
            "openingwalls"
          ]
        },
        "monks-active-tiles": {
          "entity": "",
          "open": false,
          "close": false,
          "lock": false,
          "checklock": false,
          "secret": false
        }
      },
      "threshold": {
        "light": null,
        "sight": null,
        "sound": null,
        "attenuation": false
      },
      "_key": "!scenes.walls!IaapBLFMfPf0o4M3.Pp9Mdl1HVjKY6diu"
    }
  ],
  "playlist": null,
  "playlistSound": null,
  "journal": null,
  "weather": "",
  "flags": {},
  "background": {
    "src": "fa_battlemaps/Maps/2022/September/fa_rivercavern/Maps/RiverCavern_Gridless_30x30_200ppi.webp",
    "offsetX": 0,
    "offsetY": 0,
    "scaleX": 1,
    "scaleY": 1,
    "rotation": 0,
    "tint": "#ffffff",
    "anchorX": 0,
    "anchorY": 0,
    "fit": "fill",
    "alphaThreshold": 0
  },
  "foregroundElevation": 20,
  "journalEntryPage": null,
  "_stats": {
    "systemId": "dnd5e",
    "systemVersion": "2.4.1",
    "coreVersion": "12.330",
    "createdTime": 1672871379274,
    "modifiedTime": 1723946703582,
    "lastModifiedBy": "dnd5ebuilder0000",
    "compendiumSource": "Compendium.fa-battlemaps.maps.IaapBLFMfPf0o4M3",
    "duplicateSource": null
  },
  "active": false,
  "folder": null,
  "sort": 0,
  "ownership": {
    "default": 0
  },
  "regions": [],
  "environment": {
    "globalLight": {
      "luminosity": 0,
      "enabled": false,
      "darkness": {
        "max": 1,
        "min": 0
      },
      "alpha": 0.5,
      "bright": false,
      "color": null,
      "coloration": 1,
      "saturation": 0,
      "contrast": 0,
      "shadows": 0
    },
    "darknessLevel": 0,
    "darknessLock": false,
    "cycle": true,
    "base": {
      "hue": 0,
      "intensity": 0,
      "luminosity": 0,
      "saturation": 0,
      "shadows": 0
    },
    "dark": {
      "hue": 0.7138888888888889,
      "intensity": 0,
      "luminosity": -0.25,
      "saturation": 0,
      "shadows": 0
    }
  },
  "fog": {
    "exploration": true,
    "reset": 1662961635279,
    "overlay": null,
    "colors": {
      "explored": null,
      "unexplored": null
    }
  },
  "_key": "!scenes!IaapBLFMfPf0o4M3"
}
