{
  "name": "Side Street [31x32]",
  "navigation": false,
  "navOrder": 0,
  "navName": "",
  "background": {
    "src": "fa_battlemaps/Maps/2023/March/fa_sidestreet/Maps/BG.webp",
    "scaleX": 1,
    "scaleY": 1,
    "offsetX": 0,
    "offsetY": 0,
    "rotation": 0,
    "tint": "#ffffff",
    "anchorX": 0,
    "anchorY": 0,
    "fit": "fill",
    "alphaThreshold": 0
  },
  "foreground": null,
  "foregroundElevation": 20,
  "thumb": "modules/fa-battlemaps/assets/scenes/vbWggjQQjaA8rh8f-thumb.webp",
  "width": 3100,
  "height": 3200,
  "padding": 0.25,
  "initial": {
    "x": 2584,
    "y": 2913,
    "scale": 0.46448586055151253
  },
  "backgroundColor": "#000000",
  "grid": {
    "type": 1,
    "size": 100,
    "color": "#000000",
    "alpha": 0.2,
    "distance": 5,
    "units": "ft",
    "style": "solidLines",
    "thickness": 1
  },
  "tokenVision": true,
  "drawings": [],
  "tokens": [],
  "lights": [
    {
      "_id": "lnv9sUxqtkDuZ4nL",
      "x": 2200,
      "y": 1600,
      "rotation": 0,
      "walls": true,
      "vision": false,
      "config": {
        "alpha": 0.4,
        "angle": 360,
        "bright": 12,
        "color": "#503b16",
        "coloration": 1,
        "dim": 22,
        "attenuation": 0.5,
        "luminosity": 0.5,
        "saturation": 0,
        "contrast": 0,
        "shadows": 0,
        "animation": {
          "type": "flame",
          "speed": 3,
          "intensity": 4,
          "reverse": false
        },
        "darkness": {
          "min": 0,
          "max": 1
        },
        "negative": false,
        "priority": 0
      },
      "hidden": true,
      "flags": {
        "tagger": {
          "tags": [
            "campl"
          ]
        }
      },
      "elevation": 0,
      "_key": "!scenes.lights!vbWggjQQjaA8rh8f.lnv9sUxqtkDuZ4nL"
    }
  ],
  "notes": [],
  "sounds": [
    {
      "path": "fa_battlemaps/Audio/C-NeutralStreet.ogg",
      "x": 1650,
      "y": 3500,
      "radius": 50,
      "easing": false,
      "walls": false,
      "volume": 0.45,
      "darkness": {
        "min": 0,
        "max": 0.69
      },
      "flags": {
        "tagger": {
          "tags": ""
        }
      },
      "_id": "CB1m4WfGREzosuLs",
      "repeat": false,
      "hidden": false,
      "elevation": 0,
      "effects": {
        "base": {
          "intensity": 5
        },
        "muffled": {
          "intensity": 5
        }
      },
      "_key": "!scenes.sounds!vbWggjQQjaA8rh8f.CB1m4WfGREzosuLs"
    },
    {
      "path": "fa_battlemaps/Audio/C-SideStreet.ogg",
      "x": 3050,
      "y": 1300,
      "radius": 50,
      "easing": false,
      "walls": false,
      "volume": 0.5,
      "darkness": {
        "min": 0,
        "max": 0.69
      },
      "flags": {
        "tagger": {
          "tags": ""
        }
      },
      "repeat": false,
      "hidden": false,
      "_id": "WGYMQqBg9Rb6rok1",
      "elevation": 0,
      "effects": {
        "base": {
          "intensity": 5
        },
        "muffled": {
          "intensity": 5
        }
      },
      "_key": "!scenes.sounds!vbWggjQQjaA8rh8f.WGYMQqBg9Rb6rok1"
    },
    {
      "path": "fa_battlemaps/Audio/C-SideStreet.ogg",
      "x": 1550,
      "y": 1450,
      "radius": 50,
      "easing": false,
      "walls": false,
      "volume": 0.5,
      "darkness": {
        "min": 0,
        "max": 0.69
      },
      "flags": {
        "tagger": {
          "tags": ""
        }
      },
      "repeat": false,
      "hidden": false,
      "_id": "qHvK7v0GXY8HjnZB",
      "elevation": 0,
      "effects": {
        "base": {
          "intensity": 5
        },
        "muffled": {
          "intensity": 5
        }
      },
      "_key": "!scenes.sounds!vbWggjQQjaA8rh8f.qHvK7v0GXY8HjnZB"
    },
    {
      "path": "fa_battlemaps/Audio/C-SideStreet.ogg",
      "x": 3000,
      "y": 2250,
      "radius": 70,
      "easing": false,
      "walls": false,
      "volume": 0.15,
      "darkness": {
        "min": 0,
        "max": 0.69
      },
      "flags": {
        "tagger": {
          "tags": ""
        }
      },
      "repeat": false,
      "hidden": false,
      "_id": "zO7kzvsauCfcQ0Qm",
      "elevation": 0,
      "effects": {
        "base": {
          "intensity": 5
        },
        "muffled": {
          "intensity": 5
        }
      },
      "_key": "!scenes.sounds!vbWggjQQjaA8rh8f.zO7kzvsauCfcQ0Qm"
    },
    {
      "path": "fa_battlemaps/Audio/C-SideStreet.ogg",
      "x": 1600,
      "y": 2300,
      "radius": 70,
      "easing": false,
      "walls": false,
      "volume": 0.15,
      "darkness": {
        "min": 0,
        "max": 0.69
      },
      "flags": {
        "tagger": {
          "tags": ""
        }
      },
      "repeat": false,
      "hidden": false,
      "_id": "7IXp2bBLpK31eTPk",
      "elevation": 0,
      "effects": {
        "base": {
          "intensity": 5
        },
        "muffled": {
          "intensity": 5
        }
      },
      "_key": "!scenes.sounds!vbWggjQQjaA8rh8f.7IXp2bBLpK31eTPk"
    },
    {
      "path": "fa_battlemaps/Audio/C-NeutralStreet.ogg",
      "x": 3100,
      "y": 3500,
      "radius": 50,
      "easing": false,
      "walls": false,
      "volume": 0.45,
      "darkness": {
        "min": 0,
        "max": 0.69
      },
      "flags": {
        "tagger": {
          "tags": ""
        }
      },
      "repeat": false,
      "hidden": false,
      "_id": "m3yDpLWM5bVghYLo",
      "elevation": 0,
      "effects": {
        "base": {
          "intensity": 5
        },
        "muffled": {
          "intensity": 5
        }
      },
      "_key": "!scenes.sounds!vbWggjQQjaA8rh8f.m3yDpLWM5bVghYLo"
    },
    {
      "path": "fa_battlemaps/Audio/C-NeutralStreet.ogg",
      "x": 1400,
      "y": 2650,
      "radius": 50,
      "easing": false,
      "walls": false,
      "volume": 0.15,
      "darkness": {
        "min": 0,
        "max": 0.69
      },
      "flags": {
        "tagger": {
          "tags": ""
        }
      },
      "repeat": false,
      "hidden": false,
      "_id": "0Nrs0zwi7XdWPd4h",
      "elevation": 0,
      "effects": {
        "base": {
          "intensity": 5
        },
        "muffled": {
          "intensity": 5
        }
      },
      "_key": "!scenes.sounds!vbWggjQQjaA8rh8f.0Nrs0zwi7XdWPd4h"
    },
    {
      "path": "fa_battlemaps/Audio/C-NeutralStreet.ogg",
      "x": 3050,
      "y": 2650,
      "radius": 50,
      "easing": false,
      "walls": false,
      "volume": 0.15,
      "darkness": {
        "min": 0,
        "max": 0.69
      },
      "flags": {
        "tagger": {
          "tags": ""
        }
      },
      "repeat": false,
      "hidden": false,
      "_id": "4Yy66jXL4NC2ykjw",
      "elevation": 0,
      "effects": {
        "base": {
          "intensity": 5
        },
        "muffled": {
          "intensity": 5
        }
      },
      "_key": "!scenes.sounds!vbWggjQQjaA8rh8f.4Yy66jXL4NC2ykjw"
    },
    {
      "path": "fa_battlemaps/Audio/C-City-Night.ogg",
      "x": 2400,
      "y": 2400,
      "radius": 120,
      "easing": false,
      "walls": false,
      "volume": 0.45,
      "darkness": {
        "min": 0.7,
        "max": 1
      },
      "flags": {
        "tagger": {
          "tags": ""
        }
      },
      "repeat": false,
      "hidden": false,
      "_id": "dF93uEFttuAY9omC",
      "elevation": 0,
      "effects": {
        "base": {
          "intensity": 5
        },
        "muffled": {
          "intensity": 5
        }
      },
      "_key": "!scenes.sounds!vbWggjQQjaA8rh8f.dF93uEFttuAY9omC"
    },
    {
      "path": "fa_battlemaps/Audio/C-Torch.ogg",
      "x": 2200,
      "y": 1600,
      "radius": 19.54,
      "easing": true,
      "walls": true,
      "volume": 0.5,
      "darkness": {
        "min": 0,
        "max": 1
      },
      "flags": {
        "tagger": {
          "tags": [
            "campl"
          ]
        }
      },
      "_id": "Sr6beVjc1mJvSXow",
      "repeat": false,
      "hidden": true,
      "elevation": 0,
      "effects": {
        "base": {
          "intensity": 5
        },
        "muffled": {
          "intensity": 5
        }
      },
      "_key": "!scenes.sounds!vbWggjQQjaA8rh8f.Sr6beVjc1mJvSXow"
    }
  ],
  "templates": [],
  "tiles": [
    {
      "texture": {
        "src": "fa_battlemaps/Maps/2023/March/fa_sidestreet/Tiles/1.webp",
        "scaleX": 1,
        "scaleY": 1,
        "offsetX": 0,
        "offsetY": 0,
        "rotation": 0,
        "tint": "#ffffff",
        "anchorX": 0.5,
        "anchorY": 0.5,
        "fit": "fill",
        "alphaThreshold": 0.75
      },
      "x": 800,
      "y": 1200,
      "width": 100,
      "height": 400,
      "_id": "MkM7oDjVvYYYNllq",
      "rotation": 0,
      "alpha": 1,
      "hidden": false,
      "locked": false,
      "occlusion": {
        "mode": 0,
        "alpha": 1
      },
      "video": {
        "loop": true,
        "autoplay": true,
        "volume": 0
      },
      "flags": {
        "tagger": {
          "tags": [
            "br",
            "br1"
          ]
        },
        "monks-active-tiles": {
          "active": true,
          "record": false,
          "restriction": "all",
          "controlled": "gm",
          "trigger": [
            "enter"
          ],
          "allowpaused": false,
          "usealpha": false,
          "pointer": false,
          "pertoken": false,
          "minrequired": 0,
          "chance": 100,
          "fileindex": -1,
          "actions": [],
          "files": []
        }
      },
      "sort": 21,
      "restrictions": {
        "light": false,
        "weather": false
      },
      "elevation": 0,
      "_key": "!scenes.tiles!vbWggjQQjaA8rh8f.MkM7oDjVvYYYNllq"
    },
    {
      "texture": {
        "src": "fa_battlemaps/Maps/2023/March/fa_sidestreet/Tiles/2.webp",
        "scaleX": 1,
        "scaleY": 1,
        "offsetX": 0,
        "offsetY": 0,
        "rotation": 0,
        "tint": "#ffffff",
        "anchorX": 0.5,
        "anchorY": 0.5,
        "fit": "fill",
        "alphaThreshold": 0.75
      },
      "x": 800,
      "y": 2200,
      "width": 100,
      "height": 300,
      "_id": "aKYz3gDiUnbhmzX2",
      "rotation": 0,
      "alpha": 1,
      "hidden": false,
      "locked": false,
      "occlusion": {
        "mode": 0,
        "alpha": 1
      },
      "video": {
        "loop": true,
        "autoplay": true,
        "volume": 0
      },
      "flags": {
        "tagger": {
          "tags": [
            "br",
            "br2"
          ]
        },
        "monks-active-tiles": {
          "active": true,
          "record": false,
          "restriction": "all",
          "controlled": "gm",
          "trigger": [
            "enter"
          ],
          "allowpaused": false,
          "usealpha": false,
          "pointer": false,
          "pertoken": false,
          "minrequired": 0,
          "chance": 100,
          "fileindex": -1,
          "actions": [],
          "files": []
        }
      },
      "sort": 20,
      "restrictions": {
        "light": false,
        "weather": false
      },
      "elevation": 0,
      "_key": "!scenes.tiles!vbWggjQQjaA8rh8f.aKYz3gDiUnbhmzX2"
    },
    {
      "texture": {
        "src": "fa_battlemaps/Maps/2023/March/fa_sidestreet/Tiles/3.webp",
        "scaleX": 1,
        "scaleY": 1,
        "offsetX": 0,
        "offsetY": 0,
        "rotation": 0,
        "tint": "#ffffff",
        "anchorX": 0.5,
        "anchorY": 0.5,
        "fit": "fill",
        "alphaThreshold": 0.75
      },
      "x": 2000,
      "y": 2100,
      "width": 300,
      "height": 200,
      "_id": "55F4nXsszsrARDN9",
      "rotation": 0,
      "alpha": 1,
      "hidden": false,
      "locked": false,
      "occlusion": {
        "mode": 0,
        "alpha": 1
      },
      "video": {
        "loop": true,
        "autoplay": true,
        "volume": 0
      },
      "flags": {
        "tagger": {
          "tags": [
            "br",
            "br3"
          ]
        },
        "monks-active-tiles": {
          "active": true,
          "record": false,
          "restriction": "all",
          "controlled": "gm",
          "trigger": [
            "enter"
          ],
          "allowpaused": false,
          "usealpha": false,
          "pointer": false,
          "pertoken": false,
          "minrequired": 0,
          "chance": 100,
          "fileindex": -1,
          "actions": [],
          "files": []
        }
      },
      "sort": 19,
      "restrictions": {
        "light": false,
        "weather": false
      },
      "elevation": 0,
      "_key": "!scenes.tiles!vbWggjQQjaA8rh8f.55F4nXsszsrARDN9"
    },
    {
      "texture": {
        "src": "fa_battlemaps/Maps/2023/March/fa_sidestreet/Tiles/4.webp",
        "scaleX": 1,
        "scaleY": 1,
        "offsetX": 0,
        "offsetY": 0,
        "rotation": 0,
        "tint": "#ffffff",
        "anchorX": 0.5,
        "anchorY": 0.5,
        "fit": "fill",
        "alphaThreshold": 0.75
      },
      "x": 3600,
      "y": 1800,
      "width": 200,
      "height": 300,
      "_id": "PkvsBnmtmBGVESiT",
      "rotation": 0,
      "alpha": 1,
      "hidden": false,
      "locked": false,
      "occlusion": {
        "mode": 0,
        "alpha": 1
      },
      "video": {
        "loop": true,
        "autoplay": true,
        "volume": 0
      },
      "flags": {
        "tagger": {
          "tags": [
            "br",
            "br4"
          ]
        },
        "monks-active-tiles": {
          "active": true,
          "record": false,
          "restriction": "all",
          "controlled": "gm",
          "trigger": [
            "enter"
          ],
          "allowpaused": false,
          "usealpha": false,
          "pointer": false,
          "pertoken": false,
          "minrequired": 0,
          "chance": 100,
          "fileindex": -1,
          "actions": [],
          "files": []
        }
      },
      "sort": 18,
      "restrictions": {
        "light": false,
        "weather": false
      },
      "elevation": 0,
      "_key": "!scenes.tiles!vbWggjQQjaA8rh8f.PkvsBnmtmBGVESiT"
    },
    {
      "texture": {
        "src": "fa_battlemaps/Maps/2023/March/fa_sidestreet/Tiles/5.webp",
        "scaleX": 1,
        "scaleY": 1,
        "offsetX": 0,
        "offsetY": 0,
        "rotation": 0,
        "tint": "#ffffff",
        "anchorX": 0.5,
        "anchorY": 0.5,
        "fit": "fill",
        "alphaThreshold": 0.75
      },
      "x": 3600,
      "y": 2300,
      "width": 300,
      "height": 200,
      "_id": "ZneB0KfFn0SdOep2",
      "rotation": 0,
      "alpha": 1,
      "hidden": false,
      "locked": false,
      "occlusion": {
        "mode": 0,
        "alpha": 1
      },
      "video": {
        "loop": true,
        "autoplay": true,
        "volume": 0
      },
      "flags": {
        "tagger": {
          "tags": [
            "br",
            "br5"
          ]
        },
        "monks-active-tiles": {
          "active": true,
          "record": false,
          "restriction": "all",
          "controlled": "gm",
          "trigger": [
            "enter"
          ],
          "allowpaused": false,
          "usealpha": false,
          "pointer": false,
          "pertoken": false,
          "minrequired": 0,
          "chance": 100,
          "fileindex": -1,
          "actions": [],
          "files": []
        }
      },
      "sort": 17,
      "restrictions": {
        "light": false,
        "weather": false
      },
      "elevation": 0,
      "_key": "!scenes.tiles!vbWggjQQjaA8rh8f.ZneB0KfFn0SdOep2"
    },
    {
      "texture": {
        "src": "fa_battlemaps/Maps/2023/March/fa_sidestreet/Tiles/CellarOpen.webp",
        "scaleX": 1,
        "scaleY": 1,
        "offsetX": 0,
        "offsetY": 0,
        "rotation": 0,
        "tint": "#ffffff",
        "anchorX": 0.5,
        "anchorY": 0.5,
        "fit": "fill",
        "alphaThreshold": 0.75
      },
      "x": 2500,
      "y": 1200,
      "width": 300,
      "height": 300,
      "_id": "38lt9EYn6N4hz2cF",
      "rotation": 0,
      "alpha": 0,
      "hidden": false,
      "locked": false,
      "occlusion": {
        "mode": 0,
        "alpha": 1
      },
      "video": {
        "loop": true,
        "autoplay": true,
        "volume": 0
      },
      "flags": {
        "tagger": {
          "tags": [
            "cd"
          ]
        },
        "monks-active-tiles": {
          "active": true,
          "record": false,
          "restriction": "all",
          "controlled": "gm",
          "trigger": [
            "enter"
          ],
          "allowpaused": false,
          "usealpha": false,
          "pointer": false,
          "pertoken": false,
          "minrequired": 0,
          "chance": 100,
          "fileindex": -1,
          "actions": [],
          "files": []
        }
      },
      "sort": 16,
      "restrictions": {
        "light": false,
        "weather": false
      },
      "elevation": 0,
      "_key": "!scenes.tiles!vbWggjQQjaA8rh8f.38lt9EYn6N4hz2cF"
    },
    {
      "texture": {
        "src": "fa_battlemaps/Maps/2023/March/fa_sidestreet/Tiles/FreePath.webp",
        "scaleX": 1,
        "scaleY": 1,
        "offsetX": 0,
        "offsetY": 0,
        "rotation": 0,
        "tint": "#ffffff",
        "anchorX": 0.5,
        "anchorY": 0.5,
        "fit": "fill",
        "alphaThreshold": 0.75
      },
      "x": 2800,
      "y": 2200,
      "width": 100,
      "height": 500,
      "_id": "rUtwCsHSAhYmiJln",
      "rotation": 0,
      "alpha": 0,
      "hidden": false,
      "locked": false,
      "occlusion": {
        "mode": 0,
        "alpha": 1
      },
      "video": {
        "loop": true,
        "autoplay": true,
        "volume": 0
      },
      "flags": {
        "tagger": {
          "tags": [
            "way"
          ]
        },
        "monks-active-tiles": {
          "active": true,
          "record": false,
          "restriction": "all",
          "controlled": "gm",
          "trigger": [
            "enter"
          ],
          "allowpaused": false,
          "usealpha": false,
          "pointer": false,
          "pertoken": false,
          "minrequired": 0,
          "chance": 100,
          "fileindex": -1,
          "actions": [],
          "files": []
        }
      },
      "sort": 15,
      "restrictions": {
        "light": false,
        "weather": false
      },
      "elevation": 0,
      "_key": "!scenes.tiles!vbWggjQQjaA8rh8f.rUtwCsHSAhYmiJln"
    },
    {
      "texture": {
        "src": "fa_battlemaps/Maps/2023/March/fa_sidestreet/Tiles/HatchOpen.webp",
        "scaleX": 1,
        "scaleY": 1,
        "offsetX": 0,
        "offsetY": 0,
        "rotation": 0,
        "tint": "#ffffff",
        "anchorX": 0.5,
        "anchorY": 0.5,
        "fit": "fill",
        "alphaThreshold": 0.75
      },
      "x": 1000,
      "y": 2400,
      "width": 200,
      "height": 200,
      "_id": "lnqkJx8Igq4fyKbk",
      "rotation": 0,
      "alpha": 0,
      "hidden": false,
      "locked": false,
      "occlusion": {
        "mode": 0,
        "alpha": 1
      },
      "video": {
        "loop": true,
        "autoplay": true,
        "volume": 0
      },
      "flags": {
        "tagger": {
          "tags": [
            "hd"
          ]
        },
        "monks-active-tiles": {
          "active": true,
          "record": false,
          "restriction": "all",
          "controlled": "gm",
          "trigger": [
            "enter"
          ],
          "allowpaused": false,
          "usealpha": false,
          "pointer": false,
          "pertoken": false,
          "minrequired": 0,
          "chance": 100,
          "fileindex": -1,
          "actions": [],
          "files": []
        }
      },
      "sort": 14,
      "restrictions": {
        "light": false,
        "weather": false
      },
      "elevation": 0,
      "_key": "!scenes.tiles!vbWggjQQjaA8rh8f.lnqkJx8Igq4fyKbk"
    },
    {
      "texture": {
        "src": "fa_battlemaps/Maps/2023/March/fa_sidestreet/Tiles/NoDebris.webp",
        "scaleX": 1,
        "scaleY": 1,
        "offsetX": 0,
        "offsetY": 0,
        "rotation": 0,
        "tint": "#ffffff",
        "anchorX": 0.5,
        "anchorY": 0.5,
        "fit": "fill",
        "alphaThreshold": 0.75
      },
      "x": 2000,
      "y": 1400,
      "width": 800,
      "height": 600,
      "_id": "wakNYfUQgz8HeHJJ",
      "rotation": 0,
      "alpha": 0,
      "hidden": false,
      "locked": false,
      "occlusion": {
        "mode": 0,
        "alpha": 1
      },
      "video": {
        "loop": true,
        "autoplay": true,
        "volume": 0
      },
      "flags": {
        "tagger": {
          "tags": [
            "empty"
          ]
        },
        "monks-active-tiles": {
          "active": true,
          "record": false,
          "restriction": "all",
          "controlled": "gm",
          "trigger": [
            "enter"
          ],
          "allowpaused": false,
          "usealpha": false,
          "pointer": false,
          "pertoken": false,
          "minrequired": 0,
          "chance": 100,
          "fileindex": -1,
          "actions": [],
          "files": []
        }
      },
      "sort": 10,
      "restrictions": {
        "light": false,
        "weather": false
      },
      "elevation": 0,
      "_key": "!scenes.tiles!vbWggjQQjaA8rh8f.wakNYfUQgz8HeHJJ"
    },
    {
      "texture": {
        "src": "fa_battlemaps/Maps/2023/March/fa_sidestreet/Tiles/Campfire_Light.webp",
        "scaleX": 1,
        "scaleY": 1,
        "offsetX": 0,
        "offsetY": 0,
        "rotation": 0,
        "tint": "#ffffff",
        "anchorX": 0.5,
        "anchorY": 0.5,
        "fit": "fill",
        "alphaThreshold": 0.75
      },
      "x": 2000,
      "y": 1400,
      "width": 500,
      "height": 500,
      "_id": "YpyBAjc9EGuywiAq",
      "rotation": 0,
      "alpha": 0,
      "hidden": false,
      "locked": false,
      "occlusion": {
        "mode": 0,
        "alpha": 1
      },
      "video": {
        "loop": true,
        "autoplay": true,
        "volume": 0
      },
      "flags": {
        "tagger": {
          "tags": [
            "campl"
          ]
        },
        "monks-active-tiles": {
          "active": false,
          "record": false,
          "restriction": "all",
          "controlled": "gm",
          "trigger": [
            "enter"
          ],
          "allowpaused": false,
          "usealpha": false,
          "pointer": false,
          "pertoken": false,
          "minrequired": 0,
          "chance": 100,
          "fileindex": -1,
          "actions": [],
          "files": []
        }
      },
      "sort": 12,
      "restrictions": {
        "light": false,
        "weather": false
      },
      "elevation": 0,
      "_key": "!scenes.tiles!vbWggjQQjaA8rh8f.YpyBAjc9EGuywiAq"
    },
    {
      "texture": {
        "src": "fa_battlemaps/Maps/2023/March/fa_sidestreet/Tiles/Campfire.webp",
        "scaleX": 1,
        "scaleY": 1,
        "offsetX": 0,
        "offsetY": 0,
        "rotation": 0,
        "tint": "#ffffff",
        "anchorX": 0.5,
        "anchorY": 0.5,
        "fit": "fill",
        "alphaThreshold": 0.75
      },
      "x": 2000,
      "y": 1400,
      "width": 800,
      "height": 600,
      "_id": "pk5iHwxoMekphFsL",
      "rotation": 0,
      "alpha": 1,
      "hidden": false,
      "locked": false,
      "occlusion": {
        "mode": 0,
        "alpha": 1
      },
      "video": {
        "loop": true,
        "autoplay": true,
        "volume": 0
      },
      "flags": {
        "tagger": {
          "tags": [
            "camp"
          ]
        },
        "monks-active-tiles": {
          "active": false,
          "record": false,
          "restriction": "all",
          "controlled": "gm",
          "trigger": [
            ""
          ],
          "allowpaused": false,
          "usealpha": false,
          "pointer": false,
          "pertoken": false,
          "minrequired": 0,
          "chance": 50,
          "fileindex": -1,
          "actions": [],
          "files": []
        }
      },
      "sort": 11,
      "restrictions": {
        "light": false,
        "weather": false
      },
      "elevation": 0,
      "_key": "!scenes.tiles!vbWggjQQjaA8rh8f.pk5iHwxoMekphFsL"
    },
    {
      "texture": {
        "src": "modules/fa-battlemaps/images/Scroll2.webp",
        "scaleX": 1,
        "scaleY": 1,
        "offsetX": 0,
        "offsetY": 0,
        "rotation": 0,
        "tint": "#ffffff",
        "anchorX": 0.5,
        "anchorY": 0.5,
        "fit": "fill",
        "alphaThreshold": 0.75
      },
      "x": 4000,
      "y": 850,
      "width": 300,
      "height": 600,
      "_id": "uUycswgXsC1bm8nk",
      "rotation": 0,
      "alpha": 1,
      "hidden": false,
      "locked": false,
      "occlusion": {
        "mode": 0,
        "alpha": 1
      },
      "video": {
        "loop": true,
        "autoplay": true,
        "volume": 0
      },
      "flags": {},
      "sort": 2,
      "restrictions": {
        "light": false,
        "weather": false
      },
      "elevation": 0,
      "_key": "!scenes.tiles!vbWggjQQjaA8rh8f.uUycswgXsC1bm8nk"
    },
    {
      "texture": {
        "src": "modules/fa-battlemaps/images/Swing_Indicator_A1_White_1x1.png",
        "scaleX": 2,
        "scaleY": 2,
        "offsetX": 0,
        "offsetY": 0,
        "rotation": 0,
        "tint": "#ffffff",
        "anchorX": 0.5,
        "anchorY": 0.5,
        "fit": "fill",
        "alphaThreshold": 0.75
      },
      "x": 2041,
      "y": 1262,
      "width": 100,
      "height": 100,
      "_id": "P3FuZgZ20teXxRjh",
      "rotation": 5,
      "alpha": 0.15,
      "hidden": false,
      "locked": false,
      "occlusion": {
        "mode": 0,
        "alpha": 1
      },
      "video": {
        "loop": true,
        "autoplay": true,
        "volume": 0
      },
      "flags": {
        "tagger": {},
        "monks-active-tiles": {
          "active": true,
          "record": false,
          "restriction": "all",
          "controlled": "gm",
          "trigger": [
            "enter"
          ],
          "allowpaused": false,
          "usealpha": false,
          "pointer": false,
          "pertoken": false,
          "minrequired": 0,
          "chance": 100,
          "fileindex": 0,
          "actions": [],
          "files": []
        }
      },
      "sort": 27,
      "restrictions": {
        "light": false,
        "weather": false
      },
      "elevation": 0,
      "_key": "!scenes.tiles!vbWggjQQjaA8rh8f.P3FuZgZ20teXxRjh"
    },
    {
      "texture": {
        "src": "fa_battlemaps/Maps/2023/March/fa_sidestreet/Tiles/door.webp",
        "scaleX": 1,
        "scaleY": 1,
        "offsetX": 0,
        "offsetY": 0,
        "rotation": 0,
        "tint": "#ffffff",
        "anchorX": 0.5,
        "anchorY": 0.5,
        "fit": "fill",
        "alphaThreshold": 0.75
      },
      "x": 1900,
      "y": 1100,
      "width": 400,
      "height": 400,
      "_id": "lDFzGVC8aV6s3ckR",
      "rotation": 0,
      "alpha": 0,
      "hidden": false,
      "locked": false,
      "occlusion": {
        "mode": 0,
        "alpha": 1
      },
      "video": {
        "loop": true,
        "autoplay": true,
        "volume": 0
      },
      "flags": {
        "tagger": {
          "tags": [
            "door"
          ]
        },
        "monks-active-tiles": {
          "active": true,
          "record": false,
          "restriction": "all",
          "controlled": "gm",
          "trigger": [
            "",
            "manual"
          ],
          "allowpaused": false,
          "usealpha": false,
          "pointer": true,
          "pertoken": false,
          "minrequired": 0,
          "chance": 100,
          "fileindex": 0,
          "actions": [
            {
              "action": "alter",
              "data": {
                "entity": {
                  "id": "tagger:door",
                  "match": "all",
                  "scene": "_active",
                  "name": "<i class=\"fas fa-tag fa-sm\"></i> door"
                },
                "attribute": "alpha",
                "value": "={{entity.alpha}} == 0 ? 1 : 0",
                "chatMessage": false,
                "rollmode": "roll"
              },
              "id": "aMxZNnlHd88HloWC"
            }
          ],
          "files": []
        }
      },
      "sort": 13,
      "restrictions": {
        "light": false,
        "weather": false
      },
      "elevation": 0,
      "_key": "!scenes.tiles!vbWggjQQjaA8rh8f.lDFzGVC8aV6s3ckR"
    },
    {
      "texture": {
        "src": "modules/fa-battlemaps/images/Transparent.webp",
        "scaleX": 1,
        "scaleY": 1,
        "offsetX": 0,
        "offsetY": 0,
        "rotation": 0,
        "tint": "#ffffff",
        "anchorX": 0.5,
        "anchorY": 0.5,
        "fit": "fill",
        "alphaThreshold": 0.75
      },
      "x": 2583,
      "y": 1298,
      "width": 150,
      "height": 175,
      "_id": "M6TnRvA12Fn9Rtoo",
      "rotation": 0,
      "alpha": 1,
      "hidden": false,
      "locked": false,
      "occlusion": {
        "mode": 1,
        "alpha": 1
      },
      "video": {
        "loop": true,
        "autoplay": true,
        "volume": 0
      },
      "flags": {
        "tagger": {},
        "monks-active-tiles": {
          "active": true,
          "record": false,
          "restriction": "all",
          "controlled": "gm",
          "trigger": [
            "",
            "dblclick"
          ],
          "allowpaused": false,
          "usealpha": false,
          "pointer": true,
          "pertoken": false,
          "minrequired": 0,
          "chance": 100,
          "fileindex": -1,
          "actions": [
            {
              "action": "alter",
              "data": {
                "entity": {
                  "id": "tagger:cd",
                  "match": "all",
                  "scene": "_active",
                  "name": "<i class=\"fas fa-tag fa-sm\"></i> cd"
                },
                "attribute": "alpha",
                "value": "={{entity.alpha}} == 0 ? 1 : 0",
                "chatMessage": false,
                "rollmode": "roll"
              },
              "id": "q6k359RkGf8IvEKG"
            }
          ],
          "files": []
        }
      },
      "elevation": 20,
      "sort": 100,
      "restrictions": {
        "light": false,
        "weather": false
      },
      "_key": "!scenes.tiles!vbWggjQQjaA8rh8f.M6TnRvA12Fn9Rtoo"
    },
    {
      "texture": {
        "src": "modules/fa-battlemaps/images/Transparent.webp",
        "scaleX": 1,
        "scaleY": 1,
        "offsetX": 0,
        "offsetY": 0,
        "rotation": 0,
        "tint": "#ffffff",
        "anchorX": 0.5,
        "anchorY": 0.5,
        "fit": "fill",
        "alphaThreshold": 0.75
      },
      "x": 1083,
      "y": 2448,
      "width": 113,
      "height": 100.5,
      "rotation": 0,
      "alpha": 1,
      "hidden": false,
      "locked": false,
      "occlusion": {
        "mode": 1,
        "alpha": 1
      },
      "video": {
        "loop": true,
        "autoplay": true,
        "volume": 0
      },
      "flags": {
        "tagger": {},
        "monks-active-tiles": {
          "active": true,
          "record": false,
          "restriction": "all",
          "controlled": "gm",
          "trigger": [
            "",
            "dblclick"
          ],
          "allowpaused": false,
          "usealpha": false,
          "pointer": true,
          "pertoken": false,
          "minrequired": 0,
          "chance": 100,
          "fileindex": 0,
          "actions": [
            {
              "action": "alter",
              "data": {
                "entity": {
                  "id": "tagger:hd",
                  "match": "all",
                  "scene": "_active",
                  "name": "<i class=\"fas fa-tag fa-sm\"></i> hd"
                },
                "attribute": "alpha",
                "value": "={{entity.alpha}} == 0 ? 1 : 0",
                "chatMessage": false,
                "rollmode": "roll"
              },
              "id": "q6k359RkGf8IvEKG"
            }
          ],
          "files": []
        }
      },
      "_id": "iFASA7neUffsYwyC",
      "elevation": 20,
      "sort": 100,
      "restrictions": {
        "light": false,
        "weather": false
      },
      "_key": "!scenes.tiles!vbWggjQQjaA8rh8f.iFASA7neUffsYwyC"
    },
    {
      "texture": {
        "src": "fa_battlemaps/Maps/2023/March/fa_sidestreet/Text/Debris.png",
        "scaleX": 1,
        "scaleY": 1,
        "offsetX": 0,
        "offsetY": 0,
        "rotation": 0,
        "tint": "#000000",
        "anchorX": 0.5,
        "anchorY": 0.5,
        "fit": "fill",
        "alphaThreshold": 0.75
      },
      "x": 4040,
      "y": 928,
      "width": 210,
      "height": 70,
      "_id": "rCQ907x1MPrYnvTH",
      "rotation": 0,
      "alpha": 0.9,
      "hidden": false,
      "locked": false,
      "occlusion": {
        "mode": 0,
        "alpha": 1
      },
      "video": {
        "loop": true,
        "autoplay": true,
        "volume": 0
      },
      "flags": {
        "tagger": {
          "tags": [
            "b1"
          ]
        },
        "monks-active-tiles": {
          "active": true,
          "record": false,
          "restriction": "all",
          "controlled": "gm",
          "trigger": [
            "",
            "dblclick"
          ],
          "allowpaused": false,
          "usealpha": false,
          "pointer": true,
          "pertoken": false,
          "minrequired": 0,
          "chance": 100,
          "fileindex": 0,
          "actions": [
            {
              "action": "alter",
              "data": {
                "entity": {
                  "id": "tagger:b1",
                  "match": "all",
                  "scene": "_active",
                  "name": "<i class=\"fas fa-tag fa-sm\"></i> b1"
                },
                "attribute": "texture.tint",
                "value": "#000000",
                "chatMessage": false,
                "rollmode": "roll"
              },
              "id": "Fna5yisql7RNMd8T"
            },
            {
              "action": "alter",
              "data": {
                "entity": {
                  "id": "tagger:b2",
                  "match": "all",
                  "scene": "_active",
                  "name": "<i class=\"fas fa-tag fa-sm\"></i> b2"
                },
                "attribute": "texture.tint",
                "value": "#890101",
                "chatMessage": false,
                "rollmode": "roll"
              },
              "id": "NpWpv1Cgij0ALLzC"
            },
            {
              "action": "alter",
              "data": {
                "entity": {
                  "id": "tagger:b3",
                  "match": "all",
                  "scene": "_active",
                  "name": "<i class=\"fas fa-tag fa-sm\"></i> b3"
                },
                "attribute": "texture.tint",
                "value": "#890101",
                "chatMessage": false,
                "rollmode": "roll"
              },
              "id": "XmaSPNzD2laicViZ"
            },
            {
              "action": "alter",
              "data": {
                "entity": {
                  "id": "tagger:camp",
                  "match": "all",
                  "scene": "_active",
                  "name": "<i class=\"fas fa-tag fa-sm\"></i> camp"
                },
                "attribute": "alpha",
                "value": "0",
                "chatMessage": false,
                "rollmode": "roll"
              },
              "id": "k3oEHEg1EMvGyXBF"
            },
            {
              "action": "alter",
              "data": {
                "entity": {
                  "id": "tagger:campl",
                  "match": "all",
                  "scene": "_active",
                  "name": "<i class=\"fas fa-tag fa-sm\"></i> campl"
                },
                "attribute": "alpha",
                "value": "0",
                "chatMessage": false,
                "rollmode": "roll"
              },
              "id": "psVC1ylEBtzouUT0"
            },
            {
              "action": "alter",
              "data": {
                "entity": {
                  "id": "tagger:empty",
                  "match": "all",
                  "scene": "_active",
                  "name": "<i class=\"fas fa-tag fa-sm\"></i> empty"
                },
                "attribute": "alpha",
                "value": "0",
                "chatMessage": false,
                "rollmode": "roll"
              },
              "id": "OduQsrvDWw04Tc4E"
            },
            {
              "action": "activate",
              "data": {
                "entity": {
                  "id": "tagger:camplt",
                  "match": "all",
                  "scene": "_active",
                  "name": "<i class=\"fas fa-tag fa-sm\"></i> camplt"
                },
                "activate": "deactivate"
              },
              "id": "tWn4RiG649nnHAvl"
            },
            {
              "action": "activate",
              "data": {
                "entity": {
                  "id": "tagger:campl",
                  "match": "all",
                  "scene": "_active",
                  "name": "<i class=\"fas fa-tag fa-sm\"></i> campl"
                },
                "activate": "deactivate"
              },
              "id": "o7FrgCmZv3BbubJl"
            }
          ],
          "files": []
        }
      },
      "sort": 9,
      "restrictions": {
        "light": false,
        "weather": false
      },
      "elevation": 0,
      "_key": "!scenes.tiles!vbWggjQQjaA8rh8f.rCQ907x1MPrYnvTH"
    },
    {
      "texture": {
        "src": "fa_battlemaps/Maps/2023/March/fa_sidestreet/Text/Campfire.png",
        "scaleX": 1,
        "scaleY": 1,
        "offsetX": 0,
        "offsetY": 0,
        "rotation": 0,
        "tint": "#890101",
        "anchorX": 0.5,
        "anchorY": 0.5,
        "fit": "fill",
        "alphaThreshold": 0.75
      },
      "x": 4047,
      "y": 999,
      "width": 210,
      "height": 70,
      "rotation": 0,
      "alpha": 0.9,
      "hidden": false,
      "locked": false,
      "occlusion": {
        "mode": 0,
        "alpha": 1
      },
      "video": {
        "loop": true,
        "autoplay": true,
        "volume": 0
      },
      "flags": {
        "tagger": {
          "tags": [
            "b2"
          ]
        },
        "monks-active-tiles": {
          "active": true,
          "record": false,
          "restriction": "all",
          "controlled": "gm",
          "trigger": [
            "",
            "dblclick"
          ],
          "allowpaused": false,
          "usealpha": false,
          "pointer": true,
          "pertoken": false,
          "minrequired": 0,
          "chance": 100,
          "fileindex": 0,
          "actions": [
            {
              "action": "alter",
              "data": {
                "entity": {
                  "id": "tagger:b2",
                  "match": "all",
                  "scene": "_active",
                  "name": "<i class=\"fas fa-tag fa-sm\"></i> b2"
                },
                "attribute": "texture.tint",
                "value": "#000000",
                "chatMessage": false,
                "rollmode": "roll"
              },
              "id": "Fna5yisql7RNMd8T"
            },
            {
              "action": "alter",
              "data": {
                "entity": {
                  "id": "tagger:b3",
                  "match": "all",
                  "scene": "_active",
                  "name": "<i class=\"fas fa-tag fa-sm\"></i> b3"
                },
                "attribute": "texture.tint",
                "value": "#890101",
                "chatMessage": false,
                "rollmode": "roll"
              },
              "id": "29C4cuo1kjSuOSrs"
            },
            {
              "action": "alter",
              "data": {
                "entity": {
                  "id": "tagger:b1",
                  "match": "all",
                  "scene": "_active",
                  "name": "<i class=\"fas fa-tag fa-sm\"></i> b1"
                },
                "attribute": "texture.tint",
                "value": "#890101",
                "chatMessage": false,
                "rollmode": "roll"
              },
              "id": "iEKD6GQ1S2W63eva"
            },
            {
              "action": "alter",
              "data": {
                "entity": {
                  "id": "tagger:camp",
                  "match": "all",
                  "scene": "_active",
                  "name": "<i class=\"fas fa-tag fa-sm\"></i> camp"
                },
                "attribute": "alpha",
                "value": "1",
                "chatMessage": false,
                "rollmode": "roll"
              },
              "id": "k3oEHEg1EMvGyXBF"
            },
            {
              "action": "alter",
              "data": {
                "entity": {
                  "id": "tagger:empty",
                  "match": "all",
                  "scene": "_active",
                  "name": "<i class=\"fas fa-tag fa-sm\"></i> empty"
                },
                "attribute": "alpha",
                "value": "0",
                "chatMessage": false,
                "rollmode": "roll"
              },
              "id": "OduQsrvDWw04Tc4E"
            },
            {
              "action": "activate",
              "data": {
                "entity": {
                  "id": "tagger:camplt",
                  "match": "all",
                  "scene": "_active",
                  "name": "<i class=\"fas fa-tag fa-sm\"></i> camplt"
                },
                "activate": "activate"
              },
              "id": "qinfyWm7y3VXjS21"
            }
          ],
          "files": []
        }
      },
      "_id": "StZtGdPV5MDvfXbR",
      "sort": 8,
      "restrictions": {
        "light": false,
        "weather": false
      },
      "elevation": 0,
      "_key": "!scenes.tiles!vbWggjQQjaA8rh8f.StZtGdPV5MDvfXbR"
    },
    {
      "texture": {
        "src": "fa_battlemaps/Maps/2023/March/fa_sidestreet/Text/No-Debris.png",
        "scaleX": 1,
        "scaleY": 1,
        "offsetX": 0,
        "offsetY": 0,
        "rotation": 0,
        "tint": "#890101",
        "anchorX": 0.5,
        "anchorY": 0.5,
        "fit": "fill",
        "alphaThreshold": 0.75
      },
      "x": 4045,
      "y": 1072,
      "width": 210,
      "height": 70,
      "rotation": 0,
      "alpha": 0.9,
      "hidden": false,
      "locked": false,
      "occlusion": {
        "mode": 0,
        "alpha": 1
      },
      "video": {
        "loop": true,
        "autoplay": true,
        "volume": 0
      },
      "flags": {
        "tagger": {
          "tags": [
            "b3"
          ]
        },
        "monks-active-tiles": {
          "active": true,
          "record": false,
          "restriction": "all",
          "controlled": "gm",
          "trigger": [
            "",
            "dblclick"
          ],
          "allowpaused": false,
          "usealpha": false,
          "pointer": true,
          "pertoken": false,
          "minrequired": 0,
          "chance": 100,
          "fileindex": 0,
          "actions": [
            {
              "action": "alter",
              "data": {
                "entity": {
                  "id": "tagger:b3",
                  "match": "all",
                  "scene": "_active",
                  "name": "<i class=\"fas fa-tag fa-sm\"></i> b3"
                },
                "attribute": "texture.tint",
                "value": "#000000",
                "chatMessage": false,
                "rollmode": "roll"
              },
              "id": "Fna5yisql7RNMd8T"
            },
            {
              "action": "alter",
              "data": {
                "entity": {
                  "id": "tagger:b2",
                  "match": "all",
                  "scene": "_active",
                  "name": "<i class=\"fas fa-tag fa-sm\"></i> b2"
                },
                "attribute": "texture.tint",
                "value": "#890101",
                "chatMessage": false,
                "rollmode": "roll"
              },
              "id": "YCep5CHw5JzEZhRY"
            },
            {
              "action": "alter",
              "data": {
                "entity": {
                  "id": "tagger:b1",
                  "match": "all",
                  "scene": "_active",
                  "name": "<i class=\"fas fa-tag fa-sm\"></i> b1"
                },
                "attribute": "texture.tint",
                "value": "#890101",
                "chatMessage": false,
                "rollmode": "roll"
              },
              "id": "8bftl7d3SClhwqbD"
            },
            {
              "action": "alter",
              "data": {
                "entity": {
                  "id": "tagger:camp",
                  "match": "all",
                  "scene": "_active",
                  "name": "<i class=\"fas fa-tag fa-sm\"></i> camp"
                },
                "attribute": "alpha",
                "value": "0",
                "chatMessage": false,
                "rollmode": "roll"
              },
              "id": "k3oEHEg1EMvGyXBF"
            },
            {
              "action": "alter",
              "data": {
                "entity": {
                  "id": "tagger:campl",
                  "match": "all",
                  "scene": "_active",
                  "name": "<i class=\"fas fa-tag fa-sm\"></i> campl"
                },
                "attribute": "alpha",
                "value": "0",
                "chatMessage": false,
                "rollmode": "roll"
              },
              "id": "gwv1UdrYhOS0eOiD"
            },
            {
              "action": "alter",
              "data": {
                "entity": {
                  "id": "tagger:empty",
                  "match": "all",
                  "scene": "_active",
                  "name": "<i class=\"fas fa-tag fa-sm\"></i> empty"
                },
                "attribute": "alpha",
                "value": "1",
                "chatMessage": false,
                "rollmode": "roll"
              },
              "id": "OduQsrvDWw04Tc4E"
            },
            {
              "action": "activate",
              "data": {
                "entity": {
                  "id": "tagger:camplt",
                  "match": "all",
                  "scene": "_active",
                  "name": "<i class=\"fas fa-tag fa-sm\"></i> camplt"
                },
                "activate": "deactivate"
              },
              "id": "bu36F0Ow3XxoY8Ci"
            },
            {
              "action": "activate",
              "data": {
                "entity": {
                  "id": "tagger:campl",
                  "match": "all",
                  "scene": "_active",
                  "name": "<i class=\"fas fa-tag fa-sm\"></i> campl"
                },
                "activate": "deactivate"
              },
              "id": "enXV2HM2Hi3CG4EA"
            }
          ],
          "files": []
        }
      },
      "_id": "Y3uCozuB5rHFboYp",
      "sort": 7,
      "restrictions": {
        "light": false,
        "weather": false
      },
      "elevation": 0,
      "_key": "!scenes.tiles!vbWggjQQjaA8rh8f.Y3uCozuB5rHFboYp"
    },
    {
      "texture": {
        "src": "modules/fa-battlemaps/images/Transparent.webp",
        "scaleX": 1,
        "scaleY": 1,
        "offsetX": 0,
        "offsetY": 0,
        "rotation": 0,
        "tint": "#ffffff",
        "anchorX": 0.5,
        "anchorY": 0.5,
        "fit": "fill",
        "alphaThreshold": 0.75
      },
      "x": 2160,
      "y": 1560,
      "width": 90,
      "height": 89.5,
      "rotation": 0,
      "alpha": 1,
      "hidden": false,
      "locked": false,
      "occlusion": {
        "mode": 1,
        "alpha": 1
      },
      "video": {
        "loop": true,
        "autoplay": true,
        "volume": 0
      },
      "flags": {
        "tagger": {
          "tags": [
            "camplt"
          ]
        },
        "monks-active-tiles": {
          "active": true,
          "record": false,
          "restriction": "all",
          "controlled": "gm",
          "trigger": [
            "",
            "dblclick"
          ],
          "allowpaused": false,
          "usealpha": false,
          "pointer": true,
          "pertoken": false,
          "minrequired": 0,
          "chance": 100,
          "fileindex": 0,
          "actions": [
            {
              "action": "alter",
              "data": {
                "entity": {
                  "id": "tagger:campl",
                  "match": "all",
                  "scene": "_active",
                  "name": "<i class=\"fas fa-tag fa-sm\"></i> campl"
                },
                "attribute": "alpha",
                "value": "={{entity.alpha}} == 0 ? 1 : 0",
                "chatMessage": false,
                "rollmode": "roll"
              },
              "id": "q6k359RkGf8IvEKG"
            },
            {
              "action": "activate",
              "data": {
                "entity": {
                  "id": "tagger:campl",
                  "match": "all",
                  "scene": "_active",
                  "name": "<i class=\"fas fa-tag fa-sm\"></i> campl"
                },
                "activate": "toggle"
              },
              "id": "a2rSWqPNvo0diBaQ"
            },
            {
              "action": "playsound",
              "data": {
                "audiofile": "fa_battlemaps/Audio/flameblowout.ogg",
                "audiofor": "all",
                "volume": 0.5,
                "loop": false,
                "fade": 0.25,
                "scenerestrict": false,
                "prevent": false
              },
              "id": "GOhhtJfnmLGO02y1"
            }
          ],
          "files": []
        }
      },
      "_id": "7TrVvngC97ZiZlIV",
      "elevation": 20,
      "sort": 100,
      "restrictions": {
        "light": false,
        "weather": false
      },
      "_key": "!scenes.tiles!vbWggjQQjaA8rh8f.7TrVvngC97ZiZlIV"
    },
    {
      "texture": {
        "src": "fa_battlemaps/Maps/2023/March/fa_sidestreet/Text/Clear-Lane.png",
        "scaleX": 1,
        "scaleY": 1,
        "offsetX": 0,
        "offsetY": 0,
        "rotation": 0,
        "tint": "#890101",
        "anchorX": 0.5,
        "anchorY": 0.5,
        "fit": "fill",
        "alphaThreshold": 0.75
      },
      "x": 4045,
      "y": 1142,
      "width": 210,
      "height": 70,
      "rotation": 0,
      "alpha": 0.9,
      "hidden": false,
      "locked": false,
      "occlusion": {
        "mode": 0,
        "alpha": 1
      },
      "video": {
        "loop": true,
        "autoplay": true,
        "volume": 0
      },
      "flags": {
        "tagger": {
          "tags": [
            "b4"
          ]
        },
        "monks-active-tiles": {
          "active": true,
          "record": false,
          "restriction": "all",
          "controlled": "gm",
          "trigger": [
            "",
            "dblclick"
          ],
          "allowpaused": false,
          "usealpha": false,
          "pointer": true,
          "pertoken": false,
          "minrequired": 0,
          "chance": 100,
          "fileindex": 0,
          "actions": [
            {
              "action": "alter",
              "data": {
                "entity": {
                  "id": "tagger:b4",
                  "match": "all",
                  "scene": "_active",
                  "name": "<i class=\"fas fa-tag fa-sm\"></i> b4"
                },
                "attribute": "texture.tint",
                "value": "='{{entity.texture.tint}}' == '#000000' ? '#890101' : '#000000'",
                "chatMessage": false,
                "rollmode": "roll"
              },
              "id": "Fna5yisql7RNMd8T"
            },
            {
              "action": "alter",
              "data": {
                "entity": {
                  "id": "tagger:way",
                  "match": "all",
                  "scene": "_active",
                  "name": "<i class=\"fas fa-tag fa-sm\"></i> way"
                },
                "attribute": "alpha",
                "value": "={{entity.alpha}} == 0 ? 1 : 0",
                "chatMessage": false,
                "rollmode": "roll"
              },
              "id": "OduQsrvDWw04Tc4E"
            }
          ],
          "files": []
        }
      },
      "_id": "6SyeuOrh0sGGF4pa",
      "sort": 6,
      "restrictions": {
        "light": false,
        "weather": false
      },
      "elevation": 0,
      "_key": "!scenes.tiles!vbWggjQQjaA8rh8f.6SyeuOrh0sGGF4pa"
    },
    {
      "texture": {
        "src": "fa_battlemaps/Maps/2023/March/fa_sidestreet/Text/No-Bridges.png",
        "scaleX": 1,
        "scaleY": 1,
        "offsetX": 0,
        "offsetY": 0,
        "rotation": 0,
        "tint": "#890101",
        "anchorX": 0.5,
        "anchorY": 0.5,
        "fit": "fill",
        "alphaThreshold": 0.75
      },
      "x": 4046,
      "y": 1225,
      "width": 210,
      "height": 70,
      "rotation": 0,
      "alpha": 0.9,
      "hidden": false,
      "locked": false,
      "occlusion": {
        "mode": 0,
        "alpha": 1
      },
      "video": {
        "loop": true,
        "autoplay": true,
        "volume": 0
      },
      "flags": {
        "tagger": {
          "tags": [
            "b5"
          ]
        },
        "monks-active-tiles": {
          "active": true,
          "record": false,
          "restriction": "all",
          "controlled": "gm",
          "trigger": [
            "",
            "dblclick"
          ],
          "allowpaused": false,
          "usealpha": false,
          "pointer": true,
          "pertoken": false,
          "minrequired": 0,
          "chance": 100,
          "fileindex": 0,
          "actions": [
            {
              "action": "alter",
              "data": {
                "entity": {
                  "id": "tagger:b5",
                  "match": "all",
                  "scene": "_active",
                  "name": "<i class=\"fas fa-tag fa-sm\"></i> b5"
                },
                "attribute": "texture.tint",
                "value": "#000000",
                "chatMessage": false,
                "rollmode": "roll"
              },
              "id": "Fna5yisql7RNMd8T"
            },
            {
              "action": "alter",
              "data": {
                "entity": {
                  "id": "tagger:b6",
                  "match": "all",
                  "scene": "_active",
                  "name": "<i class=\"fas fa-tag fa-sm\"></i> b6"
                },
                "attribute": "texture.tint",
                "value": "#890101",
                "chatMessage": false,
                "rollmode": "roll"
              },
              "id": "Pw0fSomRZXhpHHGf"
            },
            {
              "action": "alter",
              "data": {
                "entity": {
                  "id": "tagger:br",
                  "match": "all",
                  "scene": "_active",
                  "name": "<i class=\"fas fa-tag fa-sm\"></i> br"
                },
                "attribute": "alpha",
                "value": "0",
                "chatMessage": false,
                "rollmode": "roll"
              },
              "id": "OduQsrvDWw04Tc4E"
            }
          ],
          "files": []
        }
      },
      "_id": "Eh0IR4HaoV2MHJDo",
      "sort": 5,
      "restrictions": {
        "light": false,
        "weather": false
      },
      "elevation": 0,
      "_key": "!scenes.tiles!vbWggjQQjaA8rh8f.Eh0IR4HaoV2MHJDo"
    },
    {
      "texture": {
        "src": "fa_battlemaps/Maps/2023/March/fa_sidestreet/Text/Add-Bridges.png",
        "scaleX": 1,
        "scaleY": 1,
        "offsetX": 0,
        "offsetY": 0,
        "rotation": 0,
        "tint": "#000000",
        "anchorX": 0.5,
        "anchorY": 0.5,
        "fit": "fill",
        "alphaThreshold": 0.75
      },
      "x": 4051,
      "y": 1289,
      "width": 210,
      "height": 70,
      "rotation": 0,
      "alpha": 0.9,
      "hidden": false,
      "locked": false,
      "occlusion": {
        "mode": 0,
        "alpha": 1
      },
      "video": {
        "loop": true,
        "autoplay": true,
        "volume": 0
      },
      "flags": {
        "tagger": {
          "tags": [
            "b6"
          ]
        },
        "monks-active-tiles": {
          "active": true,
          "record": false,
          "restriction": "all",
          "controlled": "gm",
          "trigger": [
            "",
            "dblclick"
          ],
          "allowpaused": false,
          "usealpha": false,
          "pointer": true,
          "pertoken": false,
          "minrequired": 0,
          "chance": 100,
          "fileindex": 0,
          "actions": [
            {
              "action": "alter",
              "data": {
                "entity": {
                  "id": "tagger:b6",
                  "match": "all",
                  "scene": "_active",
                  "name": "<i class=\"fas fa-tag fa-sm\"></i> b6"
                },
                "attribute": "texture.tint",
                "value": "#000000",
                "chatMessage": false,
                "rollmode": "roll"
              },
              "id": "Fna5yisql7RNMd8T"
            },
            {
              "action": "alter",
              "data": {
                "entity": {
                  "id": "tagger:b5",
                  "match": "all",
                  "scene": "_active",
                  "name": "<i class=\"fas fa-tag fa-sm\"></i> b5"
                },
                "attribute": "texture.tint",
                "value": "#890101",
                "chatMessage": false,
                "rollmode": "roll"
              },
              "id": "U6Ht3IVYEpGIPxYD"
            },
            {
              "action": "alter",
              "data": {
                "entity": {
                  "id": "tagger:br",
                  "match": "all",
                  "scene": "_active",
                  "name": "<i class=\"fas fa-tag fa-sm\"></i> br"
                },
                "attribute": "alpha",
                "value": "1",
                "chatMessage": false,
                "rollmode": "roll"
              },
              "id": "OduQsrvDWw04Tc4E"
            }
          ],
          "files": []
        }
      },
      "_id": "SYDycjWtVpOgBQJH",
      "sort": 4,
      "restrictions": {
        "light": false,
        "weather": false
      },
      "elevation": 0,
      "_key": "!scenes.tiles!vbWggjQQjaA8rh8f.SYDycjWtVpOgBQJH"
    },
    {
      "texture": {
        "src": "modules/fa-battlemaps/images/Transparent.webp",
        "scaleX": 1,
        "scaleY": 1,
        "offsetX": 0,
        "offsetY": 0,
        "rotation": 0,
        "tint": "#ffffff",
        "anchorX": 0.5,
        "anchorY": 0.5,
        "fit": "fill",
        "alphaThreshold": 0.75
      },
      "x": 775,
      "y": 1250,
      "width": 125,
      "height": 275,
      "rotation": 0,
      "alpha": 1,
      "hidden": false,
      "locked": false,
      "occlusion": {
        "mode": 1,
        "alpha": 1
      },
      "video": {
        "loop": true,
        "autoplay": true,
        "volume": 0
      },
      "flags": {
        "tagger": {},
        "monks-active-tiles": {
          "active": true,
          "record": false,
          "restriction": "all",
          "controlled": "gm",
          "trigger": [
            "",
            "dblclick"
          ],
          "allowpaused": false,
          "usealpha": false,
          "pointer": true,
          "pertoken": false,
          "minrequired": 0,
          "chance": 100,
          "fileindex": 0,
          "actions": [
            {
              "action": "alter",
              "data": {
                "entity": {
                  "id": "tagger:br1",
                  "match": "all",
                  "scene": "_active",
                  "name": "<i class=\"fas fa-tag fa-sm\"></i> br1"
                },
                "attribute": "alpha",
                "value": "={{entity.alpha}} == 0 ? 1 : 0",
                "chatMessage": false,
                "rollmode": "roll"
              },
              "id": "q6k359RkGf8IvEKG"
            },
            {
              "action": "playsound",
              "data": {
                "audiofile": "fa_battlemaps/Audio/wood_break.ogg",
                "audiofor": "all",
                "volume": 0.4,
                "loop": false,
                "fade": 0.25,
                "scenerestrict": false,
                "prevent": false
              },
              "id": "07QsQaRiUOsLGdAm"
            }
          ],
          "files": []
        }
      },
      "_id": "5qJngydHtKm4K9H0",
      "elevation": 20,
      "sort": 100,
      "restrictions": {
        "light": false,
        "weather": false
      },
      "_key": "!scenes.tiles!vbWggjQQjaA8rh8f.5qJngydHtKm4K9H0"
    },
    {
      "texture": {
        "src": "modules/fa-battlemaps/images/Transparent.webp",
        "scaleX": 1,
        "scaleY": 1,
        "offsetX": 0,
        "offsetY": 0,
        "rotation": 0,
        "tint": "#ffffff",
        "anchorX": 0.5,
        "anchorY": 0.5,
        "fit": "fill",
        "alphaThreshold": 0.75
      },
      "x": 764,
      "y": 2245,
      "width": 125,
      "height": 200,
      "rotation": 0,
      "alpha": 1,
      "hidden": false,
      "locked": false,
      "occlusion": {
        "mode": 1,
        "alpha": 1
      },
      "video": {
        "loop": true,
        "autoplay": true,
        "volume": 0
      },
      "flags": {
        "tagger": {},
        "monks-active-tiles": {
          "active": true,
          "record": false,
          "restriction": "all",
          "controlled": "gm",
          "trigger": [
            "",
            "dblclick"
          ],
          "allowpaused": false,
          "usealpha": false,
          "pointer": true,
          "pertoken": false,
          "minrequired": 0,
          "chance": 100,
          "fileindex": 0,
          "actions": [
            {
              "action": "alter",
              "data": {
                "entity": {
                  "id": "tagger:br2",
                  "match": "all",
                  "scene": "_active",
                  "name": "<i class=\"fas fa-tag fa-sm\"></i> br2"
                },
                "attribute": "alpha",
                "value": "={{entity.alpha}} == 0 ? 1 : 0",
                "chatMessage": false,
                "rollmode": "roll"
              },
              "id": "q6k359RkGf8IvEKG"
            },
            {
              "action": "playsound",
              "data": {
                "audiofile": "fa_battlemaps/Audio/wood_break.ogg",
                "audiofor": "all",
                "volume": 0.4,
                "loop": false,
                "fade": 0.25,
                "scenerestrict": false,
                "prevent": false
              },
              "id": "07QsQaRiUOsLGdAm"
            }
          ],
          "files": []
        }
      },
      "_id": "7eX1pSUaj1pXYV4J",
      "elevation": 20,
      "sort": 100,
      "restrictions": {
        "light": false,
        "weather": false
      },
      "_key": "!scenes.tiles!vbWggjQQjaA8rh8f.7eX1pSUaj1pXYV4J"
    },
    {
      "texture": {
        "src": "modules/fa-battlemaps/images/Transparent.webp",
        "scaleX": 1,
        "scaleY": 1,
        "offsetX": 0,
        "offsetY": 0,
        "rotation": 0,
        "tint": "#ffffff",
        "anchorX": 0.5,
        "anchorY": 0.5,
        "fit": "fill",
        "alphaThreshold": 0.75
      },
      "x": 2050,
      "y": 2175,
      "width": 175,
      "height": 100,
      "rotation": 0,
      "alpha": 1,
      "hidden": false,
      "locked": false,
      "occlusion": {
        "mode": 1,
        "alpha": 1
      },
      "video": {
        "loop": true,
        "autoplay": true,
        "volume": 0
      },
      "flags": {
        "tagger": {},
        "monks-active-tiles": {
          "active": true,
          "record": false,
          "restriction": "all",
          "controlled": "gm",
          "trigger": [
            "",
            "dblclick"
          ],
          "allowpaused": false,
          "usealpha": false,
          "pointer": true,
          "pertoken": false,
          "minrequired": 0,
          "chance": 100,
          "fileindex": 0,
          "actions": [
            {
              "action": "alter",
              "data": {
                "entity": {
                  "id": "tagger:br3",
                  "match": "all",
                  "scene": "_active",
                  "name": "<i class=\"fas fa-tag fa-sm\"></i> br3"
                },
                "attribute": "alpha",
                "value": "={{entity.alpha}} == 0 ? 1 : 0",
                "chatMessage": false,
                "rollmode": "roll"
              },
              "id": "q6k359RkGf8IvEKG"
            },
            {
              "action": "playsound",
              "data": {
                "audiofile": "fa_battlemaps/Audio/wood_break.ogg",
                "audiofor": "all",
                "volume": 0.4,
                "loop": false,
                "fade": 0.25,
                "scenerestrict": false,
                "prevent": false
              },
              "id": "07QsQaRiUOsLGdAm"
            }
          ],
          "files": []
        }
      },
      "_id": "Hw7miYtHz1NnQ90k",
      "elevation": 20,
      "sort": 100,
      "restrictions": {
        "light": false,
        "weather": false
      },
      "_key": "!scenes.tiles!vbWggjQQjaA8rh8f.Hw7miYtHz1NnQ90k"
    },
    {
      "texture": {
        "src": "modules/fa-battlemaps/images/Transparent.webp",
        "scaleX": 1,
        "scaleY": 1,
        "offsetX": 0,
        "offsetY": 0,
        "rotation": 0,
        "tint": "#ffffff",
        "anchorX": 0.5,
        "anchorY": 0.5,
        "fit": "fill",
        "alphaThreshold": 0.75
      },
      "x": 3650,
      "y": 1850,
      "width": 125,
      "height": 200,
      "rotation": 0,
      "alpha": 1,
      "hidden": false,
      "locked": false,
      "occlusion": {
        "mode": 1,
        "alpha": 1
      },
      "video": {
        "loop": true,
        "autoplay": true,
        "volume": 0
      },
      "flags": {
        "tagger": {},
        "monks-active-tiles": {
          "active": true,
          "record": false,
          "restriction": "all",
          "controlled": "gm",
          "trigger": [
            "",
            "dblclick"
          ],
          "allowpaused": false,
          "usealpha": false,
          "pointer": true,
          "pertoken": false,
          "minrequired": 0,
          "chance": 100,
          "fileindex": 0,
          "actions": [
            {
              "action": "alter",
              "data": {
                "entity": {
                  "id": "tagger:br4",
                  "match": "all",
                  "scene": "_active",
                  "name": "<i class=\"fas fa-tag fa-sm\"></i> br4"
                },
                "attribute": "alpha",
                "value": "={{entity.alpha}} == 0 ? 1 : 0",
                "chatMessage": false,
                "rollmode": "roll"
              },
              "id": "q6k359RkGf8IvEKG"
            },
            {
              "action": "playsound",
              "data": {
                "audiofile": "fa_battlemaps/Audio/wood_break.ogg",
                "audiofor": "all",
                "volume": 0.4,
                "loop": false,
                "fade": 0.25,
                "scenerestrict": false,
                "prevent": false
              },
              "id": "07QsQaRiUOsLGdAm"
            }
          ],
          "files": []
        }
      },
      "_id": "6SdkmDIldQ5GQGo6",
      "elevation": 20,
      "sort": 100,
      "restrictions": {
        "light": false,
        "weather": false
      },
      "_key": "!scenes.tiles!vbWggjQQjaA8rh8f.6SdkmDIldQ5GQGo6"
    },
    {
      "texture": {
        "src": "modules/fa-battlemaps/images/Transparent.webp",
        "scaleX": 1,
        "scaleY": 1,
        "offsetX": 0,
        "offsetY": 0,
        "rotation": 0,
        "tint": "#ffffff",
        "anchorX": 0.5,
        "anchorY": 0.5,
        "fit": "fill",
        "alphaThreshold": 0.75
      },
      "x": 3682,
      "y": 2310,
      "width": 175,
      "height": 100,
      "rotation": 0,
      "alpha": 1,
      "hidden": false,
      "locked": false,
      "occlusion": {
        "mode": 1,
        "alpha": 1
      },
      "video": {
        "loop": true,
        "autoplay": true,
        "volume": 0
      },
      "flags": {
        "tagger": {},
        "monks-active-tiles": {
          "active": true,
          "record": false,
          "restriction": "all",
          "controlled": "gm",
          "trigger": [
            "",
            "dblclick"
          ],
          "allowpaused": false,
          "usealpha": false,
          "pointer": true,
          "pertoken": false,
          "minrequired": 0,
          "chance": 100,
          "fileindex": 0,
          "actions": [
            {
              "action": "alter",
              "data": {
                "entity": {
                  "id": "tagger:br5",
                  "match": "all",
                  "scene": "_active",
                  "name": "<i class=\"fas fa-tag fa-sm\"></i> br5"
                },
                "attribute": "alpha",
                "value": "={{entity.alpha}} == 0 ? 1 : 0",
                "chatMessage": false,
                "rollmode": "roll"
              },
              "id": "q6k359RkGf8IvEKG"
            },
            {
              "action": "playsound",
              "data": {
                "audiofile": "fa_battlemaps/Audio/wood_break.ogg",
                "audiofor": "all",
                "volume": 0.4,
                "loop": false,
                "fade": 0.25,
                "scenerestrict": false,
                "prevent": false
              },
              "id": "07QsQaRiUOsLGdAm"
            }
          ],
          "files": []
        }
      },
      "_id": "Wnwu98sk9won5bkX",
      "elevation": 20,
      "sort": 100,
      "restrictions": {
        "light": false,
        "weather": false
      },
      "_key": "!scenes.tiles!vbWggjQQjaA8rh8f.Wnwu98sk9won5bkX"
    },
    {
      "texture": {
        "src": "modules/fa-battlemaps/images/Transparent.webp",
        "scaleX": 1,
        "scaleY": 1,
        "offsetX": 0,
        "offsetY": 0,
        "rotation": 0,
        "tint": "#ffffff",
        "anchorX": 0.5,
        "anchorY": 0.5,
        "fit": "fill",
        "alphaThreshold": 0.75
      },
      "x": 2137,
      "y": 1539,
      "width": 125,
      "height": 125,
      "_id": "m1vHcb4iQ0QJRhac",
      "rotation": 0,
      "alpha": 0,
      "hidden": false,
      "locked": false,
      "occlusion": {
        "mode": 0,
        "alpha": 1
      },
      "video": {
        "loop": true,
        "autoplay": true,
        "volume": 0
      },
      "flags": {
        "tagger": {
          "tags": [
            "campl",
            "an"
          ]
        },
        "monks-active-tiles": {
          "active": false,
          "record": false,
          "restriction": "all",
          "controlled": "gm",
          "trigger": [
            "enter"
          ],
          "allowpaused": false,
          "usealpha": false,
          "pointer": false,
          "pertoken": false,
          "minrequired": 0,
          "chance": 100,
          "fileindex": 1,
          "actions": [],
          "files": [
            {
              "id": "7iPNZ4Ka6DGlkoli",
              "name": "fa_battlemaps/Animations/Fire_CampfireMask_A1_01.webm",
              "selected": false
            },
            {
              "id": "tus0VUHXY8JD9Cw3",
              "name": "modules/fa-battlemaps/images/Transparent.webp",
              "selected": false
            }
          ]
        }
      },
      "sort": 26,
      "restrictions": {
        "light": false,
        "weather": false
      },
      "elevation": 0,
      "_key": "!scenes.tiles!vbWggjQQjaA8rh8f.m1vHcb4iQ0QJRhac"
    },
    {
      "texture": {
        "src": "modules/fa-battlemaps/images/AnimationsText.png",
        "scaleX": 1,
        "scaleY": 1,
        "offsetX": 0,
        "offsetY": 0,
        "rotation": 0,
        "tint": "#890101",
        "anchorX": 0.5,
        "anchorY": 0.5,
        "fit": "fill",
        "alphaThreshold": 0.75
      },
      "x": 4000,
      "y": 1521,
      "width": 300,
      "height": 50,
      "_id": "s2qZKs4vZvMlZ7X3",
      "rotation": 0,
      "alpha": 1,
      "hidden": false,
      "locked": false,
      "occlusion": {
        "mode": 0,
        "alpha": 1
      },
      "video": {
        "loop": true,
        "autoplay": true,
        "volume": 0
      },
      "flags": {
        "tagger": {
          "tags": [
            "b0"
          ]
        },
        "monks-active-tiles": {
          "active": true,
          "record": false,
          "restriction": "all",
          "controlled": "gm",
          "trigger": [
            "dblclick"
          ],
          "allowpaused": false,
          "usealpha": false,
          "pointer": true,
          "pertoken": false,
          "minrequired": 0,
          "chance": 100,
          "fileindex": 0,
          "actions": [
            {
              "action": "alter",
              "data": {
                "entity": {
                  "id": "tagger:b0",
                  "match": "all",
                  "scene": "_active",
                  "name": "<i class=\"fas fa-tag fa-sm\"></i> b0"
                },
                "attribute": "texture.tint",
                "value": "='{{entity.texture.tint}}' == '#000000' ? '#890101' : '#000000'",
                "chatMessage": false,
                "rollmode": "roll"
              },
              "id": "VOE6KJpJ0tnEsJ0j"
            },
            {
              "action": "tileimage",
              "data": {
                "entity": {
                  "id": "tagger:an",
                  "match": "all",
                  "scene": "_active",
                  "name": "<i class=\"fas fa-tag fa-sm\"></i> an"
                },
                "select": "next",
                "transition": "none",
                "speed": 1,
                "loop": 1
              },
              "id": "UdX0hv29XlcYfvaf"
            }
          ],
          "files": []
        }
      },
      "sort": 3,
      "restrictions": {
        "light": false,
        "weather": false
      },
      "elevation": 0,
      "_key": "!scenes.tiles!vbWggjQQjaA8rh8f.s2qZKs4vZvMlZ7X3"
    },
    {
      "texture": {
        "src": "modules/fa-battlemaps/images/Transparent.webp",
        "scaleX": 1,
        "scaleY": 1,
        "offsetX": 0,
        "offsetY": 0,
        "rotation": 0,
        "tint": "#ffffff",
        "anchorX": 0.5,
        "anchorY": 0.5,
        "fit": "fill",
        "alphaThreshold": 0.75
      },
      "x": 1665,
      "y": 1054,
      "width": 150,
      "height": 150,
      "_id": "svwcbQOyQgeGCoYd",
      "rotation": 0,
      "alpha": 0.95,
      "hidden": false,
      "locked": false,
      "occlusion": {
        "mode": 0,
        "alpha": 1
      },
      "video": {
        "loop": true,
        "autoplay": true,
        "volume": 0
      },
      "flags": {
        "tagger": {
          "tags": [
            "an"
          ]
        },
        "monks-active-tiles": {
          "active": false,
          "record": false,
          "restriction": "all",
          "controlled": "gm",
          "trigger": [
            ""
          ],
          "allowpaused": false,
          "usealpha": false,
          "pointer": false,
          "pertoken": false,
          "minrequired": 0,
          "chance": 50,
          "fileindex": 1,
          "actions": [],
          "files": [
            {
              "id": "bqek16wFcegV2Uat",
              "name": "fa_battlemaps/Animations/Flies_A1_01.webm",
              "selected": true
            },
            {
              "id": "PbtDBAqemE87MRXa",
              "name": "modules/fa-battlemaps/images/Transparent.webp",
              "selected": false
            }
          ]
        }
      },
      "sort": 25,
      "restrictions": {
        "light": false,
        "weather": false
      },
      "elevation": 0,
      "_key": "!scenes.tiles!vbWggjQQjaA8rh8f.svwcbQOyQgeGCoYd"
    },
    {
      "texture": {
        "src": "modules/fa-battlemaps/images/Transparent.webp",
        "scaleX": 1,
        "scaleY": 1,
        "offsetX": 0,
        "offsetY": 0,
        "rotation": 0,
        "tint": "#ffffff",
        "anchorX": 0.5,
        "anchorY": 0.5,
        "fit": "fill",
        "alphaThreshold": 0.75
      },
      "x": 2927,
      "y": 2118,
      "width": 150,
      "height": 150,
      "rotation": 180,
      "alpha": 0.95,
      "hidden": false,
      "locked": false,
      "occlusion": {
        "mode": 0,
        "alpha": 1
      },
      "video": {
        "loop": true,
        "autoplay": true,
        "volume": 0
      },
      "flags": {
        "tagger": {
          "tags": [
            "an"
          ]
        },
        "monks-active-tiles": {
          "active": false,
          "record": false,
          "restriction": "all",
          "controlled": "gm",
          "trigger": [
            ""
          ],
          "allowpaused": false,
          "usealpha": false,
          "pointer": false,
          "pertoken": false,
          "minrequired": 0,
          "chance": 50,
          "fileindex": 1,
          "actions": [],
          "files": [
            {
              "id": "bqek16wFcegV2Uat",
              "name": "fa_battlemaps/Animations/Flies_A1_01.webm",
              "selected": true
            },
            {
              "id": "PbtDBAqemE87MRXa",
              "name": "modules/fa-battlemaps/images/Transparent.webp",
              "selected": false
            }
          ]
        }
      },
      "_id": "axOHzfzMiOK5M71u",
      "sort": 24,
      "restrictions": {
        "light": false,
        "weather": false
      },
      "elevation": 0,
      "_key": "!scenes.tiles!vbWggjQQjaA8rh8f.axOHzfzMiOK5M71u"
    },
    {
      "texture": {
        "src": "modules/fa-battlemaps/images/Transparent.webp",
        "scaleX": 1,
        "scaleY": 1,
        "offsetX": 0,
        "offsetY": 0,
        "rotation": 0,
        "tint": "#ffffff",
        "anchorX": 0.5,
        "anchorY": 0.5,
        "fit": "fill",
        "alphaThreshold": 0.75
      },
      "x": 3072,
      "y": 2097,
      "width": 120,
      "height": 120,
      "rotation": 20,
      "alpha": 0.95,
      "hidden": false,
      "locked": false,
      "occlusion": {
        "mode": 0,
        "alpha": 1
      },
      "video": {
        "loop": true,
        "autoplay": true,
        "volume": 0
      },
      "flags": {
        "tagger": {
          "tags": [
            "an"
          ]
        },
        "monks-active-tiles": {
          "active": false,
          "record": false,
          "restriction": "all",
          "controlled": "gm",
          "trigger": [
            ""
          ],
          "allowpaused": false,
          "usealpha": false,
          "pointer": false,
          "pertoken": false,
          "minrequired": 0,
          "chance": 50,
          "fileindex": 1,
          "actions": [],
          "files": [
            {
              "id": "bqek16wFcegV2Uat",
              "name": "fa_battlemaps/Animations/Flies_A1_01.webm",
              "selected": true
            },
            {
              "id": "PbtDBAqemE87MRXa",
              "name": "modules/fa-battlemaps/images/Transparent.webp",
              "selected": false
            }
          ]
        }
      },
      "_id": "TFJYvCaGY6IR1PgO",
      "sort": 23,
      "restrictions": {
        "light": false,
        "weather": false
      },
      "elevation": 0,
      "_key": "!scenes.tiles!vbWggjQQjaA8rh8f.TFJYvCaGY6IR1PgO"
    },
    {
      "texture": {
        "src": "modules/fa-battlemaps/images/Transparent.webp",
        "scaleX": 1,
        "scaleY": 1,
        "offsetX": 0,
        "offsetY": 0,
        "rotation": 0,
        "tint": "#ffffff",
        "anchorX": 0.5,
        "anchorY": 0.5,
        "fit": "fill",
        "alphaThreshold": 0.75
      },
      "x": 1759,
      "y": 3416,
      "width": 140,
      "height": 140,
      "rotation": 270,
      "alpha": 0.95,
      "hidden": false,
      "locked": false,
      "occlusion": {
        "mode": 0,
        "alpha": 1
      },
      "video": {
        "loop": true,
        "autoplay": true,
        "volume": 0
      },
      "flags": {
        "tagger": {
          "tags": [
            "an"
          ]
        },
        "monks-active-tiles": {
          "active": false,
          "record": false,
          "restriction": "all",
          "controlled": "gm",
          "trigger": [
            ""
          ],
          "allowpaused": false,
          "usealpha": false,
          "pointer": false,
          "pertoken": false,
          "minrequired": 0,
          "chance": 50,
          "fileindex": 1,
          "actions": [],
          "files": [
            {
              "id": "bqek16wFcegV2Uat",
              "name": "fa_battlemaps/Animations/Flies_A1_01.webm",
              "selected": true
            },
            {
              "id": "PbtDBAqemE87MRXa",
              "name": "modules/fa-battlemaps/images/Transparent.webp",
              "selected": false
            }
          ]
        }
      },
      "_id": "kWWZVPlPaUcVvza2",
      "sort": 22,
      "restrictions": {
        "light": false,
        "weather": false
      },
      "elevation": 0,
      "_key": "!scenes.tiles!vbWggjQQjaA8rh8f.kWWZVPlPaUcVvza2"
    },
    {
      "texture": {
        "src": "modules/fa-battlemaps/images/SmallScroll.png",
        "scaleX": 1,
        "scaleY": 1,
        "offsetX": 0,
        "offsetY": 0,
        "rotation": 0,
        "tint": "#ffffff",
        "anchorX": 0.5,
        "anchorY": 0.5,
        "fit": "fill",
        "alphaThreshold": 0.75
      },
      "width": 300,
      "height": 100,
      "_id": "6CJpyMQtFJ6Rc2DB",
      "rotation": 0,
      "alpha": 1,
      "hidden": false,
      "locked": false,
      "occlusion": {
        "mode": 0,
        "alpha": 1
      },
      "video": {
        "loop": true,
        "autoplay": true,
        "volume": 0
      },
      "flags": {},
      "x": 4000,
      "y": 1500,
      "sort": 1,
      "restrictions": {
        "light": false,
        "weather": false
      },
      "elevation": 0,
      "_key": "!scenes.tiles!vbWggjQQjaA8rh8f.6CJpyMQtFJ6Rc2DB"
    }
  ],
  "walls": [
    {
      "_id": "RCAilpDTNZ4kouOE",
      "c": [
        1287,
        2587,
        800,
        2600
      ],
      "light": 20,
      "move": 0,
      "sight": 20,
      "sound": 0,
      "dir": 0,
      "door": 0,
      "ds": 0,
      "flags": {},
      "threshold": {
        "light": null,
        "sight": null,
        "sound": null,
        "attenuation": false
      },
      "_key": "!scenes.walls!vbWggjQQjaA8rh8f.RCAilpDTNZ4kouOE"
    },
    {
      "_id": "zugkr2r2ZcLIKRt4",
      "c": [
        3900,
        4000,
        3900,
        800
      ],
      "light": 20,
      "move": 20,
      "sight": 20,
      "sound": 20,
      "dir": 0,
      "door": 0,
      "ds": 0,
      "flags": {},
      "threshold": {
        "light": null,
        "sight": null,
        "sound": null,
        "attenuation": false
      },
      "_key": "!scenes.walls!vbWggjQQjaA8rh8f.zugkr2r2ZcLIKRt4"
    },
    {
      "_id": "Sl1ksHsyfrkwO3He",
      "c": [
        3900,
        800,
        800,
        800
      ],
      "light": 20,
      "move": 20,
      "sight": 20,
      "sound": 20,
      "dir": 0,
      "door": 0,
      "ds": 0,
      "flags": {},
      "threshold": {
        "light": null,
        "sight": null,
        "sound": null,
        "attenuation": false
      },
      "_key": "!scenes.walls!vbWggjQQjaA8rh8f.Sl1ksHsyfrkwO3He"
    },
    {
      "_id": "rIKfbH1iRmntGYk9",
      "c": [
        875,
        2300,
        917,
        1488
      ],
      "light": 20,
      "move": 0,
      "sight": 20,
      "sound": 0,
      "dir": 0,
      "door": 0,
      "ds": 0,
      "flags": {},
      "threshold": {
        "light": null,
        "sight": null,
        "sound": null,
        "attenuation": false
      },
      "_key": "!scenes.walls!vbWggjQQjaA8rh8f.rIKfbH1iRmntGYk9"
    },
    {
      "_id": "opYWnUkqSSYsfR2q",
      "c": [
        1077,
        801,
        1093,
        1296
      ],
      "light": 20,
      "move": 0,
      "sight": 20,
      "sound": 0,
      "dir": 0,
      "door": 0,
      "ds": 0,
      "flags": {},
      "threshold": {
        "light": null,
        "sight": null,
        "sound": null,
        "attenuation": false
      },
      "_key": "!scenes.walls!vbWggjQQjaA8rh8f.opYWnUkqSSYsfR2q"
    },
    {
      "_id": "U1DGRtbVm8i3zqAs",
      "c": [
        2625,
        1037,
        3175,
        1062
      ],
      "light": 20,
      "move": 0,
      "sight": 20,
      "sound": 0,
      "dir": 0,
      "door": 0,
      "ds": 0,
      "flags": {},
      "threshold": {
        "light": null,
        "sight": null,
        "sound": null,
        "attenuation": false
      },
      "_key": "!scenes.walls!vbWggjQQjaA8rh8f.U1DGRtbVm8i3zqAs"
    },
    {
      "_id": "Vq7z7NKLMlqKpK0u",
      "c": [
        3500,
        2500,
        2873,
        2516
      ],
      "light": 20,
      "move": 0,
      "sight": 20,
      "sound": 0,
      "dir": 0,
      "door": 0,
      "ds": 0,
      "flags": {},
      "threshold": {
        "light": null,
        "sight": null,
        "sound": null,
        "attenuation": false
      },
      "_key": "!scenes.walls!vbWggjQQjaA8rh8f.Vq7z7NKLMlqKpK0u"
    },
    {
      "_id": "wYPVYhr7yMHhw8FL",
      "c": [
        3512,
        2825,
        3499,
        2500
      ],
      "light": 20,
      "move": 0,
      "sight": 20,
      "sound": 0,
      "dir": 0,
      "door": 0,
      "ds": 0,
      "flags": {},
      "threshold": {
        "light": null,
        "sight": null,
        "sound": null,
        "attenuation": false
      },
      "_key": "!scenes.walls!vbWggjQQjaA8rh8f.wYPVYhr7yMHhw8FL"
    },
    {
      "_id": "1tk0K8iHHHhhzIaI",
      "c": [
        3499,
        2500,
        3486,
        1974
      ],
      "light": 20,
      "move": 0,
      "sight": 20,
      "sound": 0,
      "dir": 0,
      "door": 0,
      "ds": 0,
      "flags": {},
      "threshold": {
        "light": null,
        "sight": null,
        "sound": null,
        "attenuation": false
      },
      "_key": "!scenes.walls!vbWggjQQjaA8rh8f.1tk0K8iHHHhhzIaI"
    },
    {
      "_id": "mFyAg5j5PFWd7t80",
      "c": [
        3618,
        4006,
        3604,
        3659
      ],
      "light": 20,
      "move": 0,
      "sight": 20,
      "sound": 0,
      "dir": 0,
      "door": 0,
      "ds": 0,
      "flags": {},
      "threshold": {
        "light": null,
        "sight": null,
        "sound": null,
        "attenuation": false
      },
      "_key": "!scenes.walls!vbWggjQQjaA8rh8f.mFyAg5j5PFWd7t80"
    },
    {
      "_id": "SQxVfPpBi34arZ4v",
      "c": [
        2206,
        3497,
        2187,
        4000
      ],
      "light": 20,
      "move": 0,
      "sight": 20,
      "sound": 0,
      "dir": 0,
      "door": 0,
      "ds": 0,
      "flags": {},
      "threshold": {
        "light": null,
        "sight": null,
        "sound": null,
        "attenuation": false
      },
      "_key": "!scenes.walls!vbWggjQQjaA8rh8f.SQxVfPpBi34arZ4v"
    },
    {
      "_id": "FlezMpn2lvW9q5CL",
      "c": [
        1787,
        1900,
        1806,
        2715
      ],
      "light": 20,
      "move": 0,
      "sight": 20,
      "sound": 0,
      "dir": 0,
      "door": 0,
      "ds": 0,
      "flags": {},
      "threshold": {
        "light": null,
        "sight": null,
        "sound": null,
        "attenuation": false
      },
      "_key": "!scenes.walls!vbWggjQQjaA8rh8f.FlezMpn2lvW9q5CL"
    },
    {
      "_id": "8grLgq6zdwBXV5Bx",
      "c": [
        3800,
        1762,
        3800,
        1037
      ],
      "light": 20,
      "move": 0,
      "sight": 20,
      "sound": 0,
      "dir": 0,
      "door": 0,
      "ds": 0,
      "flags": {},
      "threshold": {
        "light": null,
        "sight": null,
        "sound": null,
        "attenuation": false
      },
      "_key": "!scenes.walls!vbWggjQQjaA8rh8f.8grLgq6zdwBXV5Bx"
    },
    {
      "_id": "bXe865FbPkvNps0X",
      "c": [
        1805,
        931,
        1810,
        794
      ],
      "light": 0,
      "move": 20,
      "sight": 0,
      "sound": 0,
      "dir": 0,
      "door": 0,
      "ds": 0,
      "flags": {},
      "threshold": {
        "light": null,
        "sight": null,
        "sound": null,
        "attenuation": false
      },
      "_key": "!scenes.walls!vbWggjQQjaA8rh8f.bXe865FbPkvNps0X"
    },
    {
      "_id": "5OR5nN6ciV4KI8qi",
      "c": [
        1800,
        1062,
        1798,
        1186
      ],
      "light": 0,
      "move": 20,
      "sight": 0,
      "sound": 0,
      "dir": 0,
      "door": 0,
      "ds": 0,
      "flags": {},
      "threshold": {
        "light": null,
        "sight": null,
        "sound": null,
        "attenuation": false
      },
      "_key": "!scenes.walls!vbWggjQQjaA8rh8f.5OR5nN6ciV4KI8qi"
    },
    {
      "_id": "x9LoBVFgiV7EyqiT",
      "c": [
        1783,
        1564,
        1797,
        1187
      ],
      "light": 0,
      "move": 20,
      "sight": 0,
      "sound": 0,
      "dir": 0,
      "door": 0,
      "ds": 0,
      "flags": {},
      "threshold": {
        "light": null,
        "sight": null,
        "sound": null,
        "attenuation": false
      },
      "_key": "!scenes.walls!vbWggjQQjaA8rh8f.x9LoBVFgiV7EyqiT"
    },
    {
      "_id": "oz9MtwEpEHsCgDOX",
      "c": [
        1989,
        1194,
        1799,
        1186
      ],
      "light": 0,
      "move": 20,
      "sight": 0,
      "sound": 0,
      "dir": 0,
      "door": 0,
      "ds": 0,
      "flags": {},
      "threshold": {
        "light": null,
        "sight": null,
        "sound": null,
        "attenuation": false
      },
      "_key": "!scenes.walls!vbWggjQQjaA8rh8f.oz9MtwEpEHsCgDOX"
    },
    {
      "_id": "iK8TZKvkHuaNRaQK",
      "c": [
        2202,
        1200,
        2471,
        1208
      ],
      "light": 0,
      "move": 20,
      "sight": 0,
      "sound": 0,
      "dir": 0,
      "door": 0,
      "ds": 0,
      "flags": {},
      "threshold": {
        "light": null,
        "sight": null,
        "sound": null,
        "attenuation": false
      },
      "_key": "!scenes.walls!vbWggjQQjaA8rh8f.iK8TZKvkHuaNRaQK"
    },
    {
      "_id": "SQqZJlNI93LJySjK",
      "c": [
        1989,
        1194,
        2200,
        1200
      ],
      "light": 20,
      "move": 20,
      "sight": 20,
      "sound": 20,
      "dir": 0,
      "door": 1,
      "ds": 0,
      "flags": {
        "tagger": {},
        "monks-active-tiles": {
          "entity": {
            "id": "tagger:door",
            "match": "all",
            "scene": "_active",
            "name": "<i class=\"fas fa-tag fa-sm\"></i> door"
          },
          "open": true,
          "close": true,
          "lock": false,
          "checklock": false,
          "secret": false
        }
      },
      "threshold": {
        "light": null,
        "sight": null,
        "sound": null,
        "attenuation": false
      },
      "_key": "!scenes.walls!vbWggjQQjaA8rh8f.SQqZJlNI93LJySjK"
    },
    {
      "_id": "ZMUMjKonHMuoeYId",
      "c": [
        1787,
        1687,
        1787,
        1800
      ],
      "light": 0,
      "move": 20,
      "sight": 0,
      "sound": 0,
      "dir": 0,
      "door": 0,
      "ds": 0,
      "flags": {},
      "threshold": {
        "light": null,
        "sight": null,
        "sound": null,
        "attenuation": false
      },
      "_key": "!scenes.walls!vbWggjQQjaA8rh8f.ZMUMjKonHMuoeYId"
    },
    {
      "_id": "RzHM7vxRGkD03mIY",
      "c": [
        3200,
        1800,
        3200,
        1500
      ],
      "light": 0,
      "move": 20,
      "sight": 0,
      "sound": 0,
      "dir": 0,
      "door": 0,
      "ds": 0,
      "flags": {},
      "threshold": {
        "light": null,
        "sight": null,
        "sound": null,
        "attenuation": false
      },
      "_key": "!scenes.walls!vbWggjQQjaA8rh8f.RzHM7vxRGkD03mIY"
    },
    {
      "_id": "UcJiePsS6fRh8nV0",
      "c": [
        2805,
        2409,
        2137,
        2387
      ],
      "light": 20,
      "move": 0,
      "sight": 20,
      "sound": 0,
      "dir": 0,
      "door": 0,
      "ds": 0,
      "flags": {},
      "threshold": {
        "light": null,
        "sight": null,
        "sound": null,
        "attenuation": false
      },
      "_key": "!scenes.walls!vbWggjQQjaA8rh8f.UcJiePsS6fRh8nV0"
    },
    {
      "_id": "nGVYPcuSjyxycRMy",
      "c": [
        800,
        800,
        800,
        4000
      ],
      "light": 20,
      "move": 20,
      "sight": 20,
      "sound": 20,
      "dir": 0,
      "door": 0,
      "ds": 0,
      "flags": {},
      "threshold": {
        "light": null,
        "sight": null,
        "sound": null,
        "attenuation": false
      },
      "_key": "!scenes.walls!vbWggjQQjaA8rh8f.nGVYPcuSjyxycRMy"
    },
    {
      "_id": "11PoyGWDFaN8Wqim",
      "c": [
        800,
        4000,
        3900,
        4000
      ],
      "light": 20,
      "move": 20,
      "sight": 20,
      "sound": 20,
      "dir": 0,
      "door": 0,
      "ds": 0,
      "flags": {},
      "threshold": {
        "light": null,
        "sight": null,
        "sound": null,
        "attenuation": false
      },
      "_key": "!scenes.walls!vbWggjQQjaA8rh8f.11PoyGWDFaN8Wqim"
    }
  ],
  "playlist": null,
  "playlistSound": null,
  "journal": null,
  "journalEntryPage": null,
  "weather": "",
  "flags": {
    "scene-packer": {
      "hash": "3944c5534ecf7bfad94bfdd17f5ab000ce4a2906",
      "sourceId": "Scene.74ghcMDcZHBkd3qY"
    },
    "wall-height": {
      "advancedVision": true
    }
  },
  "_stats": {
    "systemId": "dnd5e",
    "systemVersion": "2.4.1",
    "coreVersion": "12.330",
    "createdTime": 1678299540031,
    "modifiedTime": 1723948098318,
    "lastModifiedBy": "dnd5ebuilder0000",
    "compendiumSource": "Compendium.fa-battlemaps.maps.vbWggjQQjaA8rh8f",
    "duplicateSource": null
  },
  "_id": "vbWggjQQjaA8rh8f",
  "active": false,
  "folder": null,
  "sort": 0,
  "ownership": {
    "default": 0
  },
  "regions": [],
  "environment": {
    "globalLight": {
      "luminosity": 0,
      "enabled": true,
      "darkness": {
        "max": 1,
        "min": 0
      },
      "alpha": 0.5,
      "bright": false,
      "color": null,
      "coloration": 1,
      "saturation": 0,
      "contrast": 0,
      "shadows": 0
    },
    "darknessLevel": 0,
    "darknessLock": false,
    "cycle": true,
    "base": {
      "hue": 0,
      "intensity": 0,
      "luminosity": 0,
      "saturation": 0,
      "shadows": 0
    },
    "dark": {
      "hue": 0.7138888888888889,
      "intensity": 0,
      "luminosity": -0.25,
      "saturation": 0,
      "shadows": 0
    }
  },
  "fog": {
    "exploration": true,
    "reset": 1678299540022,
    "overlay": null,
    "colors": {
      "explored": null,
      "unexplored": null
    }
  },
  "_key": "!scenes!vbWggjQQjaA8rh8f"
}
