{
  "name": "Sleeping Lane [10x22]",
  "navigation": false,
  "navOrder": 0,
  "navName": "",
  "background": {
    "src": "fa_battlemaps/Maps/2024/June/fa_sleepinglane/Maps/BG.jpg",
    "scaleX": 1,
    "scaleY": 1,
    "offsetX": 0,
    "offsetY": 0,
    "rotation": 0,
    "tint": "#ffffff",
    "anchorX": 0,
    "anchorY": 0,
    "fit": "fill",
    "alphaThreshold": 0
  },
  "foreground": null,
  "foregroundElevation": 20,
  "thumb": "modules/fa-battlemaps/assets/scenes/Bnailn0H5Ul0qeXt-thumb.webp",
  "width": 1000,
  "height": 2200,
  "padding": 0.25,
  "initial": {
    "x": null,
    "y": null,
    "scale": null
  },
  "backgroundColor": "#000000",
  "grid": {
    "type": 1,
    "size": 100,
    "color": "#000000",
    "alpha": 0.2,
    "distance": 5,
    "units": "ft",
    "style": "solidLines",
    "thickness": 1
  },
  "tokenVision": true,
  "drawings": [],
  "tokens": [],
  "lights": [],
  "notes": [],
  "sounds": [
    {
      "path": "fa_battlemaps/Audio/C-SideStreet.ogg",
      "x": 750,
      "y": 1700,
      "radius": 63.88,
      "easing": false,
      "walls": false,
      "volume": 0.25,
      "darkness": {
        "min": 0,
        "max": 0.69
      },
      "flags": {
        "tagger": {
          "tags": ""
        }
      },
      "_id": "BRm39saKH6MUTBda",
      "repeat": false,
      "hidden": false,
      "elevation": 0,
      "effects": {
        "base": {
          "intensity": 5
        },
        "muffled": {
          "intensity": 5
        }
      },
      "_key": "!scenes.sounds!Bnailn0H5Ul0qeXt.BRm39saKH6MUTBda"
    },
    {
      "path": "fa_battlemaps/Audio/C-City-Night.ogg",
      "x": 750,
      "y": 1650,
      "radius": 63.88,
      "easing": false,
      "walls": false,
      "volume": 0.25,
      "darkness": {
        "min": 0.7,
        "max": 1
      },
      "flags": {
        "tagger": {
          "tags": ""
        }
      },
      "repeat": false,
      "hidden": false,
      "_id": "f9OMZNq1bWmFcJRe",
      "elevation": 0,
      "effects": {
        "base": {
          "intensity": 5
        },
        "muffled": {
          "intensity": 5
        }
      },
      "_key": "!scenes.sounds!Bnailn0H5Ul0qeXt.f9OMZNq1bWmFcJRe"
    }
  ],
  "templates": [],
  "tiles": [],
  "walls": [
    {
      "_id": "nN2uxneRpgCS4C0G",
      "c": [
        900,
        1812,
        1300,
        1812
      ],
      "light": 20,
      "move": 0,
      "sight": 20,
      "sound": 0,
      "dir": 0,
      "door": 0,
      "ds": 0,
      "flags": {},
      "threshold": {
        "light": null,
        "sight": null,
        "sound": null,
        "attenuation": false
      },
      "_key": "!scenes.walls!Bnailn0H5Ul0qeXt.nN2uxneRpgCS4C0G"
    },
    {
      "_id": "fBs8EM7570POFcxK",
      "c": [
        300,
        1800,
        487,
        1800
      ],
      "light": 20,
      "move": 0,
      "sight": 20,
      "sound": 0,
      "dir": 0,
      "door": 0,
      "ds": 0,
      "flags": {},
      "threshold": {
        "light": null,
        "sight": null,
        "sound": null,
        "attenuation": false
      },
      "_key": "!scenes.walls!Bnailn0H5Ul0qeXt.fBs8EM7570POFcxK"
    },
    {
      "_id": "sXHdSCjYF8gp7oTQ",
      "c": [
        487,
        1800,
        612,
        1500
      ],
      "light": 20,
      "move": 0,
      "sight": 20,
      "sound": 0,
      "dir": 0,
      "door": 0,
      "ds": 0,
      "flags": {},
      "threshold": {
        "light": null,
        "sight": null,
        "sound": null,
        "attenuation": false
      },
      "_key": "!scenes.walls!Bnailn0H5Ul0qeXt.sXHdSCjYF8gp7oTQ"
    },
    {
      "_id": "8tSxtMxENS79yEQV",
      "c": [
        600,
        2100,
        487,
        1800
      ],
      "light": 20,
      "move": 0,
      "sight": 20,
      "sound": 0,
      "dir": 0,
      "door": 0,
      "ds": 0,
      "flags": {},
      "threshold": {
        "light": null,
        "sight": null,
        "sound": null,
        "attenuation": false
      },
      "_key": "!scenes.walls!Bnailn0H5Ul0qeXt.8tSxtMxENS79yEQV"
    },
    {
      "_id": "s6SFHOa2X65iC7zc",
      "c": [
        300,
        2800,
        1300,
        2800
      ],
      "light": 20,
      "move": 20,
      "sight": 20,
      "sound": 20,
      "dir": 0,
      "door": 0,
      "ds": 0,
      "flags": {},
      "threshold": {
        "light": null,
        "sight": null,
        "sound": null,
        "attenuation": false
      },
      "_key": "!scenes.walls!Bnailn0H5Ul0qeXt.s6SFHOa2X65iC7zc"
    },
    {
      "_id": "kRfLctzqhCQDRP1K",
      "c": [
        1300,
        2800,
        1300,
        600
      ],
      "light": 20,
      "move": 20,
      "sight": 20,
      "sound": 20,
      "dir": 0,
      "door": 0,
      "ds": 0,
      "flags": {},
      "threshold": {
        "light": null,
        "sight": null,
        "sound": null,
        "attenuation": false
      },
      "_key": "!scenes.walls!Bnailn0H5Ul0qeXt.kRfLctzqhCQDRP1K"
    },
    {
      "_id": "isFc6yQ1cKwMn7PS",
      "c": [
        1300,
        600,
        300,
        600
      ],
      "light": 20,
      "move": 20,
      "sight": 20,
      "sound": 20,
      "dir": 0,
      "door": 0,
      "ds": 0,
      "flags": {},
      "threshold": {
        "light": null,
        "sight": null,
        "sound": null,
        "attenuation": false
      },
      "_key": "!scenes.walls!Bnailn0H5Ul0qeXt.isFc6yQ1cKwMn7PS"
    },
    {
      "_id": "lNcEavkl2fA3hPjm",
      "c": [
        300,
        600,
        300,
        2800
      ],
      "light": 20,
      "move": 20,
      "sight": 20,
      "sound": 20,
      "dir": 0,
      "door": 0,
      "ds": 0,
      "flags": {},
      "threshold": {
        "light": null,
        "sight": null,
        "sound": null,
        "attenuation": false
      },
      "_key": "!scenes.walls!Bnailn0H5Ul0qeXt.lNcEavkl2fA3hPjm"
    }
  ],
  "playlist": null,
  "playlistSound": null,
  "journal": null,
  "journalEntryPage": null,
  "weather": "",
  "flags": {},
  "_stats": {
    "systemId": "dnd5e",
    "systemVersion": "2.4.1",
    "coreVersion": "12.330",
    "createdTime": 1718373244853,
    "modifiedTime": 1723947134594,
    "lastModifiedBy": "dnd5ebuilder0000",
    "compendiumSource": null,
    "duplicateSource": null
  },
  "_id": "Bnailn0H5Ul0qeXt",
  "active": false,
  "folder": null,
  "sort": 0,
  "ownership": {
    "default": 0
  },
  "regions": [],
  "environment": {
    "globalLight": {
      "luminosity": 0,
      "enabled": true,
      "darkness": {
        "max": 1,
        "min": 0
      },
      "alpha": 0.5,
      "bright": false,
      "color": null,
      "coloration": 1,
      "saturation": 0,
      "contrast": 0,
      "shadows": 0
    },
    "darknessLevel": 0,
    "darknessLock": false,
    "cycle": true,
    "base": {
      "hue": 0,
      "intensity": 0,
      "luminosity": 0,
      "saturation": 0,
      "shadows": 0
    },
    "dark": {
      "hue": 0.7138888888888889,
      "intensity": 0,
      "luminosity": -0.25,
      "saturation": 0,
      "shadows": 0
    }
  },
  "fog": {
    "exploration": true,
    "reset": 1718373244852,
    "overlay": null,
    "colors": {
      "explored": null,
      "unexplored": null
    }
  },
  "_key": "!scenes!Bnailn0H5Ul0qeXt"
}
