{
  "name": "Swamp D [25x25]",
  "navigation": false,
  "navOrder": 0,
  "navName": "",
  "background": {
    "src": null,
    "scaleX": 1,
    "scaleY": 1,
    "offsetX": 0,
    "offsetY": 0,
    "rotation": 0,
    "tint": "#ffffff",
    "anchorX": 0,
    "anchorY": 0,
    "fit": "fill",
    "alphaThreshold": 0
  },
  "foreground": null,
  "foregroundElevation": 20,
  "thumb": "modules/fa-battlemaps/assets/scenes/anufFn5FNH9Z59lk-thumb.webp",
  "width": 2500,
  "height": 2500,
  "padding": 0.25,
  "initial": {
    "x": 2134,
    "y": 1949,
    "scale": 0.520322945650781
  },
  "backgroundColor": "#000000",
  "grid": {
    "type": 1,
    "size": 100,
    "color": "#000000",
    "alpha": 0.2,
    "distance": 5,
    "units": "ft",
    "style": "solidLines",
    "thickness": 1
  },
  "tokenVision": true,
  "drawings": [],
  "tokens": [],
  "lights": [
    {
      "x": 2900,
      "y": 900,
      "rotation": 0,
      "walls": true,
      "vision": false,
      "config": {
        "alpha": 0.2,
        "angle": 360,
        "bright": 0,
        "coloration": 0,
        "dim": 15,
        "luminosity": 0.5,
        "saturation": 0,
        "contrast": 0,
        "shadows": 0,
        "animation": {
          "speed": 3,
          "intensity": 4,
          "reverse": false,
          "type": "ghost"
        },
        "darkness": {
          "min": 0,
          "max": 0.7
        },
        "color": "#515e21",
        "attenuation": 0.5,
        "negative": false,
        "priority": 0
      },
      "hidden": false,
      "flags": {
        "tagger": {
          "tags": ""
        }
      },
      "_id": "K2MlTcFRJbEcOgOs",
      "elevation": 0,
      "_key": "!scenes.lights!anufFn5FNH9Z59lk.K2MlTcFRJbEcOgOs"
    },
    {
      "x": 2800,
      "y": 1400,
      "rotation": 0,
      "walls": true,
      "vision": false,
      "config": {
        "alpha": 0.2,
        "angle": 360,
        "bright": 0,
        "coloration": 0,
        "dim": 15,
        "luminosity": 0.5,
        "saturation": 0,
        "contrast": 0,
        "shadows": 0,
        "animation": {
          "speed": 3,
          "intensity": 4,
          "reverse": false,
          "type": "ghost"
        },
        "darkness": {
          "min": 0,
          "max": 0.7
        },
        "color": "#515e21",
        "attenuation": 0.5,
        "negative": false,
        "priority": 0
      },
      "hidden": false,
      "flags": {
        "tagger": {
          "tags": ""
        }
      },
      "_id": "NAiebhrGmicnGMU2",
      "elevation": 0,
      "_key": "!scenes.lights!anufFn5FNH9Z59lk.NAiebhrGmicnGMU2"
    },
    {
      "x": 2600,
      "y": 1800,
      "rotation": 0,
      "walls": true,
      "vision": false,
      "config": {
        "alpha": 0.2,
        "angle": 360,
        "bright": 0,
        "coloration": 0,
        "dim": 15,
        "luminosity": 0.5,
        "saturation": 0,
        "contrast": 0,
        "shadows": 0,
        "animation": {
          "speed": 3,
          "intensity": 4,
          "reverse": false,
          "type": "ghost"
        },
        "darkness": {
          "min": 0,
          "max": 0.7
        },
        "color": "#515e21",
        "attenuation": 0.5,
        "negative": false,
        "priority": 0
      },
      "hidden": false,
      "flags": {
        "tagger": {
          "tags": ""
        }
      },
      "_id": "T7Ksl3CfZgqNjfhj",
      "elevation": 0,
      "_key": "!scenes.lights!anufFn5FNH9Z59lk.T7Ksl3CfZgqNjfhj"
    },
    {
      "x": 2100,
      "y": 1600,
      "rotation": 0,
      "walls": true,
      "vision": false,
      "config": {
        "alpha": 0.2,
        "angle": 360,
        "bright": 0,
        "coloration": 0,
        "dim": 15,
        "luminosity": 0.5,
        "saturation": 0,
        "contrast": 0,
        "shadows": 0,
        "animation": {
          "speed": 3,
          "intensity": 4,
          "reverse": false,
          "type": "ghost"
        },
        "darkness": {
          "min": 0,
          "max": 0.7
        },
        "color": "#515e21",
        "attenuation": 0.5,
        "negative": false,
        "priority": 0
      },
      "hidden": false,
      "flags": {
        "tagger": {
          "tags": ""
        }
      },
      "_id": "8MICfLKh9VIS47A7",
      "elevation": 0,
      "_key": "!scenes.lights!anufFn5FNH9Z59lk.8MICfLKh9VIS47A7"
    },
    {
      "x": 1700,
      "y": 1300,
      "rotation": 0,
      "walls": true,
      "vision": false,
      "config": {
        "alpha": 0.2,
        "angle": 360,
        "bright": 0,
        "coloration": 0,
        "dim": 15,
        "luminosity": 0.5,
        "saturation": 0,
        "contrast": 0,
        "shadows": 0,
        "animation": {
          "speed": 3,
          "intensity": 4,
          "reverse": false,
          "type": "ghost"
        },
        "darkness": {
          "min": 0,
          "max": 0.7
        },
        "color": "#515e21",
        "attenuation": 0.5,
        "negative": false,
        "priority": 0
      },
      "hidden": false,
      "flags": {
        "tagger": {
          "tags": ""
        }
      },
      "_id": "YEF7MIJGWC5gSeNR",
      "elevation": 0,
      "_key": "!scenes.lights!anufFn5FNH9Z59lk.YEF7MIJGWC5gSeNR"
    },
    {
      "x": 2000,
      "y": 900,
      "rotation": 0,
      "walls": true,
      "vision": false,
      "config": {
        "alpha": 0.2,
        "angle": 360,
        "bright": 0,
        "coloration": 0,
        "dim": 15,
        "luminosity": 0.5,
        "saturation": 0,
        "contrast": 0,
        "shadows": 0,
        "animation": {
          "speed": 3,
          "intensity": 4,
          "reverse": false,
          "type": "ghost"
        },
        "darkness": {
          "min": 0,
          "max": 0.7
        },
        "color": "#515e21",
        "attenuation": 0.5,
        "negative": false,
        "priority": 0
      },
      "hidden": false,
      "flags": {
        "tagger": {
          "tags": ""
        }
      },
      "_id": "L5W8rLZQfl4G3Ay7",
      "elevation": 0,
      "_key": "!scenes.lights!anufFn5FNH9Z59lk.L5W8rLZQfl4G3Ay7"
    },
    {
      "x": 1300,
      "y": 800,
      "rotation": 0,
      "walls": true,
      "vision": false,
      "config": {
        "alpha": 0.2,
        "angle": 360,
        "bright": 0,
        "coloration": 0,
        "dim": 15,
        "luminosity": 0.5,
        "saturation": 0,
        "contrast": 0,
        "shadows": 0,
        "animation": {
          "speed": 3,
          "intensity": 4,
          "reverse": false,
          "type": "ghost"
        },
        "darkness": {
          "min": 0,
          "max": 0.7
        },
        "color": "#515e21",
        "attenuation": 0.5,
        "negative": false,
        "priority": 0
      },
      "hidden": false,
      "flags": {
        "tagger": {
          "tags": ""
        }
      },
      "_id": "cBgOYxcYScDdikd5",
      "elevation": 0,
      "_key": "!scenes.lights!anufFn5FNH9Z59lk.cBgOYxcYScDdikd5"
    },
    {
      "x": 900,
      "y": 1400,
      "rotation": 0,
      "walls": true,
      "vision": false,
      "config": {
        "alpha": 0.2,
        "angle": 360,
        "bright": 0,
        "coloration": 0,
        "dim": 15,
        "luminosity": 0.5,
        "saturation": 0,
        "contrast": 0,
        "shadows": 0,
        "animation": {
          "speed": 3,
          "intensity": 4,
          "reverse": false,
          "type": "ghost"
        },
        "darkness": {
          "min": 0,
          "max": 0.7
        },
        "color": "#515e21",
        "attenuation": 0.5,
        "negative": false,
        "priority": 0
      },
      "hidden": false,
      "flags": {
        "tagger": {
          "tags": ""
        }
      },
      "_id": "feNH6HA00FvOsKo9",
      "elevation": 0,
      "_key": "!scenes.lights!anufFn5FNH9Z59lk.feNH6HA00FvOsKo9"
    },
    {
      "x": 1300,
      "y": 1500,
      "rotation": 0,
      "walls": true,
      "vision": false,
      "config": {
        "alpha": 0.2,
        "angle": 360,
        "bright": 0,
        "coloration": 0,
        "dim": 15,
        "luminosity": 0.5,
        "saturation": 0,
        "contrast": 0,
        "shadows": 0,
        "animation": {
          "speed": 3,
          "intensity": 4,
          "reverse": false,
          "type": "ghost"
        },
        "darkness": {
          "min": 0,
          "max": 0.7
        },
        "color": "#515e21",
        "attenuation": 0.5,
        "negative": false,
        "priority": 0
      },
      "hidden": false,
      "flags": {
        "tagger": {
          "tags": ""
        }
      },
      "_id": "CKF3N86T6CAWhc8e",
      "elevation": 0,
      "_key": "!scenes.lights!anufFn5FNH9Z59lk.CKF3N86T6CAWhc8e"
    },
    {
      "x": 1600,
      "y": 2500,
      "rotation": 0,
      "walls": true,
      "vision": false,
      "config": {
        "alpha": 0.2,
        "angle": 360,
        "bright": 0,
        "coloration": 0,
        "dim": 15,
        "luminosity": 0.5,
        "saturation": 0,
        "contrast": 0,
        "shadows": 0,
        "animation": {
          "speed": 3,
          "intensity": 4,
          "reverse": false,
          "type": "ghost"
        },
        "darkness": {
          "min": 0,
          "max": 0.7
        },
        "color": "#515e21",
        "attenuation": 0.5,
        "negative": false,
        "priority": 0
      },
      "hidden": false,
      "flags": {
        "tagger": {
          "tags": ""
        }
      },
      "_id": "URWj04pBoeY9RiCM",
      "elevation": 0,
      "_key": "!scenes.lights!anufFn5FNH9Z59lk.URWj04pBoeY9RiCM"
    },
    {
      "x": 800,
      "y": 2800,
      "rotation": 0,
      "walls": true,
      "vision": false,
      "config": {
        "alpha": 0.2,
        "angle": 360,
        "bright": 0,
        "coloration": 0,
        "dim": 15,
        "luminosity": 0.5,
        "saturation": 0,
        "contrast": 0,
        "shadows": 0,
        "animation": {
          "speed": 3,
          "intensity": 4,
          "reverse": false,
          "type": "ghost"
        },
        "darkness": {
          "min": 0,
          "max": 0.7
        },
        "color": "#515e21",
        "attenuation": 0.5,
        "negative": false,
        "priority": 0
      },
      "hidden": false,
      "flags": {
        "tagger": {
          "tags": ""
        }
      },
      "_id": "PwN8XEJqMiJTvf0M",
      "elevation": 0,
      "_key": "!scenes.lights!anufFn5FNH9Z59lk.PwN8XEJqMiJTvf0M"
    },
    {
      "x": 1400,
      "y": 2100,
      "rotation": 0,
      "walls": true,
      "vision": false,
      "config": {
        "alpha": 0.2,
        "angle": 360,
        "bright": 0,
        "coloration": 0,
        "dim": 15,
        "luminosity": 0.5,
        "saturation": 0,
        "contrast": 0,
        "shadows": 0,
        "animation": {
          "speed": 3,
          "intensity": 4,
          "reverse": false,
          "type": "ghost"
        },
        "darkness": {
          "min": 0,
          "max": 0.7
        },
        "color": "#515e21",
        "attenuation": 0.5,
        "negative": false,
        "priority": 0
      },
      "hidden": false,
      "flags": {
        "tagger": {
          "tags": ""
        }
      },
      "_id": "Qs78zRzCgu2WK8bN",
      "elevation": 0,
      "_key": "!scenes.lights!anufFn5FNH9Z59lk.Qs78zRzCgu2WK8bN"
    },
    {
      "x": 2100,
      "y": 3100,
      "rotation": 0,
      "walls": true,
      "vision": false,
      "config": {
        "alpha": 0.2,
        "angle": 360,
        "bright": 0,
        "coloration": 0,
        "dim": 15,
        "luminosity": 0.5,
        "saturation": 0,
        "contrast": 0,
        "shadows": 0,
        "animation": {
          "speed": 3,
          "intensity": 4,
          "reverse": false,
          "type": "ghost"
        },
        "darkness": {
          "min": 0,
          "max": 0.7
        },
        "color": "#515e21",
        "attenuation": 0.5,
        "negative": false,
        "priority": 0
      },
      "hidden": false,
      "flags": {
        "tagger": {
          "tags": ""
        }
      },
      "_id": "oJIALZBsf1kNs0K9",
      "elevation": 0,
      "_key": "!scenes.lights!anufFn5FNH9Z59lk.oJIALZBsf1kNs0K9"
    },
    {
      "x": 2400,
      "y": 2500,
      "rotation": 0,
      "walls": true,
      "vision": false,
      "config": {
        "alpha": 0.2,
        "angle": 360,
        "bright": 0,
        "coloration": 0,
        "dim": 15,
        "luminosity": 0.5,
        "saturation": 0,
        "contrast": 0,
        "shadows": 0,
        "animation": {
          "speed": 3,
          "intensity": 4,
          "reverse": false,
          "type": "ghost"
        },
        "darkness": {
          "min": 0,
          "max": 0.7
        },
        "color": "#515e21",
        "attenuation": 0.5,
        "negative": false,
        "priority": 0
      },
      "hidden": false,
      "flags": {
        "tagger": {
          "tags": ""
        }
      },
      "_id": "pFXMNr4KT09qdVYt",
      "elevation": 0,
      "_key": "!scenes.lights!anufFn5FNH9Z59lk.pFXMNr4KT09qdVYt"
    },
    {
      "x": 3000,
      "y": 2400,
      "rotation": 0,
      "walls": true,
      "vision": false,
      "config": {
        "alpha": 0.2,
        "angle": 360,
        "bright": 0,
        "coloration": 0,
        "dim": 15,
        "luminosity": 0.5,
        "saturation": 0,
        "contrast": 0,
        "shadows": 0,
        "animation": {
          "speed": 3,
          "intensity": 4,
          "reverse": false,
          "type": "ghost"
        },
        "darkness": {
          "min": 0,
          "max": 0.7
        },
        "color": "#515e21",
        "attenuation": 0.5,
        "negative": false,
        "priority": 0
      },
      "hidden": false,
      "flags": {
        "tagger": {
          "tags": ""
        }
      },
      "_id": "YeNfb2NFQCOetFRo",
      "elevation": 0,
      "_key": "!scenes.lights!anufFn5FNH9Z59lk.YeNfb2NFQCOetFRo"
    }
  ],
  "notes": [],
  "sounds": [
    {
      "x": 2000,
      "y": 2000,
      "radius": 200,
      "path": "fa_battlemaps/Audio/swamp.ogg",
      "repeat": false,
      "volume": 0.15,
      "walls": false,
      "easing": false,
      "hidden": false,
      "darkness": {
        "min": 0,
        "max": 0.69
      },
      "flags": {
        "tagger": {
          "tags": [
            "swamp"
          ]
        }
      },
      "_id": "4C5jmSzw1XFaYZPN",
      "elevation": 0,
      "effects": {
        "base": {
          "intensity": 5
        },
        "muffled": {
          "intensity": 5
        }
      },
      "_key": "!scenes.sounds!anufFn5FNH9Z59lk.4C5jmSzw1XFaYZPN"
    },
    {
      "x": 1862,
      "y": 2010,
      "radius": 200,
      "path": "fa_battlemaps/Audio/swampbubbling.ogg",
      "repeat": false,
      "volume": 0.1,
      "walls": false,
      "easing": false,
      "hidden": false,
      "darkness": {
        "min": 0,
        "max": 1
      },
      "flags": {
        "tagger": {
          "tags": ""
        }
      },
      "_id": "3qODslPTV60LCsOs",
      "elevation": 0,
      "effects": {
        "base": {
          "intensity": 5
        },
        "muffled": {
          "intensity": 5
        }
      },
      "_key": "!scenes.sounds!anufFn5FNH9Z59lk.3qODslPTV60LCsOs"
    },
    {
      "x": 1867,
      "y": 1871,
      "radius": 200,
      "path": "fa_battlemaps/Audio/swampnight.ogg",
      "repeat": false,
      "volume": 0.15,
      "walls": false,
      "easing": false,
      "hidden": false,
      "darkness": {
        "min": 0.7,
        "max": 1
      },
      "flags": {
        "tagger": {
          "tags": [
            "swamp"
          ]
        }
      },
      "_id": "5eBNoT3pRxejS3f1",
      "elevation": 0,
      "effects": {
        "base": {
          "intensity": 5
        },
        "muffled": {
          "intensity": 5
        }
      },
      "_key": "!scenes.sounds!anufFn5FNH9Z59lk.5eBNoT3pRxejS3f1"
    },
    {
      "x": 2002,
      "y": 1867,
      "radius": 200,
      "path": "fa_battlemaps/Audio/eerie_drone.ogg",
      "repeat": false,
      "volume": 0.2,
      "walls": false,
      "easing": false,
      "hidden": true,
      "darkness": {
        "min": 0,
        "max": 1
      },
      "flags": {
        "tagger": {
          "tags": [
            "drone"
          ]
        }
      },
      "_id": "NNEYLEhZlhksRZaG",
      "elevation": 0,
      "effects": {
        "base": {
          "intensity": 5
        },
        "muffled": {
          "intensity": 5
        }
      },
      "_key": "!scenes.sounds!anufFn5FNH9Z59lk.NNEYLEhZlhksRZaG"
    }
  ],
  "templates": [],
  "tiles": [
    {
      "texture": {
        "src": "fa_battlemaps/Maps/2023/February/fa_swamp-d/Maps/Swamp/InfiniteSwampD.webp",
        "scaleX": 1,
        "scaleY": 1,
        "offsetX": 0,
        "offsetY": 0,
        "rotation": 0,
        "tint": "#ffffff",
        "anchorX": 0.5,
        "anchorY": 0.5,
        "fit": "fill",
        "alphaThreshold": 0.75
      },
      "x": 700,
      "y": 700,
      "width": 2500,
      "height": 2500,
      "_id": "H2Ek8tjxF4nO6oxf",
      "rotation": 0,
      "alpha": 1,
      "hidden": false,
      "locked": true,
      "occlusion": {
        "mode": 0,
        "alpha": 1
      },
      "video": {
        "loop": true,
        "autoplay": true,
        "volume": 0
      },
      "flags": {
        "tagger": {
          "tags": [
            "Map"
          ]
        },
        "monks-active-tiles": {
          "active": true,
          "record": false,
          "restriction": "all",
          "controlled": "gm",
          "trigger": [
            "enter"
          ],
          "allowpaused": false,
          "usealpha": false,
          "pointer": false,
          "pertoken": false,
          "minrequired": 0,
          "chance": 100,
          "fileindex": 0,
          "actions": [],
          "files": [
            {
              "id": "m1cZSrlszvbTihRK",
              "name": "fa_battlemaps/Maps/2023/February/fa_swamp-d/Maps/Swamp/InfiniteSwampD.webp",
              "selected": true
            },
            {
              "id": "xriju2ikJFcb9dQB",
              "name": "fa_battlemaps/Maps/2023/February/fa_swamp-d/Maps/Dead/InfiniteDeadSwampD.webp",
              "selected": false
            },
            {
              "id": "d6IgxZZLjr0uoJNF",
              "name": "fa_battlemaps/Maps/2023/February/fa_swamp-d/Maps/Blood/InfiniteSwampBloodD.webp",
              "selected": false
            }
          ]
        }
      },
      "sort": 1,
      "restrictions": {
        "light": false,
        "weather": false
      },
      "elevation": 0,
      "_key": "!scenes.tiles!anufFn5FNH9Z59lk.H2Ek8tjxF4nO6oxf"
    },
    {
      "texture": {
        "src": "fa_battlemaps/Maps/2023/February/fa_swamp-d/Maps/Swamp/FGInfiniteSwampD.webp",
        "scaleX": 1,
        "scaleY": 1,
        "offsetX": 0,
        "offsetY": 0,
        "rotation": 0,
        "tint": "#ffffff",
        "anchorX": 0.5,
        "anchorY": 0.5,
        "fit": "fill",
        "alphaThreshold": 0.75
      },
      "x": 700,
      "y": 700,
      "width": 2500,
      "height": 2500,
      "_id": "xpK5d8XfO0Ep2Zsz",
      "rotation": 0,
      "alpha": 1,
      "hidden": false,
      "locked": true,
      "occlusion": {
        "mode": 0,
        "alpha": 1
      },
      "video": {
        "loop": true,
        "autoplay": true,
        "volume": 0
      },
      "flags": {
        "tagger": {
          "tags": [
            "Map"
          ]
        },
        "monks-active-tiles": {
          "active": false,
          "record": false,
          "restriction": "all",
          "controlled": "gm",
          "trigger": [
            ""
          ],
          "allowpaused": false,
          "usealpha": false,
          "pointer": false,
          "pertoken": false,
          "minrequired": 0,
          "chance": 100,
          "fileindex": 0,
          "actions": [],
          "files": [
            {
              "id": "ctngZKXYRYgSwDEB",
              "name": "fa_battlemaps/Maps/2023/February/fa_swamp-d/Maps/Swamp/FGInfiniteSwampD.webp",
              "selected": true
            },
            {
              "id": "xtpvTumhtLZqRAt3",
              "name": "fa_battlemaps/Maps/2023/February/fa_swamp-d/Maps/Dead/InfiniteDeadSwampDFG.webp",
              "selected": false
            },
            {
              "id": "K5vjyutyrclQ4oot",
              "name": "fa_battlemaps/Maps/2023/February/fa_swamp-d/Maps/Blood/InfiniteSwampBloodDFG.webp",
              "selected": false
            }
          ]
        }
      },
      "elevation": 20,
      "sort": 100,
      "restrictions": {
        "light": false,
        "weather": false
      },
      "_key": "!scenes.tiles!anufFn5FNH9Z59lk.xpK5d8XfO0Ep2Zsz"
    },
    {
      "width": 300,
      "height": 550,
      "x": 3251,
      "y": 703,
      "rotation": 0,
      "alpha": 1,
      "hidden": false,
      "locked": true,
      "occlusion": {
        "mode": 0,
        "alpha": 1
      },
      "video": {
        "loop": true,
        "autoplay": true,
        "volume": 0
      },
      "flags": {},
      "texture": {
        "src": "modules/fa-battlemaps/images/Scroll2.webp",
        "scaleX": 1,
        "scaleY": 1,
        "offsetX": 0,
        "offsetY": 0,
        "rotation": 0,
        "tint": "#ffffff",
        "anchorX": 0.5,
        "anchorY": 0.5,
        "fit": "fill",
        "alphaThreshold": 0.75
      },
      "_id": "j9ShgnXuGrfA2K4N",
      "sort": 2,
      "restrictions": {
        "light": false,
        "weather": false
      },
      "elevation": 0,
      "_key": "!scenes.tiles!anufFn5FNH9Z59lk.j9ShgnXuGrfA2K4N"
    },
    {
      "width": 300,
      "height": 150,
      "x": 3244,
      "y": 782,
      "rotation": 0,
      "alpha": 1,
      "hidden": false,
      "locked": true,
      "occlusion": {
        "mode": 0,
        "alpha": 1
      },
      "video": {
        "loop": true,
        "autoplay": true,
        "volume": 0
      },
      "flags": {
        "tagger": {
          "tags": [
            "SwampTrigger"
          ]
        },
        "monks-active-tiles": {
          "active": true,
          "record": false,
          "restriction": "all",
          "controlled": "gm",
          "trigger": [
            "dblclick"
          ],
          "allowpaused": false,
          "usealpha": false,
          "pointer": true,
          "pertoken": false,
          "minrequired": 0,
          "chance": 50,
          "fileindex": 0,
          "actions": [
            {
              "action": "alter",
              "data": {
                "entity": {
                  "id": "tile",
                  "name": "This Tile"
                },
                "attribute": "texture.tint",
                "value": "#000000",
                "chatMessage": false,
                "rollmode": "roll"
              },
              "id": "JTMWNezwJduvqhrF"
            },
            {
              "action": "alter",
              "data": {
                "entity": {
                  "id": "tagger:BloodTrigger",
                  "match": "all",
                  "scene": "_active",
                  "name": "<i class=\"fas fa-tag fa-sm\"></i> BloodTrigger"
                },
                "attribute": "texture.tint",
                "value": "#890101",
                "chatMessage": false,
                "rollmode": "roll"
              },
              "id": "MwO03XNoM4VRQA7I"
            },
            {
              "action": "alter",
              "data": {
                "entity": {
                  "id": "tagger:DeadTrigger",
                  "match": "all",
                  "scene": "_active",
                  "name": "<i class=\"fas fa-tag fa-sm\"></i> DeadTrigger"
                },
                "attribute": "texture.tint",
                "value": "#890101",
                "chatMessage": false,
                "rollmode": "roll"
              },
              "id": "E0NKIM5baK7agcR0"
            },
            {
              "action": "tileimage",
              "data": {
                "sceneid": "WcZCEmos9KpcsPYa",
                "img": "fa_battlemaps/Maps/2022/July/fa_swamp-ruins/Maps/SwampRuin.webp",
                "location": {},
                "entity": {
                  "id": "tagger:Map",
                  "match": "all",
                  "scene": "_active",
                  "name": "<i class=\"fas fa-tag fa-sm\"></i> Map"
                },
                "item": {},
                "actor": {},
                "token": {},
                "select": "1",
                "transition": "none",
                "speed": 1,
                "loop": 1
              },
              "id": "gEinna32Pr34XfkL"
            },
            {
              "action": "activate",
              "data": {
                "entity": {
                  "id": "tagger:swamp",
                  "match": "all",
                  "scene": "WcZCEmos9KpcsPYa",
                  "name": "<i class=\"fas fa-tag fa-sm\"></i> swamp"
                },
                "activate": "activate"
              },
              "id": "WeDldkGjHUp7BOEi"
            },
            {
              "action": "activate",
              "data": {
                "entity": {
                  "id": "tagger:drone",
                  "match": "all",
                  "scene": "_active",
                  "name": "<i class=\"fas fa-tag fa-sm\"></i> drone"
                },
                "activate": "deactivate"
              },
              "id": "CNepquxOKJ5il3u1"
            }
          ],
          "files": [],
          "name": "",
          "vision": false,
          "cooldown": null
        }
      },
      "texture": {
        "src": "fa_battlemaps/Maps/2023/February/fa_swamp-d/Text/Swamp.webp",
        "tint": "#000000",
        "scaleX": 1,
        "scaleY": 1,
        "offsetX": 0,
        "offsetY": 0,
        "rotation": 0,
        "anchorX": 0.5,
        "anchorY": 0.5,
        "fit": "fill",
        "alphaThreshold": 0.75
      },
      "_id": "xnR1q2W1vxplRKWX",
      "sort": 7,
      "restrictions": {
        "light": false,
        "weather": false
      },
      "elevation": 0,
      "_key": "!scenes.tiles!anufFn5FNH9Z59lk.xnR1q2W1vxplRKWX"
    },
    {
      "width": 300,
      "height": 150,
      "x": 3250,
      "y": 899,
      "rotation": 0,
      "alpha": 1,
      "hidden": false,
      "locked": true,
      "occlusion": {
        "mode": 0,
        "alpha": 1
      },
      "video": {
        "loop": true,
        "autoplay": true,
        "volume": 0
      },
      "flags": {
        "tagger": {
          "tags": [
            "BloodTrigger"
          ]
        },
        "monks-active-tiles": {
          "active": true,
          "record": false,
          "restriction": "all",
          "controlled": "gm",
          "trigger": [
            "dblclick"
          ],
          "allowpaused": false,
          "usealpha": false,
          "pointer": true,
          "pertoken": false,
          "minrequired": 0,
          "chance": 100,
          "fileindex": 0,
          "actions": [
            {
              "action": "alter",
              "data": {
                "entity": {
                  "id": "tile",
                  "name": "This Tile"
                },
                "attribute": "texture.tint",
                "value": "#000000",
                "chatMessage": false,
                "rollmode": "roll"
              },
              "id": "LvBcdQVMsYHxYWnb"
            },
            {
              "action": "alter",
              "data": {
                "entity": {
                  "id": "tagger:SwampTrigger",
                  "match": "all",
                  "scene": "_active",
                  "name": "<i class=\"fas fa-tag fa-sm\"></i> SwampTrigger"
                },
                "attribute": "texture.tint",
                "value": "#890101",
                "chatMessage": false,
                "rollmode": "roll"
              },
              "id": "ONmxdJRDYnHs3ulV"
            },
            {
              "action": "alter",
              "data": {
                "entity": {
                  "id": "tagger:DeadTrigger",
                  "match": "all",
                  "scene": "_active",
                  "name": "<i class=\"fas fa-tag fa-sm\"></i> DeadTrigger"
                },
                "attribute": "texture.tint",
                "value": "#890101",
                "chatMessage": false,
                "rollmode": "roll"
              },
              "id": "nrHq1S3dalvq2KJf"
            },
            {
              "action": "tileimage",
              "data": {
                "sceneid": "WcZCEmos9KpcsPYa",
                "img": "fa_battlemaps/Maps/2022/July/fa_swamp-ruins/Maps/SwampRuinBlood.webp",
                "location": {},
                "entity": {
                  "id": "tagger:Map",
                  "match": "all",
                  "scene": "_active",
                  "name": "<i class=\"fas fa-tag fa-sm\"></i> Map"
                },
                "item": {},
                "actor": {},
                "token": {},
                "select": "3",
                "transition": "none",
                "speed": 1,
                "loop": 1
              },
              "id": "fjnl9aOce6CSAvJ7"
            },
            {
              "action": "activate",
              "data": {
                "entity": {
                  "id": "tagger:swamp",
                  "match": "all",
                  "scene": "WcZCEmos9KpcsPYa",
                  "name": "<i class=\"fas fa-tag fa-sm\"></i> swamp"
                },
                "activate": "deactivate"
              },
              "id": "qQKLH9divSZ5xvd0"
            },
            {
              "action": "activate",
              "data": {
                "entity": {
                  "id": "tagger:Drone",
                  "match": "all",
                  "scene": "_active",
                  "name": "<i class=\"fas fa-tag fa-sm\"></i> Drone"
                },
                "activate": "activate"
              },
              "id": "hSv7sHX2IVgKByec"
            }
          ],
          "files": [],
          "name": "",
          "vision": false,
          "cooldown": null
        }
      },
      "texture": {
        "src": "fa_battlemaps/Maps/2023/February/fa_swamp-d/Text/Blood.webp",
        "tint": "#890101",
        "scaleX": 1,
        "scaleY": 1,
        "offsetX": 0,
        "offsetY": 0,
        "rotation": 0,
        "anchorX": 0.5,
        "anchorY": 0.5,
        "fit": "fill",
        "alphaThreshold": 0.75
      },
      "_id": "F1iSpXRePYoYdjui",
      "sort": 6,
      "restrictions": {
        "light": false,
        "weather": false
      },
      "elevation": 0,
      "_key": "!scenes.tiles!anufFn5FNH9Z59lk.F1iSpXRePYoYdjui"
    },
    {
      "width": 300,
      "height": 150,
      "x": 3249,
      "y": 1023,
      "rotation": 0,
      "alpha": 1,
      "hidden": false,
      "locked": true,
      "occlusion": {
        "mode": 0,
        "alpha": 1
      },
      "video": {
        "loop": true,
        "autoplay": true,
        "volume": 0
      },
      "flags": {
        "tagger": {
          "tags": [
            "DeadTrigger"
          ]
        },
        "monks-active-tiles": {
          "active": true,
          "record": false,
          "restriction": "all",
          "controlled": "gm",
          "trigger": [
            "dblclick"
          ],
          "allowpaused": false,
          "usealpha": false,
          "pointer": true,
          "pertoken": false,
          "minrequired": 0,
          "chance": 100,
          "fileindex": 0,
          "actions": [
            {
              "action": "alter",
              "data": {
                "entity": {
                  "id": "tile",
                  "name": "This Tile"
                },
                "attribute": "texture.tint",
                "value": "#000000",
                "chatMessage": false,
                "rollmode": "roll"
              },
              "id": "s17zEPamzxH1DJK3"
            },
            {
              "action": "alter",
              "data": {
                "entity": {
                  "id": "tagger:SwampTrigger",
                  "match": "all",
                  "scene": "_active",
                  "name": "<i class=\"fas fa-tag fa-sm\"></i> SwampTrigger"
                },
                "attribute": "texture.tint",
                "value": "#890101",
                "chatMessage": false,
                "rollmode": "roll"
              },
              "id": "toCjtAMokUZdch5V"
            },
            {
              "action": "alter",
              "data": {
                "entity": {
                  "id": "tagger:BloodTrigger",
                  "match": "all",
                  "scene": "_active",
                  "name": "<i class=\"fas fa-tag fa-sm\"></i> BloodTrigger"
                },
                "attribute": "texture.tint",
                "value": "#890101",
                "chatMessage": false,
                "rollmode": "roll"
              },
              "id": "KrSc6PzcD95ge2DP"
            },
            {
              "action": "tileimage",
              "data": {
                "sceneid": "WcZCEmos9KpcsPYa",
                "img": "fa_battlemaps/Maps/2022/July/fa_swamp-ruins/Maps/SwampRuinDead.webp",
                "location": {},
                "entity": {
                  "id": "tagger:Map",
                  "match": "all",
                  "scene": "_active",
                  "name": "<i class=\"fas fa-tag fa-sm\"></i> Map"
                },
                "item": {},
                "actor": {},
                "token": {},
                "select": "2",
                "transition": "none",
                "speed": 1,
                "loop": 1
              },
              "id": "7PIw4Vrl21mw0dm0"
            },
            {
              "action": "activate",
              "data": {
                "entity": {
                  "id": "tagger:swamp",
                  "match": "all",
                  "scene": "WcZCEmos9KpcsPYa",
                  "name": "<i class=\"fas fa-tag fa-sm\"></i> swamp"
                },
                "activate": "deactivate"
              },
              "id": "lYWx6PmT3gqnK3V5"
            },
            {
              "action": "activate",
              "data": {
                "entity": {
                  "id": "tagger:drone",
                  "match": "all",
                  "scene": "_active",
                  "name": "<i class=\"fas fa-tag fa-sm\"></i> drone"
                },
                "activate": "activate"
              },
              "id": "wD5Cn8dCm0FQwIf6"
            }
          ],
          "files": [],
          "name": "",
          "vision": false,
          "cooldown": null
        }
      },
      "texture": {
        "src": "fa_battlemaps/Maps/2023/February/fa_swamp-d/Text/Dead.webp",
        "tint": "#890101",
        "scaleX": 1,
        "scaleY": 1,
        "offsetX": 0,
        "offsetY": 0,
        "rotation": 0,
        "anchorX": 0.5,
        "anchorY": 0.5,
        "fit": "fill",
        "alphaThreshold": 0.75
      },
      "_id": "d3yYJhHrkM4IwE5F",
      "sort": 5,
      "restrictions": {
        "light": false,
        "weather": false
      },
      "elevation": 0,
      "_key": "!scenes.tiles!anufFn5FNH9Z59lk.d3yYJhHrkM4IwE5F"
    },
    {
      "texture": {
        "src": "modules/fa-battlemaps/images/SmallScroll.png",
        "scaleX": 1,
        "scaleY": 1,
        "offsetX": 0,
        "offsetY": 0,
        "rotation": 0,
        "tint": "#ffffff",
        "anchorX": 0.5,
        "anchorY": 0.5,
        "fit": "fill",
        "alphaThreshold": 0.75
      },
      "width": 300,
      "height": 100,
      "_id": "hEIEGvkuOwKwzCXg",
      "rotation": 0,
      "alpha": 1,
      "hidden": false,
      "locked": true,
      "occlusion": {
        "mode": 0,
        "alpha": 1
      },
      "video": {
        "loop": true,
        "autoplay": true,
        "volume": 0
      },
      "flags": {},
      "x": 3257,
      "y": 1287,
      "sort": 3,
      "restrictions": {
        "light": false,
        "weather": false
      },
      "elevation": 0,
      "_key": "!scenes.tiles!anufFn5FNH9Z59lk.hEIEGvkuOwKwzCXg"
    },
    {
      "texture": {
        "src": "modules/fa-battlemaps/images/AnimationsText.png",
        "scaleX": 1,
        "scaleY": 1,
        "offsetX": 0,
        "offsetY": 0,
        "rotation": 0,
        "tint": "#890101",
        "anchorX": 0.5,
        "anchorY": 0.5,
        "fit": "fill",
        "alphaThreshold": 0.75
      },
      "width": 300,
      "height": 50,
      "_id": "58ZWUqQhHdtc6Mzr",
      "rotation": 0,
      "alpha": 1,
      "hidden": false,
      "locked": true,
      "occlusion": {
        "mode": 0,
        "alpha": 1
      },
      "video": {
        "loop": true,
        "autoplay": true,
        "volume": 0
      },
      "flags": {
        "tagger": {},
        "monks-active-tiles": {
          "active": true,
          "record": false,
          "restriction": "all",
          "controlled": "gm",
          "trigger": [
            "dblclick"
          ],
          "allowpaused": false,
          "usealpha": false,
          "pointer": false,
          "pertoken": false,
          "minrequired": 0,
          "chance": 100,
          "fileindex": 0,
          "actions": [
            {
              "action": "alter",
              "data": {
                "entity": {
                  "id": "tile",
                  "name": "This Tile"
                },
                "attribute": "texture.tint",
                "value": "='{{entity.texture.tint}}' == '#000000' ? '#890101' : '#000000'",
                "chatMessage": false,
                "rollmode": "roll"
              },
              "id": "fvLp0ljjW6MzvkyP"
            },
            {
              "action": "tileimage",
              "data": {
                "entity": {
                  "id": "tagger:animation",
                  "match": "all",
                  "scene": "_active",
                  "name": "<i class=\"fas fa-tag fa-sm\"></i> animation"
                },
                "select": "next",
                "transition": "none",
                "speed": 1,
                "loop": 1
              },
              "id": "E1mIlGeoHkKxFNyu"
            },
            {
              "action": "playanimation",
              "data": {
                "entity": {
                  "id": "tagger:animation",
                  "match": "all",
                  "scene": "_active",
                  "name": "<i class=\"fas fa-tag fa-sm\"></i> animation"
                },
                "play": "start",
                "animatefor": "all"
              },
              "id": "XCIeetk0uQ77qyxJ"
            }
          ],
          "files": []
        }
      },
      "x": 3256,
      "y": 1311,
      "sort": 4,
      "restrictions": {
        "light": false,
        "weather": false
      },
      "elevation": 0,
      "_key": "!scenes.tiles!anufFn5FNH9Z59lk.58ZWUqQhHdtc6Mzr"
    },
    {
      "texture": {
        "src": "modules/fa-battlemaps/images/Transparent.webp",
        "scaleX": 1,
        "scaleY": 1,
        "offsetX": 0,
        "offsetY": 0,
        "rotation": 0,
        "tint": "#ffffff",
        "anchorX": 0.5,
        "anchorY": 0.5,
        "fit": "fill",
        "alphaThreshold": 0.75
      },
      "width": 200,
      "height": 200,
      "_id": "rc68Z2gMLqrvvMJc",
      "rotation": 0,
      "alpha": 0.5,
      "hidden": false,
      "locked": true,
      "occlusion": {
        "mode": 0,
        "alpha": 1
      },
      "video": {
        "loop": true,
        "autoplay": true,
        "volume": 0
      },
      "flags": {
        "tagger": {
          "tags": [
            "animation"
          ]
        },
        "monks-active-tiles": {
          "active": false,
          "fileindex": 1,
          "record": false,
          "restriction": "all",
          "controlled": "gm",
          "trigger": [
            ""
          ],
          "allowpaused": false,
          "usealpha": false,
          "pointer": false,
          "pertoken": false,
          "minrequired": 0,
          "chance": 50,
          "actions": [],
          "files": [
            {
              "id": "FratX1rCxadbb0WP",
              "name": "fa_battlemaps/Animations/Water_Droplets_A1_01.webm",
              "selected": true
            },
            {
              "id": "8bZghey5wpH3J2PR",
              "name": "modules/fa-battlemaps/images/Transparent.webp",
              "selected": false
            }
          ]
        },
        "betterroofs": {
          "brMode": false,
          "occlusionLinkId": "",
          "occlusionLinkSource": false
        }
      },
      "x": 1600,
      "y": 2500,
      "sort": 20,
      "restrictions": {
        "light": false,
        "weather": false
      },
      "elevation": 0,
      "_key": "!scenes.tiles!anufFn5FNH9Z59lk.rc68Z2gMLqrvvMJc"
    },
    {
      "texture": {
        "src": "modules/fa-battlemaps/images/Transparent.webp",
        "scaleX": 1,
        "scaleY": 1,
        "offsetX": 0,
        "offsetY": 0,
        "rotation": 0,
        "tint": "#ffffff",
        "anchorX": 0.5,
        "anchorY": 0.5,
        "fit": "fill",
        "alphaThreshold": 0.75
      },
      "width": 200,
      "height": 200,
      "_id": "OzN2CyZDD96W1Icr",
      "rotation": 0,
      "alpha": 0.45,
      "hidden": false,
      "locked": true,
      "occlusion": {
        "mode": 0,
        "alpha": 1
      },
      "video": {
        "loop": true,
        "autoplay": true,
        "volume": 0
      },
      "flags": {
        "tagger": {
          "tags": [
            "animation"
          ]
        },
        "monks-active-tiles": {
          "active": false,
          "record": false,
          "restriction": "all",
          "controlled": "gm",
          "trigger": [
            "dblclick"
          ],
          "allowpaused": false,
          "usealpha": false,
          "pointer": false,
          "pertoken": false,
          "minrequired": 0,
          "chance": 100,
          "fileindex": 1,
          "actions": [],
          "files": [
            {
              "id": "FratX1rCxadbb0WP",
              "name": "fa_battlemaps/Animations/Water_Droplets_A2_01.webm",
              "selected": true
            },
            {
              "id": "8bZghey5wpH3J2PR",
              "name": "modules/fa-battlemaps/images/Transparent.webp",
              "selected": false
            }
          ]
        },
        "betterroofs": {
          "brMode": false,
          "occlusionLinkId": "",
          "occlusionLinkSource": false
        }
      },
      "x": 1400,
      "y": 1500,
      "sort": 19,
      "restrictions": {
        "light": false,
        "weather": false
      },
      "elevation": 0,
      "_key": "!scenes.tiles!anufFn5FNH9Z59lk.OzN2CyZDD96W1Icr"
    },
    {
      "texture": {
        "src": "modules/fa-battlemaps/images/Transparent.webp",
        "scaleX": 1,
        "scaleY": 1,
        "offsetX": 0,
        "offsetY": 0,
        "rotation": 0,
        "tint": "#ffffff",
        "anchorX": 0.5,
        "anchorY": 0.5,
        "fit": "fill",
        "alphaThreshold": 0.75
      },
      "width": 200,
      "height": 200,
      "_id": "OpV6ZTDBGPuXN71J",
      "rotation": 0,
      "alpha": 0.45,
      "hidden": false,
      "locked": true,
      "occlusion": {
        "mode": 0,
        "alpha": 1
      },
      "video": {
        "loop": true,
        "autoplay": true,
        "volume": 0
      },
      "flags": {
        "tagger": {
          "tags": [
            "animation"
          ]
        },
        "monks-active-tiles": {
          "active": false,
          "fileindex": 1,
          "record": false,
          "restriction": "all",
          "controlled": "gm",
          "trigger": [
            ""
          ],
          "allowpaused": false,
          "usealpha": false,
          "pointer": false,
          "pertoken": false,
          "minrequired": 0,
          "chance": 50,
          "actions": [],
          "files": [
            {
              "id": "FratX1rCxadbb0WP",
              "name": "fa_battlemaps/Animations/Water_Droplets_A3_01.webm",
              "selected": true
            },
            {
              "id": "8bZghey5wpH3J2PR",
              "name": "modules/fa-battlemaps/images/Transparent.webp",
              "selected": false
            }
          ]
        },
        "betterroofs": {
          "brMode": false,
          "occlusionLinkId": "",
          "occlusionLinkSource": false
        }
      },
      "x": 2350,
      "y": 1750,
      "sort": 18,
      "restrictions": {
        "light": false,
        "weather": false
      },
      "elevation": 0,
      "_key": "!scenes.tiles!anufFn5FNH9Z59lk.OpV6ZTDBGPuXN71J"
    },
    {
      "texture": {
        "src": "modules/fa-battlemaps/images/Transparent.webp",
        "scaleX": 1,
        "scaleY": 1,
        "offsetX": 0,
        "offsetY": 0,
        "rotation": 0,
        "tint": "#ffffff",
        "anchorX": 0.5,
        "anchorY": 0.5,
        "fit": "fill",
        "alphaThreshold": 0.75
      },
      "width": 200,
      "height": 200,
      "_id": "kcJFQl6fFXsk5UEW",
      "rotation": 0,
      "alpha": 0.55,
      "hidden": false,
      "locked": true,
      "occlusion": {
        "mode": 0,
        "alpha": 1
      },
      "video": {
        "loop": true,
        "autoplay": true,
        "volume": 0
      },
      "flags": {
        "tagger": {
          "tags": [
            "animation"
          ]
        },
        "monks-active-tiles": {
          "active": false,
          "fileindex": 1,
          "record": false,
          "restriction": "all",
          "controlled": "gm",
          "trigger": [
            ""
          ],
          "allowpaused": false,
          "usealpha": false,
          "pointer": false,
          "pertoken": false,
          "minrequired": 0,
          "chance": 50,
          "actions": [],
          "files": [
            {
              "id": "FratX1rCxadbb0WP",
              "name": "fa_battlemaps/Animations/Water_Droplets_A4_01.webm",
              "selected": true
            },
            {
              "id": "8bZghey5wpH3J2PR",
              "name": "modules/fa-battlemaps/images/Transparent.webp",
              "selected": false
            }
          ]
        },
        "betterroofs": {
          "brMode": false,
          "occlusionLinkId": "",
          "occlusionLinkSource": false
        }
      },
      "x": 800,
      "y": 1300,
      "sort": 17,
      "restrictions": {
        "light": false,
        "weather": false
      },
      "elevation": 0,
      "_key": "!scenes.tiles!anufFn5FNH9Z59lk.kcJFQl6fFXsk5UEW"
    },
    {
      "texture": {
        "src": "modules/fa-battlemaps/images/Transparent.webp",
        "scaleX": 1,
        "scaleY": 1,
        "offsetX": 0,
        "offsetY": 0,
        "rotation": 0,
        "tint": "#ffffff",
        "anchorX": 0.5,
        "anchorY": 0.5,
        "fit": "fill",
        "alphaThreshold": 0.75
      },
      "width": 200,
      "height": 200,
      "rotation": 0,
      "alpha": 0.45,
      "hidden": false,
      "locked": true,
      "occlusion": {
        "mode": 0,
        "alpha": 1
      },
      "video": {
        "loop": true,
        "autoplay": true,
        "volume": 0
      },
      "flags": {
        "tagger": {
          "tags": [
            "animation"
          ]
        },
        "monks-active-tiles": {
          "active": false,
          "record": false,
          "restriction": "all",
          "controlled": "gm",
          "trigger": [
            "dblclick"
          ],
          "allowpaused": false,
          "usealpha": false,
          "pointer": false,
          "pertoken": false,
          "minrequired": 0,
          "chance": 100,
          "fileindex": 1,
          "actions": [],
          "files": [
            {
              "id": "FratX1rCxadbb0WP",
              "name": "fa_battlemaps/Animations/Water_Droplets_A2_01.webm",
              "selected": true
            },
            {
              "id": "8bZghey5wpH3J2PR",
              "name": "modules/fa-battlemaps/images/Transparent.webp",
              "selected": false
            }
          ]
        },
        "betterroofs": {
          "brMode": false,
          "occlusionLinkId": "",
          "occlusionLinkSource": false
        }
      },
      "x": 1250,
      "y": 750,
      "_id": "xT6m93aYblP6myNC",
      "sort": 16,
      "restrictions": {
        "light": false,
        "weather": false
      },
      "elevation": 0,
      "_key": "!scenes.tiles!anufFn5FNH9Z59lk.xT6m93aYblP6myNC"
    },
    {
      "texture": {
        "src": "modules/fa-battlemaps/images/Transparent.webp",
        "scaleX": 1,
        "scaleY": 1,
        "offsetX": 0,
        "offsetY": 0,
        "rotation": 0,
        "tint": "#ffffff",
        "anchorX": 0.5,
        "anchorY": 0.5,
        "fit": "fill",
        "alphaThreshold": 0.75
      },
      "width": 200,
      "height": 200,
      "rotation": 0,
      "alpha": 0.55,
      "hidden": false,
      "locked": true,
      "occlusion": {
        "mode": 0,
        "alpha": 1
      },
      "video": {
        "loop": true,
        "autoplay": true,
        "volume": 0
      },
      "flags": {
        "tagger": {
          "tags": [
            "animation"
          ]
        },
        "monks-active-tiles": {
          "active": false,
          "fileindex": 1,
          "record": false,
          "restriction": "all",
          "controlled": "gm",
          "trigger": [
            ""
          ],
          "allowpaused": false,
          "usealpha": false,
          "pointer": false,
          "pertoken": false,
          "minrequired": 0,
          "chance": 50,
          "actions": [],
          "files": [
            {
              "id": "FratX1rCxadbb0WP",
              "name": "fa_battlemaps/Animations/Water_Droplets_A4_01.webm",
              "selected": true
            },
            {
              "id": "8bZghey5wpH3J2PR",
              "name": "modules/fa-battlemaps/images/Transparent.webp",
              "selected": false
            }
          ]
        },
        "betterroofs": {
          "brMode": false,
          "occlusionLinkId": "",
          "occlusionLinkSource": false
        }
      },
      "x": 750,
      "y": 2800,
      "_id": "jciIHzdpqfqWp1cW",
      "sort": 15,
      "restrictions": {
        "light": false,
        "weather": false
      },
      "elevation": 0,
      "_key": "!scenes.tiles!anufFn5FNH9Z59lk.jciIHzdpqfqWp1cW"
    },
    {
      "texture": {
        "src": "modules/fa-battlemaps/images/Transparent.webp",
        "scaleX": 1,
        "scaleY": 1,
        "offsetX": 0,
        "offsetY": 0,
        "rotation": 0,
        "tint": "#ffffff",
        "anchorX": 0.5,
        "anchorY": 0.5,
        "fit": "fill",
        "alphaThreshold": 0.75
      },
      "width": 200,
      "height": 200,
      "_id": "PSjUkBAgAOALrzNe",
      "rotation": 0,
      "alpha": 0.45,
      "hidden": false,
      "locked": true,
      "occlusion": {
        "mode": 0,
        "alpha": 1
      },
      "video": {
        "loop": true,
        "autoplay": true,
        "volume": 0
      },
      "flags": {
        "tagger": {
          "tags": [
            "animation"
          ]
        },
        "monks-active-tiles": {
          "active": false,
          "fileindex": 1,
          "record": false,
          "restriction": "all",
          "controlled": "gm",
          "trigger": [
            ""
          ],
          "allowpaused": false,
          "usealpha": false,
          "pointer": false,
          "pertoken": false,
          "minrequired": 0,
          "chance": 50,
          "actions": [],
          "files": [
            {
              "id": "FratX1rCxadbb0WP",
              "name": "fa_battlemaps/Animations/Water_Droplets_A4_01.webm",
              "selected": true
            },
            {
              "id": "8bZghey5wpH3J2PR",
              "name": "modules/fa-battlemaps/images/Transparent.webp",
              "selected": false
            }
          ]
        },
        "betterroofs": {
          "brMode": false,
          "occlusionLinkId": "",
          "occlusionLinkSource": false
        }
      },
      "x": 2300,
      "y": 2350,
      "sort": 14,
      "restrictions": {
        "light": false,
        "weather": false
      },
      "elevation": 0,
      "_key": "!scenes.tiles!anufFn5FNH9Z59lk.PSjUkBAgAOALrzNe"
    },
    {
      "texture": {
        "src": "modules/fa-battlemaps/images/Transparent.webp",
        "scaleX": 1,
        "scaleY": 1,
        "offsetX": 0,
        "offsetY": 0,
        "rotation": 0,
        "tint": "#ffffff",
        "anchorX": 0.5,
        "anchorY": 0.5,
        "fit": "fill",
        "alphaThreshold": 0.75
      },
      "width": 200,
      "height": 200,
      "_id": "dEgMM4oHYZyBrsFD",
      "rotation": 0,
      "alpha": 1,
      "hidden": false,
      "locked": true,
      "occlusion": {
        "mode": 0,
        "alpha": 1
      },
      "video": {
        "loop": true,
        "autoplay": true,
        "volume": 0
      },
      "flags": {
        "tagger": {
          "tags": [
            "animation"
          ]
        },
        "monks-active-tiles": {
          "active": false,
          "fileindex": 1,
          "record": false,
          "restriction": "all",
          "controlled": "gm",
          "trigger": [
            ""
          ],
          "allowpaused": false,
          "usealpha": false,
          "pointer": false,
          "pertoken": false,
          "minrequired": 0,
          "chance": 50,
          "actions": [],
          "files": [
            {
              "id": "FratX1rCxadbb0WP",
              "name": "fa_battlemaps/Animations/Flies_A1_01.webm",
              "selected": true
            },
            {
              "id": "8bZghey5wpH3J2PR",
              "name": "modules/fa-battlemaps/images/Transparent.webp",
              "selected": false
            }
          ]
        }
      },
      "x": 1700,
      "y": 2100,
      "sort": 13,
      "restrictions": {
        "light": false,
        "weather": false
      },
      "elevation": 0,
      "_key": "!scenes.tiles!anufFn5FNH9Z59lk.dEgMM4oHYZyBrsFD"
    },
    {
      "texture": {
        "src": "modules/fa-battlemaps/images/Transparent.webp",
        "scaleX": 1,
        "scaleY": 1,
        "offsetX": 0,
        "offsetY": 0,
        "rotation": 0,
        "tint": "#ffffff",
        "anchorX": 0.5,
        "anchorY": 0.5,
        "fit": "fill",
        "alphaThreshold": 0.75
      },
      "width": 200,
      "height": 200,
      "rotation": 0,
      "alpha": 1,
      "hidden": false,
      "locked": true,
      "occlusion": {
        "mode": 0,
        "alpha": 1
      },
      "video": {
        "loop": true,
        "autoplay": true,
        "volume": 0
      },
      "flags": {
        "tagger": {
          "tags": [
            "animation"
          ]
        },
        "monks-active-tiles": {
          "active": false,
          "fileindex": 1,
          "record": false,
          "restriction": "all",
          "controlled": "gm",
          "trigger": [
            ""
          ],
          "allowpaused": false,
          "usealpha": false,
          "pointer": false,
          "pertoken": false,
          "minrequired": 0,
          "chance": 50,
          "actions": [],
          "files": [
            {
              "id": "FratX1rCxadbb0WP",
              "name": "fa_battlemaps/Animations/Flies_A1_01.webm",
              "selected": true
            },
            {
              "id": "8bZghey5wpH3J2PR",
              "name": "modules/fa-battlemaps/images/Transparent.webp",
              "selected": false
            }
          ]
        }
      },
      "x": 2550,
      "y": 1100,
      "_id": "zvUarvEuGn0vCFgt",
      "sort": 12,
      "restrictions": {
        "light": false,
        "weather": false
      },
      "elevation": 0,
      "_key": "!scenes.tiles!anufFn5FNH9Z59lk.zvUarvEuGn0vCFgt"
    },
    {
      "texture": {
        "src": "modules/fa-battlemaps/images/Transparent.webp",
        "scaleX": 1,
        "scaleY": 1,
        "offsetX": 0,
        "offsetY": 0,
        "rotation": 0,
        "tint": "#ffffff",
        "anchorX": 0.5,
        "anchorY": 0.5,
        "fit": "fill",
        "alphaThreshold": 0.75
      },
      "width": 200,
      "height": 200,
      "rotation": 0,
      "alpha": 1,
      "hidden": false,
      "locked": true,
      "occlusion": {
        "mode": 0,
        "alpha": 1
      },
      "video": {
        "loop": true,
        "autoplay": true,
        "volume": 0
      },
      "flags": {
        "tagger": {
          "tags": [
            "animation"
          ]
        },
        "monks-active-tiles": {
          "active": false,
          "fileindex": 1,
          "record": false,
          "restriction": "all",
          "controlled": "gm",
          "trigger": [
            ""
          ],
          "allowpaused": false,
          "usealpha": false,
          "pointer": false,
          "pertoken": false,
          "minrequired": 0,
          "chance": 50,
          "actions": [],
          "files": [
            {
              "id": "FratX1rCxadbb0WP",
              "name": "fa_battlemaps/Animations/Flies_A1_01.webm",
              "selected": true
            },
            {
              "id": "8bZghey5wpH3J2PR",
              "name": "modules/fa-battlemaps/images/Transparent.webp",
              "selected": false
            }
          ]
        }
      },
      "x": 2100,
      "y": 900,
      "_id": "IvjfsCWP4S8iv69G",
      "sort": 11,
      "restrictions": {
        "light": false,
        "weather": false
      },
      "elevation": 0,
      "_key": "!scenes.tiles!anufFn5FNH9Z59lk.IvjfsCWP4S8iv69G"
    },
    {
      "texture": {
        "src": "modules/fa-battlemaps/images/Transparent.webp",
        "scaleX": 1,
        "scaleY": 1,
        "offsetX": 0,
        "offsetY": 0,
        "rotation": 0,
        "tint": "#ffffff",
        "anchorX": 0.5,
        "anchorY": 0.5,
        "fit": "fill",
        "alphaThreshold": 0.75
      },
      "width": 200,
      "height": 200,
      "rotation": 0,
      "alpha": 1,
      "hidden": false,
      "locked": true,
      "occlusion": {
        "mode": 0,
        "alpha": 1
      },
      "video": {
        "loop": true,
        "autoplay": true,
        "volume": 0
      },
      "flags": {
        "tagger": {
          "tags": [
            "animation"
          ]
        },
        "monks-active-tiles": {
          "active": false,
          "fileindex": 1,
          "record": false,
          "restriction": "all",
          "controlled": "gm",
          "trigger": [
            ""
          ],
          "allowpaused": false,
          "usealpha": false,
          "pointer": false,
          "pertoken": false,
          "minrequired": 0,
          "chance": 50,
          "actions": [],
          "files": [
            {
              "id": "FratX1rCxadbb0WP",
              "name": "fa_battlemaps/Animations/Flies_A1_01.webm",
              "selected": true
            },
            {
              "id": "8bZghey5wpH3J2PR",
              "name": "modules/fa-battlemaps/images/Transparent.webp",
              "selected": false
            }
          ]
        }
      },
      "x": 1500,
      "y": 1000,
      "_id": "folkR6tu5LrgbBhy",
      "sort": 10,
      "restrictions": {
        "light": false,
        "weather": false
      },
      "elevation": 0,
      "_key": "!scenes.tiles!anufFn5FNH9Z59lk.folkR6tu5LrgbBhy"
    },
    {
      "texture": {
        "src": "modules/fa-battlemaps/images/Transparent.webp",
        "scaleX": 1,
        "scaleY": 1,
        "offsetX": 0,
        "offsetY": 0,
        "rotation": 0,
        "tint": "#ffffff",
        "anchorX": 0.5,
        "anchorY": 0.5,
        "fit": "fill",
        "alphaThreshold": 0.75
      },
      "width": 200,
      "height": 200,
      "rotation": 0,
      "alpha": 1,
      "hidden": false,
      "locked": true,
      "occlusion": {
        "mode": 0,
        "alpha": 1
      },
      "video": {
        "loop": true,
        "autoplay": true,
        "volume": 0
      },
      "flags": {
        "tagger": {
          "tags": [
            "animation"
          ]
        },
        "monks-active-tiles": {
          "active": false,
          "fileindex": 1,
          "record": false,
          "restriction": "all",
          "controlled": "gm",
          "trigger": [
            ""
          ],
          "allowpaused": false,
          "usealpha": false,
          "pointer": false,
          "pertoken": false,
          "minrequired": 0,
          "chance": 50,
          "actions": [],
          "files": [
            {
              "id": "FratX1rCxadbb0WP",
              "name": "fa_battlemaps/Animations/Flies_A1_01.webm",
              "selected": true
            },
            {
              "id": "8bZghey5wpH3J2PR",
              "name": "modules/fa-battlemaps/images/Transparent.webp",
              "selected": false
            }
          ]
        }
      },
      "x": 2600,
      "y": 2700,
      "_id": "9lbxIk6yZN3koDr0",
      "sort": 9,
      "restrictions": {
        "light": false,
        "weather": false
      },
      "elevation": 0,
      "_key": "!scenes.tiles!anufFn5FNH9Z59lk.9lbxIk6yZN3koDr0"
    },
    {
      "texture": {
        "src": "modules/fa-battlemaps/images/Transparent.webp",
        "scaleX": 1,
        "scaleY": 1,
        "offsetX": 0,
        "offsetY": 0,
        "rotation": 0,
        "tint": "#ffffff",
        "anchorX": 0.5,
        "anchorY": 0.5,
        "fit": "fill",
        "alphaThreshold": 0.75
      },
      "width": 200,
      "height": 200,
      "rotation": 0,
      "alpha": 1,
      "hidden": false,
      "locked": true,
      "occlusion": {
        "mode": 0,
        "alpha": 1
      },
      "video": {
        "loop": true,
        "autoplay": true,
        "volume": 0
      },
      "flags": {
        "tagger": {
          "tags": [
            "animation"
          ]
        },
        "monks-active-tiles": {
          "active": false,
          "fileindex": 1,
          "record": false,
          "restriction": "all",
          "controlled": "gm",
          "trigger": [
            ""
          ],
          "allowpaused": false,
          "usealpha": false,
          "pointer": false,
          "pertoken": false,
          "minrequired": 0,
          "chance": 50,
          "actions": [],
          "files": [
            {
              "id": "FratX1rCxadbb0WP",
              "name": "fa_battlemaps/Animations/Flies_A1_01.webm",
              "selected": true
            },
            {
              "id": "8bZghey5wpH3J2PR",
              "name": "modules/fa-battlemaps/images/Transparent.webp",
              "selected": false
            }
          ]
        }
      },
      "x": 2000,
      "y": 2550,
      "_id": "9e4ojRvEUNx3B1A4",
      "sort": 8,
      "restrictions": {
        "light": false,
        "weather": false
      },
      "elevation": 0,
      "_key": "!scenes.tiles!anufFn5FNH9Z59lk.9e4ojRvEUNx3B1A4"
    },
    {
      "texture": {
        "src": "modules/fa-battlemaps/images/Transparent.webp",
        "scaleX": 1,
        "scaleY": 1,
        "offsetX": 0,
        "offsetY": 0,
        "rotation": 0,
        "tint": "#ffffff",
        "anchorX": 0.5,
        "anchorY": 0.5,
        "fit": "fill",
        "alphaThreshold": 0.75
      },
      "width": 500,
      "height": 500,
      "_id": "2u8WXECD6IMiNypG",
      "rotation": 0,
      "alpha": 1,
      "hidden": false,
      "locked": false,
      "occlusion": {
        "mode": 0,
        "alpha": 1
      },
      "video": {
        "loop": true,
        "autoplay": true,
        "volume": 0
      },
      "flags": {
        "tagger": {
          "tags": [
            "animation"
          ]
        },
        "monks-active-tiles": {
          "active": false,
          "fileindex": 1,
          "record": false,
          "restriction": "all",
          "controlled": "gm",
          "trigger": [
            ""
          ],
          "allowpaused": false,
          "usealpha": false,
          "pointer": false,
          "pertoken": false,
          "minrequired": 0,
          "chance": 50,
          "actions": [],
          "files": [
            {
              "id": "FratX1rCxadbb0WP",
              "name": "fa_battlemaps/Animations/DustParticles_A1_01.webm",
              "selected": true
            },
            {
              "id": "8bZghey5wpH3J2PR",
              "name": "modules/fa-battlemaps/images/Transparent.webp",
              "selected": false
            }
          ]
        },
        "betterroofs": {
          "brMode": false,
          "occlusionLinkId": "",
          "occlusionLinkSource": false
        }
      },
      "x": 1800,
      "y": 1900,
      "elevation": 20,
      "sort": 100,
      "restrictions": {
        "light": false,
        "weather": false
      },
      "_key": "!scenes.tiles!anufFn5FNH9Z59lk.2u8WXECD6IMiNypG"
    },
    {
      "texture": {
        "src": "modules/fa-battlemaps/images/Transparent.webp",
        "scaleX": 1,
        "scaleY": 1,
        "offsetX": 0,
        "offsetY": 0,
        "rotation": 0,
        "tint": "#ffffff",
        "anchorX": 0.5,
        "anchorY": 0.5,
        "fit": "fill",
        "alphaThreshold": 0.75
      },
      "width": 500,
      "height": 500,
      "rotation": 0,
      "alpha": 1,
      "hidden": false,
      "locked": false,
      "occlusion": {
        "mode": 0,
        "alpha": 1
      },
      "video": {
        "loop": true,
        "autoplay": true,
        "volume": 0
      },
      "flags": {
        "tagger": {
          "tags": [
            "animation"
          ]
        },
        "monks-active-tiles": {
          "active": false,
          "fileindex": 1,
          "record": false,
          "restriction": "all",
          "controlled": "gm",
          "trigger": [
            ""
          ],
          "allowpaused": false,
          "usealpha": false,
          "pointer": false,
          "pertoken": false,
          "minrequired": 0,
          "chance": 50,
          "actions": [],
          "files": [
            {
              "id": "FratX1rCxadbb0WP",
              "name": "fa_battlemaps/Animations/DustParticles_A1_01.webm",
              "selected": true
            },
            {
              "id": "8bZghey5wpH3J2PR",
              "name": "modules/fa-battlemaps/images/Transparent.webp",
              "selected": false
            }
          ]
        },
        "betterroofs": {
          "brMode": false,
          "occlusionLinkId": "",
          "occlusionLinkSource": false
        }
      },
      "x": 1200,
      "y": 2800,
      "_id": "Qt4ONcrT1aY0gi9N",
      "elevation": 20,
      "sort": 100,
      "restrictions": {
        "light": false,
        "weather": false
      },
      "_key": "!scenes.tiles!anufFn5FNH9Z59lk.Qt4ONcrT1aY0gi9N"
    },
    {
      "texture": {
        "src": "modules/fa-battlemaps/images/Transparent.webp",
        "scaleX": 1,
        "scaleY": 1,
        "offsetX": 0,
        "offsetY": 0,
        "rotation": 0,
        "tint": "#ffffff",
        "anchorX": 0.5,
        "anchorY": 0.5,
        "fit": "fill",
        "alphaThreshold": 0.75
      },
      "width": 500,
      "height": 500,
      "rotation": 0,
      "alpha": 1,
      "hidden": false,
      "locked": false,
      "occlusion": {
        "mode": 0,
        "alpha": 1
      },
      "video": {
        "loop": true,
        "autoplay": true,
        "volume": 0
      },
      "flags": {
        "tagger": {
          "tags": [
            "animation"
          ]
        },
        "monks-active-tiles": {
          "active": false,
          "fileindex": 1,
          "record": false,
          "restriction": "all",
          "controlled": "gm",
          "trigger": [
            ""
          ],
          "allowpaused": false,
          "usealpha": false,
          "pointer": false,
          "pertoken": false,
          "minrequired": 0,
          "chance": 50,
          "actions": [],
          "files": [
            {
              "id": "FratX1rCxadbb0WP",
              "name": "fa_battlemaps/Animations/DustParticles_A1_01.webm",
              "selected": true
            },
            {
              "id": "8bZghey5wpH3J2PR",
              "name": "modules/fa-battlemaps/images/Transparent.webp",
              "selected": false
            }
          ]
        },
        "betterroofs": {
          "brMode": false,
          "occlusionLinkId": "",
          "occlusionLinkSource": false
        }
      },
      "x": 2150,
      "y": 1000,
      "_id": "iivhMzbEboxdFliy",
      "elevation": 20,
      "sort": 100,
      "restrictions": {
        "light": false,
        "weather": false
      },
      "_key": "!scenes.tiles!anufFn5FNH9Z59lk.iivhMzbEboxdFliy"
    },
    {
      "texture": {
        "src": "modules/fa-battlemaps/images/Transparent.webp",
        "scaleX": 1,
        "scaleY": 1,
        "offsetX": 0,
        "offsetY": 0,
        "rotation": 0,
        "tint": "#ffffff",
        "anchorX": 0.5,
        "anchorY": 0.5,
        "fit": "fill",
        "alphaThreshold": 0.75
      },
      "width": 500,
      "height": 500,
      "rotation": 0,
      "alpha": 1,
      "hidden": false,
      "locked": false,
      "occlusion": {
        "mode": 0,
        "alpha": 1
      },
      "video": {
        "loop": true,
        "autoplay": true,
        "volume": 0
      },
      "flags": {
        "tagger": {
          "tags": [
            "animation"
          ]
        },
        "monks-active-tiles": {
          "active": false,
          "fileindex": 1,
          "record": false,
          "restriction": "all",
          "controlled": "gm",
          "trigger": [
            ""
          ],
          "allowpaused": false,
          "usealpha": false,
          "pointer": false,
          "pertoken": false,
          "minrequired": 0,
          "chance": 50,
          "actions": [],
          "files": [
            {
              "id": "FratX1rCxadbb0WP",
              "name": "fa_battlemaps/Animations/DustParticles_A1_01.webm",
              "selected": true
            },
            {
              "id": "8bZghey5wpH3J2PR",
              "name": "modules/fa-battlemaps/images/Transparent.webp",
              "selected": false
            }
          ]
        },
        "betterroofs": {
          "brMode": false,
          "occlusionLinkId": "",
          "occlusionLinkSource": false
        }
      },
      "x": 750,
      "y": 700,
      "_id": "AvDieDfC9iark2UX",
      "elevation": 20,
      "sort": 100,
      "restrictions": {
        "light": false,
        "weather": false
      },
      "_key": "!scenes.tiles!anufFn5FNH9Z59lk.AvDieDfC9iark2UX"
    },
    {
      "texture": {
        "src": "modules/fa-battlemaps/images/Transparent.webp",
        "scaleX": 1,
        "scaleY": 1,
        "offsetX": 0,
        "offsetY": 0,
        "rotation": 0,
        "tint": "#ffffff",
        "anchorX": 0.5,
        "anchorY": 0.5,
        "fit": "fill",
        "alphaThreshold": 0.75
      },
      "width": 500,
      "height": 500,
      "rotation": 0,
      "alpha": 1,
      "hidden": false,
      "locked": false,
      "occlusion": {
        "mode": 0,
        "alpha": 1
      },
      "video": {
        "loop": true,
        "autoplay": true,
        "volume": 0
      },
      "flags": {
        "tagger": {
          "tags": [
            "animation"
          ]
        },
        "monks-active-tiles": {
          "active": false,
          "fileindex": 1,
          "record": false,
          "restriction": "all",
          "controlled": "gm",
          "trigger": [
            ""
          ],
          "allowpaused": false,
          "usealpha": false,
          "pointer": false,
          "pertoken": false,
          "minrequired": 0,
          "chance": 50,
          "actions": [],
          "files": [
            {
              "id": "FratX1rCxadbb0WP",
              "name": "fa_battlemaps/Animations/DustParticles_A1_01.webm",
              "selected": true
            },
            {
              "id": "8bZghey5wpH3J2PR",
              "name": "modules/fa-battlemaps/images/Transparent.webp",
              "selected": false
            }
          ]
        },
        "betterroofs": {
          "brMode": false,
          "occlusionLinkId": "",
          "occlusionLinkSource": false
        }
      },
      "x": 700,
      "y": 1850,
      "_id": "f7JZWyRRhpTKA5d4",
      "elevation": 20,
      "sort": 100,
      "restrictions": {
        "light": false,
        "weather": false
      },
      "_key": "!scenes.tiles!anufFn5FNH9Z59lk.f7JZWyRRhpTKA5d4"
    }
  ],
  "walls": [
    {
      "dir": 0,
      "door": 0,
      "ds": 0,
      "light": 20,
      "sight": 20,
      "sound": 20,
      "move": 20,
      "c": [
        700,
        700,
        3200,
        700
      ],
      "_id": "tum8i3SXC6pYiciz",
      "flags": {},
      "threshold": {
        "light": null,
        "sight": null,
        "sound": null,
        "attenuation": false
      },
      "_key": "!scenes.walls!anufFn5FNH9Z59lk.tum8i3SXC6pYiciz"
    },
    {
      "dir": 0,
      "door": 0,
      "ds": 0,
      "light": 20,
      "sight": 20,
      "sound": 20,
      "move": 20,
      "c": [
        3200,
        700,
        3200,
        3200
      ],
      "_id": "CYHMDAHsrbl3o7do",
      "flags": {},
      "threshold": {
        "light": null,
        "sight": null,
        "sound": null,
        "attenuation": false
      },
      "_key": "!scenes.walls!anufFn5FNH9Z59lk.CYHMDAHsrbl3o7do"
    },
    {
      "dir": 0,
      "door": 0,
      "ds": 0,
      "light": 20,
      "sight": 20,
      "sound": 20,
      "move": 20,
      "c": [
        3200,
        3200,
        700,
        3200
      ],
      "_id": "UONt2XfHrvt2w0Kv",
      "flags": {},
      "threshold": {
        "light": null,
        "sight": null,
        "sound": null,
        "attenuation": false
      },
      "_key": "!scenes.walls!anufFn5FNH9Z59lk.UONt2XfHrvt2w0Kv"
    },
    {
      "dir": 0,
      "door": 0,
      "ds": 0,
      "light": 20,
      "sight": 20,
      "sound": 20,
      "move": 20,
      "c": [
        700,
        3200,
        700,
        700
      ],
      "_id": "NbGkKxD2omXvwBL0",
      "flags": {},
      "threshold": {
        "light": null,
        "sight": null,
        "sound": null,
        "attenuation": false
      },
      "_key": "!scenes.walls!anufFn5FNH9Z59lk.NbGkKxD2omXvwBL0"
    },
    {
      "_id": "jQYKaF7hjStGrEZx",
      "c": [
        825,
        3137,
        787,
        3125
      ],
      "light": 10,
      "move": 20,
      "sight": 10,
      "sound": 10,
      "dir": 0,
      "door": 0,
      "ds": 0,
      "flags": {},
      "threshold": {
        "light": null,
        "sight": null,
        "sound": null,
        "attenuation": false
      },
      "_key": "!scenes.walls!anufFn5FNH9Z59lk.jQYKaF7hjStGrEZx"
    },
    {
      "_id": "7L4x3cvvctenD61G",
      "c": [
        787,
        3125,
        775,
        3162
      ],
      "light": 10,
      "move": 20,
      "sight": 10,
      "sound": 10,
      "dir": 0,
      "door": 0,
      "ds": 0,
      "flags": {},
      "threshold": {
        "light": null,
        "sight": null,
        "sound": null,
        "attenuation": false
      },
      "_key": "!scenes.walls!anufFn5FNH9Z59lk.7L4x3cvvctenD61G"
    },
    {
      "_id": "hgkFgNLLB7m66QWI",
      "c": [
        775,
        3162,
        812,
        3175
      ],
      "light": 10,
      "move": 20,
      "sight": 10,
      "sound": 10,
      "dir": 0,
      "door": 0,
      "ds": 0,
      "flags": {},
      "threshold": {
        "light": null,
        "sight": null,
        "sound": null,
        "attenuation": false
      },
      "_key": "!scenes.walls!anufFn5FNH9Z59lk.hgkFgNLLB7m66QWI"
    },
    {
      "_id": "WrKl7Ti92ffAzy9p",
      "c": [
        812,
        3175,
        825,
        3137
      ],
      "light": 10,
      "move": 20,
      "sight": 10,
      "sound": 10,
      "dir": 0,
      "door": 0,
      "ds": 0,
      "flags": {},
      "threshold": {
        "light": null,
        "sight": null,
        "sound": null,
        "attenuation": false
      },
      "_key": "!scenes.walls!anufFn5FNH9Z59lk.WrKl7Ti92ffAzy9p"
    },
    {
      "_id": "rL0DXNcmMTlzKBjo",
      "c": [
        2000,
        2975,
        1975,
        3025
      ],
      "light": 10,
      "move": 20,
      "sight": 10,
      "sound": 10,
      "dir": 0,
      "door": 0,
      "ds": 0,
      "flags": {},
      "threshold": {
        "light": null,
        "sight": null,
        "sound": null,
        "attenuation": false
      },
      "_key": "!scenes.walls!anufFn5FNH9Z59lk.rL0DXNcmMTlzKBjo"
    },
    {
      "_id": "8ywHACKwcnZsq4g6",
      "c": [
        1975,
        3025,
        1937,
        3000
      ],
      "light": 10,
      "move": 20,
      "sight": 10,
      "sound": 10,
      "dir": 0,
      "door": 0,
      "ds": 0,
      "flags": {},
      "threshold": {
        "light": null,
        "sight": null,
        "sound": null,
        "attenuation": false
      },
      "_key": "!scenes.walls!anufFn5FNH9Z59lk.8ywHACKwcnZsq4g6"
    },
    {
      "_id": "U5wU9D99pMPILKNX",
      "c": [
        1937,
        3000,
        1950,
        2962
      ],
      "light": 10,
      "move": 20,
      "sight": 10,
      "sound": 10,
      "dir": 0,
      "door": 0,
      "ds": 0,
      "flags": {},
      "threshold": {
        "light": null,
        "sight": null,
        "sound": null,
        "attenuation": false
      },
      "_key": "!scenes.walls!anufFn5FNH9Z59lk.U5wU9D99pMPILKNX"
    },
    {
      "_id": "AQ7HeNRdDxO1txEz",
      "c": [
        1950,
        2962,
        2000,
        2975
      ],
      "light": 10,
      "move": 20,
      "sight": 10,
      "sound": 10,
      "dir": 0,
      "door": 0,
      "ds": 0,
      "flags": {},
      "threshold": {
        "light": null,
        "sight": null,
        "sound": null,
        "attenuation": false
      },
      "_key": "!scenes.walls!anufFn5FNH9Z59lk.AQ7HeNRdDxO1txEz"
    },
    {
      "_id": "TZrFm5rfQ0Ktr42c",
      "c": [
        787,
        2450,
        775,
        2475
      ],
      "light": 10,
      "move": 20,
      "sight": 10,
      "sound": 10,
      "dir": 0,
      "door": 0,
      "ds": 0,
      "flags": {},
      "threshold": {
        "light": null,
        "sight": null,
        "sound": null,
        "attenuation": false
      },
      "_key": "!scenes.walls!anufFn5FNH9Z59lk.TZrFm5rfQ0Ktr42c"
    },
    {
      "_id": "hQop6HMn5I9kM6EG",
      "c": [
        775,
        2475,
        750,
        2462
      ],
      "light": 10,
      "move": 20,
      "sight": 10,
      "sound": 10,
      "dir": 0,
      "door": 0,
      "ds": 0,
      "flags": {},
      "threshold": {
        "light": null,
        "sight": null,
        "sound": null,
        "attenuation": false
      },
      "_key": "!scenes.walls!anufFn5FNH9Z59lk.hQop6HMn5I9kM6EG"
    },
    {
      "_id": "BrbhFIojmVs6Q0Pj",
      "c": [
        750,
        2462,
        762,
        2437
      ],
      "light": 10,
      "move": 20,
      "sight": 10,
      "sound": 10,
      "dir": 0,
      "door": 0,
      "ds": 0,
      "flags": {},
      "threshold": {
        "light": null,
        "sight": null,
        "sound": null,
        "attenuation": false
      },
      "_key": "!scenes.walls!anufFn5FNH9Z59lk.BrbhFIojmVs6Q0Pj"
    },
    {
      "_id": "plkOcqXzvLTSH3L1",
      "c": [
        762,
        2437,
        787,
        2450
      ],
      "light": 10,
      "move": 20,
      "sight": 10,
      "sound": 10,
      "dir": 0,
      "door": 0,
      "ds": 0,
      "flags": {},
      "threshold": {
        "light": null,
        "sight": null,
        "sound": null,
        "attenuation": false
      },
      "_key": "!scenes.walls!anufFn5FNH9Z59lk.plkOcqXzvLTSH3L1"
    },
    {
      "_id": "2g2ZFkLjZsTzUq5z",
      "c": [
        1762,
        1737,
        1725,
        1700
      ],
      "light": 10,
      "move": 20,
      "sight": 10,
      "sound": 10,
      "dir": 0,
      "door": 0,
      "ds": 0,
      "flags": {},
      "threshold": {
        "light": null,
        "sight": null,
        "sound": null,
        "attenuation": false
      },
      "_key": "!scenes.walls!anufFn5FNH9Z59lk.2g2ZFkLjZsTzUq5z"
    },
    {
      "_id": "9Xo89YS539w6ZzCj",
      "c": [
        1725,
        1700,
        1687,
        1737
      ],
      "light": 10,
      "move": 20,
      "sight": 10,
      "sound": 10,
      "dir": 0,
      "door": 0,
      "ds": 0,
      "flags": {},
      "threshold": {
        "light": null,
        "sight": null,
        "sound": null,
        "attenuation": false
      },
      "_key": "!scenes.walls!anufFn5FNH9Z59lk.9Xo89YS539w6ZzCj"
    },
    {
      "_id": "7H8yoggXEvLn15se",
      "c": [
        1687,
        1737,
        1725,
        1762
      ],
      "light": 10,
      "move": 20,
      "sight": 10,
      "sound": 10,
      "dir": 0,
      "door": 0,
      "ds": 0,
      "flags": {},
      "threshold": {
        "light": null,
        "sight": null,
        "sound": null,
        "attenuation": false
      },
      "_key": "!scenes.walls!anufFn5FNH9Z59lk.7H8yoggXEvLn15se"
    },
    {
      "_id": "v1JT402SSI7d31re",
      "c": [
        1725,
        1762,
        1762,
        1737
      ],
      "light": 10,
      "move": 20,
      "sight": 10,
      "sound": 10,
      "dir": 0,
      "door": 0,
      "ds": 0,
      "flags": {},
      "threshold": {
        "light": null,
        "sight": null,
        "sound": null,
        "attenuation": false
      },
      "_key": "!scenes.walls!anufFn5FNH9Z59lk.v1JT402SSI7d31re"
    },
    {
      "_id": "wsld3XguiMzmKPsZ",
      "c": [
        1262,
        1137,
        1237,
        1187
      ],
      "light": 10,
      "move": 20,
      "sight": 10,
      "sound": 10,
      "dir": 0,
      "door": 0,
      "ds": 0,
      "flags": {},
      "threshold": {
        "light": null,
        "sight": null,
        "sound": null,
        "attenuation": false
      },
      "_key": "!scenes.walls!anufFn5FNH9Z59lk.wsld3XguiMzmKPsZ"
    },
    {
      "_id": "DUXbwqMvLX0HnoGh",
      "c": [
        1237,
        1187,
        1187,
        1150
      ],
      "light": 10,
      "move": 20,
      "sight": 10,
      "sound": 10,
      "dir": 0,
      "door": 0,
      "ds": 0,
      "flags": {},
      "threshold": {
        "light": null,
        "sight": null,
        "sound": null,
        "attenuation": false
      },
      "_key": "!scenes.walls!anufFn5FNH9Z59lk.DUXbwqMvLX0HnoGh"
    },
    {
      "_id": "I4AFg0jLuRiFesKn",
      "c": [
        1187,
        1150,
        1212,
        1112
      ],
      "light": 10,
      "move": 20,
      "sight": 10,
      "sound": 10,
      "dir": 0,
      "door": 0,
      "ds": 0,
      "flags": {},
      "threshold": {
        "light": null,
        "sight": null,
        "sound": null,
        "attenuation": false
      },
      "_key": "!scenes.walls!anufFn5FNH9Z59lk.I4AFg0jLuRiFesKn"
    },
    {
      "_id": "Yd5fzmYhhN8TOQ0y",
      "c": [
        1212,
        1112,
        1262,
        1137
      ],
      "light": 10,
      "move": 20,
      "sight": 10,
      "sound": 10,
      "dir": 0,
      "door": 0,
      "ds": 0,
      "flags": {},
      "threshold": {
        "light": null,
        "sight": null,
        "sound": null,
        "attenuation": false
      },
      "_key": "!scenes.walls!anufFn5FNH9Z59lk.Yd5fzmYhhN8TOQ0y"
    },
    {
      "_id": "n77qJyfUVUxRzkhS",
      "c": [
        1762,
        762,
        1737,
        787
      ],
      "light": 10,
      "move": 20,
      "sight": 10,
      "sound": 10,
      "dir": 0,
      "door": 0,
      "ds": 0,
      "flags": {},
      "threshold": {
        "light": null,
        "sight": null,
        "sound": null,
        "attenuation": false
      },
      "_key": "!scenes.walls!anufFn5FNH9Z59lk.n77qJyfUVUxRzkhS"
    },
    {
      "_id": "XRzVZDvvUlSrnQO6",
      "c": [
        1737,
        787,
        1712,
        762
      ],
      "light": 10,
      "move": 20,
      "sight": 10,
      "sound": 10,
      "dir": 0,
      "door": 0,
      "ds": 0,
      "flags": {},
      "threshold": {
        "light": null,
        "sight": null,
        "sound": null,
        "attenuation": false
      },
      "_key": "!scenes.walls!anufFn5FNH9Z59lk.XRzVZDvvUlSrnQO6"
    },
    {
      "_id": "WO4iJcoH62UkVbCS",
      "c": [
        1712,
        762,
        1737,
        737
      ],
      "light": 10,
      "move": 20,
      "sight": 10,
      "sound": 10,
      "dir": 0,
      "door": 0,
      "ds": 0,
      "flags": {},
      "threshold": {
        "light": null,
        "sight": null,
        "sound": null,
        "attenuation": false
      },
      "_key": "!scenes.walls!anufFn5FNH9Z59lk.WO4iJcoH62UkVbCS"
    },
    {
      "_id": "S7zNfs0ac4AODJvj",
      "c": [
        1737,
        737,
        1762,
        762
      ],
      "light": 10,
      "move": 20,
      "sight": 10,
      "sound": 10,
      "dir": 0,
      "door": 0,
      "ds": 0,
      "flags": {},
      "threshold": {
        "light": null,
        "sight": null,
        "sound": null,
        "attenuation": false
      },
      "_key": "!scenes.walls!anufFn5FNH9Z59lk.S7zNfs0ac4AODJvj"
    },
    {
      "_id": "Gxjcpf6B9O0PWmHU",
      "c": [
        2587,
        850,
        2550,
        887
      ],
      "light": 10,
      "move": 20,
      "sight": 10,
      "sound": 10,
      "dir": 0,
      "door": 0,
      "ds": 0,
      "flags": {},
      "threshold": {
        "light": null,
        "sight": null,
        "sound": null,
        "attenuation": false
      },
      "_key": "!scenes.walls!anufFn5FNH9Z59lk.Gxjcpf6B9O0PWmHU"
    },
    {
      "_id": "xGIvV79oMLVEsovc",
      "c": [
        2550,
        887,
        2512,
        850
      ],
      "light": 10,
      "move": 20,
      "sight": 10,
      "sound": 10,
      "dir": 0,
      "door": 0,
      "ds": 0,
      "flags": {},
      "threshold": {
        "light": null,
        "sight": null,
        "sound": null,
        "attenuation": false
      },
      "_key": "!scenes.walls!anufFn5FNH9Z59lk.xGIvV79oMLVEsovc"
    },
    {
      "_id": "RBHUKUTIgupeqeBf",
      "c": [
        2512,
        850,
        2550,
        812
      ],
      "light": 10,
      "move": 20,
      "sight": 10,
      "sound": 10,
      "dir": 0,
      "door": 0,
      "ds": 0,
      "flags": {},
      "threshold": {
        "light": null,
        "sight": null,
        "sound": null,
        "attenuation": false
      },
      "_key": "!scenes.walls!anufFn5FNH9Z59lk.RBHUKUTIgupeqeBf"
    },
    {
      "_id": "TOd5eI75QtygOhm5",
      "c": [
        2550,
        812,
        2587,
        850
      ],
      "light": 10,
      "move": 20,
      "sight": 10,
      "sound": 10,
      "dir": 0,
      "door": 0,
      "ds": 0,
      "flags": {},
      "threshold": {
        "light": null,
        "sight": null,
        "sound": null,
        "attenuation": false
      },
      "_key": "!scenes.walls!anufFn5FNH9Z59lk.TOd5eI75QtygOhm5"
    },
    {
      "_id": "LJPZk7GNyxzbMv0S",
      "c": [
        2375,
        2162,
        2350,
        2187
      ],
      "light": 10,
      "move": 20,
      "sight": 10,
      "sound": 10,
      "dir": 0,
      "door": 0,
      "ds": 0,
      "flags": {},
      "threshold": {
        "light": null,
        "sight": null,
        "sound": null,
        "attenuation": false
      },
      "_key": "!scenes.walls!anufFn5FNH9Z59lk.LJPZk7GNyxzbMv0S"
    },
    {
      "_id": "ZzaNbw2UcDCAdlyP",
      "c": [
        2350,
        2187,
        2325,
        2162
      ],
      "light": 10,
      "move": 20,
      "sight": 10,
      "sound": 10,
      "dir": 0,
      "door": 0,
      "ds": 0,
      "flags": {},
      "threshold": {
        "light": null,
        "sight": null,
        "sound": null,
        "attenuation": false
      },
      "_key": "!scenes.walls!anufFn5FNH9Z59lk.ZzaNbw2UcDCAdlyP"
    },
    {
      "_id": "rhgygAP2MyHI1mES",
      "c": [
        2325,
        2162,
        2350,
        2137
      ],
      "light": 10,
      "move": 20,
      "sight": 10,
      "sound": 10,
      "dir": 0,
      "door": 0,
      "ds": 0,
      "flags": {},
      "threshold": {
        "light": null,
        "sight": null,
        "sound": null,
        "attenuation": false
      },
      "_key": "!scenes.walls!anufFn5FNH9Z59lk.rhgygAP2MyHI1mES"
    },
    {
      "_id": "s12cks8itEvpMG40",
      "c": [
        2350,
        2137,
        2375,
        2162
      ],
      "light": 10,
      "move": 20,
      "sight": 10,
      "sound": 10,
      "dir": 0,
      "door": 0,
      "ds": 0,
      "flags": {},
      "threshold": {
        "light": null,
        "sight": null,
        "sound": null,
        "attenuation": false
      },
      "_key": "!scenes.walls!anufFn5FNH9Z59lk.s12cks8itEvpMG40"
    },
    {
      "_id": "EixGdnfeclayiQfn",
      "c": [
        3162,
        2050,
        3150,
        2087
      ],
      "light": 10,
      "move": 20,
      "sight": 10,
      "sound": 10,
      "dir": 0,
      "door": 0,
      "ds": 0,
      "flags": {},
      "threshold": {
        "light": null,
        "sight": null,
        "sound": null,
        "attenuation": false
      },
      "_key": "!scenes.walls!anufFn5FNH9Z59lk.EixGdnfeclayiQfn"
    },
    {
      "_id": "Nve9F1GthTt40bat",
      "c": [
        3150,
        2087,
        3100,
        2075
      ],
      "light": 10,
      "move": 20,
      "sight": 10,
      "sound": 10,
      "dir": 0,
      "door": 0,
      "ds": 0,
      "flags": {},
      "threshold": {
        "light": null,
        "sight": null,
        "sound": null,
        "attenuation": false
      },
      "_key": "!scenes.walls!anufFn5FNH9Z59lk.Nve9F1GthTt40bat"
    },
    {
      "_id": "p4XmbiHlfAPZcsQY",
      "c": [
        3100,
        2075,
        3125,
        2037
      ],
      "light": 10,
      "move": 20,
      "sight": 10,
      "sound": 10,
      "dir": 0,
      "door": 0,
      "ds": 0,
      "flags": {},
      "threshold": {
        "light": null,
        "sight": null,
        "sound": null,
        "attenuation": false
      },
      "_key": "!scenes.walls!anufFn5FNH9Z59lk.p4XmbiHlfAPZcsQY"
    },
    {
      "_id": "8AcS6HAv0T5hwZjd",
      "c": [
        3125,
        2037,
        3162,
        2050
      ],
      "light": 10,
      "move": 20,
      "sight": 10,
      "sound": 10,
      "dir": 0,
      "door": 0,
      "ds": 0,
      "flags": {},
      "threshold": {
        "light": null,
        "sight": null,
        "sound": null,
        "attenuation": false
      },
      "_key": "!scenes.walls!anufFn5FNH9Z59lk.8AcS6HAv0T5hwZjd"
    }
  ],
  "playlist": null,
  "playlistSound": null,
  "journal": null,
  "journalEntryPage": null,
  "weather": "",
  "flags": {},
  "_stats": {
    "systemId": "dnd5e",
    "systemVersion": "2.4.1",
    "coreVersion": "12.330",
    "createdTime": 1675821217673,
    "modifiedTime": 1723948174817,
    "lastModifiedBy": "dnd5ebuilder0000",
    "compendiumSource": "Scene.anufFn5FNH9Z59lk",
    "duplicateSource": null
  },
  "_id": "anufFn5FNH9Z59lk",
  "active": false,
  "folder": null,
  "sort": 0,
  "ownership": {
    "default": 0
  },
  "regions": [],
  "environment": {
    "globalLight": {
      "luminosity": 0,
      "enabled": true,
      "darkness": {
        "max": 0.75,
        "min": 0
      },
      "alpha": 0.5,
      "bright": false,
      "color": null,
      "coloration": 1,
      "saturation": 0,
      "contrast": 0,
      "shadows": 0
    },
    "darknessLevel": 0,
    "darknessLock": false,
    "cycle": true,
    "base": {
      "hue": 0,
      "intensity": 0,
      "luminosity": 0,
      "saturation": 0,
      "shadows": 0
    },
    "dark": {
      "hue": 0.7138888888888889,
      "intensity": 0,
      "luminosity": -0.25,
      "saturation": 0,
      "shadows": 0
    }
  },
  "fog": {
    "exploration": true,
    "reset": 1675821217671,
    "overlay": null,
    "colors": {
      "explored": null,
      "unexplored": null
    }
  },
  "_key": "!scenes!anufFn5FNH9Z59lk"
}
