{
  "name": "Swamp C [25x25]",
  "navigation": false,
  "navOrder": 0,
  "navName": "",
  "background": {
    "src": null,
    "scaleX": 1,
    "scaleY": 1,
    "offsetX": 0,
    "offsetY": 0,
    "rotation": 0,
    "tint": "#ffffff",
    "anchorX": 0,
    "anchorY": 0,
    "fit": "fill",
    "alphaThreshold": 0
  },
  "foreground": null,
  "foregroundElevation": 20,
  "thumb": "modules/fa-battlemaps/assets/scenes/q9dUUSWs0ljRvvMA-thumb.webp",
  "width": 2500,
  "height": 2500,
  "padding": 0.25,
  "initial": {
    "x": null,
    "y": null,
    "scale": null
  },
  "backgroundColor": "#000000",
  "grid": {
    "type": 1,
    "size": 100,
    "color": "#000000",
    "alpha": 0.2,
    "distance": 5,
    "units": "ft",
    "style": "solidLines",
    "thickness": 1
  },
  "tokenVision": true,
  "drawings": [],
  "tokens": [],
  "lights": [
    {
      "x": 2900,
      "y": 1400,
      "rotation": 0,
      "walls": true,
      "vision": false,
      "config": {
        "alpha": 0.2,
        "angle": 360,
        "bright": 0,
        "coloration": 0,
        "dim": 15,
        "luminosity": 0.5,
        "saturation": 0,
        "contrast": 0,
        "shadows": 0,
        "animation": {
          "speed": 3,
          "intensity": 4,
          "reverse": false,
          "type": "ghost"
        },
        "darkness": {
          "min": 0,
          "max": 0.7
        },
        "color": "#515e21",
        "attenuation": 0.5,
        "negative": false,
        "priority": 0
      },
      "hidden": false,
      "flags": {
        "tagger": {
          "tags": ""
        }
      },
      "_id": "fFu5bs8hXdZtqrCw",
      "elevation": 0,
      "_key": "!scenes.lights!q9dUUSWs0ljRvvMA.fFu5bs8hXdZtqrCw"
    },
    {
      "x": 2900,
      "y": 900,
      "rotation": 0,
      "walls": true,
      "vision": false,
      "config": {
        "alpha": 0.2,
        "angle": 360,
        "bright": 0,
        "coloration": 0,
        "dim": 15,
        "luminosity": 0.5,
        "saturation": 0,
        "contrast": 0,
        "shadows": 0,
        "animation": {
          "speed": 3,
          "intensity": 4,
          "reverse": false,
          "type": "ghost"
        },
        "darkness": {
          "min": 0,
          "max": 0.7
        },
        "color": "#515e21",
        "attenuation": 0.5,
        "negative": false,
        "priority": 0
      },
      "hidden": false,
      "flags": {
        "tagger": {
          "tags": ""
        }
      },
      "_id": "Wnv1SNsbTqoobPAt",
      "elevation": 0,
      "_key": "!scenes.lights!q9dUUSWs0ljRvvMA.Wnv1SNsbTqoobPAt"
    },
    {
      "x": 2500,
      "y": 1700,
      "rotation": 0,
      "walls": true,
      "vision": false,
      "config": {
        "alpha": 0.2,
        "angle": 360,
        "bright": 0,
        "coloration": 0,
        "dim": 15,
        "luminosity": 0.5,
        "saturation": 0,
        "contrast": 0,
        "shadows": 0,
        "animation": {
          "speed": 3,
          "intensity": 4,
          "reverse": false,
          "type": "ghost"
        },
        "darkness": {
          "min": 0,
          "max": 0.7
        },
        "color": "#515e21",
        "attenuation": 0.5,
        "negative": false,
        "priority": 0
      },
      "hidden": false,
      "flags": {
        "tagger": {
          "tags": ""
        }
      },
      "_id": "X2E83o251t2EyQ2z",
      "elevation": 0,
      "_key": "!scenes.lights!q9dUUSWs0ljRvvMA.X2E83o251t2EyQ2z"
    },
    {
      "x": 2400,
      "y": 2100,
      "rotation": 0,
      "walls": true,
      "vision": false,
      "config": {
        "alpha": 0.2,
        "angle": 360,
        "bright": 0,
        "coloration": 0,
        "dim": 15,
        "luminosity": 0.5,
        "saturation": 0,
        "contrast": 0,
        "shadows": 0,
        "animation": {
          "speed": 3,
          "intensity": 4,
          "reverse": false,
          "type": "ghost"
        },
        "darkness": {
          "min": 0,
          "max": 0.7
        },
        "color": "#515e21",
        "attenuation": 0.5,
        "negative": false,
        "priority": 0
      },
      "hidden": false,
      "flags": {
        "tagger": {
          "tags": ""
        }
      },
      "_id": "OeohFjvXf7idgWGY",
      "elevation": 0,
      "_key": "!scenes.lights!q9dUUSWs0ljRvvMA.OeohFjvXf7idgWGY"
    },
    {
      "x": 2700,
      "y": 2900,
      "rotation": 0,
      "walls": true,
      "vision": false,
      "config": {
        "alpha": 0.2,
        "angle": 360,
        "bright": 0,
        "coloration": 0,
        "dim": 15,
        "luminosity": 0.5,
        "saturation": 0,
        "contrast": 0,
        "shadows": 0,
        "animation": {
          "speed": 3,
          "intensity": 4,
          "reverse": false,
          "type": "ghost"
        },
        "darkness": {
          "min": 0,
          "max": 0.7
        },
        "color": "#515e21",
        "attenuation": 0.5,
        "negative": false,
        "priority": 0
      },
      "hidden": false,
      "flags": {
        "tagger": {
          "tags": ""
        }
      },
      "_id": "vVmNXtyaWp8tOA9y",
      "elevation": 0,
      "_key": "!scenes.lights!q9dUUSWs0ljRvvMA.vVmNXtyaWp8tOA9y"
    },
    {
      "x": 3100,
      "y": 2800,
      "rotation": 0,
      "walls": true,
      "vision": false,
      "config": {
        "alpha": 0.2,
        "angle": 360,
        "bright": 0,
        "coloration": 0,
        "dim": 15,
        "luminosity": 0.5,
        "saturation": 0,
        "contrast": 0,
        "shadows": 0,
        "animation": {
          "speed": 3,
          "intensity": 4,
          "reverse": false,
          "type": "ghost"
        },
        "darkness": {
          "min": 0,
          "max": 0.7
        },
        "color": "#515e21",
        "attenuation": 0.5,
        "negative": false,
        "priority": 0
      },
      "hidden": false,
      "flags": {
        "tagger": {
          "tags": ""
        }
      },
      "_id": "tpzhdojHTtRL4KMe",
      "elevation": 0,
      "_key": "!scenes.lights!q9dUUSWs0ljRvvMA.tpzhdojHTtRL4KMe"
    },
    {
      "x": 1400,
      "y": 2300,
      "rotation": 0,
      "walls": true,
      "vision": false,
      "config": {
        "alpha": 0.2,
        "angle": 360,
        "bright": 0,
        "coloration": 0,
        "dim": 15,
        "luminosity": 0.5,
        "saturation": 0,
        "contrast": 0,
        "shadows": 0,
        "animation": {
          "speed": 3,
          "intensity": 4,
          "reverse": false,
          "type": "ghost"
        },
        "darkness": {
          "min": 0,
          "max": 0.7
        },
        "color": "#515e21",
        "attenuation": 0.5,
        "negative": false,
        "priority": 0
      },
      "hidden": false,
      "flags": {
        "tagger": {
          "tags": ""
        }
      },
      "_id": "8QjTMBmjDKk3r5Zv",
      "elevation": 0,
      "_key": "!scenes.lights!q9dUUSWs0ljRvvMA.8QjTMBmjDKk3r5Zv"
    },
    {
      "x": 1400,
      "y": 1700,
      "rotation": 0,
      "walls": true,
      "vision": false,
      "config": {
        "alpha": 0.2,
        "angle": 360,
        "bright": 0,
        "coloration": 0,
        "dim": 15,
        "luminosity": 0.5,
        "saturation": 0,
        "contrast": 0,
        "shadows": 0,
        "animation": {
          "speed": 3,
          "intensity": 4,
          "reverse": false,
          "type": "ghost"
        },
        "darkness": {
          "min": 0,
          "max": 0.7
        },
        "color": "#515e21",
        "attenuation": 0.5,
        "negative": false,
        "priority": 0
      },
      "hidden": false,
      "flags": {
        "tagger": {
          "tags": ""
        }
      },
      "_id": "7Q2YFknxMyP4LGgz",
      "elevation": 0,
      "_key": "!scenes.lights!q9dUUSWs0ljRvvMA.7Q2YFknxMyP4LGgz"
    },
    {
      "x": 1600,
      "y": 1100,
      "rotation": 0,
      "walls": true,
      "vision": false,
      "config": {
        "alpha": 0.2,
        "angle": 360,
        "bright": 0,
        "coloration": 0,
        "dim": 15,
        "luminosity": 0.5,
        "saturation": 0,
        "contrast": 0,
        "shadows": 0,
        "animation": {
          "speed": 3,
          "intensity": 4,
          "reverse": false,
          "type": "ghost"
        },
        "darkness": {
          "min": 0,
          "max": 0.7
        },
        "color": "#515e21",
        "attenuation": 0.5,
        "negative": false,
        "priority": 0
      },
      "hidden": false,
      "flags": {
        "tagger": {
          "tags": ""
        }
      },
      "_id": "InY2gYDsBpoRJBZj",
      "elevation": 0,
      "_key": "!scenes.lights!q9dUUSWs0ljRvvMA.InY2gYDsBpoRJBZj"
    },
    {
      "x": 1100,
      "y": 1000,
      "rotation": 0,
      "walls": true,
      "vision": false,
      "config": {
        "alpha": 0.2,
        "angle": 360,
        "bright": 0,
        "coloration": 0,
        "dim": 15,
        "luminosity": 0.5,
        "saturation": 0,
        "contrast": 0,
        "shadows": 0,
        "animation": {
          "speed": 3,
          "intensity": 4,
          "reverse": false,
          "type": "ghost"
        },
        "darkness": {
          "min": 0,
          "max": 0.7
        },
        "color": "#515e21",
        "attenuation": 0.5,
        "negative": false,
        "priority": 0
      },
      "hidden": false,
      "flags": {
        "tagger": {
          "tags": ""
        }
      },
      "_id": "Zn5DBRgJHLS1cHX6",
      "elevation": 0,
      "_key": "!scenes.lights!q9dUUSWs0ljRvvMA.Zn5DBRgJHLS1cHX6"
    },
    {
      "x": 900,
      "y": 1500,
      "rotation": 0,
      "walls": true,
      "vision": false,
      "config": {
        "alpha": 0.2,
        "angle": 360,
        "bright": 0,
        "coloration": 0,
        "dim": 15,
        "luminosity": 0.5,
        "saturation": 0,
        "contrast": 0,
        "shadows": 0,
        "animation": {
          "speed": 3,
          "intensity": 4,
          "reverse": false,
          "type": "ghost"
        },
        "darkness": {
          "min": 0,
          "max": 0.7
        },
        "color": "#515e21",
        "attenuation": 0.5,
        "negative": false,
        "priority": 0
      },
      "hidden": false,
      "flags": {
        "tagger": {
          "tags": ""
        }
      },
      "_id": "PimORLiKUbUoi980",
      "elevation": 0,
      "_key": "!scenes.lights!q9dUUSWs0ljRvvMA.PimORLiKUbUoi980"
    },
    {
      "x": 900,
      "y": 2500,
      "rotation": 0,
      "walls": true,
      "vision": false,
      "config": {
        "alpha": 0.2,
        "angle": 360,
        "bright": 0,
        "coloration": 0,
        "dim": 15,
        "luminosity": 0.5,
        "saturation": 0,
        "contrast": 0,
        "shadows": 0,
        "animation": {
          "speed": 3,
          "intensity": 4,
          "reverse": false,
          "type": "ghost"
        },
        "darkness": {
          "min": 0,
          "max": 0.7
        },
        "color": "#515e21",
        "attenuation": 0.5,
        "negative": false,
        "priority": 0
      },
      "hidden": false,
      "flags": {
        "tagger": {
          "tags": ""
        }
      },
      "_id": "0ohd9eG6LvnlACyC",
      "elevation": 0,
      "_key": "!scenes.lights!q9dUUSWs0ljRvvMA.0ohd9eG6LvnlACyC"
    },
    {
      "x": 1200,
      "y": 2900,
      "rotation": 0,
      "walls": true,
      "vision": false,
      "config": {
        "alpha": 0.2,
        "angle": 360,
        "bright": 0,
        "coloration": 0,
        "dim": 15,
        "luminosity": 0.5,
        "saturation": 0,
        "contrast": 0,
        "shadows": 0,
        "animation": {
          "speed": 3,
          "intensity": 4,
          "reverse": false,
          "type": "ghost"
        },
        "darkness": {
          "min": 0,
          "max": 0.7
        },
        "color": "#515e21",
        "attenuation": 0.5,
        "negative": false,
        "priority": 0
      },
      "hidden": false,
      "flags": {
        "tagger": {
          "tags": ""
        }
      },
      "_id": "lxDDQHopbdpATdSj",
      "elevation": 0,
      "_key": "!scenes.lights!q9dUUSWs0ljRvvMA.lxDDQHopbdpATdSj"
    },
    {
      "x": 1900,
      "y": 2500,
      "rotation": 0,
      "walls": true,
      "vision": false,
      "config": {
        "alpha": 0.2,
        "angle": 360,
        "bright": 0,
        "coloration": 0,
        "dim": 15,
        "luminosity": 0.5,
        "saturation": 0,
        "contrast": 0,
        "shadows": 0,
        "animation": {
          "speed": 3,
          "intensity": 4,
          "reverse": false,
          "type": "ghost"
        },
        "darkness": {
          "min": 0,
          "max": 0.7
        },
        "color": "#515e21",
        "attenuation": 0.5,
        "negative": false,
        "priority": 0
      },
      "hidden": false,
      "flags": {
        "tagger": {
          "tags": ""
        }
      },
      "_id": "MTgCzf7DsuKw394r",
      "elevation": 0,
      "_key": "!scenes.lights!q9dUUSWs0ljRvvMA.MTgCzf7DsuKw394r"
    }
  ],
  "notes": [],
  "sounds": [
    {
      "x": 1900,
      "y": 2000,
      "radius": 200,
      "path": "fa_battlemaps/Audio/swamp.ogg",
      "repeat": false,
      "volume": 0.15,
      "walls": false,
      "easing": false,
      "hidden": false,
      "darkness": {
        "min": 0,
        "max": 0.69
      },
      "flags": {
        "tagger": {
          "tags": [
            "swamp"
          ]
        }
      },
      "_id": "309c4sQ36Mc2v4lx",
      "elevation": 0,
      "effects": {
        "base": {
          "intensity": 5
        },
        "muffled": {
          "intensity": 5
        }
      },
      "_key": "!scenes.sounds!q9dUUSWs0ljRvvMA.309c4sQ36Mc2v4lx"
    },
    {
      "x": 1800,
      "y": 2000,
      "radius": 200,
      "path": "fa_battlemaps/Audio/swampbubbling.ogg",
      "repeat": false,
      "volume": 0.1,
      "walls": false,
      "easing": false,
      "hidden": false,
      "darkness": {
        "min": 0,
        "max": 1
      },
      "flags": {
        "tagger": {
          "tags": ""
        }
      },
      "_id": "4ByfP2zGv2bmERBC",
      "elevation": 0,
      "effects": {
        "base": {
          "intensity": 5
        },
        "muffled": {
          "intensity": 5
        }
      },
      "_key": "!scenes.sounds!q9dUUSWs0ljRvvMA.4ByfP2zGv2bmERBC"
    },
    {
      "x": 1800,
      "y": 1900,
      "radius": 200,
      "path": "fa_battlemaps/Audio/swampnight.ogg",
      "repeat": false,
      "volume": 0.15,
      "walls": false,
      "easing": false,
      "hidden": false,
      "darkness": {
        "min": 0.7,
        "max": 1
      },
      "flags": {
        "tagger": {
          "tags": [
            "swamp"
          ]
        }
      },
      "_id": "rXQ6YcZ6wb3fl1zP",
      "elevation": 0,
      "effects": {
        "base": {
          "intensity": 5
        },
        "muffled": {
          "intensity": 5
        }
      },
      "_key": "!scenes.sounds!q9dUUSWs0ljRvvMA.rXQ6YcZ6wb3fl1zP"
    },
    {
      "x": 1900,
      "y": 1900,
      "radius": 200,
      "path": "fa_battlemaps/Audio/eerie_drone.ogg",
      "repeat": false,
      "volume": 0.2,
      "walls": false,
      "easing": false,
      "hidden": true,
      "darkness": {
        "min": 0,
        "max": 1
      },
      "flags": {
        "tagger": {
          "tags": [
            "drone"
          ]
        }
      },
      "_id": "ghLozUTn8UQEbHio",
      "elevation": 0,
      "effects": {
        "base": {
          "intensity": 5
        },
        "muffled": {
          "intensity": 5
        }
      },
      "_key": "!scenes.sounds!q9dUUSWs0ljRvvMA.ghLozUTn8UQEbHio"
    }
  ],
  "templates": [],
  "tiles": [
    {
      "texture": {
        "src": "fa_battlemaps/Maps/2023/February/fa_swamp-c/Maps/Swamp/InfiniteSwampC.webp",
        "scaleX": 1,
        "scaleY": 1,
        "offsetX": 0,
        "offsetY": 0,
        "rotation": 0,
        "tint": "#ffffff",
        "anchorX": 0.5,
        "anchorY": 0.5,
        "fit": "fill",
        "alphaThreshold": 0.75
      },
      "x": 700,
      "y": 700,
      "width": 2500,
      "height": 2500,
      "_id": "kEyiHgHXThW4phlx",
      "rotation": 0,
      "alpha": 1,
      "hidden": false,
      "locked": true,
      "occlusion": {
        "mode": 0,
        "alpha": 1
      },
      "video": {
        "loop": true,
        "autoplay": true,
        "volume": 0
      },
      "flags": {
        "tagger": {
          "tags": [
            "Map"
          ]
        },
        "monks-active-tiles": {
          "active": false,
          "record": false,
          "restriction": "all",
          "controlled": "gm",
          "trigger": [
            ""
          ],
          "allowpaused": false,
          "usealpha": false,
          "pointer": false,
          "pertoken": false,
          "minrequired": 0,
          "chance": 100,
          "fileindex": 0,
          "actions": [],
          "files": [
            {
              "id": "rRTF4kZQAfnnJ1ko",
              "name": "fa_battlemaps/Maps/2023/February/fa_swamp-c/Maps/Swamp/InfiniteSwampC.webp",
              "selected": true
            },
            {
              "id": "mfHvZgT2I7AL7cMB",
              "name": "fa_battlemaps/Maps/2023/February/fa_swamp-c/Maps/Dead/InfiniteDeadSwampC.webp",
              "selected": false
            },
            {
              "id": "4qxcRLrYH8wi2LuG",
              "name": "fa_battlemaps/Maps/2023/February/fa_swamp-c/Maps/Blood/InfiniteSwampBloodC.webp",
              "selected": false
            }
          ]
        }
      },
      "sort": 1,
      "restrictions": {
        "light": false,
        "weather": false
      },
      "elevation": 0,
      "_key": "!scenes.tiles!q9dUUSWs0ljRvvMA.kEyiHgHXThW4phlx"
    },
    {
      "texture": {
        "src": "fa_battlemaps/Maps/2023/February/fa_swamp-c/Maps/Swamp/FGInfiniteSwampC.webp",
        "scaleX": 1,
        "scaleY": 1,
        "offsetX": 0,
        "offsetY": 0,
        "rotation": 0,
        "tint": "#ffffff",
        "anchorX": 0.5,
        "anchorY": 0.5,
        "fit": "fill",
        "alphaThreshold": 0.75
      },
      "x": 700,
      "y": 700,
      "width": 2500,
      "height": 2500,
      "_id": "m8zq8LlvZtvjf5ZL",
      "rotation": 0,
      "alpha": 1,
      "hidden": false,
      "locked": true,
      "occlusion": {
        "mode": 0,
        "alpha": 1
      },
      "video": {
        "loop": true,
        "autoplay": true,
        "volume": 0
      },
      "flags": {
        "tagger": {
          "tags": [
            "Map"
          ]
        },
        "monks-active-tiles": {
          "active": false,
          "record": false,
          "restriction": "all",
          "controlled": "gm",
          "trigger": [
            ""
          ],
          "allowpaused": false,
          "usealpha": false,
          "pointer": false,
          "pertoken": false,
          "minrequired": 0,
          "chance": 100,
          "fileindex": 0,
          "actions": [],
          "files": [
            {
              "id": "OQUc65T3jaFbnIfZ",
              "name": "fa_battlemaps/Maps/2023/February/fa_swamp-c/Maps/Swamp/FGInfiniteSwampC.webp",
              "selected": true
            },
            {
              "id": "W6YBoDcXQGJPjdJt",
              "name": "fa_battlemaps/Maps/2023/February/fa_swamp-c/Maps/Dead/InfiniteDeadSwampCFG.webp",
              "selected": false
            },
            {
              "id": "IVjY28FImG4EZTXH",
              "name": "fa_battlemaps/Maps/2023/February/fa_swamp-c/Maps/Blood/InfiniteSwampBloodCFG.webp",
              "selected": false
            }
          ]
        }
      },
      "elevation": 20,
      "sort": 100,
      "restrictions": {
        "light": false,
        "weather": false
      },
      "_key": "!scenes.tiles!q9dUUSWs0ljRvvMA.m8zq8LlvZtvjf5ZL"
    },
    {
      "width": 282,
      "height": 554,
      "x": 3218,
      "y": 696,
      "rotation": 0,
      "alpha": 1,
      "hidden": false,
      "locked": true,
      "occlusion": {
        "mode": 0,
        "alpha": 1
      },
      "video": {
        "loop": true,
        "autoplay": true,
        "volume": 0
      },
      "flags": {},
      "texture": {
        "src": "modules/fa-battlemaps/images/Scroll2.webp",
        "scaleX": 1,
        "scaleY": 1,
        "offsetX": 0,
        "offsetY": 0,
        "rotation": 0,
        "tint": "#ffffff",
        "anchorX": 0.5,
        "anchorY": 0.5,
        "fit": "fill",
        "alphaThreshold": 0.75
      },
      "_id": "Zry5c5g6Yrxu2CkE",
      "sort": 2,
      "restrictions": {
        "light": false,
        "weather": false
      },
      "elevation": 0,
      "_key": "!scenes.tiles!q9dUUSWs0ljRvvMA.Zry5c5g6Yrxu2CkE"
    },
    {
      "width": 300,
      "height": 150,
      "x": 3208,
      "y": 780,
      "rotation": 0,
      "alpha": 1,
      "hidden": false,
      "locked": true,
      "occlusion": {
        "mode": 0,
        "alpha": 1
      },
      "video": {
        "loop": true,
        "autoplay": true,
        "volume": 0
      },
      "flags": {
        "tagger": {
          "tags": [
            "SwampTrigger"
          ]
        },
        "monks-active-tiles": {
          "active": true,
          "record": false,
          "restriction": "all",
          "controlled": "gm",
          "trigger": [
            "dblclick"
          ],
          "allowpaused": false,
          "usealpha": false,
          "pointer": true,
          "pertoken": false,
          "minrequired": 0,
          "chance": 50,
          "fileindex": 0,
          "actions": [
            {
              "action": "alter",
              "data": {
                "entity": {
                  "id": "tile",
                  "name": "This Tile"
                },
                "attribute": "texture.tint",
                "value": "#000000",
                "chatMessage": false,
                "rollmode": "roll"
              },
              "id": "JTMWNezwJduvqhrF"
            },
            {
              "action": "alter",
              "data": {
                "entity": {
                  "id": "tagger:BloodTrigger",
                  "match": "all",
                  "scene": "_active",
                  "name": "<i class=\"fas fa-tag fa-sm\"></i> BloodTrigger"
                },
                "attribute": "texture.tint",
                "value": "#890101",
                "chatMessage": false,
                "rollmode": "roll"
              },
              "id": "MwO03XNoM4VRQA7I"
            },
            {
              "action": "alter",
              "data": {
                "entity": {
                  "id": "tagger:DeadTrigger",
                  "match": "all",
                  "scene": "_active",
                  "name": "<i class=\"fas fa-tag fa-sm\"></i> DeadTrigger"
                },
                "attribute": "texture.tint",
                "value": "#890101",
                "chatMessage": false,
                "rollmode": "roll"
              },
              "id": "E0NKIM5baK7agcR0"
            },
            {
              "action": "tileimage",
              "data": {
                "entity": {
                  "id": "tagger:Map",
                  "match": "all",
                  "scene": "_active",
                  "name": "<i class=\"fas fa-tag fa-sm\"></i> Map"
                },
                "select": "1",
                "transition": "none",
                "speed": 1,
                "loop": 1
              },
              "id": "t7OWMyRHJyE0CGaF"
            },
            {
              "action": "activate",
              "data": {
                "entity": {
                  "id": "tagger:swamp",
                  "match": "all",
                  "scene": "WcZCEmos9KpcsPYa",
                  "name": "<i class=\"fas fa-tag fa-sm\"></i> swamp"
                },
                "activate": "activate"
              },
              "id": "WeDldkGjHUp7BOEi"
            },
            {
              "action": "activate",
              "data": {
                "entity": {
                  "id": "tagger:drone",
                  "match": "all",
                  "scene": "_active",
                  "name": "<i class=\"fas fa-tag fa-sm\"></i> drone"
                },
                "activate": "deactivate"
              },
              "id": "CNepquxOKJ5il3u1"
            }
          ],
          "files": [],
          "name": "",
          "vision": false,
          "cooldown": null
        }
      },
      "texture": {
        "src": "fa_battlemaps/Maps/2023/February/fa_swamp-c/Text/Swamp.webp",
        "tint": "#000000",
        "scaleX": 1,
        "scaleY": 1,
        "offsetX": 0,
        "offsetY": 0,
        "rotation": 0,
        "anchorX": 0.5,
        "anchorY": 0.5,
        "fit": "fill",
        "alphaThreshold": 0.75
      },
      "_id": "xIJoYeyocFpFJYox",
      "sort": 7,
      "restrictions": {
        "light": false,
        "weather": false
      },
      "elevation": 0,
      "_key": "!scenes.tiles!q9dUUSWs0ljRvvMA.xIJoYeyocFpFJYox"
    },
    {
      "width": 300,
      "height": 150,
      "x": 3208,
      "y": 910,
      "rotation": 0,
      "alpha": 1,
      "hidden": false,
      "locked": true,
      "occlusion": {
        "mode": 0,
        "alpha": 1
      },
      "video": {
        "loop": true,
        "autoplay": true,
        "volume": 0
      },
      "flags": {
        "tagger": {
          "tags": [
            "BloodTrigger"
          ]
        },
        "monks-active-tiles": {
          "active": true,
          "record": false,
          "restriction": "all",
          "controlled": "gm",
          "trigger": [
            "dblclick"
          ],
          "allowpaused": false,
          "usealpha": false,
          "pointer": true,
          "pertoken": false,
          "minrequired": 0,
          "chance": 100,
          "fileindex": 0,
          "actions": [
            {
              "action": "alter",
              "data": {
                "entity": {
                  "id": "tile",
                  "name": "This Tile"
                },
                "attribute": "texture.tint",
                "value": "#000000",
                "chatMessage": false,
                "rollmode": "roll"
              },
              "id": "LvBcdQVMsYHxYWnb"
            },
            {
              "action": "alter",
              "data": {
                "entity": {
                  "id": "tagger:SwampTrigger",
                  "match": "all",
                  "scene": "_active",
                  "name": "<i class=\"fas fa-tag fa-sm\"></i> SwampTrigger"
                },
                "attribute": "texture.tint",
                "value": "#890101",
                "chatMessage": false,
                "rollmode": "roll"
              },
              "id": "ONmxdJRDYnHs3ulV"
            },
            {
              "action": "alter",
              "data": {
                "entity": {
                  "id": "tagger:DeadTrigger",
                  "match": "all",
                  "scene": "_active",
                  "name": "<i class=\"fas fa-tag fa-sm\"></i> DeadTrigger"
                },
                "attribute": "texture.tint",
                "value": "#890101",
                "chatMessage": false,
                "rollmode": "roll"
              },
              "id": "nrHq1S3dalvq2KJf"
            },
            {
              "action": "tileimage",
              "data": {
                "entity": {
                  "id": "tagger:Map",
                  "match": "all",
                  "scene": "_active",
                  "name": "<i class=\"fas fa-tag fa-sm\"></i> Map"
                },
                "select": "3",
                "transition": "none",
                "speed": 1,
                "loop": 1
              },
              "id": "PR8UXg5zJBp87rwf"
            },
            {
              "action": "activate",
              "data": {
                "entity": {
                  "id": "tagger:swamp",
                  "match": "all",
                  "scene": "WcZCEmos9KpcsPYa",
                  "name": "<i class=\"fas fa-tag fa-sm\"></i> swamp"
                },
                "activate": "deactivate"
              },
              "id": "qQKLH9divSZ5xvd0"
            },
            {
              "action": "activate",
              "data": {
                "entity": {
                  "id": "tagger:Drone",
                  "match": "all",
                  "scene": "_active",
                  "name": "<i class=\"fas fa-tag fa-sm\"></i> Drone"
                },
                "activate": "activate"
              },
              "id": "hSv7sHX2IVgKByec"
            }
          ],
          "files": [],
          "name": "",
          "vision": false,
          "cooldown": null
        }
      },
      "texture": {
        "src": "fa_battlemaps/Maps/2023/February/fa_swamp-c/Text/Blood.webp",
        "tint": "#890101",
        "scaleX": 1,
        "scaleY": 1,
        "offsetX": 0,
        "offsetY": 0,
        "rotation": 0,
        "anchorX": 0.5,
        "anchorY": 0.5,
        "fit": "fill",
        "alphaThreshold": 0.75
      },
      "_id": "c8QcZ0iCsYKWX3rw",
      "sort": 6,
      "restrictions": {
        "light": false,
        "weather": false
      },
      "elevation": 0,
      "_key": "!scenes.tiles!q9dUUSWs0ljRvvMA.c8QcZ0iCsYKWX3rw"
    },
    {
      "width": 300,
      "height": 150,
      "x": 3205,
      "y": 1040,
      "rotation": 0,
      "alpha": 1,
      "hidden": false,
      "locked": true,
      "occlusion": {
        "mode": 0,
        "alpha": 1
      },
      "video": {
        "loop": true,
        "autoplay": true,
        "volume": 0
      },
      "flags": {
        "tagger": {
          "tags": [
            "DeadTrigger"
          ]
        },
        "monks-active-tiles": {
          "active": true,
          "record": false,
          "restriction": "all",
          "controlled": "gm",
          "trigger": [
            "dblclick"
          ],
          "allowpaused": false,
          "usealpha": false,
          "pointer": true,
          "pertoken": false,
          "minrequired": 0,
          "chance": 100,
          "fileindex": 0,
          "actions": [
            {
              "action": "alter",
              "data": {
                "entity": {
                  "id": "tile",
                  "name": "This Tile"
                },
                "attribute": "texture.tint",
                "value": "#000000",
                "chatMessage": false,
                "rollmode": "roll"
              },
              "id": "s17zEPamzxH1DJK3"
            },
            {
              "action": "alter",
              "data": {
                "entity": {
                  "id": "tagger:SwampTrigger",
                  "match": "all",
                  "scene": "_active",
                  "name": "<i class=\"fas fa-tag fa-sm\"></i> SwampTrigger"
                },
                "attribute": "texture.tint",
                "value": "#890101",
                "chatMessage": false,
                "rollmode": "roll"
              },
              "id": "toCjtAMokUZdch5V"
            },
            {
              "action": "alter",
              "data": {
                "entity": {
                  "id": "tagger:BloodTrigger",
                  "match": "all",
                  "scene": "_active",
                  "name": "<i class=\"fas fa-tag fa-sm\"></i> BloodTrigger"
                },
                "attribute": "texture.tint",
                "value": "#890101",
                "chatMessage": false,
                "rollmode": "roll"
              },
              "id": "KrSc6PzcD95ge2DP"
            },
            {
              "action": "tileimage",
              "data": {
                "entity": {
                  "id": "tagger:Map",
                  "match": "all",
                  "scene": "_active",
                  "name": "<i class=\"fas fa-tag fa-sm\"></i> Map"
                },
                "select": "2",
                "transition": "none",
                "speed": 1,
                "loop": 1
              },
              "id": "xEfTxSZVXSoDKWjd"
            },
            {
              "action": "activate",
              "data": {
                "entity": {
                  "id": "tagger:swamp",
                  "match": "all",
                  "scene": "WcZCEmos9KpcsPYa",
                  "name": "<i class=\"fas fa-tag fa-sm\"></i> swamp"
                },
                "activate": "deactivate"
              },
              "id": "lYWx6PmT3gqnK3V5"
            },
            {
              "action": "activate",
              "data": {
                "entity": {
                  "id": "tagger:drone",
                  "match": "all",
                  "scene": "_active",
                  "name": "<i class=\"fas fa-tag fa-sm\"></i> drone"
                },
                "activate": "activate"
              },
              "id": "wD5Cn8dCm0FQwIf6"
            }
          ],
          "files": [],
          "name": "",
          "vision": false,
          "cooldown": null
        }
      },
      "texture": {
        "src": "fa_battlemaps/Maps/2023/February/fa_swamp-c/Text/Dead.webp",
        "tint": "#890101",
        "scaleX": 1,
        "scaleY": 1,
        "offsetX": 0,
        "offsetY": 0,
        "rotation": 0,
        "anchorX": 0.5,
        "anchorY": 0.5,
        "fit": "fill",
        "alphaThreshold": 0.75
      },
      "_id": "ACXIOFQlPHTPA4Jc",
      "sort": 5,
      "restrictions": {
        "light": false,
        "weather": false
      },
      "elevation": 0,
      "_key": "!scenes.tiles!q9dUUSWs0ljRvvMA.ACXIOFQlPHTPA4Jc"
    },
    {
      "texture": {
        "src": "modules/fa-battlemaps/images/Transparent.webp",
        "scaleX": 1,
        "scaleY": 1,
        "offsetX": 0,
        "offsetY": 0,
        "rotation": 0,
        "tint": "#ffffff",
        "anchorX": 0.5,
        "anchorY": 0.5,
        "fit": "fill",
        "alphaThreshold": 0.75
      },
      "width": 200,
      "height": 200,
      "_id": "PrQtSH4ZjH8swKCl",
      "rotation": 0,
      "alpha": 0.55,
      "hidden": false,
      "locked": true,
      "occlusion": {
        "mode": 0,
        "alpha": 1
      },
      "video": {
        "loop": true,
        "autoplay": true,
        "volume": 0
      },
      "flags": {
        "tagger": {
          "tags": [
            "animation"
          ]
        },
        "monks-active-tiles": {
          "active": false,
          "fileindex": 1,
          "record": false,
          "restriction": "all",
          "controlled": "gm",
          "trigger": [
            ""
          ],
          "allowpaused": false,
          "usealpha": false,
          "pointer": false,
          "pertoken": false,
          "minrequired": 0,
          "chance": 50,
          "actions": [],
          "files": [
            {
              "id": "FratX1rCxadbb0WP",
              "name": "fa_battlemaps/Animations/Water_Droplets_A1_01.webm",
              "selected": true
            },
            {
              "id": "8bZghey5wpH3J2PR",
              "name": "modules/fa-battlemaps/images/Transparent.webp",
              "selected": false
            }
          ]
        },
        "betterroofs": {
          "brMode": false,
          "occlusionLinkId": "",
          "occlusionLinkSource": false
        }
      },
      "x": 1350,
      "y": 2100,
      "sort": 17,
      "restrictions": {
        "light": false,
        "weather": false
      },
      "elevation": 0,
      "_key": "!scenes.tiles!q9dUUSWs0ljRvvMA.PrQtSH4ZjH8swKCl"
    },
    {
      "texture": {
        "src": "modules/fa-battlemaps/images/Transparent.webp",
        "scaleX": 1,
        "scaleY": 1,
        "offsetX": 0,
        "offsetY": 0,
        "rotation": 0,
        "tint": "#ffffff",
        "anchorX": 0.5,
        "anchorY": 0.5,
        "fit": "fill",
        "alphaThreshold": 0.75
      },
      "width": 200,
      "height": 200,
      "_id": "dYKrrzX2UQsOPI4z",
      "rotation": 0,
      "alpha": 0.4,
      "hidden": false,
      "locked": true,
      "occlusion": {
        "mode": 0,
        "alpha": 1
      },
      "video": {
        "loop": true,
        "autoplay": true,
        "volume": 0
      },
      "flags": {
        "tagger": {
          "tags": [
            "animation"
          ]
        },
        "monks-active-tiles": {
          "active": false,
          "record": false,
          "restriction": "all",
          "controlled": "gm",
          "trigger": [
            "dblclick"
          ],
          "allowpaused": false,
          "usealpha": false,
          "pointer": false,
          "pertoken": false,
          "minrequired": 0,
          "chance": 100,
          "fileindex": 1,
          "actions": [],
          "files": [
            {
              "id": "FratX1rCxadbb0WP",
              "name": "fa_battlemaps/Animations/Water_Droplets_A2_01.webm",
              "selected": true
            },
            {
              "id": "8bZghey5wpH3J2PR",
              "name": "modules/fa-battlemaps/images/Transparent.webp",
              "selected": false
            }
          ]
        },
        "betterroofs": {
          "brMode": false,
          "occlusionLinkId": "",
          "occlusionLinkSource": false
        }
      },
      "x": 2412,
      "y": 2128,
      "sort": 16,
      "restrictions": {
        "light": false,
        "weather": false
      },
      "elevation": 0,
      "_key": "!scenes.tiles!q9dUUSWs0ljRvvMA.dYKrrzX2UQsOPI4z"
    },
    {
      "texture": {
        "src": "modules/fa-battlemaps/images/Transparent.webp",
        "scaleX": 1,
        "scaleY": 1,
        "offsetX": 0,
        "offsetY": 0,
        "rotation": 0,
        "tint": "#ffffff",
        "anchorX": 0.5,
        "anchorY": 0.5,
        "fit": "fill",
        "alphaThreshold": 0.75
      },
      "width": 200,
      "height": 200,
      "_id": "RHRWwPJtI2yKYHi9",
      "rotation": 0,
      "alpha": 0.45,
      "hidden": false,
      "locked": true,
      "occlusion": {
        "mode": 0,
        "alpha": 1
      },
      "video": {
        "loop": true,
        "autoplay": true,
        "volume": 0
      },
      "flags": {
        "tagger": {
          "tags": [
            "animation"
          ]
        },
        "monks-active-tiles": {
          "active": false,
          "fileindex": 1,
          "record": false,
          "restriction": "all",
          "controlled": "gm",
          "trigger": [
            ""
          ],
          "allowpaused": false,
          "usealpha": false,
          "pointer": false,
          "pertoken": false,
          "minrequired": 0,
          "chance": 50,
          "actions": [],
          "files": [
            {
              "id": "FratX1rCxadbb0WP",
              "name": "fa_battlemaps/Animations/Water_Droplets_A3_01.webm",
              "selected": true
            },
            {
              "id": "8bZghey5wpH3J2PR",
              "name": "modules/fa-battlemaps/images/Transparent.webp",
              "selected": false
            }
          ]
        },
        "betterroofs": {
          "brMode": false,
          "occlusionLinkId": "",
          "occlusionLinkSource": false
        }
      },
      "x": 1600,
      "y": 1150,
      "sort": 15,
      "restrictions": {
        "light": false,
        "weather": false
      },
      "elevation": 0,
      "_key": "!scenes.tiles!q9dUUSWs0ljRvvMA.RHRWwPJtI2yKYHi9"
    },
    {
      "texture": {
        "src": "modules/fa-battlemaps/images/Transparent.webp",
        "scaleX": 1,
        "scaleY": 1,
        "offsetX": 0,
        "offsetY": 0,
        "rotation": 0,
        "tint": "#ffffff",
        "anchorX": 0.5,
        "anchorY": 0.5,
        "fit": "fill",
        "alphaThreshold": 0.75
      },
      "width": 200,
      "height": 200,
      "_id": "JcaryiqBdm5fYqlQ",
      "rotation": 0,
      "alpha": 0.45,
      "hidden": false,
      "locked": true,
      "occlusion": {
        "mode": 0,
        "alpha": 1
      },
      "video": {
        "loop": true,
        "autoplay": true,
        "volume": 0
      },
      "flags": {
        "tagger": {
          "tags": [
            "animation"
          ]
        },
        "monks-active-tiles": {
          "active": false,
          "fileindex": 1,
          "record": false,
          "restriction": "all",
          "controlled": "gm",
          "trigger": [
            ""
          ],
          "allowpaused": false,
          "usealpha": false,
          "pointer": false,
          "pertoken": false,
          "minrequired": 0,
          "chance": 50,
          "actions": [],
          "files": [
            {
              "id": "FratX1rCxadbb0WP",
              "name": "fa_battlemaps/Animations/Water_Droplets_A4_01.webm",
              "selected": true
            },
            {
              "id": "8bZghey5wpH3J2PR",
              "name": "modules/fa-battlemaps/images/Transparent.webp",
              "selected": false
            }
          ]
        },
        "betterroofs": {
          "brMode": false,
          "occlusionLinkId": "",
          "occlusionLinkSource": false
        }
      },
      "x": 2884,
      "y": 1345,
      "sort": 14,
      "restrictions": {
        "light": false,
        "weather": false
      },
      "elevation": 0,
      "_key": "!scenes.tiles!q9dUUSWs0ljRvvMA.JcaryiqBdm5fYqlQ"
    },
    {
      "texture": {
        "src": "modules/fa-battlemaps/images/Transparent.webp",
        "scaleX": 1,
        "scaleY": 1,
        "offsetX": 0,
        "offsetY": 0,
        "rotation": 0,
        "tint": "#ffffff",
        "anchorX": 0.5,
        "anchorY": 0.5,
        "fit": "fill",
        "alphaThreshold": 0.75
      },
      "width": 200,
      "height": 200,
      "_id": "QZXy4YRMIWy4FZTb",
      "rotation": 0,
      "alpha": 0.45,
      "hidden": false,
      "locked": true,
      "occlusion": {
        "mode": 0,
        "alpha": 1
      },
      "video": {
        "loop": true,
        "autoplay": true,
        "volume": 0
      },
      "flags": {
        "tagger": {
          "tags": [
            "animation"
          ]
        },
        "monks-active-tiles": {
          "active": false,
          "fileindex": 1,
          "record": false,
          "restriction": "all",
          "controlled": "gm",
          "trigger": [
            ""
          ],
          "allowpaused": false,
          "usealpha": false,
          "pointer": false,
          "pertoken": false,
          "minrequired": 0,
          "chance": 50,
          "actions": [],
          "files": [
            {
              "id": "FratX1rCxadbb0WP",
              "name": "fa_battlemaps/Animations/Water_Droplets_A1_01.webm",
              "selected": true
            },
            {
              "id": "8bZghey5wpH3J2PR",
              "name": "modules/fa-battlemaps/images/Transparent.webp",
              "selected": false
            }
          ]
        },
        "betterroofs": {
          "brMode": false,
          "occlusionLinkId": "",
          "occlusionLinkSource": false
        }
      },
      "x": 1028,
      "y": 912,
      "sort": 13,
      "restrictions": {
        "light": false,
        "weather": false
      },
      "elevation": 0,
      "_key": "!scenes.tiles!q9dUUSWs0ljRvvMA.QZXy4YRMIWy4FZTb"
    },
    {
      "texture": {
        "src": "modules/fa-battlemaps/images/Transparent.webp",
        "scaleX": 1,
        "scaleY": 1,
        "offsetX": 0,
        "offsetY": 0,
        "rotation": 0,
        "tint": "#ffffff",
        "anchorX": 0.5,
        "anchorY": 0.5,
        "fit": "fill",
        "alphaThreshold": 0.75
      },
      "width": 200,
      "height": 196,
      "_id": "j49Yf3fLxvV5CW1r",
      "rotation": 0,
      "alpha": 1,
      "hidden": false,
      "locked": true,
      "occlusion": {
        "mode": 0,
        "alpha": 1
      },
      "video": {
        "loop": true,
        "autoplay": true,
        "volume": 0
      },
      "flags": {
        "tagger": {
          "tags": [
            "animation"
          ]
        },
        "monks-active-tiles": {
          "active": false,
          "fileindex": 1,
          "record": false,
          "restriction": "all",
          "controlled": "gm",
          "trigger": [
            ""
          ],
          "allowpaused": false,
          "usealpha": false,
          "pointer": false,
          "pertoken": false,
          "minrequired": 0,
          "chance": 50,
          "actions": [],
          "files": [
            {
              "id": "FratX1rCxadbb0WP",
              "name": "fa_battlemaps/Animations/Flies_A1_01.webm",
              "selected": true
            },
            {
              "id": "8bZghey5wpH3J2PR",
              "name": "modules/fa-battlemaps/images/Transparent.webp",
              "selected": false
            }
          ]
        }
      },
      "x": 1150,
      "y": 1804,
      "sort": 12,
      "restrictions": {
        "light": false,
        "weather": false
      },
      "elevation": 0,
      "_key": "!scenes.tiles!q9dUUSWs0ljRvvMA.j49Yf3fLxvV5CW1r"
    },
    {
      "texture": {
        "src": "modules/fa-battlemaps/images/Transparent.webp",
        "scaleX": 1,
        "scaleY": 1,
        "offsetX": 0,
        "offsetY": 0,
        "rotation": 0,
        "tint": "#ffffff",
        "anchorX": 0.5,
        "anchorY": 0.5,
        "fit": "fill",
        "alphaThreshold": 0.75
      },
      "width": 200,
      "height": 196,
      "rotation": 0,
      "alpha": 1,
      "hidden": false,
      "locked": true,
      "occlusion": {
        "mode": 0,
        "alpha": 1
      },
      "video": {
        "loop": true,
        "autoplay": true,
        "volume": 0
      },
      "flags": {
        "tagger": {
          "tags": [
            "animation"
          ]
        },
        "monks-active-tiles": {
          "active": false,
          "fileindex": 1,
          "record": false,
          "restriction": "all",
          "controlled": "gm",
          "trigger": [
            ""
          ],
          "allowpaused": false,
          "usealpha": false,
          "pointer": false,
          "pertoken": false,
          "minrequired": 0,
          "chance": 50,
          "actions": [],
          "files": [
            {
              "id": "FratX1rCxadbb0WP",
              "name": "fa_battlemaps/Animations/Flies_A1_01.webm",
              "selected": true
            },
            {
              "id": "8bZghey5wpH3J2PR",
              "name": "modules/fa-battlemaps/images/Transparent.webp",
              "selected": false
            }
          ]
        }
      },
      "x": 2274,
      "y": 1947,
      "_id": "IO66m8bEEoWtGnN1",
      "sort": 11,
      "restrictions": {
        "light": false,
        "weather": false
      },
      "elevation": 0,
      "_key": "!scenes.tiles!q9dUUSWs0ljRvvMA.IO66m8bEEoWtGnN1"
    },
    {
      "texture": {
        "src": "modules/fa-battlemaps/images/Transparent.webp",
        "scaleX": 1,
        "scaleY": 1,
        "offsetX": 0,
        "offsetY": 0,
        "rotation": 0,
        "tint": "#ffffff",
        "anchorX": 0.5,
        "anchorY": 0.5,
        "fit": "fill",
        "alphaThreshold": 0.75
      },
      "width": 200,
      "height": 196,
      "rotation": 0,
      "alpha": 1,
      "hidden": false,
      "locked": true,
      "occlusion": {
        "mode": 0,
        "alpha": 1
      },
      "video": {
        "loop": true,
        "autoplay": true,
        "volume": 0
      },
      "flags": {
        "tagger": {
          "tags": [
            "animation"
          ]
        },
        "monks-active-tiles": {
          "active": false,
          "fileindex": 1,
          "record": false,
          "restriction": "all",
          "controlled": "gm",
          "trigger": [
            ""
          ],
          "allowpaused": false,
          "usealpha": false,
          "pointer": false,
          "pertoken": false,
          "minrequired": 0,
          "chance": 50,
          "actions": [],
          "files": [
            {
              "id": "FratX1rCxadbb0WP",
              "name": "fa_battlemaps/Animations/Flies_A1_01.webm",
              "selected": true
            },
            {
              "id": "8bZghey5wpH3J2PR",
              "name": "modules/fa-battlemaps/images/Transparent.webp",
              "selected": false
            }
          ]
        }
      },
      "x": 2641,
      "y": 1121,
      "_id": "WfKTO8B4sJpJbsv1",
      "sort": 10,
      "restrictions": {
        "light": false,
        "weather": false
      },
      "elevation": 0,
      "_key": "!scenes.tiles!q9dUUSWs0ljRvvMA.WfKTO8B4sJpJbsv1"
    },
    {
      "texture": {
        "src": "modules/fa-battlemaps/images/Transparent.webp",
        "scaleX": 1,
        "scaleY": 1,
        "offsetX": 0,
        "offsetY": 0,
        "rotation": 0,
        "tint": "#ffffff",
        "anchorX": 0.5,
        "anchorY": 0.5,
        "fit": "fill",
        "alphaThreshold": 0.75
      },
      "width": 200,
      "height": 196,
      "rotation": 0,
      "alpha": 1,
      "hidden": false,
      "locked": true,
      "occlusion": {
        "mode": 0,
        "alpha": 1
      },
      "video": {
        "loop": true,
        "autoplay": true,
        "volume": 0
      },
      "flags": {
        "tagger": {
          "tags": [
            "animation"
          ]
        },
        "monks-active-tiles": {
          "active": false,
          "fileindex": 1,
          "record": false,
          "restriction": "all",
          "controlled": "gm",
          "trigger": [
            ""
          ],
          "allowpaused": false,
          "usealpha": false,
          "pointer": false,
          "pertoken": false,
          "minrequired": 0,
          "chance": 50,
          "actions": [],
          "files": [
            {
              "id": "FratX1rCxadbb0WP",
              "name": "fa_battlemaps/Animations/Flies_A1_01.webm",
              "selected": true
            },
            {
              "id": "8bZghey5wpH3J2PR",
              "name": "modules/fa-battlemaps/images/Transparent.webp",
              "selected": false
            }
          ]
        }
      },
      "x": 2813,
      "y": 2769,
      "_id": "ONengXibZAzM4gwC",
      "sort": 9,
      "restrictions": {
        "light": false,
        "weather": false
      },
      "elevation": 0,
      "_key": "!scenes.tiles!q9dUUSWs0ljRvvMA.ONengXibZAzM4gwC"
    },
    {
      "texture": {
        "src": "modules/fa-battlemaps/images/Transparent.webp",
        "scaleX": 1,
        "scaleY": 1,
        "offsetX": 0,
        "offsetY": 0,
        "rotation": 0,
        "tint": "#ffffff",
        "anchorX": 0.5,
        "anchorY": 0.5,
        "fit": "fill",
        "alphaThreshold": 0.75
      },
      "width": 200,
      "height": 196,
      "rotation": 0,
      "alpha": 1,
      "hidden": false,
      "locked": true,
      "occlusion": {
        "mode": 0,
        "alpha": 1
      },
      "video": {
        "loop": true,
        "autoplay": true,
        "volume": 0
      },
      "flags": {
        "tagger": {
          "tags": [
            "animation"
          ]
        },
        "monks-active-tiles": {
          "active": false,
          "fileindex": 1,
          "record": false,
          "restriction": "all",
          "controlled": "gm",
          "trigger": [
            ""
          ],
          "allowpaused": false,
          "usealpha": false,
          "pointer": false,
          "pertoken": false,
          "minrequired": 0,
          "chance": 50,
          "actions": [],
          "files": [
            {
              "id": "FratX1rCxadbb0WP",
              "name": "fa_battlemaps/Animations/Flies_A1_01.webm",
              "selected": true
            },
            {
              "id": "8bZghey5wpH3J2PR",
              "name": "modules/fa-battlemaps/images/Transparent.webp",
              "selected": false
            }
          ]
        }
      },
      "x": 1200,
      "y": 2850,
      "_id": "9HDciTd451E9xLsS",
      "sort": 8,
      "restrictions": {
        "light": false,
        "weather": false
      },
      "elevation": 0,
      "_key": "!scenes.tiles!q9dUUSWs0ljRvvMA.9HDciTd451E9xLsS"
    },
    {
      "texture": {
        "src": "modules/fa-battlemaps/images/Transparent.webp",
        "scaleX": 1,
        "scaleY": 1,
        "offsetX": 0,
        "offsetY": 0,
        "rotation": 0,
        "tint": "#ffffff",
        "anchorX": 0.5,
        "anchorY": 0.5,
        "fit": "fill",
        "alphaThreshold": 0.75
      },
      "width": 500,
      "height": 500,
      "_id": "WJJ9xx4mAA9tj1uH",
      "rotation": 0,
      "alpha": 1,
      "hidden": false,
      "locked": false,
      "occlusion": {
        "mode": 0,
        "alpha": 1
      },
      "video": {
        "loop": true,
        "autoplay": true,
        "volume": 0
      },
      "flags": {
        "tagger": {
          "tags": [
            "animation"
          ]
        },
        "monks-active-tiles": {
          "active": false,
          "fileindex": 1,
          "record": false,
          "restriction": "all",
          "controlled": "gm",
          "trigger": [
            ""
          ],
          "allowpaused": false,
          "usealpha": false,
          "pointer": false,
          "pertoken": false,
          "minrequired": 0,
          "chance": 50,
          "actions": [],
          "files": [
            {
              "id": "FratX1rCxadbb0WP",
              "name": "fa_battlemaps/Animations/DustParticles_A1_01.webm",
              "selected": true
            },
            {
              "id": "8bZghey5wpH3J2PR",
              "name": "modules/fa-battlemaps/images/Transparent.webp",
              "selected": false
            }
          ]
        },
        "betterroofs": {
          "brMode": false,
          "occlusionLinkId": "",
          "occlusionLinkSource": false
        }
      },
      "x": 800,
      "y": 1800,
      "elevation": 20,
      "sort": 101,
      "restrictions": {
        "light": false,
        "weather": false
      },
      "_key": "!scenes.tiles!q9dUUSWs0ljRvvMA.WJJ9xx4mAA9tj1uH"
    },
    {
      "texture": {
        "src": "modules/fa-battlemaps/images/Transparent.webp",
        "scaleX": 1,
        "scaleY": 1,
        "offsetX": 0,
        "offsetY": 0,
        "rotation": 0,
        "tint": "#ffffff",
        "anchorX": 0.5,
        "anchorY": 0.5,
        "fit": "fill",
        "alphaThreshold": 0.75
      },
      "width": 500,
      "height": 500,
      "rotation": 0,
      "alpha": 1,
      "hidden": false,
      "locked": false,
      "occlusion": {
        "mode": 0,
        "alpha": 1
      },
      "video": {
        "loop": true,
        "autoplay": true,
        "volume": 0
      },
      "flags": {
        "tagger": {
          "tags": [
            "animation"
          ]
        },
        "monks-active-tiles": {
          "active": false,
          "fileindex": 1,
          "record": false,
          "restriction": "all",
          "controlled": "gm",
          "trigger": [
            ""
          ],
          "allowpaused": false,
          "usealpha": false,
          "pointer": false,
          "pertoken": false,
          "minrequired": 0,
          "chance": 50,
          "actions": [],
          "files": [
            {
              "id": "FratX1rCxadbb0WP",
              "name": "fa_battlemaps/Animations/DustParticles_A1_01.webm",
              "selected": true
            },
            {
              "id": "8bZghey5wpH3J2PR",
              "name": "modules/fa-battlemaps/images/Transparent.webp",
              "selected": false
            }
          ]
        },
        "betterroofs": {
          "brMode": false,
          "occlusionLinkId": "",
          "occlusionLinkSource": false
        }
      },
      "x": 1700,
      "y": 2650,
      "_id": "t6gtEu7XFVUnKp0F",
      "elevation": 20,
      "sort": 101,
      "restrictions": {
        "light": false,
        "weather": false
      },
      "_key": "!scenes.tiles!q9dUUSWs0ljRvvMA.t6gtEu7XFVUnKp0F"
    },
    {
      "texture": {
        "src": "modules/fa-battlemaps/images/Transparent.webp",
        "scaleX": 1,
        "scaleY": 1,
        "offsetX": 0,
        "offsetY": 0,
        "rotation": 0,
        "tint": "#ffffff",
        "anchorX": 0.5,
        "anchorY": 0.5,
        "fit": "fill",
        "alphaThreshold": 0.75
      },
      "width": 500,
      "height": 500,
      "rotation": 0,
      "alpha": 1,
      "hidden": false,
      "locked": false,
      "occlusion": {
        "mode": 0,
        "alpha": 1
      },
      "video": {
        "loop": true,
        "autoplay": true,
        "volume": 0
      },
      "flags": {
        "tagger": {
          "tags": [
            "animation"
          ]
        },
        "monks-active-tiles": {
          "active": false,
          "fileindex": 1,
          "record": false,
          "restriction": "all",
          "controlled": "gm",
          "trigger": [
            ""
          ],
          "allowpaused": false,
          "usealpha": false,
          "pointer": false,
          "pertoken": false,
          "minrequired": 0,
          "chance": 50,
          "actions": [],
          "files": [
            {
              "id": "FratX1rCxadbb0WP",
              "name": "fa_battlemaps/Animations/DustParticles_A1_01.webm",
              "selected": true
            },
            {
              "id": "8bZghey5wpH3J2PR",
              "name": "modules/fa-battlemaps/images/Transparent.webp",
              "selected": false
            }
          ]
        },
        "betterroofs": {
          "brMode": false,
          "occlusionLinkId": "",
          "occlusionLinkSource": false
        }
      },
      "x": 2100,
      "y": 850,
      "_id": "5Z4sOZAREqNxQkFP",
      "elevation": 20,
      "sort": 101,
      "restrictions": {
        "light": false,
        "weather": false
      },
      "_key": "!scenes.tiles!q9dUUSWs0ljRvvMA.5Z4sOZAREqNxQkFP"
    },
    {
      "texture": {
        "src": "modules/fa-battlemaps/images/SmallScroll.png",
        "scaleX": 1,
        "scaleY": 1,
        "offsetX": 0,
        "offsetY": 0,
        "rotation": 0,
        "tint": "#ffffff",
        "anchorX": 0.5,
        "anchorY": 0.5,
        "fit": "fill",
        "alphaThreshold": 0.75
      },
      "width": 270,
      "height": 98,
      "_id": "WZpFf2VoVwrKJrc2",
      "rotation": 0,
      "alpha": 1,
      "hidden": false,
      "locked": true,
      "occlusion": {
        "mode": 0,
        "alpha": 1
      },
      "video": {
        "loop": true,
        "autoplay": true,
        "volume": 0
      },
      "flags": {},
      "x": 3230,
      "y": 1252,
      "sort": 3,
      "restrictions": {
        "light": false,
        "weather": false
      },
      "elevation": 0,
      "_key": "!scenes.tiles!q9dUUSWs0ljRvvMA.WZpFf2VoVwrKJrc2"
    },
    {
      "texture": {
        "src": "modules/fa-battlemaps/images/AnimationsText.png",
        "scaleX": 1,
        "scaleY": 1,
        "offsetX": 0,
        "offsetY": 0,
        "rotation": 0,
        "tint": "#890101",
        "anchorX": 0.5,
        "anchorY": 0.5,
        "fit": "fill",
        "alphaThreshold": 0.75
      },
      "width": 270.4,
      "height": 43.2,
      "_id": "HM9335sX6mMMAPjS",
      "rotation": 0,
      "alpha": 1,
      "hidden": false,
      "locked": true,
      "occlusion": {
        "mode": 0,
        "alpha": 1
      },
      "video": {
        "loop": true,
        "autoplay": true,
        "volume": 0
      },
      "flags": {
        "tagger": {},
        "monks-active-tiles": {
          "active": true,
          "record": false,
          "restriction": "all",
          "controlled": "gm",
          "trigger": [
            "dblclick"
          ],
          "allowpaused": false,
          "usealpha": false,
          "pointer": false,
          "pertoken": false,
          "minrequired": 0,
          "chance": 100,
          "fileindex": 0,
          "actions": [
            {
              "action": "alter",
              "data": {
                "entity": {
                  "id": "tile",
                  "name": "This Tile"
                },
                "attribute": "texture.tint",
                "value": "='{{entity.texture.tint}}' == '#000000' ? '#890101' : '#000000'",
                "chatMessage": false,
                "rollmode": "roll"
              },
              "id": "fvLp0ljjW6MzvkyP"
            },
            {
              "action": "tileimage",
              "data": {
                "entity": {
                  "id": "tagger:animation",
                  "match": "all",
                  "scene": "_active",
                  "name": "<i class=\"fas fa-tag fa-sm\"></i> animation"
                },
                "select": "next",
                "transition": "none",
                "speed": 1,
                "loop": 1
              },
              "id": "E1mIlGeoHkKxFNyu"
            },
            {
              "action": "playanimation",
              "data": {
                "entity": {
                  "id": "tagger:animation",
                  "match": "all",
                  "scene": "_active",
                  "name": "<i class=\"fas fa-tag fa-sm\"></i> animation"
                },
                "play": "start",
                "animatefor": "all"
              },
              "id": "XCIeetk0uQ77qyxJ"
            }
          ],
          "files": []
        }
      },
      "x": 3227,
      "y": 1278,
      "sort": 4,
      "restrictions": {
        "light": false,
        "weather": false
      },
      "elevation": 0,
      "_key": "!scenes.tiles!q9dUUSWs0ljRvvMA.HM9335sX6mMMAPjS"
    }
  ],
  "walls": [
    {
      "dir": 0,
      "door": 0,
      "ds": 0,
      "light": 20,
      "sight": 20,
      "sound": 20,
      "move": 20,
      "c": [
        700,
        700,
        3200,
        700
      ],
      "_id": "WstjDgwYrZvz9fc5",
      "flags": {},
      "threshold": {
        "light": null,
        "sight": null,
        "sound": null,
        "attenuation": false
      },
      "_key": "!scenes.walls!q9dUUSWs0ljRvvMA.WstjDgwYrZvz9fc5"
    },
    {
      "dir": 0,
      "door": 0,
      "ds": 0,
      "light": 20,
      "sight": 20,
      "sound": 20,
      "move": 20,
      "c": [
        3200,
        700,
        3200,
        3200
      ],
      "_id": "gcmXJHVLNxGpxrTn",
      "flags": {},
      "threshold": {
        "light": null,
        "sight": null,
        "sound": null,
        "attenuation": false
      },
      "_key": "!scenes.walls!q9dUUSWs0ljRvvMA.gcmXJHVLNxGpxrTn"
    },
    {
      "dir": 0,
      "door": 0,
      "ds": 0,
      "light": 20,
      "sight": 20,
      "sound": 20,
      "move": 20,
      "c": [
        3200,
        3200,
        700,
        3200
      ],
      "_id": "61k084hcRjOqhePS",
      "flags": {},
      "threshold": {
        "light": null,
        "sight": null,
        "sound": null,
        "attenuation": false
      },
      "_key": "!scenes.walls!q9dUUSWs0ljRvvMA.61k084hcRjOqhePS"
    },
    {
      "dir": 0,
      "door": 0,
      "ds": 0,
      "light": 20,
      "sight": 20,
      "sound": 20,
      "move": 20,
      "c": [
        700,
        3200,
        700,
        700
      ],
      "_id": "w98o1j2mm4nieT2h",
      "flags": {},
      "threshold": {
        "light": null,
        "sight": null,
        "sound": null,
        "attenuation": false
      },
      "_key": "!scenes.walls!q9dUUSWs0ljRvvMA.w98o1j2mm4nieT2h"
    },
    {
      "_id": "bh9qTF0EhY0k23g8",
      "c": [
        1400,
        1400,
        1362,
        1437
      ],
      "light": 10,
      "move": 20,
      "sight": 10,
      "sound": 10,
      "dir": 0,
      "door": 0,
      "ds": 0,
      "flags": {},
      "threshold": {
        "light": null,
        "sight": null,
        "sound": null,
        "attenuation": false
      },
      "_key": "!scenes.walls!q9dUUSWs0ljRvvMA.bh9qTF0EhY0k23g8"
    },
    {
      "_id": "D09aGgeFTiz26eDg",
      "c": [
        1362,
        1437,
        1325,
        1400
      ],
      "light": 10,
      "move": 20,
      "sight": 10,
      "sound": 10,
      "dir": 0,
      "door": 0,
      "ds": 0,
      "flags": {},
      "threshold": {
        "light": null,
        "sight": null,
        "sound": null,
        "attenuation": false
      },
      "_key": "!scenes.walls!q9dUUSWs0ljRvvMA.D09aGgeFTiz26eDg"
    },
    {
      "_id": "1VQVcIBpnvhpVW0R",
      "c": [
        1325,
        1400,
        1362,
        1362
      ],
      "light": 10,
      "move": 20,
      "sight": 10,
      "sound": 10,
      "dir": 0,
      "door": 0,
      "ds": 0,
      "flags": {},
      "threshold": {
        "light": null,
        "sight": null,
        "sound": null,
        "attenuation": false
      },
      "_key": "!scenes.walls!q9dUUSWs0ljRvvMA.1VQVcIBpnvhpVW0R"
    },
    {
      "_id": "uuLunAjoqZj01QCc",
      "c": [
        1362,
        1362,
        1400,
        1400
      ],
      "light": 10,
      "move": 20,
      "sight": 10,
      "sound": 10,
      "dir": 0,
      "door": 0,
      "ds": 0,
      "flags": {},
      "threshold": {
        "light": null,
        "sight": null,
        "sound": null,
        "attenuation": false
      },
      "_key": "!scenes.walls!q9dUUSWs0ljRvvMA.uuLunAjoqZj01QCc"
    },
    {
      "_id": "uBOThZTX3IfbLrWk",
      "c": [
        812,
        762,
        862,
        737
      ],
      "light": 10,
      "move": 20,
      "sight": 10,
      "sound": 10,
      "dir": 0,
      "door": 0,
      "ds": 0,
      "flags": {},
      "threshold": {
        "light": null,
        "sight": null,
        "sound": null,
        "attenuation": false
      },
      "_key": "!scenes.walls!q9dUUSWs0ljRvvMA.uBOThZTX3IfbLrWk"
    },
    {
      "_id": "WSA5tl7rXdDaPyVA",
      "c": [
        862,
        737,
        887,
        787
      ],
      "light": 10,
      "move": 20,
      "sight": 10,
      "sound": 10,
      "dir": 0,
      "door": 0,
      "ds": 0,
      "flags": {},
      "threshold": {
        "light": null,
        "sight": null,
        "sound": null,
        "attenuation": false
      },
      "_key": "!scenes.walls!q9dUUSWs0ljRvvMA.WSA5tl7rXdDaPyVA"
    },
    {
      "_id": "mn3dHH0VaLvbDzuf",
      "c": [
        887,
        787,
        837,
        812
      ],
      "light": 10,
      "move": 20,
      "sight": 10,
      "sound": 10,
      "dir": 0,
      "door": 0,
      "ds": 0,
      "flags": {},
      "threshold": {
        "light": null,
        "sight": null,
        "sound": null,
        "attenuation": false
      },
      "_key": "!scenes.walls!q9dUUSWs0ljRvvMA.mn3dHH0VaLvbDzuf"
    },
    {
      "_id": "bLxeLqGeodvS7Ohf",
      "c": [
        837,
        812,
        812,
        762
      ],
      "light": 10,
      "move": 20,
      "sight": 10,
      "sound": 10,
      "dir": 0,
      "door": 0,
      "ds": 0,
      "flags": {},
      "threshold": {
        "light": null,
        "sight": null,
        "sound": null,
        "attenuation": false
      },
      "_key": "!scenes.walls!q9dUUSWs0ljRvvMA.bLxeLqGeodvS7Ohf"
    },
    {
      "_id": "vorh4ELIPSUlsv4A",
      "c": [
        1962,
        850,
        1937,
        887
      ],
      "light": 10,
      "move": 20,
      "sight": 10,
      "sound": 10,
      "dir": 0,
      "door": 0,
      "ds": 0,
      "flags": {},
      "threshold": {
        "light": null,
        "sight": null,
        "sound": null,
        "attenuation": false
      },
      "_key": "!scenes.walls!q9dUUSWs0ljRvvMA.vorh4ELIPSUlsv4A"
    },
    {
      "_id": "rlorivDGJRpG3Vul",
      "c": [
        1937,
        887,
        1912,
        862
      ],
      "light": 10,
      "move": 20,
      "sight": 10,
      "sound": 10,
      "dir": 0,
      "door": 0,
      "ds": 0,
      "flags": {},
      "threshold": {
        "light": null,
        "sight": null,
        "sound": null,
        "attenuation": false
      },
      "_key": "!scenes.walls!q9dUUSWs0ljRvvMA.rlorivDGJRpG3Vul"
    },
    {
      "_id": "fzsDZt1qiADJBHjS",
      "c": [
        1912,
        862,
        1937,
        825
      ],
      "light": 10,
      "move": 20,
      "sight": 10,
      "sound": 10,
      "dir": 0,
      "door": 0,
      "ds": 0,
      "flags": {},
      "threshold": {
        "light": null,
        "sight": null,
        "sound": null,
        "attenuation": false
      },
      "_key": "!scenes.walls!q9dUUSWs0ljRvvMA.fzsDZt1qiADJBHjS"
    },
    {
      "_id": "hoazl9FmEfzHocP6",
      "c": [
        1937,
        825,
        1962,
        850
      ],
      "light": 10,
      "move": 20,
      "sight": 10,
      "sound": 10,
      "dir": 0,
      "door": 0,
      "ds": 0,
      "flags": {},
      "threshold": {
        "light": null,
        "sight": null,
        "sound": null,
        "attenuation": false
      },
      "_key": "!scenes.walls!q9dUUSWs0ljRvvMA.hoazl9FmEfzHocP6"
    },
    {
      "_id": "kxtjR4LJVyv4gKzf",
      "c": [
        2812,
        800,
        2787,
        850
      ],
      "light": 10,
      "move": 20,
      "sight": 10,
      "sound": 10,
      "dir": 0,
      "door": 0,
      "ds": 0,
      "flags": {},
      "threshold": {
        "light": null,
        "sight": null,
        "sound": null,
        "attenuation": false
      },
      "_key": "!scenes.walls!q9dUUSWs0ljRvvMA.kxtjR4LJVyv4gKzf"
    },
    {
      "_id": "VyaNrYx1c24tYuGp",
      "c": [
        2787,
        850,
        2750,
        812
      ],
      "light": 10,
      "move": 20,
      "sight": 10,
      "sound": 10,
      "dir": 0,
      "door": 0,
      "ds": 0,
      "flags": {},
      "threshold": {
        "light": null,
        "sight": null,
        "sound": null,
        "attenuation": false
      },
      "_key": "!scenes.walls!q9dUUSWs0ljRvvMA.VyaNrYx1c24tYuGp"
    },
    {
      "_id": "IYaFRof7wvMhdUqe",
      "c": [
        2750,
        812,
        2775,
        775
      ],
      "light": 10,
      "move": 20,
      "sight": 10,
      "sound": 10,
      "dir": 0,
      "door": 0,
      "ds": 0,
      "flags": {},
      "threshold": {
        "light": null,
        "sight": null,
        "sound": null,
        "attenuation": false
      },
      "_key": "!scenes.walls!q9dUUSWs0ljRvvMA.IYaFRof7wvMhdUqe"
    },
    {
      "_id": "Wzmf6CM2uXaYb6dz",
      "c": [
        2775,
        775,
        2812,
        800
      ],
      "light": 10,
      "move": 20,
      "sight": 10,
      "sound": 10,
      "dir": 0,
      "door": 0,
      "ds": 0,
      "flags": {},
      "threshold": {
        "light": null,
        "sight": null,
        "sound": null,
        "attenuation": false
      },
      "_key": "!scenes.walls!q9dUUSWs0ljRvvMA.Wzmf6CM2uXaYb6dz"
    },
    {
      "_id": "4j7XfpWe5GshMErP",
      "c": [
        2287,
        1550,
        2250,
        1537
      ],
      "light": 10,
      "move": 20,
      "sight": 10,
      "sound": 10,
      "dir": 0,
      "door": 0,
      "ds": 0,
      "flags": {},
      "threshold": {
        "light": null,
        "sight": null,
        "sound": null,
        "attenuation": false
      },
      "_key": "!scenes.walls!q9dUUSWs0ljRvvMA.4j7XfpWe5GshMErP"
    },
    {
      "_id": "pG6BIgZomoQ8PvNh",
      "c": [
        2250,
        1537,
        2237,
        1575
      ],
      "light": 10,
      "move": 20,
      "sight": 10,
      "sound": 10,
      "dir": 0,
      "door": 0,
      "ds": 0,
      "flags": {},
      "threshold": {
        "light": null,
        "sight": null,
        "sound": null,
        "attenuation": false
      },
      "_key": "!scenes.walls!q9dUUSWs0ljRvvMA.pG6BIgZomoQ8PvNh"
    },
    {
      "_id": "pFzqTZGRHrXoA0zt",
      "c": [
        2237,
        1575,
        2275,
        1587
      ],
      "light": 10,
      "move": 20,
      "sight": 10,
      "sound": 10,
      "dir": 0,
      "door": 0,
      "ds": 0,
      "flags": {},
      "threshold": {
        "light": null,
        "sight": null,
        "sound": null,
        "attenuation": false
      },
      "_key": "!scenes.walls!q9dUUSWs0ljRvvMA.pFzqTZGRHrXoA0zt"
    },
    {
      "_id": "WUoXxYTwPYPW6qKj",
      "c": [
        2275,
        1587,
        2287,
        1550
      ],
      "light": 10,
      "move": 20,
      "sight": 10,
      "sound": 10,
      "dir": 0,
      "door": 0,
      "ds": 0,
      "flags": {},
      "threshold": {
        "light": null,
        "sight": null,
        "sound": null,
        "attenuation": false
      },
      "_key": "!scenes.walls!q9dUUSWs0ljRvvMA.WUoXxYTwPYPW6qKj"
    },
    {
      "_id": "KZGdx0XcTUw35HZb",
      "c": [
        3075,
        1937,
        3037,
        1975
      ],
      "light": 10,
      "move": 20,
      "sight": 10,
      "sound": 10,
      "dir": 0,
      "door": 0,
      "ds": 0,
      "flags": {},
      "threshold": {
        "light": null,
        "sight": null,
        "sound": null,
        "attenuation": false
      },
      "_key": "!scenes.walls!q9dUUSWs0ljRvvMA.KZGdx0XcTUw35HZb"
    },
    {
      "_id": "RSV3DhrsBc0Cw3y4",
      "c": [
        3037,
        1975,
        3012,
        1937
      ],
      "light": 10,
      "move": 20,
      "sight": 10,
      "sound": 10,
      "dir": 0,
      "door": 0,
      "ds": 0,
      "flags": {},
      "threshold": {
        "light": null,
        "sight": null,
        "sound": null,
        "attenuation": false
      },
      "_key": "!scenes.walls!q9dUUSWs0ljRvvMA.RSV3DhrsBc0Cw3y4"
    },
    {
      "_id": "MtehpkSNo27WiIRt",
      "c": [
        3012,
        1937,
        3050,
        1900
      ],
      "light": 10,
      "move": 20,
      "sight": 10,
      "sound": 10,
      "dir": 0,
      "door": 0,
      "ds": 0,
      "flags": {},
      "threshold": {
        "light": null,
        "sight": null,
        "sound": null,
        "attenuation": false
      },
      "_key": "!scenes.walls!q9dUUSWs0ljRvvMA.MtehpkSNo27WiIRt"
    },
    {
      "_id": "gA0XgrRxWta0Skg8",
      "c": [
        3050,
        1900,
        3075,
        1937
      ],
      "light": 10,
      "move": 20,
      "sight": 10,
      "sound": 10,
      "dir": 0,
      "door": 0,
      "ds": 0,
      "flags": {},
      "threshold": {
        "light": null,
        "sight": null,
        "sound": null,
        "attenuation": false
      },
      "_key": "!scenes.walls!q9dUUSWs0ljRvvMA.gA0XgrRxWta0Skg8"
    },
    {
      "_id": "C9IDfWC5yry3okoi",
      "c": [
        2175,
        2650,
        2162,
        2687
      ],
      "light": 10,
      "move": 20,
      "sight": 10,
      "sound": 10,
      "dir": 0,
      "door": 0,
      "ds": 0,
      "flags": {},
      "threshold": {
        "light": null,
        "sight": null,
        "sound": null,
        "attenuation": false
      },
      "_key": "!scenes.walls!q9dUUSWs0ljRvvMA.C9IDfWC5yry3okoi"
    },
    {
      "_id": "IEHNZNxeKivBRxgy",
      "c": [
        2162,
        2687,
        2125,
        2662
      ],
      "light": 10,
      "move": 20,
      "sight": 10,
      "sound": 10,
      "dir": 0,
      "door": 0,
      "ds": 0,
      "flags": {},
      "threshold": {
        "light": null,
        "sight": null,
        "sound": null,
        "attenuation": false
      },
      "_key": "!scenes.walls!q9dUUSWs0ljRvvMA.IEHNZNxeKivBRxgy"
    },
    {
      "_id": "iqBpOEZmvq5H6BAL",
      "c": [
        2125,
        2662,
        2150,
        2637
      ],
      "light": 10,
      "move": 20,
      "sight": 10,
      "sound": 10,
      "dir": 0,
      "door": 0,
      "ds": 0,
      "flags": {},
      "threshold": {
        "light": null,
        "sight": null,
        "sound": null,
        "attenuation": false
      },
      "_key": "!scenes.walls!q9dUUSWs0ljRvvMA.iqBpOEZmvq5H6BAL"
    },
    {
      "_id": "p9KCIiSYDilClZ8q",
      "c": [
        2150,
        2637,
        2175,
        2650
      ],
      "light": 10,
      "move": 20,
      "sight": 10,
      "sound": 10,
      "dir": 0,
      "door": 0,
      "ds": 0,
      "flags": {},
      "threshold": {
        "light": null,
        "sight": null,
        "sound": null,
        "attenuation": false
      },
      "_key": "!scenes.walls!q9dUUSWs0ljRvvMA.p9KCIiSYDilClZ8q"
    },
    {
      "_id": "maIEnMjoy8pAgcRA",
      "c": [
        1100,
        2662,
        1075,
        2687
      ],
      "light": 10,
      "move": 20,
      "sight": 10,
      "sound": 10,
      "dir": 0,
      "door": 0,
      "ds": 0,
      "flags": {},
      "threshold": {
        "light": null,
        "sight": null,
        "sound": null,
        "attenuation": false
      },
      "_key": "!scenes.walls!q9dUUSWs0ljRvvMA.maIEnMjoy8pAgcRA"
    },
    {
      "_id": "izxtxZSKNSGwEbGU",
      "c": [
        1075,
        2687,
        1037,
        2650
      ],
      "light": 10,
      "move": 20,
      "sight": 10,
      "sound": 10,
      "dir": 0,
      "door": 0,
      "ds": 0,
      "flags": {},
      "threshold": {
        "light": null,
        "sight": null,
        "sound": null,
        "attenuation": false
      },
      "_key": "!scenes.walls!q9dUUSWs0ljRvvMA.izxtxZSKNSGwEbGU"
    },
    {
      "_id": "fuajd8n4OyeGndvK",
      "c": [
        1037,
        2650,
        1075,
        2625
      ],
      "light": 10,
      "move": 20,
      "sight": 10,
      "sound": 10,
      "dir": 0,
      "door": 0,
      "ds": 0,
      "flags": {},
      "threshold": {
        "light": null,
        "sight": null,
        "sound": null,
        "attenuation": false
      },
      "_key": "!scenes.walls!q9dUUSWs0ljRvvMA.fuajd8n4OyeGndvK"
    },
    {
      "_id": "VBOqZVYDyQYBrumS",
      "c": [
        1075,
        2625,
        1100,
        2662
      ],
      "light": 10,
      "move": 20,
      "sight": 10,
      "sound": 10,
      "dir": 0,
      "door": 0,
      "ds": 0,
      "flags": {},
      "threshold": {
        "light": null,
        "sight": null,
        "sound": null,
        "attenuation": false
      },
      "_key": "!scenes.walls!q9dUUSWs0ljRvvMA.VBOqZVYDyQYBrumS"
    },
    {
      "_id": "pxppHvxqC03rqiI7",
      "c": [
        1662,
        3037,
        1625,
        3012
      ],
      "light": 10,
      "move": 20,
      "sight": 10,
      "sound": 10,
      "dir": 0,
      "door": 0,
      "ds": 0,
      "flags": {},
      "threshold": {
        "light": null,
        "sight": null,
        "sound": null,
        "attenuation": false
      },
      "_key": "!scenes.walls!q9dUUSWs0ljRvvMA.pxppHvxqC03rqiI7"
    },
    {
      "_id": "FvuZzNC5l03ZgCge",
      "c": [
        1625,
        3012,
        1600,
        3062
      ],
      "light": 10,
      "move": 20,
      "sight": 10,
      "sound": 10,
      "dir": 0,
      "door": 0,
      "ds": 0,
      "flags": {},
      "threshold": {
        "light": null,
        "sight": null,
        "sound": null,
        "attenuation": false
      },
      "_key": "!scenes.walls!q9dUUSWs0ljRvvMA.FvuZzNC5l03ZgCge"
    },
    {
      "_id": "VY7Ig15GztwiN2ut",
      "c": [
        1600,
        3062,
        1650,
        3075
      ],
      "light": 10,
      "move": 20,
      "sight": 10,
      "sound": 10,
      "dir": 0,
      "door": 0,
      "ds": 0,
      "flags": {},
      "threshold": {
        "light": null,
        "sight": null,
        "sound": null,
        "attenuation": false
      },
      "_key": "!scenes.walls!q9dUUSWs0ljRvvMA.VY7Ig15GztwiN2ut"
    },
    {
      "_id": "GLsKAVuCZof6VhRb",
      "c": [
        1650,
        3075,
        1662,
        3037
      ],
      "light": 10,
      "move": 20,
      "sight": 10,
      "sound": 10,
      "dir": 0,
      "door": 0,
      "ds": 0,
      "flags": {},
      "threshold": {
        "light": null,
        "sight": null,
        "sound": null,
        "attenuation": false
      },
      "_key": "!scenes.walls!q9dUUSWs0ljRvvMA.GLsKAVuCZof6VhRb"
    },
    {
      "_id": "fpvu24yXxzOsIDSr",
      "c": [
        2800,
        3037,
        2775,
        3075
      ],
      "light": 10,
      "move": 20,
      "sight": 10,
      "sound": 10,
      "dir": 0,
      "door": 0,
      "ds": 0,
      "flags": {},
      "threshold": {
        "light": null,
        "sight": null,
        "sound": null,
        "attenuation": false
      },
      "_key": "!scenes.walls!q9dUUSWs0ljRvvMA.fpvu24yXxzOsIDSr"
    },
    {
      "_id": "FHthP62OWrqapYAn",
      "c": [
        2775,
        3075,
        2737,
        3050
      ],
      "light": 10,
      "move": 20,
      "sight": 10,
      "sound": 10,
      "dir": 0,
      "door": 0,
      "ds": 0,
      "flags": {},
      "threshold": {
        "light": null,
        "sight": null,
        "sound": null,
        "attenuation": false
      },
      "_key": "!scenes.walls!q9dUUSWs0ljRvvMA.FHthP62OWrqapYAn"
    },
    {
      "_id": "zWcf8MtClkisvk76",
      "c": [
        2737,
        3050,
        2750,
        3012
      ],
      "light": 10,
      "move": 20,
      "sight": 10,
      "sound": 10,
      "dir": 0,
      "door": 0,
      "ds": 0,
      "flags": {},
      "threshold": {
        "light": null,
        "sight": null,
        "sound": null,
        "attenuation": false
      },
      "_key": "!scenes.walls!q9dUUSWs0ljRvvMA.zWcf8MtClkisvk76"
    },
    {
      "_id": "30smneTMlk61fx3p",
      "c": [
        2750,
        3012,
        2800,
        3037
      ],
      "light": 10,
      "move": 20,
      "sight": 10,
      "sound": 10,
      "dir": 0,
      "door": 0,
      "ds": 0,
      "flags": {},
      "threshold": {
        "light": null,
        "sight": null,
        "sound": null,
        "attenuation": false
      },
      "_key": "!scenes.walls!q9dUUSWs0ljRvvMA.30smneTMlk61fx3p"
    },
    {
      "_id": "9ea99JAVOfF5p3rV",
      "c": [
        800,
        3112,
        775,
        3162
      ],
      "light": 10,
      "move": 20,
      "sight": 10,
      "sound": 10,
      "dir": 0,
      "door": 0,
      "ds": 0,
      "flags": {},
      "threshold": {
        "light": null,
        "sight": null,
        "sound": null,
        "attenuation": false
      },
      "_key": "!scenes.walls!q9dUUSWs0ljRvvMA.9ea99JAVOfF5p3rV"
    },
    {
      "_id": "IXgNZds2E4FjTUIZ",
      "c": [
        775,
        3162,
        725,
        3137
      ],
      "light": 10,
      "move": 20,
      "sight": 10,
      "sound": 10,
      "dir": 0,
      "door": 0,
      "ds": 0,
      "flags": {},
      "threshold": {
        "light": null,
        "sight": null,
        "sound": null,
        "attenuation": false
      },
      "_key": "!scenes.walls!q9dUUSWs0ljRvvMA.IXgNZds2E4FjTUIZ"
    },
    {
      "_id": "0r2AktUMxFB893I6",
      "c": [
        725,
        3137,
        750,
        3100
      ],
      "light": 10,
      "move": 20,
      "sight": 10,
      "sound": 10,
      "dir": 0,
      "door": 0,
      "ds": 0,
      "flags": {},
      "threshold": {
        "light": null,
        "sight": null,
        "sound": null,
        "attenuation": false
      },
      "_key": "!scenes.walls!q9dUUSWs0ljRvvMA.0r2AktUMxFB893I6"
    },
    {
      "_id": "j39VfdJBhKZYuT9h",
      "c": [
        750,
        3100,
        800,
        3112
      ],
      "light": 10,
      "move": 20,
      "sight": 10,
      "sound": 10,
      "dir": 0,
      "door": 0,
      "ds": 0,
      "flags": {},
      "threshold": {
        "light": null,
        "sight": null,
        "sound": null,
        "attenuation": false
      },
      "_key": "!scenes.walls!q9dUUSWs0ljRvvMA.j39VfdJBhKZYuT9h"
    }
  ],
  "playlist": null,
  "playlistSound": null,
  "journal": null,
  "journalEntryPage": null,
  "weather": "",
  "flags": {},
  "_stats": {
    "systemId": "dnd5e",
    "systemVersion": "2.4.1",
    "coreVersion": "12.330",
    "createdTime": 1675821217673,
    "modifiedTime": 1723948174817,
    "lastModifiedBy": "dnd5ebuilder0000",
    "compendiumSource": "Scene.q9dUUSWs0ljRvvMA",
    "duplicateSource": null
  },
  "_id": "q9dUUSWs0ljRvvMA",
  "active": false,
  "folder": null,
  "sort": 0,
  "ownership": {
    "default": 0
  },
  "regions": [],
  "environment": {
    "globalLight": {
      "luminosity": 0,
      "enabled": true,
      "darkness": {
        "max": 0.75,
        "min": 0
      },
      "alpha": 0.5,
      "bright": false,
      "color": null,
      "coloration": 1,
      "saturation": 0,
      "contrast": 0,
      "shadows": 0
    },
    "darknessLevel": 0,
    "darknessLock": false,
    "cycle": true,
    "base": {
      "hue": 0,
      "intensity": 0,
      "luminosity": 0,
      "saturation": 0,
      "shadows": 0
    },
    "dark": {
      "hue": 0.7138888888888889,
      "intensity": 0,
      "luminosity": -0.25,
      "saturation": 0,
      "shadows": 0
    }
  },
  "fog": {
    "exploration": true,
    "reset": 1675821217671,
    "overlay": null,
    "colors": {
      "explored": null,
      "unexplored": null
    }
  },
  "_key": "!scenes!q9dUUSWs0ljRvvMA"
}
