{
  "name": "Swamp B [25x25]",
  "navigation": false,
  "navOrder": 0,
  "navName": "",
  "background": {
    "src": null,
    "scaleX": 1,
    "scaleY": 1,
    "offsetX": 0,
    "offsetY": 0,
    "rotation": 0,
    "tint": "#ffffff",
    "anchorX": 0,
    "anchorY": 0,
    "fit": "fill",
    "alphaThreshold": 0
  },
  "foreground": null,
  "foregroundElevation": 20,
  "thumb": "modules/fa-battlemaps/assets/scenes/eCIvhF8hJEISHBEW-thumb.webp",
  "width": 2500,
  "height": 2500,
  "padding": 0.25,
  "initial": {
    "x": 2191,
    "y": 1967,
    "scale": 0.5391308084763
  },
  "backgroundColor": "#000000",
  "grid": {
    "type": 1,
    "size": 100,
    "color": "#000000",
    "alpha": 0.2,
    "distance": 5,
    "units": "ft",
    "style": "solidLines",
    "thickness": 1
  },
  "tokenVision": true,
  "drawings": [],
  "tokens": [],
  "lights": [
    {
      "x": 2100,
      "y": 800,
      "rotation": 0,
      "walls": true,
      "vision": false,
      "config": {
        "alpha": 0.2,
        "angle": 360,
        "bright": 0,
        "coloration": 0,
        "dim": 15,
        "luminosity": 0.5,
        "saturation": 0,
        "contrast": 0,
        "shadows": 0,
        "animation": {
          "speed": 3,
          "intensity": 4,
          "reverse": false,
          "type": "ghost"
        },
        "darkness": {
          "min": 0,
          "max": 0.7
        },
        "color": "#515e21",
        "attenuation": 0.5,
        "negative": false,
        "priority": 0
      },
      "hidden": false,
      "flags": {
        "tagger": {
          "tags": ""
        }
      },
      "_id": "NWfLZL4ZSGU1b6O9",
      "elevation": 0,
      "_key": "!scenes.lights!eCIvhF8hJEISHBEW.NWfLZL4ZSGU1b6O9"
    },
    {
      "x": 2620,
      "y": 1578,
      "rotation": 0,
      "walls": true,
      "vision": false,
      "config": {
        "alpha": 0.2,
        "angle": 360,
        "bright": 0,
        "coloration": 0,
        "dim": 15,
        "luminosity": 0.5,
        "saturation": 0,
        "contrast": 0,
        "shadows": 0,
        "animation": {
          "speed": 3,
          "intensity": 4,
          "reverse": false,
          "type": "ghost"
        },
        "darkness": {
          "min": 0,
          "max": 0.7
        },
        "color": "#515e21",
        "attenuation": 0.5,
        "negative": false,
        "priority": 0
      },
      "hidden": false,
      "flags": {
        "tagger": {
          "tags": ""
        }
      },
      "_id": "9b1a6iQpjy1AeawU",
      "elevation": 0,
      "_key": "!scenes.lights!eCIvhF8hJEISHBEW.9b1a6iQpjy1AeawU"
    },
    {
      "x": 2950,
      "y": 1100,
      "rotation": 0,
      "walls": true,
      "vision": false,
      "config": {
        "alpha": 0.2,
        "angle": 360,
        "bright": 0,
        "coloration": 0,
        "dim": 15,
        "luminosity": 0.5,
        "saturation": 0,
        "contrast": 0,
        "shadows": 0,
        "animation": {
          "speed": 3,
          "intensity": 4,
          "reverse": false,
          "type": "ghost"
        },
        "darkness": {
          "min": 0,
          "max": 0.7
        },
        "color": "#515e21",
        "attenuation": 0.5,
        "negative": false,
        "priority": 0
      },
      "hidden": false,
      "flags": {
        "tagger": {
          "tags": ""
        }
      },
      "_id": "Itgzbz5A59AxbhIm",
      "elevation": 0,
      "_key": "!scenes.lights!eCIvhF8hJEISHBEW.Itgzbz5A59AxbhIm"
    },
    {
      "x": 2300,
      "y": 1200,
      "rotation": 0,
      "walls": true,
      "vision": false,
      "config": {
        "alpha": 0.2,
        "angle": 360,
        "bright": 0,
        "coloration": 0,
        "dim": 15,
        "luminosity": 0.5,
        "saturation": 0,
        "contrast": 0,
        "shadows": 0,
        "animation": {
          "speed": 3,
          "intensity": 4,
          "reverse": false,
          "type": "ghost"
        },
        "darkness": {
          "min": 0,
          "max": 0.7
        },
        "color": "#515e21",
        "attenuation": 0.5,
        "negative": false,
        "priority": 0
      },
      "hidden": false,
      "flags": {
        "tagger": {
          "tags": ""
        }
      },
      "_id": "0iZXsSyGoNkOVzQZ",
      "elevation": 0,
      "_key": "!scenes.lights!eCIvhF8hJEISHBEW.0iZXsSyGoNkOVzQZ"
    },
    {
      "x": 1600,
      "y": 1300,
      "rotation": 0,
      "walls": true,
      "vision": false,
      "config": {
        "alpha": 0.2,
        "angle": 360,
        "bright": 0,
        "coloration": 0,
        "dim": 15,
        "luminosity": 0.5,
        "saturation": 0,
        "contrast": 0,
        "shadows": 0,
        "animation": {
          "speed": 3,
          "intensity": 4,
          "reverse": false,
          "type": "ghost"
        },
        "darkness": {
          "min": 0,
          "max": 0.7
        },
        "color": "#515e21",
        "attenuation": 0.5,
        "negative": false,
        "priority": 0
      },
      "hidden": false,
      "flags": {
        "tagger": {
          "tags": ""
        }
      },
      "_id": "mAyUFEgFqRVBZDiu",
      "elevation": 0,
      "_key": "!scenes.lights!eCIvhF8hJEISHBEW.mAyUFEgFqRVBZDiu"
    },
    {
      "x": 1000,
      "y": 2200,
      "rotation": 0,
      "walls": true,
      "vision": false,
      "config": {
        "alpha": 0.2,
        "angle": 360,
        "bright": 0,
        "coloration": 0,
        "dim": 15,
        "luminosity": 0.5,
        "saturation": 0,
        "contrast": 0,
        "shadows": 0,
        "animation": {
          "speed": 3,
          "intensity": 4,
          "reverse": false,
          "type": "ghost"
        },
        "darkness": {
          "min": 0,
          "max": 0.7
        },
        "color": "#515e21",
        "attenuation": 0.5,
        "negative": false,
        "priority": 0
      },
      "hidden": false,
      "flags": {
        "tagger": {
          "tags": ""
        }
      },
      "_id": "UBx52sUf6kLsKNrw",
      "elevation": 0,
      "_key": "!scenes.lights!eCIvhF8hJEISHBEW.UBx52sUf6kLsKNrw"
    },
    {
      "x": 1534,
      "y": 2453,
      "rotation": 0,
      "walls": true,
      "vision": false,
      "config": {
        "alpha": 0.2,
        "angle": 360,
        "bright": 0,
        "coloration": 0,
        "dim": 15,
        "luminosity": 0.5,
        "saturation": 0,
        "contrast": 0,
        "shadows": 0,
        "animation": {
          "speed": 3,
          "intensity": 4,
          "reverse": false,
          "type": "ghost"
        },
        "darkness": {
          "min": 0,
          "max": 0.7
        },
        "color": "#515e21",
        "attenuation": 0.5,
        "negative": false,
        "priority": 0
      },
      "hidden": false,
      "flags": {
        "tagger": {
          "tags": ""
        }
      },
      "_id": "tMaVZndS2d1IEvz2",
      "elevation": 0,
      "_key": "!scenes.lights!eCIvhF8hJEISHBEW.tMaVZndS2d1IEvz2"
    },
    {
      "x": 2200,
      "y": 2500,
      "rotation": 0,
      "walls": true,
      "vision": false,
      "config": {
        "alpha": 0.2,
        "angle": 360,
        "bright": 0,
        "coloration": 0,
        "dim": 15,
        "luminosity": 0.5,
        "saturation": 0,
        "contrast": 0,
        "shadows": 0,
        "animation": {
          "speed": 3,
          "intensity": 4,
          "reverse": false,
          "type": "ghost"
        },
        "darkness": {
          "min": 0,
          "max": 0.7
        },
        "color": "#515e21",
        "attenuation": 0.5,
        "negative": false,
        "priority": 0
      },
      "hidden": false,
      "flags": {
        "tagger": {
          "tags": ""
        }
      },
      "_id": "jFaapTra9YSmKLGS",
      "elevation": 0,
      "_key": "!scenes.lights!eCIvhF8hJEISHBEW.jFaapTra9YSmKLGS"
    },
    {
      "x": 2800,
      "y": 2100,
      "rotation": 0,
      "walls": true,
      "vision": false,
      "config": {
        "alpha": 0.2,
        "angle": 360,
        "bright": 0,
        "coloration": 0,
        "dim": 15,
        "luminosity": 0.5,
        "saturation": 0,
        "contrast": 0,
        "shadows": 0,
        "animation": {
          "speed": 3,
          "intensity": 4,
          "reverse": false,
          "type": "ghost"
        },
        "darkness": {
          "min": 0,
          "max": 0.7
        },
        "color": "#515e21",
        "attenuation": 0.5,
        "negative": false,
        "priority": 0
      },
      "hidden": false,
      "flags": {
        "tagger": {
          "tags": ""
        }
      },
      "_id": "IjFX9tGAxR8cafH7",
      "elevation": 0,
      "_key": "!scenes.lights!eCIvhF8hJEISHBEW.IjFX9tGAxR8cafH7"
    },
    {
      "x": 2700,
      "y": 2700,
      "rotation": 0,
      "walls": true,
      "vision": false,
      "config": {
        "alpha": 0.2,
        "angle": 360,
        "bright": 0,
        "coloration": 0,
        "dim": 15,
        "luminosity": 0.5,
        "saturation": 0,
        "contrast": 0,
        "shadows": 0,
        "animation": {
          "speed": 3,
          "intensity": 4,
          "reverse": false,
          "type": "ghost"
        },
        "darkness": {
          "min": 0,
          "max": 0.7
        },
        "color": "#515e21",
        "attenuation": 0.5,
        "negative": false,
        "priority": 0
      },
      "hidden": false,
      "flags": {
        "tagger": {
          "tags": ""
        }
      },
      "_id": "1RMmDnPUtWruxVAa",
      "elevation": 0,
      "_key": "!scenes.lights!eCIvhF8hJEISHBEW.1RMmDnPUtWruxVAa"
    },
    {
      "x": 3000,
      "y": 3100,
      "rotation": 0,
      "walls": true,
      "vision": false,
      "config": {
        "alpha": 0.2,
        "angle": 360,
        "bright": 0,
        "coloration": 0,
        "dim": 15,
        "luminosity": 0.5,
        "saturation": 0,
        "contrast": 0,
        "shadows": 0,
        "animation": {
          "speed": 3,
          "intensity": 4,
          "reverse": false,
          "type": "ghost"
        },
        "darkness": {
          "min": 0,
          "max": 0.7
        },
        "color": "#515e21",
        "attenuation": 0.5,
        "negative": false,
        "priority": 0
      },
      "hidden": false,
      "flags": {
        "tagger": {
          "tags": ""
        }
      },
      "_id": "IfkYJ6lZgbJM1rMi",
      "elevation": 0,
      "_key": "!scenes.lights!eCIvhF8hJEISHBEW.IfkYJ6lZgbJM1rMi"
    },
    {
      "x": 2253,
      "y": 2985,
      "rotation": 0,
      "walls": true,
      "vision": false,
      "config": {
        "alpha": 0.2,
        "angle": 360,
        "bright": 0,
        "coloration": 0,
        "dim": 15,
        "luminosity": 0.5,
        "saturation": 0,
        "contrast": 0,
        "shadows": 0,
        "animation": {
          "speed": 3,
          "intensity": 4,
          "reverse": false,
          "type": "ghost"
        },
        "darkness": {
          "min": 0,
          "max": 0.7
        },
        "color": "#515e21",
        "attenuation": 0.5,
        "negative": false,
        "priority": 0
      },
      "hidden": false,
      "flags": {
        "tagger": {
          "tags": ""
        }
      },
      "_id": "YXXkSbaVKXnX0NJU",
      "elevation": 0,
      "_key": "!scenes.lights!eCIvhF8hJEISHBEW.YXXkSbaVKXnX0NJU"
    },
    {
      "x": 1244,
      "y": 2941,
      "rotation": 0,
      "walls": true,
      "vision": false,
      "config": {
        "alpha": 0.2,
        "angle": 360,
        "bright": 0,
        "coloration": 0,
        "dim": 15,
        "luminosity": 0.5,
        "saturation": 0,
        "contrast": 0,
        "shadows": 0,
        "animation": {
          "speed": 3,
          "intensity": 4,
          "reverse": false,
          "type": "ghost"
        },
        "darkness": {
          "min": 0,
          "max": 0.7
        },
        "color": "#515e21",
        "attenuation": 0.5,
        "negative": false,
        "priority": 0
      },
      "hidden": false,
      "flags": {
        "tagger": {
          "tags": ""
        }
      },
      "_id": "QHu9af89GdrAmtxP",
      "elevation": 0,
      "_key": "!scenes.lights!eCIvhF8hJEISHBEW.QHu9af89GdrAmtxP"
    },
    {
      "x": 900,
      "y": 2700,
      "rotation": 0,
      "walls": true,
      "vision": false,
      "config": {
        "alpha": 0.2,
        "angle": 360,
        "bright": 0,
        "coloration": 0,
        "dim": 15,
        "luminosity": 0.5,
        "saturation": 0,
        "contrast": 0,
        "shadows": 0,
        "animation": {
          "speed": 3,
          "intensity": 4,
          "reverse": false,
          "type": "ghost"
        },
        "darkness": {
          "min": 0,
          "max": 0.7
        },
        "color": "#515e21",
        "attenuation": 0.5,
        "negative": false,
        "priority": 0
      },
      "hidden": false,
      "flags": {
        "tagger": {
          "tags": ""
        }
      },
      "_id": "5IMaRdoXgiGTcaAQ",
      "elevation": 0,
      "_key": "!scenes.lights!eCIvhF8hJEISHBEW.5IMaRdoXgiGTcaAQ"
    }
  ],
  "notes": [],
  "sounds": [
    {
      "x": 1900,
      "y": 2000,
      "radius": 200,
      "path": "fa_battlemaps/Audio/swamp.ogg",
      "repeat": false,
      "volume": 0.15,
      "walls": false,
      "easing": false,
      "hidden": false,
      "darkness": {
        "min": 0,
        "max": 0.69
      },
      "flags": {
        "tagger": {
          "tags": [
            "swamp"
          ]
        }
      },
      "_id": "r5aDiuf2vOq7ypqc",
      "elevation": 0,
      "effects": {
        "base": {
          "intensity": 5
        },
        "muffled": {
          "intensity": 5
        }
      },
      "_key": "!scenes.sounds!eCIvhF8hJEISHBEW.r5aDiuf2vOq7ypqc"
    },
    {
      "x": 1800,
      "y": 2000,
      "radius": 200,
      "path": "fa_battlemaps/Audio/swampbubbling.ogg",
      "repeat": false,
      "volume": 0.1,
      "walls": false,
      "easing": false,
      "hidden": false,
      "darkness": {
        "min": 0,
        "max": 1
      },
      "flags": {
        "tagger": {
          "tags": ""
        }
      },
      "_id": "zJVuQngn6hP0AnK0",
      "elevation": 0,
      "effects": {
        "base": {
          "intensity": 5
        },
        "muffled": {
          "intensity": 5
        }
      },
      "_key": "!scenes.sounds!eCIvhF8hJEISHBEW.zJVuQngn6hP0AnK0"
    },
    {
      "x": 1800,
      "y": 1850,
      "radius": 200,
      "path": "fa_battlemaps/Audio/swampnight.ogg",
      "repeat": false,
      "volume": 0.15,
      "walls": false,
      "easing": false,
      "hidden": false,
      "darkness": {
        "min": 0.7,
        "max": 1
      },
      "flags": {
        "tagger": {
          "tags": [
            "swamp"
          ]
        }
      },
      "_id": "3uH9nfol7sfoDo4W",
      "elevation": 0,
      "effects": {
        "base": {
          "intensity": 5
        },
        "muffled": {
          "intensity": 5
        }
      },
      "_key": "!scenes.sounds!eCIvhF8hJEISHBEW.3uH9nfol7sfoDo4W"
    },
    {
      "x": 1900,
      "y": 1850,
      "radius": 200,
      "path": "fa_battlemaps/Audio/eerie_drone.ogg",
      "repeat": false,
      "volume": 0.2,
      "walls": false,
      "easing": false,
      "hidden": true,
      "darkness": {
        "min": 0,
        "max": 1
      },
      "flags": {
        "tagger": {
          "tags": [
            "drone"
          ]
        }
      },
      "_id": "4DaFpe7lvcRCTAeP",
      "elevation": 0,
      "effects": {
        "base": {
          "intensity": 5
        },
        "muffled": {
          "intensity": 5
        }
      },
      "_key": "!scenes.sounds!eCIvhF8hJEISHBEW.4DaFpe7lvcRCTAeP"
    }
  ],
  "templates": [],
  "tiles": [
    {
      "texture": {
        "src": "fa_battlemaps/Maps/2023/February/fa_swamp-b/Maps/Swamp/InfiniteSwampB.webp",
        "scaleX": 1,
        "scaleY": 1,
        "offsetX": 0,
        "offsetY": 0,
        "rotation": 0,
        "tint": "#ffffff",
        "anchorX": 0.5,
        "anchorY": 0.5,
        "fit": "fill",
        "alphaThreshold": 0.75
      },
      "x": 700,
      "y": 700,
      "width": 2500,
      "height": 2500,
      "_id": "Md3EPwG0Xj81E88n",
      "rotation": 0,
      "alpha": 1,
      "hidden": false,
      "locked": true,
      "occlusion": {
        "mode": 0,
        "alpha": 0
      },
      "video": {
        "loop": true,
        "autoplay": true,
        "volume": 0
      },
      "flags": {
        "tagger": {
          "tags": [
            "Map"
          ]
        },
        "monks-active-tiles": {
          "active": false,
          "record": false,
          "restriction": "all",
          "controlled": "gm",
          "trigger": [
            ""
          ],
          "allowpaused": false,
          "usealpha": false,
          "pointer": false,
          "pertoken": false,
          "minrequired": 0,
          "chance": 100,
          "fileindex": 0,
          "actions": [],
          "files": [
            {
              "id": "9w7sA4wuMrGCmeqT",
              "name": "fa_battlemaps/Maps/2023/February/fa_swamp-b/Maps/Swamp/InfiniteSwampB.webp",
              "selected": false
            },
            {
              "id": "4vtJz6iu1zKt8Yc3",
              "name": "fa_battlemaps/Maps/2023/February/fa_swamp-b/Maps/Dead/InfiniteDeadSwampB.webp",
              "selected": false
            },
            {
              "id": "v5lcx5FJwncfRwT0",
              "name": "fa_battlemaps/Maps/2023/February/fa_swamp-b/Maps/Blood/InfiniteSwampBloodB.webp",
              "selected": true
            }
          ]
        }
      },
      "sort": 3,
      "restrictions": {
        "light": false,
        "weather": false
      },
      "elevation": 0,
      "_key": "!scenes.tiles!eCIvhF8hJEISHBEW.Md3EPwG0Xj81E88n"
    },
    {
      "texture": {
        "src": "fa_battlemaps/Maps/2023/February/fa_swamp-b/Maps/Swamp/FGInfiniteSwampB.webp",
        "scaleX": 1,
        "scaleY": 1,
        "offsetX": 0,
        "offsetY": 0,
        "rotation": 0,
        "tint": "#ffffff",
        "anchorX": 0.5,
        "anchorY": 0.5,
        "fit": "fill",
        "alphaThreshold": 0.75
      },
      "x": 700,
      "y": 700,
      "width": 2500,
      "height": 2500,
      "_id": "sxLz6TIaPEgn88xi",
      "rotation": 0,
      "alpha": 1,
      "hidden": false,
      "locked": true,
      "occlusion": {
        "mode": 0,
        "alpha": 0
      },
      "video": {
        "loop": true,
        "autoplay": true,
        "volume": 0
      },
      "flags": {
        "tagger": {
          "tags": [
            "Map"
          ]
        },
        "monks-active-tiles": {
          "active": false,
          "record": false,
          "restriction": "all",
          "controlled": "gm",
          "trigger": [
            ""
          ],
          "allowpaused": false,
          "usealpha": false,
          "pointer": false,
          "pertoken": false,
          "minrequired": 0,
          "chance": 100,
          "fileindex": 0,
          "actions": [],
          "files": [
            {
              "id": "h4OwTC5uvAd8GACg",
              "name": "fa_battlemaps/Maps/2023/February/fa_swamp-b/Maps/Swamp/FGInfiniteSwampB.webp",
              "selected": true
            },
            {
              "id": "at6BoDirWRtCSXT2",
              "name": "fa_battlemaps/Maps/2023/February/fa_swamp-b/Maps/Dead/InfiniteDeadSwampBFG.webp",
              "selected": false
            },
            {
              "id": "jFziW3C7cXxtHuMR",
              "name": "fa_battlemaps/Maps/2023/February/fa_swamp-b/Maps/Blood/InfiniteSwampBloodBFG.webp",
              "selected": false
            }
          ]
        }
      },
      "elevation": 20,
      "sort": 100,
      "restrictions": {
        "light": false,
        "weather": false
      },
      "_key": "!scenes.tiles!eCIvhF8hJEISHBEW.sxLz6TIaPEgn88xi"
    },
    {
      "width": 269,
      "height": 546,
      "x": 3231,
      "y": 704,
      "rotation": 0,
      "alpha": 1,
      "hidden": false,
      "locked": true,
      "occlusion": {
        "mode": 0,
        "alpha": 0
      },
      "video": {
        "loop": true,
        "autoplay": true,
        "volume": 0
      },
      "flags": {},
      "texture": {
        "src": "modules/fa-battlemaps/images/Scroll2.webp",
        "scaleX": 1,
        "scaleY": 1,
        "offsetX": 0,
        "offsetY": 0,
        "rotation": 0,
        "tint": "#ffffff",
        "anchorX": 0.5,
        "anchorY": 0.5,
        "fit": "fill",
        "alphaThreshold": 0.75
      },
      "_id": "Goa7IULHcZrhn0Fv",
      "sort": 1,
      "restrictions": {
        "light": false,
        "weather": false
      },
      "elevation": 0,
      "_key": "!scenes.tiles!eCIvhF8hJEISHBEW.Goa7IULHcZrhn0Fv"
    },
    {
      "width": 300,
      "height": 150,
      "x": 3221,
      "y": 763,
      "rotation": 0,
      "alpha": 1,
      "hidden": false,
      "locked": true,
      "occlusion": {
        "mode": 0,
        "alpha": 0
      },
      "video": {
        "loop": true,
        "autoplay": true,
        "volume": 0
      },
      "flags": {
        "tagger": {
          "tags": [
            "SwampTrigger"
          ]
        },
        "monks-active-tiles": {
          "active": true,
          "record": false,
          "restriction": "all",
          "controlled": "gm",
          "trigger": [
            "dblclick"
          ],
          "allowpaused": false,
          "usealpha": false,
          "pointer": true,
          "pertoken": false,
          "minrequired": 0,
          "chance": 50,
          "fileindex": 0,
          "actions": [
            {
              "action": "alter",
              "data": {
                "entity": {
                  "id": "tile",
                  "name": "This Tile"
                },
                "attribute": "texture.tint",
                "value": "#000000",
                "chatMessage": false,
                "rollmode": "roll"
              },
              "id": "JTMWNezwJduvqhrF"
            },
            {
              "action": "alter",
              "data": {
                "entity": {
                  "id": "tagger:BloodTrigger",
                  "match": "all",
                  "scene": "_active",
                  "name": "<i class=\"fas fa-tag fa-sm\"></i> BloodTrigger"
                },
                "attribute": "texture.tint",
                "value": "#890101",
                "chatMessage": false,
                "rollmode": "roll"
              },
              "id": "MwO03XNoM4VRQA7I"
            },
            {
              "action": "alter",
              "data": {
                "entity": {
                  "id": "tagger:DeadTrigger",
                  "match": "all",
                  "scene": "_active",
                  "name": "<i class=\"fas fa-tag fa-sm\"></i> DeadTrigger"
                },
                "attribute": "texture.tint",
                "value": "#890101",
                "chatMessage": false,
                "rollmode": "roll"
              },
              "id": "E0NKIM5baK7agcR0"
            },
            {
              "action": "tileimage",
              "data": {
                "entity": {
                  "id": "tagger:Map",
                  "match": "all",
                  "scene": "_active",
                  "name": "<i class=\"fas fa-tag fa-sm\"></i> Map"
                },
                "select": "1",
                "transition": "none",
                "speed": 1,
                "loop": 1
              },
              "id": "t7OWMyRHJyE0CGaF"
            },
            {
              "action": "activate",
              "data": {
                "entity": {
                  "id": "tagger:swamp",
                  "match": "all",
                  "scene": "WcZCEmos9KpcsPYa",
                  "name": "<i class=\"fas fa-tag fa-sm\"></i> swamp"
                },
                "activate": "activate"
              },
              "id": "WeDldkGjHUp7BOEi"
            },
            {
              "action": "activate",
              "data": {
                "entity": {
                  "id": "tagger:drone",
                  "match": "all",
                  "scene": "_active",
                  "name": "<i class=\"fas fa-tag fa-sm\"></i> drone"
                },
                "activate": "deactivate"
              },
              "id": "CNepquxOKJ5il3u1"
            }
          ],
          "files": [],
          "name": "",
          "vision": false,
          "cooldown": null
        }
      },
      "texture": {
        "src": "fa_battlemaps/Maps/2023/February/fa_swamp-b/Text/Swamp.webp",
        "tint": "#000000",
        "scaleX": 1,
        "scaleY": 1,
        "offsetX": 0,
        "offsetY": 0,
        "rotation": 0,
        "anchorX": 0.5,
        "anchorY": 0.5,
        "fit": "fill",
        "alphaThreshold": 0.75
      },
      "_id": "oVx6BukIcFH52pGq",
      "sort": 6,
      "restrictions": {
        "light": false,
        "weather": false
      },
      "elevation": 0,
      "_key": "!scenes.tiles!eCIvhF8hJEISHBEW.oVx6BukIcFH52pGq"
    },
    {
      "width": 300,
      "height": 150,
      "x": 3220,
      "y": 899,
      "rotation": 0,
      "alpha": 1,
      "hidden": false,
      "locked": true,
      "occlusion": {
        "mode": 0,
        "alpha": 0
      },
      "video": {
        "loop": true,
        "autoplay": true,
        "volume": 0
      },
      "flags": {
        "tagger": {
          "tags": [
            "BloodTrigger"
          ]
        },
        "monks-active-tiles": {
          "active": true,
          "record": false,
          "restriction": "all",
          "controlled": "gm",
          "trigger": [
            "dblclick"
          ],
          "allowpaused": false,
          "usealpha": false,
          "pointer": true,
          "pertoken": false,
          "minrequired": 0,
          "chance": 100,
          "fileindex": 0,
          "actions": [
            {
              "action": "alter",
              "data": {
                "entity": {
                  "id": "tile",
                  "name": "This Tile"
                },
                "attribute": "texture.tint",
                "value": "#000000",
                "chatMessage": false,
                "rollmode": "roll"
              },
              "id": "LvBcdQVMsYHxYWnb"
            },
            {
              "action": "alter",
              "data": {
                "entity": {
                  "id": "tagger:SwampTrigger",
                  "match": "all",
                  "scene": "_active",
                  "name": "<i class=\"fas fa-tag fa-sm\"></i> SwampTrigger"
                },
                "attribute": "texture.tint",
                "value": "#890101",
                "chatMessage": false,
                "rollmode": "roll"
              },
              "id": "ONmxdJRDYnHs3ulV"
            },
            {
              "action": "alter",
              "data": {
                "entity": {
                  "id": "tagger:DeadTrigger",
                  "match": "all",
                  "scene": "_active",
                  "name": "<i class=\"fas fa-tag fa-sm\"></i> DeadTrigger"
                },
                "attribute": "texture.tint",
                "value": "#890101",
                "chatMessage": false,
                "rollmode": "roll"
              },
              "id": "nrHq1S3dalvq2KJf"
            },
            {
              "action": "tileimage",
              "data": {
                "entity": {
                  "id": "tagger:Map",
                  "match": "all",
                  "scene": "_active",
                  "name": "<i class=\"fas fa-tag fa-sm\"></i> Map"
                },
                "select": "3",
                "transition": "none",
                "speed": 1,
                "loop": 1
              },
              "id": "PR8UXg5zJBp87rwf"
            },
            {
              "action": "activate",
              "data": {
                "entity": {
                  "id": "tagger:swamp",
                  "match": "all",
                  "scene": "WcZCEmos9KpcsPYa",
                  "name": "<i class=\"fas fa-tag fa-sm\"></i> swamp"
                },
                "activate": "deactivate"
              },
              "id": "qQKLH9divSZ5xvd0"
            },
            {
              "action": "activate",
              "data": {
                "entity": {
                  "id": "tagger:Drone",
                  "match": "all",
                  "scene": "_active",
                  "name": "<i class=\"fas fa-tag fa-sm\"></i> Drone"
                },
                "activate": "activate"
              },
              "id": "hSv7sHX2IVgKByec"
            }
          ],
          "files": [],
          "name": "",
          "vision": false,
          "cooldown": null
        }
      },
      "texture": {
        "src": "fa_battlemaps/Maps/2023/February/fa_swamp-b/Text/Blood.webp",
        "tint": "#890101",
        "scaleX": 1,
        "scaleY": 1,
        "offsetX": 0,
        "offsetY": 0,
        "rotation": 0,
        "anchorX": 0.5,
        "anchorY": 0.5,
        "fit": "fill",
        "alphaThreshold": 0.75
      },
      "_id": "px8ASdvQiYT1F5P5",
      "sort": 5,
      "restrictions": {
        "light": false,
        "weather": false
      },
      "elevation": 0,
      "_key": "!scenes.tiles!eCIvhF8hJEISHBEW.px8ASdvQiYT1F5P5"
    },
    {
      "width": 300,
      "height": 150,
      "x": 3218,
      "y": 1022,
      "rotation": 0,
      "alpha": 1,
      "hidden": false,
      "locked": true,
      "occlusion": {
        "mode": 0,
        "alpha": 0
      },
      "video": {
        "loop": true,
        "autoplay": true,
        "volume": 0
      },
      "flags": {
        "tagger": {
          "tags": [
            "DeadTrigger"
          ]
        },
        "monks-active-tiles": {
          "active": true,
          "record": false,
          "restriction": "all",
          "controlled": "gm",
          "trigger": [
            "dblclick"
          ],
          "allowpaused": false,
          "usealpha": false,
          "pointer": true,
          "pertoken": false,
          "minrequired": 0,
          "chance": 100,
          "fileindex": 0,
          "actions": [
            {
              "action": "alter",
              "data": {
                "entity": {
                  "id": "tile",
                  "name": "This Tile"
                },
                "attribute": "texture.tint",
                "value": "#000000",
                "chatMessage": false,
                "rollmode": "roll"
              },
              "id": "s17zEPamzxH1DJK3"
            },
            {
              "action": "alter",
              "data": {
                "entity": {
                  "id": "tagger:SwampTrigger",
                  "match": "all",
                  "scene": "_active",
                  "name": "<i class=\"fas fa-tag fa-sm\"></i> SwampTrigger"
                },
                "attribute": "texture.tint",
                "value": "#890101",
                "chatMessage": false,
                "rollmode": "roll"
              },
              "id": "toCjtAMokUZdch5V"
            },
            {
              "action": "alter",
              "data": {
                "entity": {
                  "id": "tagger:BloodTrigger",
                  "match": "all",
                  "scene": "_active",
                  "name": "<i class=\"fas fa-tag fa-sm\"></i> BloodTrigger"
                },
                "attribute": "texture.tint",
                "value": "#890101",
                "chatMessage": false,
                "rollmode": "roll"
              },
              "id": "KrSc6PzcD95ge2DP"
            },
            {
              "action": "tileimage",
              "data": {
                "entity": {
                  "id": "tagger:Map",
                  "match": "all",
                  "scene": "_active",
                  "name": "<i class=\"fas fa-tag fa-sm\"></i> Map"
                },
                "select": "2",
                "transition": "none",
                "speed": 1,
                "loop": 1
              },
              "id": "xEfTxSZVXSoDKWjd"
            },
            {
              "action": "activate",
              "data": {
                "entity": {
                  "id": "tagger:swamp",
                  "match": "all",
                  "scene": "WcZCEmos9KpcsPYa",
                  "name": "<i class=\"fas fa-tag fa-sm\"></i> swamp"
                },
                "activate": "deactivate"
              },
              "id": "lYWx6PmT3gqnK3V5"
            },
            {
              "action": "activate",
              "data": {
                "entity": {
                  "id": "tagger:drone",
                  "match": "all",
                  "scene": "_active",
                  "name": "<i class=\"fas fa-tag fa-sm\"></i> drone"
                },
                "activate": "activate"
              },
              "id": "wD5Cn8dCm0FQwIf6"
            }
          ],
          "files": [],
          "name": "",
          "vision": false,
          "cooldown": null
        }
      },
      "texture": {
        "src": "fa_battlemaps/Maps/2023/February/fa_swamp-b/Text/Dead.webp",
        "tint": "#890101",
        "scaleX": 1,
        "scaleY": 1,
        "offsetX": 0,
        "offsetY": 0,
        "rotation": 0,
        "anchorX": 0.5,
        "anchorY": 0.5,
        "fit": "fill",
        "alphaThreshold": 0.75
      },
      "_id": "0lxWPNI5MV38SsDL",
      "sort": 4,
      "restrictions": {
        "light": false,
        "weather": false
      },
      "elevation": 0,
      "_key": "!scenes.tiles!eCIvhF8hJEISHBEW.0lxWPNI5MV38SsDL"
    },
    {
      "texture": {
        "src": "modules/fa-battlemaps/images/Transparent.webp",
        "scaleX": 1,
        "scaleY": 1,
        "offsetX": 0,
        "offsetY": 0,
        "rotation": 0,
        "tint": "#ffffff",
        "anchorX": 0.5,
        "anchorY": 0.5,
        "fit": "fill",
        "alphaThreshold": 0.75
      },
      "width": 200,
      "height": 200,
      "_id": "eFFgty9AXZPEfm3y",
      "rotation": 0,
      "alpha": 0.45,
      "hidden": false,
      "locked": true,
      "occlusion": {
        "mode": 0,
        "alpha": 0
      },
      "video": {
        "loop": true,
        "autoplay": true,
        "volume": 0
      },
      "flags": {
        "tagger": {
          "tags": [
            "animation"
          ]
        },
        "monks-active-tiles": {
          "active": false,
          "fileindex": 1,
          "record": false,
          "restriction": "all",
          "controlled": "gm",
          "trigger": [
            ""
          ],
          "allowpaused": false,
          "usealpha": false,
          "pointer": false,
          "pertoken": false,
          "minrequired": 0,
          "chance": 50,
          "actions": [],
          "files": [
            {
              "id": "FratX1rCxadbb0WP",
              "name": "fa_battlemaps/Animations/Water_Droplets_A1_01.webm",
              "selected": true
            },
            {
              "id": "8bZghey5wpH3J2PR",
              "name": "modules/fa-battlemaps/images/Transparent.webp",
              "selected": false
            }
          ]
        },
        "betterroofs": {
          "brMode": false,
          "occlusionLinkId": "",
          "occlusionLinkSource": false
        }
      },
      "x": 1600,
      "y": 2300,
      "sort": 16,
      "restrictions": {
        "light": false,
        "weather": false
      },
      "elevation": 0,
      "_key": "!scenes.tiles!eCIvhF8hJEISHBEW.eFFgty9AXZPEfm3y"
    },
    {
      "texture": {
        "src": "modules/fa-battlemaps/images/Transparent.webp",
        "scaleX": 1,
        "scaleY": 1,
        "offsetX": 0,
        "offsetY": 0,
        "rotation": 0,
        "tint": "#ffffff",
        "anchorX": 0.5,
        "anchorY": 0.5,
        "fit": "fill",
        "alphaThreshold": 0.75
      },
      "width": 200,
      "height": 200,
      "_id": "AkaC4Qnn0YxtRUV0",
      "rotation": 0,
      "alpha": 0.5,
      "hidden": false,
      "locked": true,
      "occlusion": {
        "mode": 0,
        "alpha": 0
      },
      "video": {
        "loop": true,
        "autoplay": true,
        "volume": 0
      },
      "flags": {
        "tagger": {
          "tags": [
            "animation"
          ]
        },
        "monks-active-tiles": {
          "active": false,
          "record": false,
          "restriction": "all",
          "controlled": "gm",
          "trigger": [
            "dblclick"
          ],
          "allowpaused": false,
          "usealpha": false,
          "pointer": false,
          "pertoken": false,
          "minrequired": 0,
          "chance": 100,
          "fileindex": 1,
          "actions": [],
          "files": [
            {
              "id": "FratX1rCxadbb0WP",
              "name": "fa_battlemaps/Animations/Water_Droplets_A2_01.webm",
              "selected": true
            },
            {
              "id": "8bZghey5wpH3J2PR",
              "name": "modules/fa-battlemaps/images/Transparent.webp",
              "selected": false
            }
          ]
        },
        "betterroofs": {
          "brMode": false,
          "occlusionLinkId": "",
          "occlusionLinkSource": false
        }
      },
      "x": 1000,
      "y": 2100,
      "sort": 15,
      "restrictions": {
        "light": false,
        "weather": false
      },
      "elevation": 0,
      "_key": "!scenes.tiles!eCIvhF8hJEISHBEW.AkaC4Qnn0YxtRUV0"
    },
    {
      "texture": {
        "src": "modules/fa-battlemaps/images/Transparent.webp",
        "scaleX": 1,
        "scaleY": 1,
        "offsetX": 0,
        "offsetY": 0,
        "rotation": 0,
        "tint": "#ffffff",
        "anchorX": 0.5,
        "anchorY": 0.5,
        "fit": "fill",
        "alphaThreshold": 0.75
      },
      "width": 200,
      "height": 200,
      "_id": "UXnwPiajdNJqEYbt",
      "rotation": 0,
      "alpha": 0.5,
      "hidden": false,
      "locked": true,
      "occlusion": {
        "mode": 0,
        "alpha": 0
      },
      "video": {
        "loop": true,
        "autoplay": true,
        "volume": 0
      },
      "flags": {
        "tagger": {
          "tags": [
            "animation"
          ]
        },
        "monks-active-tiles": {
          "active": false,
          "fileindex": 1,
          "record": false,
          "restriction": "all",
          "controlled": "gm",
          "trigger": [
            ""
          ],
          "allowpaused": false,
          "usealpha": false,
          "pointer": false,
          "pertoken": false,
          "minrequired": 0,
          "chance": 50,
          "actions": [],
          "files": [
            {
              "id": "FratX1rCxadbb0WP",
              "name": "fa_battlemaps/Animations/Water_Droplets_A3_01.webm",
              "selected": true
            },
            {
              "id": "8bZghey5wpH3J2PR",
              "name": "modules/fa-battlemaps/images/Transparent.webp",
              "selected": false
            }
          ]
        },
        "betterroofs": {
          "brMode": false,
          "occlusionLinkId": "",
          "occlusionLinkSource": false
        }
      },
      "x": 1750,
      "y": 1250,
      "sort": 14,
      "restrictions": {
        "light": false,
        "weather": false
      },
      "elevation": 0,
      "_key": "!scenes.tiles!eCIvhF8hJEISHBEW.UXnwPiajdNJqEYbt"
    },
    {
      "texture": {
        "src": "modules/fa-battlemaps/images/Transparent.webp",
        "scaleX": 1,
        "scaleY": 1,
        "offsetX": 0,
        "offsetY": 0,
        "rotation": 0,
        "tint": "#ffffff",
        "anchorX": 0.5,
        "anchorY": 0.5,
        "fit": "fill",
        "alphaThreshold": 0.75
      },
      "width": 200,
      "height": 200,
      "_id": "7A60eqtz9JvTGcHa",
      "rotation": 0,
      "alpha": 0.45,
      "hidden": false,
      "locked": true,
      "occlusion": {
        "mode": 0,
        "alpha": 0
      },
      "video": {
        "loop": true,
        "autoplay": true,
        "volume": 0
      },
      "flags": {
        "tagger": {
          "tags": [
            "animation"
          ]
        },
        "monks-active-tiles": {
          "active": false,
          "fileindex": 1,
          "record": false,
          "restriction": "all",
          "controlled": "gm",
          "trigger": [
            ""
          ],
          "allowpaused": false,
          "usealpha": false,
          "pointer": false,
          "pertoken": false,
          "minrequired": 0,
          "chance": 50,
          "actions": [],
          "files": [
            {
              "id": "FratX1rCxadbb0WP",
              "name": "fa_battlemaps/Animations/Water_Droplets_A4_01.webm",
              "selected": true
            },
            {
              "id": "8bZghey5wpH3J2PR",
              "name": "modules/fa-battlemaps/images/Transparent.webp",
              "selected": false
            }
          ]
        },
        "betterroofs": {
          "brMode": false,
          "occlusionLinkId": "",
          "occlusionLinkSource": false
        }
      },
      "x": 2800,
      "y": 2000,
      "sort": 13,
      "restrictions": {
        "light": false,
        "weather": false
      },
      "elevation": 0,
      "_key": "!scenes.tiles!eCIvhF8hJEISHBEW.7A60eqtz9JvTGcHa"
    },
    {
      "texture": {
        "src": "modules/fa-battlemaps/images/Transparent.webp",
        "scaleX": 1,
        "scaleY": 1,
        "offsetX": 0,
        "offsetY": 0,
        "rotation": 0,
        "tint": "#ffffff",
        "anchorX": 0.5,
        "anchorY": 0.5,
        "fit": "fill",
        "alphaThreshold": 0.75
      },
      "width": 200,
      "height": 200,
      "rotation": 0,
      "alpha": 0.45,
      "hidden": false,
      "locked": true,
      "occlusion": {
        "mode": 0,
        "alpha": 0
      },
      "video": {
        "loop": true,
        "autoplay": true,
        "volume": 0
      },
      "flags": {
        "tagger": {
          "tags": [
            "animation"
          ]
        },
        "monks-active-tiles": {
          "active": false,
          "fileindex": 1,
          "record": false,
          "restriction": "all",
          "controlled": "gm",
          "trigger": [
            ""
          ],
          "allowpaused": false,
          "usealpha": false,
          "pointer": false,
          "pertoken": false,
          "minrequired": 0,
          "chance": 50,
          "actions": [],
          "files": [
            {
              "id": "FratX1rCxadbb0WP",
              "name": "fa_battlemaps/Animations/Water_Droplets_A4_01.webm",
              "selected": true
            },
            {
              "id": "8bZghey5wpH3J2PR",
              "name": "modules/fa-battlemaps/images/Transparent.webp",
              "selected": false
            }
          ]
        },
        "betterroofs": {
          "brMode": false,
          "occlusionLinkId": "",
          "occlusionLinkSource": false
        }
      },
      "x": 2550,
      "y": 1350,
      "_id": "bUe5UE8pJXZX9VuT",
      "sort": 12,
      "restrictions": {
        "light": false,
        "weather": false
      },
      "elevation": 0,
      "_key": "!scenes.tiles!eCIvhF8hJEISHBEW.bUe5UE8pJXZX9VuT"
    },
    {
      "texture": {
        "src": "modules/fa-battlemaps/images/Transparent.webp",
        "scaleX": 1,
        "scaleY": 1,
        "offsetX": 0,
        "offsetY": 0,
        "rotation": 0,
        "tint": "#ffffff",
        "anchorX": 0.5,
        "anchorY": 0.5,
        "fit": "fill",
        "alphaThreshold": 0.75
      },
      "width": 200,
      "height": 200,
      "_id": "VUr0nhJG2vD00CIu",
      "rotation": 0,
      "alpha": 1,
      "hidden": false,
      "locked": true,
      "occlusion": {
        "mode": 0,
        "alpha": 0
      },
      "video": {
        "loop": true,
        "autoplay": true,
        "volume": 0
      },
      "flags": {
        "tagger": {
          "tags": [
            "animation"
          ]
        },
        "monks-active-tiles": {
          "active": false,
          "fileindex": 1,
          "record": false,
          "restriction": "all",
          "controlled": "gm",
          "trigger": [
            ""
          ],
          "allowpaused": false,
          "usealpha": false,
          "pointer": false,
          "pertoken": false,
          "minrequired": 0,
          "chance": 50,
          "actions": [],
          "files": [
            {
              "id": "FratX1rCxadbb0WP",
              "name": "fa_battlemaps/Animations/Flies_A1_01.webm",
              "selected": true
            },
            {
              "id": "8bZghey5wpH3J2PR",
              "name": "modules/fa-battlemaps/images/Transparent.webp",
              "selected": false
            }
          ]
        }
      },
      "x": 1875,
      "y": 2566,
      "sort": 11,
      "restrictions": {
        "light": false,
        "weather": false
      },
      "elevation": 0,
      "_key": "!scenes.tiles!eCIvhF8hJEISHBEW.VUr0nhJG2vD00CIu"
    },
    {
      "texture": {
        "src": "modules/fa-battlemaps/images/Transparent.webp",
        "scaleX": 1,
        "scaleY": 1,
        "offsetX": 0,
        "offsetY": 0,
        "rotation": 0,
        "tint": "#ffffff",
        "anchorX": 0.5,
        "anchorY": 0.5,
        "fit": "fill",
        "alphaThreshold": 0.75
      },
      "width": 200,
      "height": 200,
      "rotation": 0,
      "alpha": 1,
      "hidden": false,
      "locked": true,
      "occlusion": {
        "mode": 0,
        "alpha": 0
      },
      "video": {
        "loop": true,
        "autoplay": true,
        "volume": 0
      },
      "flags": {
        "tagger": {
          "tags": [
            "animation"
          ]
        },
        "monks-active-tiles": {
          "active": false,
          "fileindex": 1,
          "record": false,
          "restriction": "all",
          "controlled": "gm",
          "trigger": [
            ""
          ],
          "allowpaused": false,
          "usealpha": false,
          "pointer": false,
          "pertoken": false,
          "minrequired": 0,
          "chance": 50,
          "actions": [],
          "files": [
            {
              "id": "FratX1rCxadbb0WP",
              "name": "fa_battlemaps/Animations/Flies_A1_01.webm",
              "selected": true
            },
            {
              "id": "8bZghey5wpH3J2PR",
              "name": "modules/fa-battlemaps/images/Transparent.webp",
              "selected": false
            }
          ]
        }
      },
      "x": 2000,
      "y": 2100,
      "_id": "40RFsUrFIMadMcdD",
      "sort": 10,
      "restrictions": {
        "light": false,
        "weather": false
      },
      "elevation": 0,
      "_key": "!scenes.tiles!eCIvhF8hJEISHBEW.40RFsUrFIMadMcdD"
    },
    {
      "texture": {
        "src": "modules/fa-battlemaps/images/Transparent.webp",
        "scaleX": 1,
        "scaleY": 1,
        "offsetX": 0,
        "offsetY": 0,
        "rotation": 0,
        "tint": "#ffffff",
        "anchorX": 0.5,
        "anchorY": 0.5,
        "fit": "fill",
        "alphaThreshold": 0.75
      },
      "width": 200,
      "height": 200,
      "rotation": 0,
      "alpha": 1,
      "hidden": false,
      "locked": true,
      "occlusion": {
        "mode": 0,
        "alpha": 0
      },
      "video": {
        "loop": true,
        "autoplay": true,
        "volume": 0
      },
      "flags": {
        "tagger": {
          "tags": [
            "animation"
          ]
        },
        "monks-active-tiles": {
          "active": false,
          "fileindex": 1,
          "record": false,
          "restriction": "all",
          "controlled": "gm",
          "trigger": [
            ""
          ],
          "allowpaused": false,
          "usealpha": false,
          "pointer": false,
          "pertoken": false,
          "minrequired": 0,
          "chance": 50,
          "actions": [],
          "files": [
            {
              "id": "FratX1rCxadbb0WP",
              "name": "fa_battlemaps/Animations/Flies_A1_01.webm",
              "selected": true
            },
            {
              "id": "8bZghey5wpH3J2PR",
              "name": "modules/fa-battlemaps/images/Transparent.webp",
              "selected": false
            }
          ]
        }
      },
      "x": 1400,
      "y": 1500,
      "_id": "DnQNMpULxceQHUTK",
      "sort": 9,
      "restrictions": {
        "light": false,
        "weather": false
      },
      "elevation": 0,
      "_key": "!scenes.tiles!eCIvhF8hJEISHBEW.DnQNMpULxceQHUTK"
    },
    {
      "texture": {
        "src": "modules/fa-battlemaps/images/Transparent.webp",
        "scaleX": 1,
        "scaleY": 1,
        "offsetX": 0,
        "offsetY": 0,
        "rotation": 0,
        "tint": "#ffffff",
        "anchorX": 0.5,
        "anchorY": 0.5,
        "fit": "fill",
        "alphaThreshold": 0.75
      },
      "width": 200,
      "height": 200,
      "rotation": 0,
      "alpha": 1,
      "hidden": false,
      "locked": true,
      "occlusion": {
        "mode": 0,
        "alpha": 0
      },
      "video": {
        "loop": true,
        "autoplay": true,
        "volume": 0
      },
      "flags": {
        "tagger": {
          "tags": [
            "animation"
          ]
        },
        "monks-active-tiles": {
          "active": false,
          "fileindex": 1,
          "record": false,
          "restriction": "all",
          "controlled": "gm",
          "trigger": [
            ""
          ],
          "allowpaused": false,
          "usealpha": false,
          "pointer": false,
          "pertoken": false,
          "minrequired": 0,
          "chance": 50,
          "actions": [],
          "files": [
            {
              "id": "FratX1rCxadbb0WP",
              "name": "fa_battlemaps/Animations/Flies_A1_01.webm",
              "selected": true
            },
            {
              "id": "8bZghey5wpH3J2PR",
              "name": "modules/fa-battlemaps/images/Transparent.webp",
              "selected": false
            }
          ]
        }
      },
      "x": 2400,
      "y": 950,
      "_id": "dCgGxprKSdiosji1",
      "sort": 8,
      "restrictions": {
        "light": false,
        "weather": false
      },
      "elevation": 0,
      "_key": "!scenes.tiles!eCIvhF8hJEISHBEW.dCgGxprKSdiosji1"
    },
    {
      "texture": {
        "src": "modules/fa-battlemaps/images/Transparent.webp",
        "scaleX": 1,
        "scaleY": 1,
        "offsetX": 0,
        "offsetY": 0,
        "rotation": 0,
        "tint": "#ffffff",
        "anchorX": 0.5,
        "anchorY": 0.5,
        "fit": "fill",
        "alphaThreshold": 0.75
      },
      "width": 500,
      "height": 500,
      "_id": "9rltbDslHfARPCIX",
      "rotation": 0,
      "alpha": 1,
      "hidden": false,
      "locked": true,
      "occlusion": {
        "mode": 0,
        "alpha": 0
      },
      "video": {
        "loop": true,
        "autoplay": true,
        "volume": 0
      },
      "flags": {
        "tagger": {
          "tags": [
            "animation"
          ]
        },
        "monks-active-tiles": {
          "active": false,
          "fileindex": 1,
          "record": false,
          "restriction": "all",
          "controlled": "gm",
          "trigger": [
            ""
          ],
          "allowpaused": false,
          "usealpha": false,
          "pointer": false,
          "pertoken": false,
          "minrequired": 0,
          "chance": 50,
          "actions": [],
          "files": [
            {
              "id": "FratX1rCxadbb0WP",
              "name": "fa_battlemaps/Animations/DustParticles_A1_01.webm",
              "selected": true
            },
            {
              "id": "8bZghey5wpH3J2PR",
              "name": "modules/fa-battlemaps/images/Transparent.webp",
              "selected": false
            }
          ]
        },
        "betterroofs": {
          "brMode": false,
          "occlusionLinkId": "",
          "occlusionLinkSource": false
        }
      },
      "x": 800,
      "y": 1600,
      "elevation": 20,
      "sort": 100,
      "restrictions": {
        "light": false,
        "weather": false
      },
      "_key": "!scenes.tiles!eCIvhF8hJEISHBEW.9rltbDslHfARPCIX"
    },
    {
      "texture": {
        "src": "modules/fa-battlemaps/images/Transparent.webp",
        "scaleX": 1,
        "scaleY": 1,
        "offsetX": 0,
        "offsetY": 0,
        "rotation": 0,
        "tint": "#ffffff",
        "anchorX": 0.5,
        "anchorY": 0.5,
        "fit": "fill",
        "alphaThreshold": 0.75
      },
      "width": 500,
      "height": 500,
      "rotation": 0,
      "alpha": 1,
      "hidden": false,
      "locked": true,
      "occlusion": {
        "mode": 0,
        "alpha": 0
      },
      "video": {
        "loop": true,
        "autoplay": true,
        "volume": 0
      },
      "flags": {
        "tagger": {
          "tags": [
            "animation"
          ]
        },
        "monks-active-tiles": {
          "active": false,
          "fileindex": 1,
          "record": false,
          "restriction": "all",
          "controlled": "gm",
          "trigger": [
            ""
          ],
          "allowpaused": false,
          "usealpha": false,
          "pointer": false,
          "pertoken": false,
          "minrequired": 0,
          "chance": 50,
          "actions": [],
          "files": [
            {
              "id": "FratX1rCxadbb0WP",
              "name": "fa_battlemaps/Animations/DustParticles_A1_01.webm",
              "selected": true
            },
            {
              "id": "8bZghey5wpH3J2PR",
              "name": "modules/fa-battlemaps/images/Transparent.webp",
              "selected": false
            }
          ]
        },
        "betterroofs": {
          "brMode": false,
          "occlusionLinkId": "",
          "occlusionLinkSource": false
        }
      },
      "x": 1800,
      "y": 2700,
      "_id": "ngY4cUNPPxdoPGsJ",
      "elevation": 20,
      "sort": 100,
      "restrictions": {
        "light": false,
        "weather": false
      },
      "_key": "!scenes.tiles!eCIvhF8hJEISHBEW.ngY4cUNPPxdoPGsJ"
    },
    {
      "texture": {
        "src": "modules/fa-battlemaps/images/Transparent.webp",
        "scaleX": 1,
        "scaleY": 1,
        "offsetX": 0,
        "offsetY": 0,
        "rotation": 0,
        "tint": "#ffffff",
        "anchorX": 0.5,
        "anchorY": 0.5,
        "fit": "fill",
        "alphaThreshold": 0.75
      },
      "width": 500,
      "height": 500,
      "rotation": 0,
      "alpha": 1,
      "hidden": false,
      "locked": true,
      "occlusion": {
        "mode": 0,
        "alpha": 0
      },
      "video": {
        "loop": true,
        "autoplay": true,
        "volume": 0
      },
      "flags": {
        "tagger": {
          "tags": [
            "animation"
          ]
        },
        "monks-active-tiles": {
          "active": false,
          "fileindex": 1,
          "record": false,
          "restriction": "all",
          "controlled": "gm",
          "trigger": [
            ""
          ],
          "allowpaused": false,
          "usealpha": false,
          "pointer": false,
          "pertoken": false,
          "minrequired": 0,
          "chance": 50,
          "actions": [],
          "files": [
            {
              "id": "FratX1rCxadbb0WP",
              "name": "fa_battlemaps/Animations/DustParticles_A1_01.webm",
              "selected": true
            },
            {
              "id": "8bZghey5wpH3J2PR",
              "name": "modules/fa-battlemaps/images/Transparent.webp",
              "selected": false
            }
          ]
        },
        "betterroofs": {
          "brMode": false,
          "occlusionLinkId": "",
          "occlusionLinkSource": false
        }
      },
      "x": 2650,
      "y": 1200,
      "_id": "FWhMwR1NB3QumeR3",
      "elevation": 20,
      "sort": 100,
      "restrictions": {
        "light": false,
        "weather": false
      },
      "_key": "!scenes.tiles!eCIvhF8hJEISHBEW.FWhMwR1NB3QumeR3"
    },
    {
      "texture": {
        "src": "modules/fa-battlemaps/images/Transparent.webp",
        "scaleX": 1,
        "scaleY": 1,
        "offsetX": 0,
        "offsetY": 0,
        "rotation": 0,
        "tint": "#ffffff",
        "anchorX": 0.5,
        "anchorY": 0.5,
        "fit": "fill",
        "alphaThreshold": 0.75
      },
      "width": 500,
      "height": 500,
      "rotation": 0,
      "alpha": 1,
      "hidden": false,
      "locked": true,
      "occlusion": {
        "mode": 0,
        "alpha": 0
      },
      "video": {
        "loop": true,
        "autoplay": true,
        "volume": 0
      },
      "flags": {
        "tagger": {
          "tags": [
            "animation"
          ]
        },
        "monks-active-tiles": {
          "active": false,
          "fileindex": 1,
          "record": false,
          "restriction": "all",
          "controlled": "gm",
          "trigger": [
            ""
          ],
          "allowpaused": false,
          "usealpha": false,
          "pointer": false,
          "pertoken": false,
          "minrequired": 0,
          "chance": 50,
          "actions": [],
          "files": [
            {
              "id": "FratX1rCxadbb0WP",
              "name": "fa_battlemaps/Animations/DustParticles_A1_01.webm",
              "selected": true
            },
            {
              "id": "8bZghey5wpH3J2PR",
              "name": "modules/fa-battlemaps/images/Transparent.webp",
              "selected": false
            }
          ]
        },
        "betterroofs": {
          "brMode": false,
          "occlusionLinkId": "",
          "occlusionLinkSource": false
        }
      },
      "x": 1100,
      "y": 750,
      "_id": "REaHvcXv6XZI2D4H",
      "elevation": 20,
      "sort": 100,
      "restrictions": {
        "light": false,
        "weather": false
      },
      "_key": "!scenes.tiles!eCIvhF8hJEISHBEW.REaHvcXv6XZI2D4H"
    },
    {
      "texture": {
        "src": "modules/fa-battlemaps/images/SmallScroll.png",
        "scaleX": 1,
        "scaleY": 1,
        "offsetX": 0,
        "offsetY": 0,
        "rotation": 0,
        "tint": "#ffffff",
        "anchorX": 0.5,
        "anchorY": 0.5,
        "fit": "fill",
        "alphaThreshold": 0.75
      },
      "width": 300,
      "height": 100,
      "_id": "ydvfZp26ZzdTRBaV",
      "rotation": 0,
      "alpha": 1,
      "hidden": false,
      "locked": true,
      "occlusion": {
        "mode": 0,
        "alpha": 0
      },
      "video": {
        "loop": true,
        "autoplay": true,
        "volume": 0
      },
      "flags": {},
      "x": 3226,
      "y": 1308,
      "sort": 2,
      "restrictions": {
        "light": false,
        "weather": false
      },
      "elevation": 0,
      "_key": "!scenes.tiles!eCIvhF8hJEISHBEW.ydvfZp26ZzdTRBaV"
    },
    {
      "texture": {
        "src": "modules/fa-battlemaps/images/AnimationsText.png",
        "scaleX": 1,
        "scaleY": 1,
        "offsetX": 0,
        "offsetY": 0,
        "rotation": 0,
        "tint": "#890101",
        "anchorX": 0.5,
        "anchorY": 0.5,
        "fit": "fill",
        "alphaThreshold": 0.75
      },
      "width": 300,
      "height": 50,
      "_id": "CO7COG3hC19d0Svl",
      "rotation": 0,
      "alpha": 1,
      "hidden": false,
      "locked": true,
      "occlusion": {
        "mode": 0,
        "alpha": 0
      },
      "video": {
        "loop": true,
        "autoplay": true,
        "volume": 0
      },
      "flags": {
        "tagger": {},
        "monks-active-tiles": {
          "active": true,
          "record": false,
          "restriction": "all",
          "controlled": "gm",
          "trigger": [
            "dblclick"
          ],
          "allowpaused": false,
          "usealpha": false,
          "pointer": false,
          "pertoken": false,
          "minrequired": 0,
          "chance": 100,
          "fileindex": 0,
          "actions": [
            {
              "action": "alter",
              "data": {
                "entity": {
                  "id": "tile",
                  "name": "This Tile"
                },
                "attribute": "texture.tint",
                "value": "='{{entity.texture.tint}}' == '#000000' ? '#890101' : '#000000'",
                "chatMessage": false,
                "rollmode": "roll"
              },
              "id": "fvLp0ljjW6MzvkyP"
            },
            {
              "action": "tileimage",
              "data": {
                "entity": {
                  "id": "tagger:animation",
                  "match": "all",
                  "scene": "_active",
                  "name": "<i class=\"fas fa-tag fa-sm\"></i> animation"
                },
                "select": "next",
                "transition": "none",
                "speed": 1,
                "loop": 1
              },
              "id": "E1mIlGeoHkKxFNyu"
            },
            {
              "action": "playanimation",
              "data": {
                "entity": {
                  "id": "tagger:animation",
                  "match": "all",
                  "scene": "_active",
                  "name": "<i class=\"fas fa-tag fa-sm\"></i> animation"
                },
                "play": "start",
                "animatefor": "all"
              },
              "id": "XCIeetk0uQ77qyxJ"
            }
          ],
          "files": []
        }
      },
      "x": 3227,
      "y": 1330,
      "sort": 7,
      "restrictions": {
        "light": false,
        "weather": false
      },
      "elevation": 0,
      "_key": "!scenes.tiles!eCIvhF8hJEISHBEW.CO7COG3hC19d0Svl"
    }
  ],
  "walls": [
    {
      "dir": 0,
      "door": 0,
      "ds": 0,
      "light": 20,
      "sight": 20,
      "sound": 20,
      "move": 20,
      "c": [
        700,
        700,
        3200,
        700
      ],
      "_id": "oiCofElN1p5QUnjL",
      "flags": {},
      "threshold": {
        "light": null,
        "sight": null,
        "sound": null,
        "attenuation": false
      },
      "_key": "!scenes.walls!eCIvhF8hJEISHBEW.oiCofElN1p5QUnjL"
    },
    {
      "dir": 0,
      "door": 0,
      "ds": 0,
      "light": 20,
      "sight": 20,
      "sound": 20,
      "move": 20,
      "c": [
        3200,
        700,
        3200,
        3200
      ],
      "_id": "AJVO7UXXWFPXpE5v",
      "flags": {},
      "threshold": {
        "light": null,
        "sight": null,
        "sound": null,
        "attenuation": false
      },
      "_key": "!scenes.walls!eCIvhF8hJEISHBEW.AJVO7UXXWFPXpE5v"
    },
    {
      "dir": 0,
      "door": 0,
      "ds": 0,
      "light": 20,
      "sight": 20,
      "sound": 20,
      "move": 20,
      "c": [
        3200,
        3200,
        700,
        3200
      ],
      "_id": "KKMFJWRy3DBxb4cX",
      "flags": {},
      "threshold": {
        "light": null,
        "sight": null,
        "sound": null,
        "attenuation": false
      },
      "_key": "!scenes.walls!eCIvhF8hJEISHBEW.KKMFJWRy3DBxb4cX"
    },
    {
      "dir": 0,
      "door": 0,
      "ds": 0,
      "light": 20,
      "sight": 20,
      "sound": 20,
      "move": 20,
      "c": [
        700,
        3200,
        700,
        700
      ],
      "_id": "LZ6d2ZcNXDyR0iLg",
      "flags": {},
      "threshold": {
        "light": null,
        "sight": null,
        "sound": null,
        "attenuation": false
      },
      "_key": "!scenes.walls!eCIvhF8hJEISHBEW.LZ6d2ZcNXDyR0iLg"
    },
    {
      "_id": "DYum6j6MERaAVqW3",
      "c": [
        1337,
        737,
        1362,
        737
      ],
      "light": 10,
      "move": 20,
      "sight": 10,
      "sound": 10,
      "dir": 0,
      "door": 0,
      "ds": 0,
      "flags": {},
      "threshold": {
        "light": null,
        "sight": null,
        "sound": null,
        "attenuation": false
      },
      "_key": "!scenes.walls!eCIvhF8hJEISHBEW.DYum6j6MERaAVqW3"
    },
    {
      "_id": "g7SbjFfQGbZZN9S1",
      "c": [
        1362,
        737,
        1375,
        762
      ],
      "light": 10,
      "move": 20,
      "sight": 10,
      "sound": 10,
      "dir": 0,
      "door": 0,
      "ds": 0,
      "flags": {},
      "threshold": {
        "light": null,
        "sight": null,
        "sound": null,
        "attenuation": false
      },
      "_key": "!scenes.walls!eCIvhF8hJEISHBEW.g7SbjFfQGbZZN9S1"
    },
    {
      "_id": "nkRDzb5laYNrtyMp",
      "c": [
        1375,
        762,
        1337,
        775
      ],
      "light": 10,
      "move": 20,
      "sight": 10,
      "sound": 10,
      "dir": 0,
      "door": 0,
      "ds": 0,
      "flags": {},
      "threshold": {
        "light": null,
        "sight": null,
        "sound": null,
        "attenuation": false
      },
      "_key": "!scenes.walls!eCIvhF8hJEISHBEW.nkRDzb5laYNrtyMp"
    },
    {
      "_id": "2fUkn8GLmiJO1a39",
      "c": [
        1337,
        775,
        1337,
        737
      ],
      "light": 10,
      "move": 20,
      "sight": 10,
      "sound": 10,
      "dir": 0,
      "door": 0,
      "ds": 0,
      "flags": {},
      "threshold": {
        "light": null,
        "sight": null,
        "sound": null,
        "attenuation": false
      },
      "_key": "!scenes.walls!eCIvhF8hJEISHBEW.2fUkn8GLmiJO1a39"
    },
    {
      "_id": "i1MNtbOXhkW0y3MH",
      "c": [
        1950,
        1125,
        1912,
        1125
      ],
      "light": 10,
      "move": 20,
      "sight": 10,
      "sound": 10,
      "dir": 0,
      "door": 0,
      "ds": 0,
      "flags": {},
      "threshold": {
        "light": null,
        "sight": null,
        "sound": null,
        "attenuation": false
      },
      "_key": "!scenes.walls!eCIvhF8hJEISHBEW.i1MNtbOXhkW0y3MH"
    },
    {
      "_id": "7TNR4PWDEW4Kkztk",
      "c": [
        1912,
        1125,
        1912,
        1162
      ],
      "light": 10,
      "move": 20,
      "sight": 10,
      "sound": 10,
      "dir": 0,
      "door": 0,
      "ds": 0,
      "flags": {},
      "threshold": {
        "light": null,
        "sight": null,
        "sound": null,
        "attenuation": false
      },
      "_key": "!scenes.walls!eCIvhF8hJEISHBEW.7TNR4PWDEW4Kkztk"
    },
    {
      "_id": "DORjBpHK7vuRhwOc",
      "c": [
        1912,
        1162,
        1950,
        1162
      ],
      "light": 10,
      "move": 20,
      "sight": 10,
      "sound": 10,
      "dir": 0,
      "door": 0,
      "ds": 0,
      "flags": {},
      "threshold": {
        "light": null,
        "sight": null,
        "sound": null,
        "attenuation": false
      },
      "_key": "!scenes.walls!eCIvhF8hJEISHBEW.DORjBpHK7vuRhwOc"
    },
    {
      "_id": "jobrWfcuWVXswWQ7",
      "c": [
        1950,
        1162,
        1950,
        1125
      ],
      "light": 10,
      "move": 20,
      "sight": 10,
      "sound": 10,
      "dir": 0,
      "door": 0,
      "ds": 0,
      "flags": {},
      "threshold": {
        "light": null,
        "sight": null,
        "sound": null,
        "attenuation": false
      },
      "_key": "!scenes.walls!eCIvhF8hJEISHBEW.jobrWfcuWVXswWQ7"
    },
    {
      "_id": "toasSxkNVY1K01ax",
      "c": [
        2462,
        737,
        2437,
        775
      ],
      "light": 10,
      "move": 20,
      "sight": 10,
      "sound": 10,
      "dir": 0,
      "door": 0,
      "ds": 0,
      "flags": {},
      "threshold": {
        "light": null,
        "sight": null,
        "sound": null,
        "attenuation": false
      },
      "_key": "!scenes.walls!eCIvhF8hJEISHBEW.toasSxkNVY1K01ax"
    },
    {
      "_id": "ngZnLKZCAkfyQh4F",
      "c": [
        2437,
        775,
        2412,
        750
      ],
      "light": 10,
      "move": 20,
      "sight": 10,
      "sound": 10,
      "dir": 0,
      "door": 0,
      "ds": 0,
      "flags": {},
      "threshold": {
        "light": null,
        "sight": null,
        "sound": null,
        "attenuation": false
      },
      "_key": "!scenes.walls!eCIvhF8hJEISHBEW.ngZnLKZCAkfyQh4F"
    },
    {
      "_id": "PeuV4gpyJKlnDItN",
      "c": [
        2412,
        750,
        2425,
        725
      ],
      "light": 10,
      "move": 20,
      "sight": 10,
      "sound": 10,
      "dir": 0,
      "door": 0,
      "ds": 0,
      "flags": {},
      "threshold": {
        "light": null,
        "sight": null,
        "sound": null,
        "attenuation": false
      },
      "_key": "!scenes.walls!eCIvhF8hJEISHBEW.PeuV4gpyJKlnDItN"
    },
    {
      "_id": "J7ahMT7vTPxPnBS5",
      "c": [
        2425,
        725,
        2462,
        737
      ],
      "light": 10,
      "move": 20,
      "sight": 10,
      "sound": 10,
      "dir": 0,
      "door": 0,
      "ds": 0,
      "flags": {},
      "threshold": {
        "light": null,
        "sight": null,
        "sound": null,
        "attenuation": false
      },
      "_key": "!scenes.walls!eCIvhF8hJEISHBEW.J7ahMT7vTPxPnBS5"
    },
    {
      "_id": "X1c7XIy3QMxEDhm0",
      "c": [
        2600,
        1550,
        2650,
        1562
      ],
      "light": 10,
      "move": 20,
      "sight": 10,
      "sound": 10,
      "dir": 0,
      "door": 0,
      "ds": 0,
      "flags": {},
      "threshold": {
        "light": null,
        "sight": null,
        "sound": null,
        "attenuation": false
      },
      "_key": "!scenes.walls!eCIvhF8hJEISHBEW.X1c7XIy3QMxEDhm0"
    },
    {
      "_id": "tjR9i7GSQs3LINe0",
      "c": [
        2650,
        1562,
        2650,
        1600
      ],
      "light": 10,
      "move": 20,
      "sight": 10,
      "sound": 10,
      "dir": 0,
      "door": 0,
      "ds": 0,
      "flags": {},
      "threshold": {
        "light": null,
        "sight": null,
        "sound": null,
        "attenuation": false
      },
      "_key": "!scenes.walls!eCIvhF8hJEISHBEW.tjR9i7GSQs3LINe0"
    },
    {
      "_id": "sofFgCcOgIWZLbha",
      "c": [
        2650,
        1600,
        2600,
        1600
      ],
      "light": 10,
      "move": 20,
      "sight": 10,
      "sound": 10,
      "dir": 0,
      "door": 0,
      "ds": 0,
      "flags": {},
      "threshold": {
        "light": null,
        "sight": null,
        "sound": null,
        "attenuation": false
      },
      "_key": "!scenes.walls!eCIvhF8hJEISHBEW.sofFgCcOgIWZLbha"
    },
    {
      "_id": "5ZRYwGWvMo8CKSjO",
      "c": [
        2600,
        1600,
        2600,
        1550
      ],
      "light": 10,
      "move": 20,
      "sight": 10,
      "sound": 10,
      "dir": 0,
      "door": 0,
      "ds": 0,
      "flags": {},
      "threshold": {
        "light": null,
        "sight": null,
        "sound": null,
        "attenuation": false
      },
      "_key": "!scenes.walls!eCIvhF8hJEISHBEW.5ZRYwGWvMo8CKSjO"
    },
    {
      "_id": "eubWcDb4mRd6TaJh",
      "c": [
        1837,
        1962,
        1875,
        1937
      ],
      "light": 10,
      "move": 20,
      "sight": 10,
      "sound": 10,
      "dir": 0,
      "door": 0,
      "ds": 0,
      "flags": {},
      "threshold": {
        "light": null,
        "sight": null,
        "sound": null,
        "attenuation": false
      },
      "_key": "!scenes.walls!eCIvhF8hJEISHBEW.eubWcDb4mRd6TaJh"
    },
    {
      "_id": "OTR5e3zIHrXud6A5",
      "c": [
        1875,
        1937,
        1900,
        1975
      ],
      "light": 10,
      "move": 20,
      "sight": 10,
      "sound": 10,
      "dir": 0,
      "door": 0,
      "ds": 0,
      "flags": {},
      "threshold": {
        "light": null,
        "sight": null,
        "sound": null,
        "attenuation": false
      },
      "_key": "!scenes.walls!eCIvhF8hJEISHBEW.OTR5e3zIHrXud6A5"
    },
    {
      "_id": "pV9Py7hGF7TUTL8h",
      "c": [
        1900,
        1975,
        1862,
        2000
      ],
      "light": 10,
      "move": 20,
      "sight": 10,
      "sound": 10,
      "dir": 0,
      "door": 0,
      "ds": 0,
      "flags": {},
      "threshold": {
        "light": null,
        "sight": null,
        "sound": null,
        "attenuation": false
      },
      "_key": "!scenes.walls!eCIvhF8hJEISHBEW.pV9Py7hGF7TUTL8h"
    },
    {
      "_id": "oZJFQjoSv0TYBBAq",
      "c": [
        1862,
        2000,
        1837,
        1962
      ],
      "light": 10,
      "move": 20,
      "sight": 10,
      "sound": 10,
      "dir": 0,
      "door": 0,
      "ds": 0,
      "flags": {},
      "threshold": {
        "light": null,
        "sight": null,
        "sound": null,
        "attenuation": false
      },
      "_key": "!scenes.walls!eCIvhF8hJEISHBEW.oZJFQjoSv0TYBBAq"
    },
    {
      "_id": "RkNbRwDgeSIqZYSg",
      "c": [
        700,
        2050,
        725,
        2062
      ],
      "light": 10,
      "move": 20,
      "sight": 10,
      "sound": 10,
      "dir": 0,
      "door": 0,
      "ds": 0,
      "flags": {},
      "threshold": {
        "light": null,
        "sight": null,
        "sound": null,
        "attenuation": false
      },
      "_key": "!scenes.walls!eCIvhF8hJEISHBEW.RkNbRwDgeSIqZYSg"
    },
    {
      "_id": "EOb2VZNezrnKjUo5",
      "c": [
        725,
        2062,
        750,
        2025
      ],
      "light": 10,
      "move": 20,
      "sight": 10,
      "sound": 10,
      "dir": 0,
      "door": 0,
      "ds": 0,
      "flags": {},
      "threshold": {
        "light": null,
        "sight": null,
        "sound": null,
        "attenuation": false
      },
      "_key": "!scenes.walls!eCIvhF8hJEISHBEW.EOb2VZNezrnKjUo5"
    },
    {
      "_id": "IJnJ14Eou1TnHaxL",
      "c": [
        750,
        2025,
        712,
        2000
      ],
      "light": 10,
      "move": 20,
      "sight": 10,
      "sound": 10,
      "dir": 0,
      "door": 0,
      "ds": 0,
      "flags": {},
      "threshold": {
        "light": null,
        "sight": null,
        "sound": null,
        "attenuation": false
      },
      "_key": "!scenes.walls!eCIvhF8hJEISHBEW.IJnJ14Eou1TnHaxL"
    },
    {
      "_id": "1ZuteWqV6oMod6ul",
      "c": [
        712,
        2000,
        700,
        2000
      ],
      "light": 10,
      "move": 20,
      "sight": 10,
      "sound": 10,
      "dir": 0,
      "door": 0,
      "ds": 0,
      "flags": {},
      "threshold": {
        "light": null,
        "sight": null,
        "sound": null,
        "attenuation": false
      },
      "_key": "!scenes.walls!eCIvhF8hJEISHBEW.1ZuteWqV6oMod6ul"
    },
    {
      "_id": "AGXsGVo4mZHTwDav",
      "c": [
        962,
        1475,
        1000,
        1475
      ],
      "light": 10,
      "move": 20,
      "sight": 10,
      "sound": 10,
      "dir": 0,
      "door": 0,
      "ds": 0,
      "flags": {},
      "threshold": {
        "light": null,
        "sight": null,
        "sound": null,
        "attenuation": false
      },
      "_key": "!scenes.walls!eCIvhF8hJEISHBEW.AGXsGVo4mZHTwDav"
    },
    {
      "_id": "ncCq9ADycbHbshum",
      "c": [
        1000,
        1475,
        1012,
        1512
      ],
      "light": 10,
      "move": 20,
      "sight": 10,
      "sound": 10,
      "dir": 0,
      "door": 0,
      "ds": 0,
      "flags": {},
      "threshold": {
        "light": null,
        "sight": null,
        "sound": null,
        "attenuation": false
      },
      "_key": "!scenes.walls!eCIvhF8hJEISHBEW.ncCq9ADycbHbshum"
    },
    {
      "_id": "jLmz0Z7Wf1pUxVZI",
      "c": [
        1012,
        1512,
        962,
        1525
      ],
      "light": 10,
      "move": 20,
      "sight": 10,
      "sound": 10,
      "dir": 0,
      "door": 0,
      "ds": 0,
      "flags": {},
      "threshold": {
        "light": null,
        "sight": null,
        "sound": null,
        "attenuation": false
      },
      "_key": "!scenes.walls!eCIvhF8hJEISHBEW.jLmz0Z7Wf1pUxVZI"
    },
    {
      "_id": "IVpDYJCkSCoDutK6",
      "c": [
        962,
        1525,
        962,
        1475
      ],
      "light": 10,
      "move": 20,
      "sight": 10,
      "sound": 10,
      "dir": 0,
      "door": 0,
      "ds": 0,
      "flags": {},
      "threshold": {
        "light": null,
        "sight": null,
        "sound": null,
        "attenuation": false
      },
      "_key": "!scenes.walls!eCIvhF8hJEISHBEW.IVpDYJCkSCoDutK6"
    },
    {
      "_id": "XzI7oHllXSF7qRJV",
      "c": [
        1562,
        2437,
        1525,
        2450
      ],
      "light": 10,
      "move": 20,
      "sight": 10,
      "sound": 10,
      "dir": 0,
      "door": 0,
      "ds": 0,
      "flags": {},
      "threshold": {
        "light": null,
        "sight": null,
        "sound": null,
        "attenuation": false
      },
      "_key": "!scenes.walls!eCIvhF8hJEISHBEW.XzI7oHllXSF7qRJV"
    },
    {
      "_id": "cyvTMWImWtbJnttz",
      "c": [
        1525,
        2450,
        1537,
        2487
      ],
      "light": 10,
      "move": 20,
      "sight": 10,
      "sound": 10,
      "dir": 0,
      "door": 0,
      "ds": 0,
      "flags": {},
      "threshold": {
        "light": null,
        "sight": null,
        "sound": null,
        "attenuation": false
      },
      "_key": "!scenes.walls!eCIvhF8hJEISHBEW.cyvTMWImWtbJnttz"
    },
    {
      "_id": "XbWx2SqCXGGJU2ew",
      "c": [
        1537,
        2487,
        1575,
        2462
      ],
      "light": 10,
      "move": 20,
      "sight": 10,
      "sound": 10,
      "dir": 0,
      "door": 0,
      "ds": 0,
      "flags": {},
      "threshold": {
        "light": null,
        "sight": null,
        "sound": null,
        "attenuation": false
      },
      "_key": "!scenes.walls!eCIvhF8hJEISHBEW.XbWx2SqCXGGJU2ew"
    },
    {
      "_id": "D0NPAc8OAGnDbnKR",
      "c": [
        1575,
        2462,
        1562,
        2437
      ],
      "light": 10,
      "move": 20,
      "sight": 10,
      "sound": 10,
      "dir": 0,
      "door": 0,
      "ds": 0,
      "flags": {},
      "threshold": {
        "light": null,
        "sight": null,
        "sound": null,
        "attenuation": false
      },
      "_key": "!scenes.walls!eCIvhF8hJEISHBEW.D0NPAc8OAGnDbnKR"
    }
  ],
  "playlist": null,
  "playlistSound": null,
  "journal": null,
  "journalEntryPage": null,
  "weather": "",
  "flags": {},
  "_stats": {
    "systemId": "dnd5e",
    "systemVersion": "2.4.1",
    "coreVersion": "12.330",
    "createdTime": 1675821217673,
    "modifiedTime": 1723948174817,
    "lastModifiedBy": "dnd5ebuilder0000",
    "compendiumSource": "Scene.eCIvhF8hJEISHBEW",
    "duplicateSource": null
  },
  "_id": "eCIvhF8hJEISHBEW",
  "active": false,
  "folder": null,
  "sort": 0,
  "ownership": {
    "default": 0
  },
  "regions": [],
  "environment": {
    "globalLight": {
      "luminosity": 0,
      "enabled": true,
      "darkness": {
        "max": 0.75,
        "min": 0
      },
      "alpha": 0.5,
      "bright": false,
      "color": null,
      "coloration": 1,
      "saturation": 0,
      "contrast": 0,
      "shadows": 0
    },
    "darknessLevel": 0,
    "darknessLock": false,
    "cycle": true,
    "base": {
      "hue": 0,
      "intensity": 0,
      "luminosity": 0,
      "saturation": 0,
      "shadows": 0
    },
    "dark": {
      "hue": 0.7138888888888889,
      "intensity": 0,
      "luminosity": -0.25,
      "saturation": 0,
      "shadows": 0
    }
  },
  "fog": {
    "exploration": true,
    "reset": 1675821217671,
    "overlay": null,
    "colors": {
      "explored": null,
      "unexplored": null
    }
  },
  "_key": "!scenes!eCIvhF8hJEISHBEW"
}
