{
  "name": "Swamp A [25x25]",
  "navigation": false,
  "navOrder": 0,
  "navName": "",
  "background": {
    "src": null,
    "scaleX": 1,
    "scaleY": 1,
    "offsetX": 0,
    "offsetY": 0,
    "rotation": 0,
    "tint": "#ffffff",
    "anchorX": 0,
    "anchorY": 0,
    "fit": "fill",
    "alphaThreshold": 0
  },
  "foreground": null,
  "foregroundElevation": 20,
  "thumb": "modules/fa-battlemaps/assets/scenes/gTp2kJwmB1uUc3U7-thumb.webp",
  "width": 2500,
  "height": 2500,
  "padding": 0.25,
  "initial": {
    "x": 2173,
    "y": 1951,
    "scale": 0.5205213499742894
  },
  "backgroundColor": "#000000",
  "grid": {
    "type": 1,
    "size": 100,
    "color": "#000000",
    "alpha": 0.2,
    "distance": 5,
    "units": "ft",
    "style": "solidLines",
    "thickness": 1
  },
  "tokenVision": true,
  "drawings": [],
  "tokens": [],
  "lights": [
    {
      "x": 1328,
      "y": 1314,
      "rotation": 0,
      "walls": true,
      "vision": false,
      "config": {
        "alpha": 0.2,
        "angle": 360,
        "bright": 0,
        "coloration": 0,
        "dim": 15,
        "luminosity": 0,
        "saturation": 0,
        "contrast": 0,
        "shadows": 0,
        "animation": {
          "speed": 3,
          "intensity": 4,
          "reverse": false,
          "type": "ghost"
        },
        "darkness": {
          "min": 0,
          "max": 0.7
        },
        "color": "#515e21",
        "attenuation": 0.5,
        "negative": false,
        "priority": 0
      },
      "hidden": false,
      "flags": {
        "tagger": {
          "tags": ""
        }
      },
      "_id": "xEzIGZOy41sn4UXH",
      "elevation": 0,
      "_key": "!scenes.lights!gTp2kJwmB1uUc3U7.xEzIGZOy41sn4UXH"
    },
    {
      "x": 1350,
      "y": 1700,
      "rotation": 0,
      "walls": true,
      "vision": false,
      "config": {
        "alpha": 0.2,
        "angle": 360,
        "bright": 0,
        "coloration": 0,
        "dim": 15,
        "luminosity": 0,
        "saturation": 0,
        "contrast": 0,
        "shadows": 0,
        "animation": {
          "speed": 3,
          "intensity": 4,
          "reverse": false,
          "type": "ghost"
        },
        "darkness": {
          "min": 0,
          "max": 0.7
        },
        "color": "#515e21",
        "attenuation": 0.5,
        "negative": false,
        "priority": 0
      },
      "hidden": false,
      "flags": {
        "tagger": {
          "tags": ""
        }
      },
      "_id": "Ynu9pLn5TpdE1JCY",
      "elevation": 0,
      "_key": "!scenes.lights!gTp2kJwmB1uUc3U7.Ynu9pLn5TpdE1JCY"
    },
    {
      "x": 2300,
      "y": 1050,
      "rotation": 0,
      "walls": true,
      "vision": false,
      "config": {
        "alpha": 0.2,
        "angle": 360,
        "bright": 0,
        "coloration": 0,
        "dim": 15,
        "luminosity": 0,
        "saturation": 0,
        "contrast": 0,
        "shadows": 0,
        "animation": {
          "speed": 3,
          "intensity": 4,
          "reverse": false,
          "type": "ghost"
        },
        "darkness": {
          "min": 0,
          "max": 0.7
        },
        "color": "#515e21",
        "attenuation": 0.5,
        "negative": false,
        "priority": 0
      },
      "hidden": false,
      "flags": {
        "tagger": {
          "tags": ""
        }
      },
      "_id": "0pKkWsPvaWHj31d3",
      "elevation": 0,
      "_key": "!scenes.lights!gTp2kJwmB1uUc3U7.0pKkWsPvaWHj31d3"
    },
    {
      "x": 2950,
      "y": 800,
      "rotation": 0,
      "walls": true,
      "vision": false,
      "config": {
        "alpha": 0.2,
        "angle": 360,
        "bright": 0,
        "coloration": 0,
        "dim": 15,
        "luminosity": 0,
        "saturation": 0,
        "contrast": 0,
        "shadows": 0,
        "animation": {
          "speed": 3,
          "intensity": 4,
          "reverse": false,
          "type": "ghost"
        },
        "darkness": {
          "min": 0,
          "max": 0.7
        },
        "color": "#515e21",
        "attenuation": 0.5,
        "negative": false,
        "priority": 0
      },
      "hidden": false,
      "flags": {
        "tagger": {
          "tags": ""
        }
      },
      "_id": "TsLvWnuRzYV7COYX",
      "elevation": 0,
      "_key": "!scenes.lights!gTp2kJwmB1uUc3U7.TsLvWnuRzYV7COYX"
    },
    {
      "x": 2650,
      "y": 2150,
      "rotation": 0,
      "walls": true,
      "vision": false,
      "config": {
        "alpha": 0.2,
        "angle": 360,
        "bright": 0,
        "coloration": 0,
        "dim": 15,
        "luminosity": 0,
        "saturation": 0,
        "contrast": 0,
        "shadows": 0,
        "animation": {
          "speed": 3,
          "intensity": 4,
          "reverse": false,
          "type": "ghost"
        },
        "darkness": {
          "min": 0,
          "max": 0.7
        },
        "color": "#515e21",
        "attenuation": 0.5,
        "negative": false,
        "priority": 0
      },
      "hidden": false,
      "flags": {
        "tagger": {
          "tags": ""
        }
      },
      "_id": "r7mK2zeyNAco3IRG",
      "elevation": 0,
      "_key": "!scenes.lights!gTp2kJwmB1uUc3U7.r7mK2zeyNAco3IRG"
    },
    {
      "x": 2300,
      "y": 2600,
      "rotation": 0,
      "walls": true,
      "vision": false,
      "config": {
        "alpha": 0.2,
        "angle": 360,
        "bright": 0,
        "coloration": 0,
        "dim": 15,
        "luminosity": 0,
        "saturation": 0,
        "contrast": 0,
        "shadows": 0,
        "animation": {
          "speed": 3,
          "intensity": 4,
          "reverse": false,
          "type": "ghost"
        },
        "darkness": {
          "min": 0,
          "max": 0.7
        },
        "color": "#515e21",
        "attenuation": 0.5,
        "negative": false,
        "priority": 0
      },
      "hidden": false,
      "flags": {
        "tagger": {
          "tags": ""
        }
      },
      "_id": "8Ow2P0WqUELn1I9O",
      "elevation": 0,
      "_key": "!scenes.lights!gTp2kJwmB1uUc3U7.8Ow2P0WqUELn1I9O"
    },
    {
      "x": 2050,
      "y": 2650,
      "rotation": 0,
      "walls": true,
      "vision": false,
      "config": {
        "alpha": 0.2,
        "angle": 360,
        "bright": 0,
        "coloration": 0,
        "dim": 15,
        "luminosity": 0,
        "saturation": 0,
        "contrast": 0,
        "shadows": 0,
        "animation": {
          "speed": 3,
          "intensity": 4,
          "reverse": false,
          "type": "ghost"
        },
        "darkness": {
          "min": 0,
          "max": 0.7
        },
        "color": "#515e21",
        "attenuation": 0.5,
        "negative": false,
        "priority": 0
      },
      "hidden": false,
      "flags": {
        "tagger": {
          "tags": ""
        }
      },
      "_id": "Md5OfKiEvIBg8Jbe",
      "elevation": 0,
      "_key": "!scenes.lights!gTp2kJwmB1uUc3U7.Md5OfKiEvIBg8Jbe"
    },
    {
      "x": 1400,
      "y": 2300,
      "rotation": 0,
      "walls": true,
      "vision": false,
      "config": {
        "alpha": 0.2,
        "angle": 360,
        "bright": 0,
        "coloration": 0,
        "dim": 15,
        "luminosity": 0,
        "saturation": 0,
        "contrast": 0,
        "shadows": 0,
        "animation": {
          "speed": 3,
          "intensity": 4,
          "reverse": false,
          "type": "ghost"
        },
        "darkness": {
          "min": 0,
          "max": 0.7
        },
        "color": "#515e21",
        "attenuation": 0.5,
        "negative": false,
        "priority": 0
      },
      "hidden": false,
      "flags": {
        "tagger": {
          "tags": ""
        }
      },
      "_id": "yfPZV4Rm3T2cb9q9",
      "elevation": 0,
      "_key": "!scenes.lights!gTp2kJwmB1uUc3U7.yfPZV4Rm3T2cb9q9"
    },
    {
      "x": 800,
      "y": 2050,
      "rotation": 0,
      "walls": true,
      "vision": false,
      "config": {
        "alpha": 0.2,
        "angle": 360,
        "bright": 0,
        "coloration": 0,
        "dim": 15,
        "luminosity": 0,
        "saturation": 0,
        "contrast": 0,
        "shadows": 0,
        "animation": {
          "speed": 3,
          "intensity": 4,
          "reverse": false,
          "type": "ghost"
        },
        "darkness": {
          "min": 0,
          "max": 0.7
        },
        "color": "#515e21",
        "attenuation": 0.5,
        "negative": false,
        "priority": 0
      },
      "hidden": false,
      "flags": {
        "tagger": {
          "tags": ""
        }
      },
      "_id": "dTfLbHfG8nfiDNzj",
      "elevation": 0,
      "_key": "!scenes.lights!gTp2kJwmB1uUc3U7.dTfLbHfG8nfiDNzj"
    },
    {
      "x": 1800,
      "y": 3100,
      "rotation": 0,
      "walls": true,
      "vision": false,
      "config": {
        "alpha": 0.2,
        "angle": 360,
        "bright": 0,
        "coloration": 0,
        "dim": 15,
        "luminosity": 0,
        "saturation": 0,
        "contrast": 0,
        "shadows": 0,
        "animation": {
          "speed": 3,
          "intensity": 4,
          "reverse": false,
          "type": "ghost"
        },
        "darkness": {
          "min": 0,
          "max": 0.7
        },
        "color": "#515e21",
        "attenuation": 0.5,
        "negative": false,
        "priority": 0
      },
      "hidden": false,
      "flags": {
        "tagger": {
          "tags": ""
        }
      },
      "_id": "Da3lM0PU0Vue5HeI",
      "elevation": 0,
      "_key": "!scenes.lights!gTp2kJwmB1uUc3U7.Da3lM0PU0Vue5HeI"
    },
    {
      "x": 1200,
      "y": 800,
      "rotation": 0,
      "walls": true,
      "vision": false,
      "config": {
        "alpha": 0.2,
        "angle": 360,
        "bright": 0,
        "coloration": 0,
        "dim": 15,
        "luminosity": 0,
        "saturation": 0,
        "contrast": 0,
        "shadows": 0,
        "animation": {
          "speed": 3,
          "intensity": 4,
          "reverse": false,
          "type": "ghost"
        },
        "darkness": {
          "min": 0,
          "max": 0.7
        },
        "color": "#515e21",
        "attenuation": 0.5,
        "negative": false,
        "priority": 0
      },
      "hidden": false,
      "flags": {
        "tagger": {
          "tags": ""
        }
      },
      "_id": "PkNOc31PUWGq81Ia",
      "elevation": 0,
      "_key": "!scenes.lights!gTp2kJwmB1uUc3U7.PkNOc31PUWGq81Ia"
    },
    {
      "x": 800,
      "y": 1100,
      "rotation": 0,
      "walls": true,
      "vision": false,
      "config": {
        "alpha": 0.2,
        "angle": 360,
        "bright": 0,
        "coloration": 0,
        "dim": 15,
        "luminosity": 0,
        "saturation": 0,
        "contrast": 0,
        "shadows": 0,
        "animation": {
          "speed": 3,
          "intensity": 4,
          "reverse": false,
          "type": "ghost"
        },
        "darkness": {
          "min": 0,
          "max": 0.7
        },
        "color": "#515e21",
        "attenuation": 0.5,
        "negative": false,
        "priority": 0
      },
      "hidden": false,
      "flags": {
        "tagger": {
          "tags": ""
        }
      },
      "_id": "YcBHLtWraql2xzme",
      "elevation": 0,
      "_key": "!scenes.lights!gTp2kJwmB1uUc3U7.YcBHLtWraql2xzme"
    },
    {
      "x": 1950,
      "y": 1300,
      "rotation": 0,
      "walls": true,
      "vision": false,
      "config": {
        "alpha": 0.2,
        "angle": 360,
        "bright": 0,
        "coloration": 0,
        "dim": 15,
        "luminosity": 0,
        "saturation": 0,
        "contrast": 0,
        "shadows": 0,
        "animation": {
          "speed": 3,
          "intensity": 4,
          "reverse": false,
          "type": "ghost"
        },
        "darkness": {
          "min": 0,
          "max": 0.7
        },
        "color": "#515e21",
        "attenuation": 0.5,
        "negative": false,
        "priority": 0
      },
      "hidden": false,
      "flags": {
        "tagger": {
          "tags": ""
        }
      },
      "_id": "CD2zOh489jaVPohp",
      "elevation": 0,
      "_key": "!scenes.lights!gTp2kJwmB1uUc3U7.CD2zOh489jaVPohp"
    },
    {
      "x": 2600,
      "y": 1400,
      "rotation": 0,
      "walls": true,
      "vision": false,
      "config": {
        "alpha": 0.2,
        "angle": 360,
        "bright": 0,
        "coloration": 0,
        "dim": 15,
        "luminosity": 0,
        "saturation": 0,
        "contrast": 0,
        "shadows": 0,
        "animation": {
          "speed": 3,
          "intensity": 4,
          "reverse": false,
          "type": "ghost"
        },
        "darkness": {
          "min": 0,
          "max": 0.7
        },
        "color": "#515e21",
        "attenuation": 0.5,
        "negative": false,
        "priority": 0
      },
      "hidden": false,
      "flags": {
        "tagger": {
          "tags": ""
        }
      },
      "_id": "MtcpTWHcECiFEa0R",
      "elevation": 0,
      "_key": "!scenes.lights!gTp2kJwmB1uUc3U7.MtcpTWHcECiFEa0R"
    }
  ],
  "notes": [],
  "sounds": [
    {
      "x": 2000,
      "y": 2000,
      "radius": 200,
      "path": "fa_battlemaps/Audio/swamp.ogg",
      "repeat": false,
      "volume": 0.15,
      "walls": false,
      "easing": false,
      "hidden": false,
      "darkness": {
        "min": 0,
        "max": 0.69
      },
      "flags": {
        "tagger": {
          "tags": [
            "swamp"
          ]
        }
      },
      "_id": "mI51VwFKjzNgKazv",
      "elevation": 0,
      "effects": {
        "base": {
          "intensity": 5
        },
        "muffled": {
          "intensity": 5
        }
      },
      "_key": "!scenes.sounds!gTp2kJwmB1uUc3U7.mI51VwFKjzNgKazv"
    },
    {
      "x": 1900,
      "y": 2000,
      "radius": 200,
      "path": "fa_battlemaps/Audio/swampbubbling.ogg",
      "repeat": false,
      "volume": 0.1,
      "walls": false,
      "easing": false,
      "hidden": false,
      "darkness": {
        "min": 0,
        "max": 1
      },
      "flags": {
        "tagger": {
          "tags": ""
        }
      },
      "_id": "2r0ZLUDjbfUR0FcL",
      "elevation": 0,
      "effects": {
        "base": {
          "intensity": 5
        },
        "muffled": {
          "intensity": 5
        }
      },
      "_key": "!scenes.sounds!gTp2kJwmB1uUc3U7.2r0ZLUDjbfUR0FcL"
    },
    {
      "x": 1900,
      "y": 1900,
      "radius": 200,
      "path": "fa_battlemaps/Audio/swampnight.ogg",
      "repeat": false,
      "volume": 0.15,
      "walls": false,
      "easing": false,
      "hidden": false,
      "darkness": {
        "min": 0.7,
        "max": 1
      },
      "flags": {
        "tagger": {
          "tags": [
            "swamp"
          ]
        }
      },
      "_id": "LTJlpCnnjksaPcQR",
      "elevation": 0,
      "effects": {
        "base": {
          "intensity": 5
        },
        "muffled": {
          "intensity": 5
        }
      },
      "_key": "!scenes.sounds!gTp2kJwmB1uUc3U7.LTJlpCnnjksaPcQR"
    },
    {
      "x": 2000,
      "y": 1900,
      "radius": 200,
      "path": "fa_battlemaps/Audio/eerie_drone.ogg",
      "repeat": false,
      "volume": 0.2,
      "walls": false,
      "easing": false,
      "hidden": true,
      "darkness": {
        "min": 0,
        "max": 1
      },
      "flags": {
        "tagger": {
          "tags": [
            "drone"
          ]
        }
      },
      "_id": "8Btpbj12QiItdIga",
      "elevation": 0,
      "effects": {
        "base": {
          "intensity": 5
        },
        "muffled": {
          "intensity": 5
        }
      },
      "_key": "!scenes.sounds!gTp2kJwmB1uUc3U7.8Btpbj12QiItdIga"
    }
  ],
  "templates": [],
  "tiles": [
    {
      "texture": {
        "src": "fa_battlemaps/Maps/2023/February/fa_swamp-a/Maps/Swamp/InfiniteSwampA.webp",
        "scaleX": 1,
        "scaleY": 1,
        "offsetX": 0,
        "offsetY": 0,
        "rotation": 0,
        "tint": "#ffffff",
        "anchorX": 0.5,
        "anchorY": 0.5,
        "fit": "fill",
        "alphaThreshold": 0.75
      },
      "x": 700,
      "y": 700,
      "width": 2500,
      "height": 2500,
      "_id": "xFo59YdXCQgMxUQG",
      "rotation": 0,
      "alpha": 1,
      "hidden": false,
      "locked": true,
      "occlusion": {
        "mode": 0,
        "alpha": 1
      },
      "video": {
        "loop": true,
        "autoplay": true,
        "volume": 0
      },
      "flags": {
        "tagger": {
          "tags": [
            "Map"
          ]
        },
        "monks-active-tiles": {
          "active": false,
          "record": false,
          "restriction": "all",
          "controlled": "gm",
          "trigger": [
            ""
          ],
          "allowpaused": false,
          "usealpha": false,
          "pointer": false,
          "pertoken": false,
          "minrequired": 0,
          "chance": 50,
          "fileindex": 0,
          "actions": [],
          "files": [
            {
              "id": "VrJG04lk2FrFsNdG",
              "name": "fa_battlemaps/Maps/2023/February/fa_swamp-a/Maps/Swamp/InfiniteSwampA.webp",
              "selected": true
            },
            {
              "id": "M59eygD1FOrEpIZ5",
              "name": "fa_battlemaps/Maps/2023/February/fa_swamp-a/Maps/Dead/InfiniteDeadSwampA.webp",
              "selected": false
            },
            {
              "id": "RmT17aQSyFKrpEKH",
              "name": "fa_battlemaps/Maps/2023/February/fa_swamp-a/Maps/Blood/InfiniteSwampBloodA.webp",
              "selected": false
            }
          ]
        }
      },
      "sort": 1,
      "restrictions": {
        "light": false,
        "weather": false
      },
      "elevation": 0,
      "_key": "!scenes.tiles!gTp2kJwmB1uUc3U7.xFo59YdXCQgMxUQG"
    },
    {
      "texture": {
        "src": "fa_battlemaps/Maps/2023/February/fa_swamp-a/Maps/Swamp/FGInfiniteSwampA.webp",
        "scaleX": 1,
        "scaleY": 1,
        "offsetX": 0,
        "offsetY": 0,
        "rotation": 0,
        "tint": "#ffffff",
        "anchorX": 0.5,
        "anchorY": 0.5,
        "fit": "fill",
        "alphaThreshold": 0.75
      },
      "x": 700,
      "y": 700,
      "width": 2500,
      "height": 2500,
      "_id": "mtiT9lU4AVXGUp71",
      "rotation": 0,
      "alpha": 1,
      "hidden": false,
      "locked": true,
      "occlusion": {
        "mode": 0,
        "alpha": 1
      },
      "video": {
        "loop": true,
        "autoplay": true,
        "volume": 0
      },
      "flags": {
        "tagger": {
          "tags": [
            "Map"
          ]
        },
        "monks-active-tiles": {
          "active": false,
          "record": false,
          "restriction": "all",
          "controlled": "gm",
          "trigger": [
            ""
          ],
          "allowpaused": false,
          "usealpha": false,
          "pointer": false,
          "pertoken": false,
          "minrequired": 0,
          "chance": 100,
          "fileindex": 0,
          "actions": [],
          "files": [
            {
              "id": "dLZK0D6jG1CyHgVK",
              "name": "fa_battlemaps/Maps/2023/February/fa_swamp-a/Maps/Swamp/FGInfiniteSwampA.webp",
              "selected": true
            },
            {
              "id": "mO8VquGLTpRa8iq2",
              "name": "fa_battlemaps/Maps/2023/February/fa_swamp-a/Maps/Dead/InfiniteDeadSwampAFG.webp",
              "selected": false
            },
            {
              "id": "1zWIiVLeQfbDcIYt",
              "name": "fa_battlemaps/Maps/2023/February/fa_swamp-a/Maps/Blood/InfiniteSwampBloodAFG.webp",
              "selected": false
            }
          ]
        }
      },
      "elevation": 20,
      "sort": 5,
      "restrictions": {
        "light": false,
        "weather": false
      },
      "_key": "!scenes.tiles!gTp2kJwmB1uUc3U7.mtiT9lU4AVXGUp71"
    },
    {
      "width": 300,
      "height": 600,
      "x": 3200,
      "y": 750,
      "rotation": 0,
      "alpha": 1,
      "hidden": false,
      "locked": false,
      "occlusion": {
        "mode": 0,
        "alpha": 1
      },
      "video": {
        "loop": true,
        "autoplay": true,
        "volume": 0
      },
      "flags": {},
      "texture": {
        "src": "modules/fa-battlemaps/images/Scroll2.webp",
        "scaleX": 1,
        "scaleY": 1,
        "offsetX": 0,
        "offsetY": 0,
        "rotation": 0,
        "tint": "#ffffff",
        "anchorX": 0.5,
        "anchorY": 0.5,
        "fit": "fill",
        "alphaThreshold": 0.75
      },
      "_id": "I5ueOJnUBLKgDqmg",
      "sort": 2,
      "restrictions": {
        "light": false,
        "weather": false
      },
      "elevation": 0,
      "_key": "!scenes.tiles!gTp2kJwmB1uUc3U7.I5ueOJnUBLKgDqmg"
    },
    {
      "width": 300,
      "height": 150,
      "x": 3202,
      "y": 1125,
      "rotation": 0,
      "alpha": 1,
      "hidden": false,
      "locked": false,
      "occlusion": {
        "mode": 0,
        "alpha": 1
      },
      "video": {
        "loop": true,
        "autoplay": true,
        "volume": 0
      },
      "flags": {
        "tagger": {
          "tags": [
            "DeadTrigger"
          ]
        },
        "monks-active-tiles": {
          "active": true,
          "record": false,
          "restriction": "all",
          "controlled": "gm",
          "trigger": [
            "dblclick"
          ],
          "allowpaused": false,
          "usealpha": false,
          "pointer": true,
          "pertoken": false,
          "minrequired": 0,
          "chance": 100,
          "fileindex": 0,
          "actions": [
            {
              "action": "alter",
              "data": {
                "entity": {
                  "id": "tile",
                  "name": "This Tile"
                },
                "attribute": "texture.tint",
                "value": "#000000",
                "chatMessage": false,
                "rollmode": "roll"
              },
              "id": "s17zEPamzxH1DJK3"
            },
            {
              "action": "alter",
              "data": {
                "entity": {
                  "id": "tagger:SwampTrigger",
                  "match": "all",
                  "scene": "_active",
                  "name": "<i class=\"fas fa-tag fa-sm\"></i> SwampTrigger"
                },
                "attribute": "texture.tint",
                "value": "#890101",
                "chatMessage": false,
                "rollmode": "roll"
              },
              "id": "toCjtAMokUZdch5V"
            },
            {
              "action": "alter",
              "data": {
                "entity": {
                  "id": "tagger:BloodTrigger",
                  "match": "all",
                  "scene": "_active",
                  "name": "<i class=\"fas fa-tag fa-sm\"></i> BloodTrigger"
                },
                "attribute": "texture.tint",
                "value": "#890101",
                "chatMessage": false,
                "rollmode": "roll"
              },
              "id": "KrSc6PzcD95ge2DP"
            },
            {
              "action": "tileimage",
              "data": {
                "entity": {
                  "id": "tagger:Map",
                  "match": "all",
                  "scene": "_active",
                  "name": "<i class=\"fas fa-tag fa-sm\"></i> Map"
                },
                "select": "2",
                "transition": "none",
                "speed": 1,
                "loop": 1
              },
              "id": "xEfTxSZVXSoDKWjd"
            },
            {
              "action": "activate",
              "data": {
                "entity": {
                  "id": "tagger:swamp",
                  "match": "all",
                  "scene": "WcZCEmos9KpcsPYa",
                  "name": "<i class=\"fas fa-tag fa-sm\"></i> swamp"
                },
                "activate": "deactivate"
              },
              "id": "lYWx6PmT3gqnK3V5"
            },
            {
              "action": "activate",
              "data": {
                "entity": {
                  "id": "tagger:drone",
                  "match": "all",
                  "scene": "_active",
                  "name": "<i class=\"fas fa-tag fa-sm\"></i> drone"
                },
                "activate": "activate"
              },
              "id": "wD5Cn8dCm0FQwIf6"
            }
          ],
          "files": [],
          "name": "",
          "vision": false,
          "cooldown": null
        }
      },
      "texture": {
        "src": "fa_battlemaps/Maps/2023/February/fa_swamp-a/Text/Dead.webp",
        "tint": "#890101",
        "scaleX": 1,
        "scaleY": 1,
        "offsetX": 0,
        "offsetY": 0,
        "rotation": 0,
        "anchorX": 0.5,
        "anchorY": 0.5,
        "fit": "fill",
        "alphaThreshold": 0.75
      },
      "_id": "hxRpIXpThkl8zkEI",
      "sort": 7,
      "restrictions": {
        "light": false,
        "weather": false
      },
      "elevation": 0,
      "_key": "!scenes.tiles!gTp2kJwmB1uUc3U7.hxRpIXpThkl8zkEI"
    },
    {
      "width": 300,
      "height": 150,
      "x": 3196,
      "y": 990,
      "rotation": 0,
      "alpha": 1,
      "hidden": false,
      "locked": false,
      "occlusion": {
        "mode": 0,
        "alpha": 1
      },
      "video": {
        "loop": true,
        "autoplay": true,
        "volume": 0
      },
      "flags": {
        "tagger": {
          "tags": [
            "BloodTrigger"
          ]
        },
        "monks-active-tiles": {
          "active": true,
          "record": false,
          "restriction": "all",
          "controlled": "gm",
          "trigger": [
            "dblclick"
          ],
          "allowpaused": false,
          "usealpha": false,
          "pointer": true,
          "pertoken": false,
          "minrequired": 0,
          "chance": 100,
          "fileindex": 0,
          "actions": [
            {
              "action": "alter",
              "data": {
                "entity": {
                  "id": "tile",
                  "name": "This Tile"
                },
                "attribute": "texture.tint",
                "value": "#000000",
                "chatMessage": false,
                "rollmode": "roll"
              },
              "id": "LvBcdQVMsYHxYWnb"
            },
            {
              "action": "alter",
              "data": {
                "entity": {
                  "id": "tagger:SwampTrigger",
                  "match": "all",
                  "scene": "_active",
                  "name": "<i class=\"fas fa-tag fa-sm\"></i> SwampTrigger"
                },
                "attribute": "texture.tint",
                "value": "#890101",
                "chatMessage": false,
                "rollmode": "roll"
              },
              "id": "ONmxdJRDYnHs3ulV"
            },
            {
              "action": "alter",
              "data": {
                "entity": {
                  "id": "tagger:DeadTrigger",
                  "match": "all",
                  "scene": "_active",
                  "name": "<i class=\"fas fa-tag fa-sm\"></i> DeadTrigger"
                },
                "attribute": "texture.tint",
                "value": "#890101",
                "chatMessage": false,
                "rollmode": "roll"
              },
              "id": "nrHq1S3dalvq2KJf"
            },
            {
              "action": "tileimage",
              "data": {
                "entity": {
                  "id": "tagger:Map",
                  "match": "all",
                  "scene": "_active",
                  "name": "<i class=\"fas fa-tag fa-sm\"></i> Map"
                },
                "select": "3",
                "transition": "none",
                "speed": 1,
                "loop": 1
              },
              "id": "PR8UXg5zJBp87rwf"
            },
            {
              "action": "activate",
              "data": {
                "entity": {
                  "id": "tagger:swamp",
                  "match": "all",
                  "scene": "WcZCEmos9KpcsPYa",
                  "name": "<i class=\"fas fa-tag fa-sm\"></i> swamp"
                },
                "activate": "deactivate"
              },
              "id": "qQKLH9divSZ5xvd0"
            },
            {
              "action": "activate",
              "data": {
                "entity": {
                  "id": "tagger:Drone",
                  "match": "all",
                  "scene": "_active",
                  "name": "<i class=\"fas fa-tag fa-sm\"></i> Drone"
                },
                "activate": "activate"
              },
              "id": "hSv7sHX2IVgKByec"
            }
          ],
          "files": [],
          "name": "",
          "vision": false,
          "cooldown": null
        }
      },
      "texture": {
        "src": "fa_battlemaps/Maps/2023/February/fa_swamp-a/Text/Blood.webp",
        "tint": "#890101",
        "scaleX": 1,
        "scaleY": 1,
        "offsetX": 0,
        "offsetY": 0,
        "rotation": 0,
        "anchorX": 0.5,
        "anchorY": 0.5,
        "fit": "fill",
        "alphaThreshold": 0.75
      },
      "_id": "mvl95mOOvHEvkozp",
      "sort": 6,
      "restrictions": {
        "light": false,
        "weather": false
      },
      "elevation": 0,
      "_key": "!scenes.tiles!gTp2kJwmB1uUc3U7.mvl95mOOvHEvkozp"
    },
    {
      "width": 300,
      "height": 150,
      "x": 3197,
      "y": 833,
      "rotation": 0,
      "alpha": 1,
      "hidden": false,
      "locked": false,
      "occlusion": {
        "mode": 0,
        "alpha": 1
      },
      "video": {
        "loop": true,
        "autoplay": true,
        "volume": 0
      },
      "flags": {
        "tagger": {
          "tags": [
            "SwampTrigger"
          ]
        },
        "monks-active-tiles": {
          "active": true,
          "record": false,
          "restriction": "all",
          "controlled": "gm",
          "trigger": [
            "dblclick"
          ],
          "allowpaused": false,
          "usealpha": false,
          "pointer": true,
          "pertoken": false,
          "minrequired": 0,
          "chance": 50,
          "fileindex": 0,
          "actions": [
            {
              "action": "alter",
              "data": {
                "entity": {
                  "id": "tile",
                  "name": "This Tile"
                },
                "attribute": "texture.tint",
                "value": "#000000",
                "chatMessage": false,
                "rollmode": "roll"
              },
              "id": "JTMWNezwJduvqhrF"
            },
            {
              "action": "alter",
              "data": {
                "entity": {
                  "id": "tagger:BloodTrigger",
                  "match": "all",
                  "scene": "_active",
                  "name": "<i class=\"fas fa-tag fa-sm\"></i> BloodTrigger"
                },
                "attribute": "texture.tint",
                "value": "#890101",
                "chatMessage": false,
                "rollmode": "roll"
              },
              "id": "MwO03XNoM4VRQA7I"
            },
            {
              "action": "alter",
              "data": {
                "entity": {
                  "id": "tagger:DeadTrigger",
                  "match": "all",
                  "scene": "_active",
                  "name": "<i class=\"fas fa-tag fa-sm\"></i> DeadTrigger"
                },
                "attribute": "texture.tint",
                "value": "#890101",
                "chatMessage": false,
                "rollmode": "roll"
              },
              "id": "E0NKIM5baK7agcR0"
            },
            {
              "action": "tileimage",
              "data": {
                "entity": {
                  "id": "tagger:Map",
                  "match": "all",
                  "scene": "_active",
                  "name": "<i class=\"fas fa-tag fa-sm\"></i> Map"
                },
                "select": "1",
                "transition": "none",
                "speed": 1,
                "loop": 1
              },
              "id": "t7OWMyRHJyE0CGaF"
            },
            {
              "action": "activate",
              "data": {
                "entity": {
                  "id": "tagger:swamp",
                  "match": "all",
                  "scene": "WcZCEmos9KpcsPYa",
                  "name": "<i class=\"fas fa-tag fa-sm\"></i> swamp"
                },
                "activate": "activate"
              },
              "id": "WeDldkGjHUp7BOEi"
            },
            {
              "action": "activate",
              "data": {
                "entity": {
                  "id": "tagger:drone",
                  "match": "all",
                  "scene": "_active",
                  "name": "<i class=\"fas fa-tag fa-sm\"></i> drone"
                },
                "activate": "deactivate"
              },
              "id": "CNepquxOKJ5il3u1"
            }
          ],
          "files": [],
          "name": "",
          "vision": false,
          "cooldown": null
        }
      },
      "texture": {
        "src": "fa_battlemaps/Maps/2023/February/fa_swamp-a/Text/Swamp.webp",
        "tint": "#000000",
        "scaleX": 1,
        "scaleY": 1,
        "offsetX": 0,
        "offsetY": 0,
        "rotation": 0,
        "anchorX": 0.5,
        "anchorY": 0.5,
        "fit": "fill",
        "alphaThreshold": 0.75
      },
      "_id": "z33q5aAebNio5vmA",
      "sort": 5,
      "restrictions": {
        "light": false,
        "weather": false
      },
      "elevation": 0,
      "_key": "!scenes.tiles!gTp2kJwmB1uUc3U7.z33q5aAebNio5vmA"
    },
    {
      "texture": {
        "src": "modules/fa-battlemaps/images/SmallScroll.png",
        "scaleX": 1,
        "scaleY": 1,
        "offsetX": 0,
        "offsetY": 0,
        "rotation": 0,
        "tint": "#ffffff",
        "anchorX": 0.5,
        "anchorY": 0.5,
        "fit": "fill",
        "alphaThreshold": 0.75
      },
      "width": 300,
      "height": 100,
      "_id": "DfDdqJ34vuGYmu2X",
      "rotation": 0,
      "alpha": 1,
      "hidden": false,
      "locked": false,
      "occlusion": {
        "mode": 0,
        "alpha": 1
      },
      "video": {
        "loop": true,
        "autoplay": true,
        "volume": 0
      },
      "flags": {},
      "x": 3200,
      "y": 1400,
      "sort": 3,
      "restrictions": {
        "light": false,
        "weather": false
      },
      "elevation": 0,
      "_key": "!scenes.tiles!gTp2kJwmB1uUc3U7.DfDdqJ34vuGYmu2X"
    },
    {
      "texture": {
        "src": "modules/fa-battlemaps/images/AnimationsText.png",
        "scaleX": 1,
        "scaleY": 1,
        "offsetX": 0,
        "offsetY": 0,
        "rotation": 0,
        "tint": "#890101",
        "anchorX": 0.5,
        "anchorY": 0.5,
        "fit": "fill",
        "alphaThreshold": 0.75
      },
      "width": 300,
      "height": 50,
      "_id": "Vcig6jUsmoDrQwjU",
      "rotation": 0,
      "alpha": 1,
      "hidden": false,
      "locked": true,
      "occlusion": {
        "mode": 0,
        "alpha": 1
      },
      "video": {
        "loop": true,
        "autoplay": true,
        "volume": 0
      },
      "flags": {
        "tagger": {},
        "monks-active-tiles": {
          "active": true,
          "record": false,
          "restriction": "all",
          "controlled": "gm",
          "trigger": [
            "dblclick"
          ],
          "allowpaused": false,
          "usealpha": false,
          "pointer": false,
          "pertoken": false,
          "minrequired": 0,
          "chance": 100,
          "fileindex": 0,
          "actions": [
            {
              "action": "alter",
              "data": {
                "entity": {
                  "id": "tile",
                  "name": "This Tile"
                },
                "attribute": "texture.tint",
                "value": "='{{entity.texture.tint}}' == '#000000' ? '#890101' : '#000000'",
                "chatMessage": false,
                "rollmode": "roll"
              },
              "id": "fvLp0ljjW6MzvkyP"
            },
            {
              "action": "tileimage",
              "data": {
                "entity": {
                  "id": "tagger:animation",
                  "match": "all",
                  "scene": "_active",
                  "name": "<i class=\"fas fa-tag fa-sm\"></i> animation"
                },
                "select": "next",
                "transition": "none",
                "speed": 1,
                "loop": 1
              },
              "id": "E1mIlGeoHkKxFNyu"
            },
            {
              "action": "playanimation",
              "data": {
                "entity": {
                  "id": "tagger:animation",
                  "match": "all",
                  "scene": "_active",
                  "name": "<i class=\"fas fa-tag fa-sm\"></i> animation"
                },
                "play": "start",
                "animatefor": "all"
              },
              "id": "XCIeetk0uQ77qyxJ"
            }
          ],
          "files": []
        }
      },
      "x": 3200,
      "y": 1423,
      "sort": 4,
      "restrictions": {
        "light": false,
        "weather": false
      },
      "elevation": 0,
      "_key": "!scenes.tiles!gTp2kJwmB1uUc3U7.Vcig6jUsmoDrQwjU"
    },
    {
      "texture": {
        "src": "modules/fa-battlemaps/images/Transparent.webp",
        "scaleX": 1,
        "scaleY": 1,
        "offsetX": 0,
        "offsetY": 0,
        "rotation": 0,
        "tint": "#ffffff",
        "anchorX": 0.5,
        "anchorY": 0.5,
        "fit": "fill",
        "alphaThreshold": 0.75
      },
      "width": 200,
      "height": 200,
      "_id": "QPPpvIE6tix4NsQ2",
      "rotation": 0,
      "alpha": 0.45,
      "hidden": false,
      "locked": false,
      "occlusion": {
        "mode": 0,
        "alpha": 1
      },
      "video": {
        "loop": true,
        "autoplay": true,
        "volume": 0
      },
      "flags": {
        "tagger": {
          "tags": [
            "animation"
          ]
        },
        "monks-active-tiles": {
          "active": false,
          "fileindex": 1,
          "record": false,
          "restriction": "all",
          "controlled": "gm",
          "trigger": [
            ""
          ],
          "allowpaused": false,
          "usealpha": false,
          "pointer": false,
          "pertoken": false,
          "minrequired": 0,
          "chance": 50,
          "actions": [],
          "files": [
            {
              "id": "FratX1rCxadbb0WP",
              "name": "fa_battlemaps/Animations/Water_Droplets_A1_01.webm",
              "selected": true
            },
            {
              "id": "8bZghey5wpH3J2PR",
              "name": "modules/fa-battlemaps/images/Transparent.webp",
              "selected": false
            }
          ]
        },
        "betterroofs": {
          "brMode": false,
          "occlusionLinkId": "",
          "occlusionLinkSource": false
        }
      },
      "x": 1250,
      "y": 1500,
      "sort": 13,
      "restrictions": {
        "light": false,
        "weather": false
      },
      "elevation": 0,
      "_key": "!scenes.tiles!gTp2kJwmB1uUc3U7.QPPpvIE6tix4NsQ2"
    },
    {
      "texture": {
        "src": "modules/fa-battlemaps/images/Transparent.webp",
        "scaleX": 1,
        "scaleY": 1,
        "offsetX": 0,
        "offsetY": 0,
        "rotation": 0,
        "tint": "#ffffff",
        "anchorX": 0.5,
        "anchorY": 0.5,
        "fit": "fill",
        "alphaThreshold": 0.75
      },
      "width": 200,
      "height": 200,
      "_id": "BdCfczErv1DzTrR1",
      "rotation": 0,
      "alpha": 0.45,
      "hidden": false,
      "locked": false,
      "occlusion": {
        "mode": 0,
        "alpha": 1
      },
      "video": {
        "loop": true,
        "autoplay": true,
        "volume": 0
      },
      "flags": {
        "tagger": {
          "tags": [
            "animation"
          ]
        },
        "monks-active-tiles": {
          "active": false,
          "record": false,
          "restriction": "all",
          "controlled": "gm",
          "trigger": [
            "dblclick"
          ],
          "allowpaused": false,
          "usealpha": false,
          "pointer": false,
          "pertoken": false,
          "minrequired": 0,
          "chance": 100,
          "fileindex": 1,
          "actions": [],
          "files": [
            {
              "id": "FratX1rCxadbb0WP",
              "name": "fa_battlemaps/Animations/Water_Droplets_A2_01.webm",
              "selected": true
            },
            {
              "id": "8bZghey5wpH3J2PR",
              "name": "modules/fa-battlemaps/images/Transparent.webp",
              "selected": false
            }
          ]
        },
        "betterroofs": {
          "brMode": false,
          "occlusionLinkId": "",
          "occlusionLinkSource": false
        }
      },
      "x": 1100,
      "y": 950,
      "sort": 12,
      "restrictions": {
        "light": false,
        "weather": false
      },
      "elevation": 0,
      "_key": "!scenes.tiles!gTp2kJwmB1uUc3U7.BdCfczErv1DzTrR1"
    },
    {
      "texture": {
        "src": "modules/fa-battlemaps/images/Transparent.webp",
        "scaleX": 1,
        "scaleY": 1,
        "offsetX": 0,
        "offsetY": 0,
        "rotation": 0,
        "tint": "#ffffff",
        "anchorX": 0.5,
        "anchorY": 0.5,
        "fit": "fill",
        "alphaThreshold": 0.75
      },
      "width": 200,
      "height": 200,
      "_id": "uDl3i2ZCzInnHM4B",
      "rotation": 0,
      "alpha": 0.5,
      "hidden": false,
      "locked": false,
      "occlusion": {
        "mode": 0,
        "alpha": 1
      },
      "video": {
        "loop": true,
        "autoplay": true,
        "volume": 0
      },
      "flags": {
        "tagger": {
          "tags": [
            "animation"
          ]
        },
        "monks-active-tiles": {
          "active": false,
          "fileindex": 1,
          "record": false,
          "restriction": "all",
          "controlled": "gm",
          "trigger": [
            ""
          ],
          "allowpaused": false,
          "usealpha": false,
          "pointer": false,
          "pertoken": false,
          "minrequired": 0,
          "chance": 50,
          "actions": [],
          "files": [
            {
              "id": "FratX1rCxadbb0WP",
              "name": "fa_battlemaps/Animations/Water_Droplets_A4_01.webm",
              "selected": true
            },
            {
              "id": "8bZghey5wpH3J2PR",
              "name": "modules/fa-battlemaps/images/Transparent.webp",
              "selected": false
            }
          ]
        },
        "betterroofs": {
          "brMode": false,
          "occlusionLinkId": "",
          "occlusionLinkSource": false
        }
      },
      "x": 2100,
      "y": 2500,
      "sort": 11,
      "restrictions": {
        "light": false,
        "weather": false
      },
      "elevation": 0,
      "_key": "!scenes.tiles!gTp2kJwmB1uUc3U7.uDl3i2ZCzInnHM4B"
    },
    {
      "texture": {
        "src": "modules/fa-battlemaps/images/Transparent.webp",
        "scaleX": 1,
        "scaleY": 1,
        "offsetX": 0,
        "offsetY": 0,
        "rotation": 0,
        "tint": "#ffffff",
        "anchorX": 0.5,
        "anchorY": 0.5,
        "fit": "fill",
        "alphaThreshold": 0.75
      },
      "width": 200,
      "height": 200,
      "_id": "RELO1LN73tF0pfA8",
      "rotation": 0,
      "alpha": 0.5,
      "hidden": false,
      "locked": false,
      "occlusion": {
        "mode": 0,
        "alpha": 1
      },
      "video": {
        "loop": true,
        "autoplay": true,
        "volume": 0
      },
      "flags": {
        "tagger": {
          "tags": [
            "animation"
          ]
        },
        "monks-active-tiles": {
          "active": false,
          "fileindex": 1,
          "record": false,
          "restriction": "all",
          "controlled": "gm",
          "trigger": [
            ""
          ],
          "allowpaused": false,
          "usealpha": false,
          "pointer": false,
          "pertoken": false,
          "minrequired": 0,
          "chance": 50,
          "actions": [],
          "files": [
            {
              "id": "FratX1rCxadbb0WP",
              "name": "fa_battlemaps/Animations/Water_Droplets_A4_01.webm",
              "selected": true
            },
            {
              "id": "8bZghey5wpH3J2PR",
              "name": "modules/fa-battlemaps/images/Transparent.webp",
              "selected": false
            }
          ]
        },
        "betterroofs": {
          "brMode": false,
          "occlusionLinkId": "",
          "occlusionLinkSource": false
        }
      },
      "x": 2600,
      "y": 1900,
      "sort": 10,
      "restrictions": {
        "light": false,
        "weather": false
      },
      "elevation": 0,
      "_key": "!scenes.tiles!gTp2kJwmB1uUc3U7.RELO1LN73tF0pfA8"
    },
    {
      "texture": {
        "src": "modules/fa-battlemaps/images/Transparent.webp",
        "scaleX": 1,
        "scaleY": 1,
        "offsetX": 0,
        "offsetY": 0,
        "rotation": 0,
        "tint": "#ffffff",
        "anchorX": 0.5,
        "anchorY": 0.5,
        "fit": "fill",
        "alphaThreshold": 0.75
      },
      "width": 200,
      "height": 200,
      "_id": "dVzj59Tr1LkbzFo9",
      "rotation": 0,
      "alpha": 0.55,
      "hidden": false,
      "locked": false,
      "occlusion": {
        "mode": 0,
        "alpha": 1
      },
      "video": {
        "loop": true,
        "autoplay": true,
        "volume": 0
      },
      "flags": {
        "tagger": {
          "tags": [
            "animation"
          ]
        },
        "monks-active-tiles": {
          "active": false,
          "record": false,
          "restriction": "all",
          "controlled": "gm",
          "trigger": [
            "dblclick"
          ],
          "allowpaused": false,
          "usealpha": false,
          "pointer": false,
          "pertoken": false,
          "minrequired": 0,
          "chance": 100,
          "fileindex": 1,
          "actions": [],
          "files": [
            {
              "id": "FratX1rCxadbb0WP",
              "name": "fa_battlemaps/Animations/Water_Droplets_A2_01.webm",
              "selected": true
            },
            {
              "id": "8bZghey5wpH3J2PR",
              "name": "modules/fa-battlemaps/images/Transparent.webp",
              "selected": false
            }
          ]
        },
        "betterroofs": {
          "brMode": false,
          "occlusionLinkId": "",
          "occlusionLinkSource": false
        }
      },
      "x": 2550,
      "y": 1250,
      "sort": 9,
      "restrictions": {
        "light": false,
        "weather": false
      },
      "elevation": 0,
      "_key": "!scenes.tiles!gTp2kJwmB1uUc3U7.dVzj59Tr1LkbzFo9"
    },
    {
      "texture": {
        "src": "modules/fa-battlemaps/images/Transparent.webp",
        "scaleX": 1,
        "scaleY": 1,
        "offsetX": 0,
        "offsetY": 0,
        "rotation": 0,
        "tint": "#ffffff",
        "anchorX": 0.5,
        "anchorY": 0.5,
        "fit": "fill",
        "alphaThreshold": 0.75
      },
      "width": 200,
      "height": 200,
      "_id": "HsuVkYQbb5USDXAO",
      "rotation": 0,
      "alpha": 0.5,
      "hidden": false,
      "locked": false,
      "occlusion": {
        "mode": 0,
        "alpha": 1
      },
      "video": {
        "loop": true,
        "autoplay": true,
        "volume": 0
      },
      "flags": {
        "tagger": {
          "tags": [
            "animation"
          ]
        },
        "monks-active-tiles": {
          "active": false,
          "fileindex": 1,
          "record": false,
          "restriction": "all",
          "controlled": "gm",
          "trigger": [
            ""
          ],
          "allowpaused": false,
          "usealpha": false,
          "pointer": false,
          "pertoken": false,
          "minrequired": 0,
          "chance": 50,
          "actions": [],
          "files": [
            {
              "id": "FratX1rCxadbb0WP",
              "name": "fa_battlemaps/Animations/Water_Droplets_A4_01.webm",
              "selected": true
            },
            {
              "id": "8bZghey5wpH3J2PR",
              "name": "modules/fa-battlemaps/images/Transparent.webp",
              "selected": false
            }
          ]
        },
        "betterroofs": {
          "brMode": false,
          "occlusionLinkId": "",
          "occlusionLinkSource": false
        }
      },
      "x": 2900,
      "y": 800,
      "sort": 8,
      "restrictions": {
        "light": false,
        "weather": false
      },
      "elevation": 0,
      "_key": "!scenes.tiles!gTp2kJwmB1uUc3U7.HsuVkYQbb5USDXAO"
    },
    {
      "texture": {
        "src": "modules/fa-battlemaps/images/Transparent.webp",
        "scaleX": 1,
        "scaleY": 1,
        "offsetX": 0,
        "offsetY": 0,
        "rotation": 0,
        "tint": "#ffffff",
        "anchorX": 0.5,
        "anchorY": 0.5,
        "fit": "fill",
        "alphaThreshold": 0.75
      },
      "width": 500,
      "height": 500,
      "_id": "W2Y6uW3G1hMuIg6W",
      "rotation": 0,
      "alpha": 1,
      "hidden": false,
      "locked": false,
      "occlusion": {
        "mode": 0,
        "alpha": 1
      },
      "video": {
        "loop": true,
        "autoplay": true,
        "volume": 0
      },
      "flags": {
        "tagger": {
          "tags": [
            "animation"
          ]
        },
        "monks-active-tiles": {
          "active": false,
          "fileindex": 1,
          "record": false,
          "restriction": "all",
          "controlled": "gm",
          "trigger": [
            ""
          ],
          "allowpaused": false,
          "usealpha": false,
          "pointer": false,
          "pertoken": false,
          "minrequired": 0,
          "chance": 50,
          "actions": [],
          "files": [
            {
              "id": "FratX1rCxadbb0WP",
              "name": "fa_battlemaps/Animations/DustParticles_A1_01.webm",
              "selected": true
            },
            {
              "id": "8bZghey5wpH3J2PR",
              "name": "modules/fa-battlemaps/images/Transparent.webp",
              "selected": false
            }
          ]
        },
        "betterroofs": {
          "brMode": false,
          "occlusionLinkId": "",
          "occlusionLinkSource": false
        }
      },
      "x": 1800,
      "y": 1650,
      "elevation": 20,
      "sort": 4,
      "restrictions": {
        "light": false,
        "weather": false
      },
      "_key": "!scenes.tiles!gTp2kJwmB1uUc3U7.W2Y6uW3G1hMuIg6W"
    },
    {
      "texture": {
        "src": "modules/fa-battlemaps/images/Transparent.webp",
        "scaleX": 1,
        "scaleY": 1,
        "offsetX": 0,
        "offsetY": 0,
        "rotation": 0,
        "tint": "#ffffff",
        "anchorX": 0.5,
        "anchorY": 0.5,
        "fit": "fill",
        "alphaThreshold": 0.75
      },
      "width": 500,
      "height": 500,
      "rotation": 0,
      "alpha": 1,
      "hidden": false,
      "locked": false,
      "occlusion": {
        "mode": 0,
        "alpha": 1
      },
      "video": {
        "loop": true,
        "autoplay": true,
        "volume": 0
      },
      "flags": {
        "tagger": {
          "tags": [
            "animation"
          ]
        },
        "monks-active-tiles": {
          "active": false,
          "fileindex": 1,
          "record": false,
          "restriction": "all",
          "controlled": "gm",
          "trigger": [
            ""
          ],
          "allowpaused": false,
          "usealpha": false,
          "pointer": false,
          "pertoken": false,
          "minrequired": 0,
          "chance": 50,
          "actions": [],
          "files": [
            {
              "id": "FratX1rCxadbb0WP",
              "name": "fa_battlemaps/Animations/DustParticles_A1_01.webm",
              "selected": true
            },
            {
              "id": "8bZghey5wpH3J2PR",
              "name": "modules/fa-battlemaps/images/Transparent.webp",
              "selected": false
            }
          ]
        },
        "betterroofs": {
          "brMode": false,
          "occlusionLinkId": "",
          "occlusionLinkSource": false
        }
      },
      "x": 750,
      "y": 2450,
      "_id": "YD6gKGxu63wm2ZnA",
      "elevation": 20,
      "sort": 3,
      "restrictions": {
        "light": false,
        "weather": false
      },
      "_key": "!scenes.tiles!gTp2kJwmB1uUc3U7.YD6gKGxu63wm2ZnA"
    },
    {
      "texture": {
        "src": "modules/fa-battlemaps/images/Transparent.webp",
        "scaleX": 1,
        "scaleY": 1,
        "offsetX": 0,
        "offsetY": 0,
        "rotation": 0,
        "tint": "#ffffff",
        "anchorX": 0.5,
        "anchorY": 0.5,
        "fit": "fill",
        "alphaThreshold": 0.75
      },
      "width": 500,
      "height": 500,
      "rotation": 0,
      "alpha": 1,
      "hidden": false,
      "locked": false,
      "occlusion": {
        "mode": 0,
        "alpha": 1
      },
      "video": {
        "loop": true,
        "autoplay": true,
        "volume": 0
      },
      "flags": {
        "tagger": {
          "tags": [
            "animation"
          ]
        },
        "monks-active-tiles": {
          "active": false,
          "fileindex": 1,
          "record": false,
          "restriction": "all",
          "controlled": "gm",
          "trigger": [
            ""
          ],
          "allowpaused": false,
          "usealpha": false,
          "pointer": false,
          "pertoken": false,
          "minrequired": 0,
          "chance": 50,
          "actions": [],
          "files": [
            {
              "id": "FratX1rCxadbb0WP",
              "name": "fa_battlemaps/Animations/DustParticles_A1_01.webm",
              "selected": true
            },
            {
              "id": "8bZghey5wpH3J2PR",
              "name": "modules/fa-battlemaps/images/Transparent.webp",
              "selected": false
            }
          ]
        },
        "betterroofs": {
          "brMode": false,
          "occlusionLinkId": "",
          "occlusionLinkSource": false
        }
      },
      "x": 2350,
      "y": 2650,
      "_id": "HZkNAMe2I8G9i4AA",
      "elevation": 20,
      "sort": 2,
      "restrictions": {
        "light": false,
        "weather": false
      },
      "_key": "!scenes.tiles!gTp2kJwmB1uUc3U7.HZkNAMe2I8G9i4AA"
    },
    {
      "texture": {
        "src": "modules/fa-battlemaps/images/Transparent.webp",
        "scaleX": 1,
        "scaleY": 1,
        "offsetX": 0,
        "offsetY": 0,
        "rotation": 0,
        "tint": "#ffffff",
        "anchorX": 0.5,
        "anchorY": 0.5,
        "fit": "fill",
        "alphaThreshold": 0.75
      },
      "width": 500,
      "height": 500,
      "rotation": 0,
      "alpha": 1,
      "hidden": false,
      "locked": false,
      "occlusion": {
        "mode": 0,
        "alpha": 1
      },
      "video": {
        "loop": true,
        "autoplay": true,
        "volume": 0
      },
      "flags": {
        "tagger": {
          "tags": [
            "animation"
          ]
        },
        "monks-active-tiles": {
          "active": false,
          "fileindex": 1,
          "record": false,
          "restriction": "all",
          "controlled": "gm",
          "trigger": [
            ""
          ],
          "allowpaused": false,
          "usealpha": false,
          "pointer": false,
          "pertoken": false,
          "minrequired": 0,
          "chance": 50,
          "actions": [],
          "files": [
            {
              "id": "FratX1rCxadbb0WP",
              "name": "fa_battlemaps/Animations/DustParticles_A1_01.webm",
              "selected": true
            },
            {
              "id": "8bZghey5wpH3J2PR",
              "name": "modules/fa-battlemaps/images/Transparent.webp",
              "selected": false
            }
          ]
        },
        "betterroofs": {
          "brMode": false,
          "occlusionLinkId": "",
          "occlusionLinkSource": false
        }
      },
      "x": 2700,
      "y": 1300,
      "_id": "VkawuPRFlnq9iNKn",
      "elevation": 20,
      "sort": 1,
      "restrictions": {
        "light": false,
        "weather": false
      },
      "_key": "!scenes.tiles!gTp2kJwmB1uUc3U7.VkawuPRFlnq9iNKn"
    },
    {
      "texture": {
        "src": "modules/fa-battlemaps/images/Transparent.webp",
        "scaleX": 1,
        "scaleY": 1,
        "offsetX": 0,
        "offsetY": 0,
        "rotation": 0,
        "tint": "#ffffff",
        "anchorX": 0.5,
        "anchorY": 0.5,
        "fit": "fill",
        "alphaThreshold": 0.75
      },
      "width": 200,
      "height": 200,
      "_id": "ACn2M4LlOTMfJW03",
      "rotation": 0,
      "alpha": 1,
      "hidden": false,
      "locked": false,
      "occlusion": {
        "mode": 0,
        "alpha": 1
      },
      "video": {
        "loop": true,
        "autoplay": true,
        "volume": 0
      },
      "flags": {
        "tagger": {
          "tags": [
            "animation"
          ]
        },
        "monks-active-tiles": {
          "active": false,
          "fileindex": 1,
          "record": false,
          "restriction": "all",
          "controlled": "gm",
          "trigger": [
            ""
          ],
          "allowpaused": false,
          "usealpha": false,
          "pointer": false,
          "pertoken": false,
          "minrequired": 0,
          "chance": 50,
          "actions": [],
          "files": [
            {
              "id": "FratX1rCxadbb0WP",
              "name": "fa_battlemaps/Animations/Flies_A1_01.webm",
              "selected": true
            },
            {
              "id": "8bZghey5wpH3J2PR",
              "name": "modules/fa-battlemaps/images/Transparent.webp",
              "selected": false
            }
          ]
        }
      },
      "x": 1900,
      "y": 900,
      "sort": 17,
      "restrictions": {
        "light": false,
        "weather": false
      },
      "elevation": 0,
      "_key": "!scenes.tiles!gTp2kJwmB1uUc3U7.ACn2M4LlOTMfJW03"
    },
    {
      "texture": {
        "src": "modules/fa-battlemaps/images/Transparent.webp",
        "scaleX": 1,
        "scaleY": 1,
        "offsetX": 0,
        "offsetY": 0,
        "rotation": 0,
        "tint": "#ffffff",
        "anchorX": 0.5,
        "anchorY": 0.5,
        "fit": "fill",
        "alphaThreshold": 0.75
      },
      "width": 200,
      "height": 200,
      "rotation": 0,
      "alpha": 1,
      "hidden": false,
      "locked": false,
      "occlusion": {
        "mode": 0,
        "alpha": 1
      },
      "video": {
        "loop": true,
        "autoplay": true,
        "volume": 0
      },
      "flags": {
        "tagger": {
          "tags": [
            "animation"
          ]
        },
        "monks-active-tiles": {
          "active": false,
          "fileindex": 1,
          "record": false,
          "restriction": "all",
          "controlled": "gm",
          "trigger": [
            ""
          ],
          "allowpaused": false,
          "usealpha": false,
          "pointer": false,
          "pertoken": false,
          "minrequired": 0,
          "chance": 50,
          "actions": [],
          "files": [
            {
              "id": "FratX1rCxadbb0WP",
              "name": "fa_battlemaps/Animations/Flies_A1_01.webm",
              "selected": true
            },
            {
              "id": "8bZghey5wpH3J2PR",
              "name": "modules/fa-battlemaps/images/Transparent.webp",
              "selected": false
            }
          ]
        }
      },
      "x": 1600,
      "y": 2150,
      "_id": "uCLHzCNzjhhXNPLA",
      "sort": 16,
      "restrictions": {
        "light": false,
        "weather": false
      },
      "elevation": 0,
      "_key": "!scenes.tiles!gTp2kJwmB1uUc3U7.uCLHzCNzjhhXNPLA"
    },
    {
      "texture": {
        "src": "modules/fa-battlemaps/images/Transparent.webp",
        "scaleX": 1,
        "scaleY": 1,
        "offsetX": 0,
        "offsetY": 0,
        "rotation": 0,
        "tint": "#ffffff",
        "anchorX": 0.5,
        "anchorY": 0.5,
        "fit": "fill",
        "alphaThreshold": 0.75
      },
      "width": 200,
      "height": 200,
      "rotation": 0,
      "alpha": 1,
      "hidden": false,
      "locked": false,
      "occlusion": {
        "mode": 0,
        "alpha": 1
      },
      "video": {
        "loop": true,
        "autoplay": true,
        "volume": 0
      },
      "flags": {
        "tagger": {
          "tags": [
            "animation"
          ]
        },
        "monks-active-tiles": {
          "active": false,
          "fileindex": 1,
          "record": false,
          "restriction": "all",
          "controlled": "gm",
          "trigger": [
            ""
          ],
          "allowpaused": false,
          "usealpha": false,
          "pointer": false,
          "pertoken": false,
          "minrequired": 0,
          "chance": 50,
          "actions": [],
          "files": [
            {
              "id": "FratX1rCxadbb0WP",
              "name": "fa_battlemaps/Animations/Flies_A1_01.webm",
              "selected": true
            },
            {
              "id": "8bZghey5wpH3J2PR",
              "name": "modules/fa-battlemaps/images/Transparent.webp",
              "selected": false
            }
          ]
        }
      },
      "x": 1550,
      "y": 2700,
      "_id": "9IgcSZ8J34Q71r8k",
      "sort": 15,
      "restrictions": {
        "light": false,
        "weather": false
      },
      "elevation": 0,
      "_key": "!scenes.tiles!gTp2kJwmB1uUc3U7.9IgcSZ8J34Q71r8k"
    },
    {
      "texture": {
        "src": "modules/fa-battlemaps/images/Transparent.webp",
        "scaleX": 1,
        "scaleY": 1,
        "offsetX": 0,
        "offsetY": 0,
        "rotation": 0,
        "tint": "#ffffff",
        "anchorX": 0.5,
        "anchorY": 0.5,
        "fit": "fill",
        "alphaThreshold": 0.75
      },
      "width": 200,
      "height": 200,
      "rotation": 0,
      "alpha": 1,
      "hidden": false,
      "locked": false,
      "occlusion": {
        "mode": 0,
        "alpha": 1
      },
      "video": {
        "loop": true,
        "autoplay": true,
        "volume": 0
      },
      "flags": {
        "tagger": {
          "tags": [
            "animation"
          ]
        },
        "monks-active-tiles": {
          "active": false,
          "fileindex": 1,
          "record": false,
          "restriction": "all",
          "controlled": "gm",
          "trigger": [
            ""
          ],
          "allowpaused": false,
          "usealpha": false,
          "pointer": false,
          "pertoken": false,
          "minrequired": 0,
          "chance": 50,
          "actions": [],
          "files": [
            {
              "id": "FratX1rCxadbb0WP",
              "name": "fa_battlemaps/Animations/Flies_A1_01.webm",
              "selected": true
            },
            {
              "id": "8bZghey5wpH3J2PR",
              "name": "modules/fa-battlemaps/images/Transparent.webp",
              "selected": false
            }
          ]
        }
      },
      "x": 1050,
      "y": 2200,
      "_id": "dF8CzgafpFsCrn1i",
      "sort": 14,
      "restrictions": {
        "light": false,
        "weather": false
      },
      "elevation": 0,
      "_key": "!scenes.tiles!gTp2kJwmB1uUc3U7.dF8CzgafpFsCrn1i"
    }
  ],
  "walls": [
    {
      "_id": "w0xegdPVukikHRr3",
      "c": [
        3200,
        3200,
        700,
        3200
      ],
      "light": 20,
      "move": 20,
      "sight": 20,
      "sound": 20,
      "dir": 0,
      "door": 0,
      "ds": 0,
      "flags": {},
      "threshold": {
        "light": null,
        "sight": null,
        "sound": null,
        "attenuation": false
      },
      "_key": "!scenes.walls!gTp2kJwmB1uUc3U7.w0xegdPVukikHRr3"
    },
    {
      "_id": "FE68iYBnONFGpWmF",
      "c": [
        700,
        3200,
        700,
        700
      ],
      "light": 20,
      "move": 20,
      "sight": 20,
      "sound": 20,
      "dir": 0,
      "door": 0,
      "ds": 0,
      "flags": {},
      "threshold": {
        "light": null,
        "sight": null,
        "sound": null,
        "attenuation": false
      },
      "_key": "!scenes.walls!gTp2kJwmB1uUc3U7.FE68iYBnONFGpWmF"
    },
    {
      "_id": "BMKXyK9SOLTuQYHr",
      "c": [
        700,
        700,
        3200,
        700
      ],
      "light": 20,
      "move": 20,
      "sight": 20,
      "sound": 20,
      "dir": 0,
      "door": 0,
      "ds": 0,
      "flags": {},
      "threshold": {
        "light": null,
        "sight": null,
        "sound": null,
        "attenuation": false
      },
      "_key": "!scenes.walls!gTp2kJwmB1uUc3U7.BMKXyK9SOLTuQYHr"
    },
    {
      "_id": "NDWzKi4W0uazyix4",
      "c": [
        3200,
        700,
        3200,
        3200
      ],
      "light": 20,
      "move": 20,
      "sight": 20,
      "sound": 20,
      "dir": 0,
      "door": 0,
      "ds": 0,
      "flags": {},
      "threshold": {
        "light": null,
        "sight": null,
        "sound": null,
        "attenuation": false
      },
      "_key": "!scenes.walls!gTp2kJwmB1uUc3U7.NDWzKi4W0uazyix4"
    },
    {
      "_id": "sau5u7nWXeOunP4D",
      "c": [
        825,
        1512,
        862,
        1537
      ],
      "light": 10,
      "move": 20,
      "sight": 10,
      "sound": 10,
      "dir": 0,
      "door": 0,
      "ds": 0,
      "flags": {},
      "threshold": {
        "light": null,
        "sight": null,
        "sound": null,
        "attenuation": false
      },
      "_key": "!scenes.walls!gTp2kJwmB1uUc3U7.sau5u7nWXeOunP4D"
    },
    {
      "_id": "zEDr44G6rAzic0Zf",
      "c": [
        862,
        1537,
        825,
        1575
      ],
      "light": 10,
      "move": 20,
      "sight": 10,
      "sound": 10,
      "dir": 0,
      "door": 0,
      "ds": 0,
      "flags": {},
      "threshold": {
        "light": null,
        "sight": null,
        "sound": null,
        "attenuation": false
      },
      "_key": "!scenes.walls!gTp2kJwmB1uUc3U7.zEDr44G6rAzic0Zf"
    },
    {
      "_id": "5XcofZO2BDWD7Ugm",
      "c": [
        825,
        1575,
        787,
        1537
      ],
      "light": 10,
      "move": 20,
      "sight": 10,
      "sound": 10,
      "dir": 0,
      "door": 0,
      "ds": 0,
      "flags": {},
      "threshold": {
        "light": null,
        "sight": null,
        "sound": null,
        "attenuation": false
      },
      "_key": "!scenes.walls!gTp2kJwmB1uUc3U7.5XcofZO2BDWD7Ugm"
    },
    {
      "_id": "aP5TykR0UadZfOKR",
      "c": [
        787,
        1537,
        825,
        1512
      ],
      "light": 10,
      "move": 20,
      "sight": 10,
      "sound": 10,
      "dir": 0,
      "door": 0,
      "ds": 0,
      "flags": {},
      "threshold": {
        "light": null,
        "sight": null,
        "sound": null,
        "attenuation": false
      },
      "_key": "!scenes.walls!gTp2kJwmB1uUc3U7.aP5TykR0UadZfOKR"
    },
    {
      "_id": "cm4ZpbTAyb65FxiT",
      "c": [
        1362,
        1312,
        1350,
        1350
      ],
      "light": 10,
      "move": 20,
      "sight": 10,
      "sound": 10,
      "dir": 0,
      "door": 0,
      "ds": 0,
      "flags": {},
      "threshold": {
        "light": null,
        "sight": null,
        "sound": null,
        "attenuation": false
      },
      "_key": "!scenes.walls!gTp2kJwmB1uUc3U7.cm4ZpbTAyb65FxiT"
    },
    {
      "_id": "NX88bi2VkY7ItVew",
      "c": [
        1350,
        1350,
        1300,
        1337
      ],
      "light": 10,
      "move": 20,
      "sight": 10,
      "sound": 10,
      "dir": 0,
      "door": 0,
      "ds": 0,
      "flags": {},
      "threshold": {
        "light": null,
        "sight": null,
        "sound": null,
        "attenuation": false
      },
      "_key": "!scenes.walls!gTp2kJwmB1uUc3U7.NX88bi2VkY7ItVew"
    },
    {
      "_id": "nBvOn42wH7i2X1JJ",
      "c": [
        1300,
        1337,
        1312,
        1287
      ],
      "light": 10,
      "move": 20,
      "sight": 10,
      "sound": 10,
      "dir": 0,
      "door": 0,
      "ds": 0,
      "flags": {},
      "threshold": {
        "light": null,
        "sight": null,
        "sound": null,
        "attenuation": false
      },
      "_key": "!scenes.walls!gTp2kJwmB1uUc3U7.nBvOn42wH7i2X1JJ"
    },
    {
      "_id": "ZnWTGwd3nVHmuEWi",
      "c": [
        1312,
        1287,
        1362,
        1312
      ],
      "light": 10,
      "move": 20,
      "sight": 10,
      "sound": 10,
      "dir": 0,
      "door": 0,
      "ds": 0,
      "flags": {},
      "threshold": {
        "light": null,
        "sight": null,
        "sound": null,
        "attenuation": false
      },
      "_key": "!scenes.walls!gTp2kJwmB1uUc3U7.ZnWTGwd3nVHmuEWi"
    },
    {
      "_id": "RMpwjvhlx30oVPYq",
      "c": [
        2212,
        762,
        2187,
        800
      ],
      "light": 10,
      "move": 20,
      "sight": 10,
      "sound": 10,
      "dir": 0,
      "door": 0,
      "ds": 0,
      "flags": {},
      "threshold": {
        "light": null,
        "sight": null,
        "sound": null,
        "attenuation": false
      },
      "_key": "!scenes.walls!gTp2kJwmB1uUc3U7.RMpwjvhlx30oVPYq"
    },
    {
      "_id": "io8gigfMfh898024",
      "c": [
        2187,
        800,
        2150,
        762
      ],
      "light": 10,
      "move": 20,
      "sight": 10,
      "sound": 10,
      "dir": 0,
      "door": 0,
      "ds": 0,
      "flags": {},
      "threshold": {
        "light": null,
        "sight": null,
        "sound": null,
        "attenuation": false
      },
      "_key": "!scenes.walls!gTp2kJwmB1uUc3U7.io8gigfMfh898024"
    },
    {
      "_id": "lRxejhM5p3E234M3",
      "c": [
        2150,
        762,
        2187,
        737
      ],
      "light": 10,
      "move": 20,
      "sight": 10,
      "sound": 10,
      "dir": 0,
      "door": 0,
      "ds": 0,
      "flags": {},
      "threshold": {
        "light": null,
        "sight": null,
        "sound": null,
        "attenuation": false
      },
      "_key": "!scenes.walls!gTp2kJwmB1uUc3U7.lRxejhM5p3E234M3"
    },
    {
      "_id": "jTsKSrORHtPpJgap",
      "c": [
        2187,
        737,
        2212,
        762
      ],
      "light": 10,
      "move": 20,
      "sight": 10,
      "sound": 10,
      "dir": 0,
      "door": 0,
      "ds": 0,
      "flags": {},
      "threshold": {
        "light": null,
        "sight": null,
        "sound": null,
        "attenuation": false
      },
      "_key": "!scenes.walls!gTp2kJwmB1uUc3U7.jTsKSrORHtPpJgap"
    },
    {
      "_id": "2Vzre1me137y4UcF",
      "c": [
        2512,
        1275,
        2487,
        1312
      ],
      "light": 10,
      "move": 20,
      "sight": 10,
      "sound": 10,
      "dir": 0,
      "door": 0,
      "ds": 0,
      "flags": {},
      "threshold": {
        "light": null,
        "sight": null,
        "sound": null,
        "attenuation": false
      },
      "_key": "!scenes.walls!gTp2kJwmB1uUc3U7.2Vzre1me137y4UcF"
    },
    {
      "_id": "dqqvpcgT2EX48TYI",
      "c": [
        2487,
        1312,
        2450,
        1287
      ],
      "light": 10,
      "move": 20,
      "sight": 10,
      "sound": 10,
      "dir": 0,
      "door": 0,
      "ds": 0,
      "flags": {},
      "threshold": {
        "light": null,
        "sight": null,
        "sound": null,
        "attenuation": false
      },
      "_key": "!scenes.walls!gTp2kJwmB1uUc3U7.dqqvpcgT2EX48TYI"
    },
    {
      "_id": "djDEGVI6ulNLm48R",
      "c": [
        2450,
        1287,
        2475,
        1237
      ],
      "light": 10,
      "move": 20,
      "sight": 10,
      "sound": 10,
      "dir": 0,
      "door": 0,
      "ds": 0,
      "flags": {},
      "threshold": {
        "light": null,
        "sight": null,
        "sound": null,
        "attenuation": false
      },
      "_key": "!scenes.walls!gTp2kJwmB1uUc3U7.djDEGVI6ulNLm48R"
    },
    {
      "_id": "IahojhAh0MxOPeHC",
      "c": [
        2475,
        1237,
        2512,
        1275
      ],
      "light": 10,
      "move": 20,
      "sight": 10,
      "sound": 10,
      "dir": 0,
      "door": 0,
      "ds": 0,
      "flags": {},
      "threshold": {
        "light": null,
        "sight": null,
        "sound": null,
        "attenuation": false
      },
      "_key": "!scenes.walls!gTp2kJwmB1uUc3U7.IahojhAh0MxOPeHC"
    },
    {
      "_id": "lPe5bsMsesvKbFVf",
      "c": [
        2637,
        2137,
        2687,
        2150
      ],
      "light": 10,
      "move": 20,
      "sight": 10,
      "sound": 10,
      "dir": 0,
      "door": 0,
      "ds": 0,
      "flags": {},
      "threshold": {
        "light": null,
        "sight": null,
        "sound": null,
        "attenuation": false
      },
      "_key": "!scenes.walls!gTp2kJwmB1uUc3U7.lPe5bsMsesvKbFVf"
    },
    {
      "_id": "3whMeikwapam1SpZ",
      "c": [
        2687,
        2150,
        2662,
        2187
      ],
      "light": 10,
      "move": 20,
      "sight": 10,
      "sound": 10,
      "dir": 0,
      "door": 0,
      "ds": 0,
      "flags": {},
      "threshold": {
        "light": null,
        "sight": null,
        "sound": null,
        "attenuation": false
      },
      "_key": "!scenes.walls!gTp2kJwmB1uUc3U7.3whMeikwapam1SpZ"
    },
    {
      "_id": "Sds4RyosgAwRFB4y",
      "c": [
        2662,
        2187,
        2625,
        2175
      ],
      "light": 10,
      "move": 20,
      "sight": 10,
      "sound": 10,
      "dir": 0,
      "door": 0,
      "ds": 0,
      "flags": {},
      "threshold": {
        "light": null,
        "sight": null,
        "sound": null,
        "attenuation": false
      },
      "_key": "!scenes.walls!gTp2kJwmB1uUc3U7.Sds4RyosgAwRFB4y"
    },
    {
      "_id": "eejHcVgTJJvDR8IA",
      "c": [
        2625,
        2175,
        2637,
        2137
      ],
      "light": 10,
      "move": 20,
      "sight": 10,
      "sound": 10,
      "dir": 0,
      "door": 0,
      "ds": 0,
      "flags": {},
      "threshold": {
        "light": null,
        "sight": null,
        "sound": null,
        "attenuation": false
      },
      "_key": "!scenes.walls!gTp2kJwmB1uUc3U7.eejHcVgTJJvDR8IA"
    },
    {
      "_id": "yjW1fAcHiwFTaadF",
      "c": [
        2025,
        2637,
        2075,
        2662
      ],
      "light": 10,
      "move": 20,
      "sight": 10,
      "sound": 10,
      "dir": 0,
      "door": 0,
      "ds": 0,
      "flags": {},
      "threshold": {
        "light": null,
        "sight": null,
        "sound": null,
        "attenuation": false
      },
      "_key": "!scenes.walls!gTp2kJwmB1uUc3U7.yjW1fAcHiwFTaadF"
    },
    {
      "_id": "oiVwz6j6Z3RO3H5K",
      "c": [
        2075,
        2662,
        2062,
        2700
      ],
      "light": 10,
      "move": 20,
      "sight": 10,
      "sound": 10,
      "dir": 0,
      "door": 0,
      "ds": 0,
      "flags": {},
      "threshold": {
        "light": null,
        "sight": null,
        "sound": null,
        "attenuation": false
      },
      "_key": "!scenes.walls!gTp2kJwmB1uUc3U7.oiVwz6j6Z3RO3H5K"
    },
    {
      "_id": "RkJJ4LeoMgL82TnK",
      "c": [
        2062,
        2700,
        2012,
        2687
      ],
      "light": 10,
      "move": 20,
      "sight": 10,
      "sound": 10,
      "dir": 0,
      "door": 0,
      "ds": 0,
      "flags": {},
      "threshold": {
        "light": null,
        "sight": null,
        "sound": null,
        "attenuation": false
      },
      "_key": "!scenes.walls!gTp2kJwmB1uUc3U7.RkJJ4LeoMgL82TnK"
    },
    {
      "_id": "w2Vsw8BCvXPIhijI",
      "c": [
        2012,
        2687,
        2025,
        2637
      ],
      "light": 10,
      "move": 20,
      "sight": 10,
      "sound": 10,
      "dir": 0,
      "door": 0,
      "ds": 0,
      "flags": {},
      "threshold": {
        "light": null,
        "sight": null,
        "sound": null,
        "attenuation": false
      },
      "_key": "!scenes.walls!gTp2kJwmB1uUc3U7.w2Vsw8BCvXPIhijI"
    },
    {
      "_id": "gIUGxUV92xJL0Vea",
      "c": [
        837,
        2137,
        862,
        2150
      ],
      "light": 10,
      "move": 20,
      "sight": 10,
      "sound": 10,
      "dir": 0,
      "door": 0,
      "ds": 0,
      "flags": {},
      "threshold": {
        "light": null,
        "sight": null,
        "sound": null,
        "attenuation": false
      },
      "_key": "!scenes.walls!gTp2kJwmB1uUc3U7.gIUGxUV92xJL0Vea"
    },
    {
      "_id": "ax9TxWnEuvL5NhkX",
      "c": [
        862,
        2150,
        862,
        2175
      ],
      "light": 10,
      "move": 20,
      "sight": 10,
      "sound": 10,
      "dir": 0,
      "door": 0,
      "ds": 0,
      "flags": {},
      "threshold": {
        "light": null,
        "sight": null,
        "sound": null,
        "attenuation": false
      },
      "_key": "!scenes.walls!gTp2kJwmB1uUc3U7.ax9TxWnEuvL5NhkX"
    },
    {
      "_id": "2Q4WyfGw9BoDeHWC",
      "c": [
        862,
        2175,
        825,
        2162
      ],
      "light": 10,
      "move": 20,
      "sight": 10,
      "sound": 10,
      "dir": 0,
      "door": 0,
      "ds": 0,
      "flags": {},
      "threshold": {
        "light": null,
        "sight": null,
        "sound": null,
        "attenuation": false
      },
      "_key": "!scenes.walls!gTp2kJwmB1uUc3U7.2Q4WyfGw9BoDeHWC"
    },
    {
      "_id": "gl2RIuziAg2DqS1b",
      "c": [
        825,
        2162,
        837,
        2137
      ],
      "light": 10,
      "move": 20,
      "sight": 10,
      "sound": 10,
      "dir": 0,
      "door": 0,
      "ds": 0,
      "flags": {},
      "threshold": {
        "light": null,
        "sight": null,
        "sound": null,
        "attenuation": false
      },
      "_key": "!scenes.walls!gTp2kJwmB1uUc3U7.gl2RIuziAg2DqS1b"
    },
    {
      "_id": "kNRljOgfA2cG9hET",
      "c": [
        1700,
        1950,
        1737,
        1962
      ],
      "light": 10,
      "move": 20,
      "sight": 10,
      "sound": 10,
      "dir": 0,
      "door": 0,
      "ds": 0,
      "flags": {},
      "threshold": {
        "light": null,
        "sight": null,
        "sound": null,
        "attenuation": false
      },
      "_key": "!scenes.walls!gTp2kJwmB1uUc3U7.kNRljOgfA2cG9hET"
    },
    {
      "_id": "ozTjVnzNxzZ0A7PM",
      "c": [
        1737,
        1962,
        1737,
        2000
      ],
      "light": 10,
      "move": 20,
      "sight": 10,
      "sound": 10,
      "dir": 0,
      "door": 0,
      "ds": 0,
      "flags": {},
      "threshold": {
        "light": null,
        "sight": null,
        "sound": null,
        "attenuation": false
      },
      "_key": "!scenes.walls!gTp2kJwmB1uUc3U7.ozTjVnzNxzZ0A7PM"
    },
    {
      "_id": "kgs4gvbCVXYROPjJ",
      "c": [
        1737,
        2000,
        1700,
        1987
      ],
      "light": 10,
      "move": 20,
      "sight": 10,
      "sound": 10,
      "dir": 0,
      "door": 0,
      "ds": 0,
      "flags": {},
      "threshold": {
        "light": null,
        "sight": null,
        "sound": null,
        "attenuation": false
      },
      "_key": "!scenes.walls!gTp2kJwmB1uUc3U7.kgs4gvbCVXYROPjJ"
    },
    {
      "_id": "qsDzP7ZYzoEbHhsU",
      "c": [
        1700,
        1987,
        1700,
        1950
      ],
      "light": 10,
      "move": 20,
      "sight": 10,
      "sound": 10,
      "dir": 0,
      "door": 0,
      "ds": 0,
      "flags": {},
      "threshold": {
        "light": null,
        "sight": null,
        "sound": null,
        "attenuation": false
      },
      "_key": "!scenes.walls!gTp2kJwmB1uUc3U7.qsDzP7ZYzoEbHhsU"
    }
  ],
  "playlist": null,
  "playlistSound": null,
  "journal": null,
  "journalEntryPage": null,
  "weather": "",
  "flags": {},
  "_stats": {
    "systemId": "dnd5e",
    "systemVersion": "2.4.1",
    "coreVersion": "12.330",
    "createdTime": 1675821217673,
    "modifiedTime": 1723948174817,
    "lastModifiedBy": "dnd5ebuilder0000",
    "compendiumSource": "Scene.gTp2kJwmB1uUc3U7",
    "duplicateSource": null
  },
  "_id": "gTp2kJwmB1uUc3U7",
  "active": false,
  "folder": null,
  "sort": 0,
  "ownership": {
    "default": 0
  },
  "regions": [],
  "environment": {
    "globalLight": {
      "luminosity": 0,
      "enabled": true,
      "darkness": {
        "max": 0.75,
        "min": 0
      },
      "alpha": 0.5,
      "bright": false,
      "color": null,
      "coloration": 1,
      "saturation": 0,
      "contrast": 0,
      "shadows": 0
    },
    "darknessLevel": 0,
    "darknessLock": false,
    "cycle": true,
    "base": {
      "hue": 0,
      "intensity": 0,
      "luminosity": 0,
      "saturation": 0,
      "shadows": 0
    },
    "dark": {
      "hue": 0.7138888888888889,
      "intensity": 0,
      "luminosity": -0.25,
      "saturation": 0,
      "shadows": 0
    }
  },
  "fog": {
    "exploration": true,
    "reset": 1675821217671,
    "overlay": null,
    "colors": {
      "explored": null,
      "unexplored": null
    }
  },
  "_key": "!scenes!gTp2kJwmB1uUc3U7"
}
