{
  "name": "Temple [22x19]",
  "navigation": false,
  "navOrder": 0,
  "navName": "",
  "background": {
    "src": "fa_battlemaps/Maps/2022/December/fa_wec-temple/Maps/TempleBG.webp",
    "scaleX": 1,
    "scaleY": 1,
    "offsetX": 0,
    "offsetY": 0,
    "rotation": 0,
    "tint": "#ffffff",
    "anchorX": 0,
    "anchorY": 0,
    "fit": "fill",
    "alphaThreshold": 0
  },
  "foreground": "fa_battlemaps/Maps/2022/December/fa_wec-temple/Maps/TempleFG.webp",
  "foregroundElevation": 20,
  "thumb": "modules/fa-battlemaps/assets/scenes/OWVjH4NO3jFfTRBd-thumb.webp",
  "width": 2200,
  "height": 1900,
  "padding": 0.25,
  "initial": {
    "x": 2026,
    "y": 1534,
    "scale": 0.645386501775667
  },
  "backgroundColor": "#000000",
  "grid": {
    "type": 1,
    "size": 100,
    "color": "#000000",
    "alpha": 0.2,
    "distance": 5,
    "units": "ft",
    "style": "solidLines",
    "thickness": 1
  },
  "tokenVision": true,
  "drawings": [],
  "tokens": [],
  "lights": [
    {
      "x": 1397,
      "y": 1394,
      "rotation": 0,
      "walls": true,
      "vision": false,
      "config": {
        "alpha": 0.5,
        "angle": 360,
        "bright": 20,
        "color": "#fa9e00",
        "coloration": 1,
        "dim": 40,
        "attenuation": 0.5,
        "luminosity": 0.5,
        "saturation": 0,
        "contrast": 0,
        "shadows": 0,
        "animation": {
          "type": "torch",
          "speed": 6,
          "intensity": 3,
          "reverse": false
        },
        "darkness": {
          "min": 0,
          "max": 1
        },
        "negative": false,
        "priority": 0
      },
      "hidden": false,
      "flags": {
        "tagger": {
          "tags": [
            "templelight"
          ]
        }
      },
      "_id": "gRvFALa23Ay2rCnC",
      "elevation": 0,
      "_key": "!scenes.lights!OWVjH4NO3jFfTRBd.gRvFALa23Ay2rCnC"
    },
    {
      "x": 2149,
      "y": 1100,
      "rotation": 0,
      "walls": true,
      "vision": false,
      "config": {
        "alpha": 0.5,
        "angle": 360,
        "bright": 15,
        "color": "#fa9e00",
        "coloration": 1,
        "dim": 30,
        "attenuation": 0.5,
        "luminosity": 0.5,
        "saturation": 0,
        "contrast": 0,
        "shadows": 0,
        "animation": {
          "type": "torch",
          "speed": 6,
          "intensity": 3,
          "reverse": false
        },
        "darkness": {
          "min": 0,
          "max": 1
        },
        "negative": false,
        "priority": 0
      },
      "hidden": false,
      "flags": {
        "tagger": {
          "tags": [
            "priestlight"
          ]
        }
      },
      "_id": "UB3yZwzVvc1Vm9w3",
      "elevation": 0,
      "_key": "!scenes.lights!OWVjH4NO3jFfTRBd.UB3yZwzVvc1Vm9w3"
    },
    {
      "x": 1387,
      "y": 831,
      "rotation": 0,
      "walls": true,
      "vision": false,
      "config": {
        "alpha": 0.5,
        "angle": 360,
        "bright": 1.24,
        "color": "#3de600",
        "coloration": 1,
        "dim": 2.47,
        "attenuation": 0.5,
        "luminosity": 0.5,
        "saturation": 0,
        "contrast": 0,
        "shadows": 0,
        "animation": {
          "type": "starlight",
          "speed": 5,
          "intensity": 5,
          "reverse": false
        },
        "darkness": {
          "min": 0,
          "max": 1
        },
        "negative": false,
        "priority": 0
      },
      "hidden": false,
      "flags": {
        "tagger": {
          "tags": [
            "statueeyes"
          ]
        }
      },
      "_id": "mGPmtTNwGkR4NzUh",
      "elevation": 0,
      "_key": "!scenes.lights!OWVjH4NO3jFfTRBd.mGPmtTNwGkR4NzUh"
    },
    {
      "x": 1410,
      "y": 824,
      "rotation": 0,
      "walls": true,
      "vision": false,
      "config": {
        "alpha": 0.5,
        "angle": 360,
        "bright": 1.24,
        "color": "#3de600",
        "coloration": 1,
        "dim": 2.47,
        "attenuation": 0.5,
        "luminosity": 0.5,
        "saturation": 0,
        "contrast": 0,
        "shadows": 0,
        "animation": {
          "type": "starlight",
          "speed": 5,
          "intensity": 5,
          "reverse": false
        },
        "darkness": {
          "min": 0,
          "max": 1
        },
        "negative": false,
        "priority": 0
      },
      "hidden": false,
      "flags": {
        "tagger": {
          "tags": [
            "statueeyes"
          ]
        }
      },
      "_id": "u4f3TFiMUAgwsRxk",
      "elevation": 0,
      "_key": "!scenes.lights!OWVjH4NO3jFfTRBd.u4f3TFiMUAgwsRxk"
    }
  ],
  "notes": [],
  "sounds": [
    {
      "path": "fa_battlemaps/Audio/fire-loop.ogg",
      "x": 1392,
      "y": 1370,
      "radius": 27.45,
      "easing": true,
      "walls": true,
      "volume": 0.2,
      "darkness": {
        "min": 0,
        "max": 1
      },
      "flags": {
        "tagger": {
          "tags": [
            "templelight"
          ]
        }
      },
      "repeat": false,
      "hidden": false,
      "_id": "7OrnODHbqUI1QFr8",
      "elevation": 0,
      "effects": {
        "base": {
          "intensity": 5
        },
        "muffled": {
          "intensity": 5
        }
      },
      "_key": "!scenes.sounds!OWVjH4NO3jFfTRBd.7OrnODHbqUI1QFr8"
    },
    {
      "path": "fa_battlemaps/Audio/fire-loop.ogg",
      "x": 2153,
      "y": 1105,
      "radius": 27.45,
      "easing": true,
      "walls": true,
      "volume": 0.2,
      "darkness": {
        "min": 0,
        "max": 1
      },
      "flags": {
        "tagger": {
          "tags": [
            "priestlight"
          ]
        }
      },
      "repeat": false,
      "hidden": false,
      "_id": "tuTgB08bppTfQC7H",
      "elevation": 0,
      "effects": {
        "base": {
          "intensity": 5
        },
        "muffled": {
          "intensity": 5
        }
      },
      "_key": "!scenes.sounds!OWVjH4NO3jFfTRBd.tuTgB08bppTfQC7H"
    },
    {
      "path": "fa_battlemaps/Audio/CaveAmbience.ogg",
      "x": 1850,
      "y": 1450,
      "radius": 72.6,
      "easing": false,
      "walls": false,
      "volume": 0.25,
      "darkness": {
        "min": 0,
        "max": 1
      },
      "flags": {
        "tagger": {
          "tags": ""
        }
      },
      "repeat": false,
      "hidden": false,
      "_id": "6VUfxbGVLlOuj04x",
      "elevation": 0,
      "effects": {
        "base": {
          "intensity": 5
        },
        "muffled": {
          "intensity": 5
        }
      },
      "_key": "!scenes.sounds!OWVjH4NO3jFfTRBd.6VUfxbGVLlOuj04x"
    }
  ],
  "templates": [],
  "tiles": [
    {
      "texture": {
        "src": "modules/fa-battlemaps/images/Transparent.webp",
        "scaleX": 1,
        "scaleY": 1,
        "offsetX": 0,
        "offsetY": 0,
        "rotation": 0,
        "tint": "#ffffff",
        "anchorX": 0.5,
        "anchorY": 0.5,
        "fit": "fill",
        "alphaThreshold": 0.75
      },
      "x": 1374,
      "y": 1368,
      "width": 50,
      "height": 50,
      "rotation": 0,
      "alpha": 1,
      "hidden": false,
      "locked": true,
      "occlusion": {
        "mode": 1,
        "alpha": 1
      },
      "video": {
        "loop": true,
        "autoplay": true,
        "volume": 0
      },
      "flags": {
        "tagger": {
          "tags": [
            "lighttrigger",
            "camptrigger"
          ]
        },
        "monks-active-tiles": {
          "active": true,
          "record": false,
          "restriction": "all",
          "controlled": "gm",
          "trigger": [
            "",
            "dblclick"
          ],
          "allowpaused": false,
          "usealpha": false,
          "pointer": true,
          "pertoken": false,
          "minrequired": 0,
          "chance": 100,
          "fileindex": 0,
          "actions": [
            {
              "action": "playsound",
              "data": {
                "audiofile": "fa_battlemaps/Audio/flameblowout.ogg",
                "audiofor": "all",
                "volume": 0.2,
                "loop": false,
                "fade": 0.25,
                "scenerestrict": false,
                "prevent": true
              },
              "id": "V0OsQOAmewIUDAnP"
            },
            {
              "action": "activate",
              "data": {
                "entity": {
                  "id": "tagger:templelight",
                  "match": "all",
                  "scene": "_active",
                  "name": "<i class=\"fas fa-tag fa-sm\"></i> templelight"
                },
                "activate": "toggle"
              },
              "id": "EyUPmYYGhm2NX4sR"
            },
            {
              "action": "alter",
              "data": {
                "entity": {
                  "id": "tagger:templel",
                  "match": "all",
                  "scene": "_active",
                  "name": "<i class=\"fas fa-tag fa-sm\"></i> templel"
                },
                "attribute": "alpha",
                "value": "={{entity.alpha}} == 0 ? 1 : 0",
                "chatMessage": false,
                "rollmode": "roll"
              },
              "id": "GYa1CEqjAEo8mz36"
            }
          ],
          "files": [],
          "name": "",
          "vision": false,
          "cooldown": null
        }
      },
      "_id": "PY7Cdy25ZTeQo78X",
      "elevation": 20,
      "sort": 103,
      "restrictions": {
        "light": false,
        "weather": false
      },
      "_key": "!scenes.tiles!OWVjH4NO3jFfTRBd.PY7Cdy25ZTeQo78X"
    },
    {
      "texture": {
        "src": "modules/fa-battlemaps/images/Transparent.webp",
        "scaleX": 1,
        "scaleY": 1,
        "offsetX": 0,
        "offsetY": 0,
        "rotation": 0,
        "tint": "#ffffff",
        "anchorX": 0.5,
        "anchorY": 0.5,
        "fit": "fill",
        "alphaThreshold": 0.75
      },
      "width": 50,
      "height": 50,
      "rotation": 0,
      "alpha": 1,
      "hidden": false,
      "locked": true,
      "occlusion": {
        "mode": 1,
        "alpha": 1
      },
      "video": {
        "loop": true,
        "autoplay": true,
        "volume": 0
      },
      "flags": {
        "tagger": {
          "tags": [
            "lighttrigger"
          ]
        },
        "monks-active-tiles": {
          "active": true,
          "record": false,
          "restriction": "all",
          "controlled": "gm",
          "trigger": [
            "",
            "dblclick"
          ],
          "allowpaused": false,
          "usealpha": false,
          "pointer": true,
          "pertoken": false,
          "minrequired": 0,
          "chance": 100,
          "fileindex": 0,
          "actions": [
            {
              "action": "tileimage",
              "data": {
                "entity": {
                  "id": "tagger:PriestRoomDoor",
                  "match": "all",
                  "scene": "_active",
                  "name": "<i class=\"fas fa-tag fa-sm\"></i> PriestRoomDoor"
                },
                "select": "next",
                "transition": "none",
                "speed": 1,
                "loop": 1
              },
              "id": "l4jYYXuIOJ39j7Pv"
            },
            {
              "action": "playsound",
              "data": {
                "audiofile": "fa_battlemaps/Audio/flameblowout.ogg",
                "audiofor": "all",
                "volume": 0.2,
                "loop": false,
                "fade": 0.25,
                "scenerestrict": false,
                "prevent": true
              },
              "id": "V0OsQOAmewIUDAnP"
            },
            {
              "action": "activate",
              "data": {
                "entity": {
                  "id": "tagger:priestlight",
                  "match": "all",
                  "scene": "_active",
                  "name": "<i class=\"fas fa-tag fa-sm\"></i> priestlight"
                },
                "activate": "toggle"
              },
              "id": "EyUPmYYGhm2NX4sR"
            },
            {
              "action": "alter",
              "data": {
                "entity": {
                  "id": "tagger:preistl",
                  "match": "all",
                  "scene": "_active",
                  "name": "<i class=\"fas fa-tag fa-sm\"></i> preistl"
                },
                "attribute": "alpha",
                "value": "={{entity.alpha}} == 0 ? 1 : 0",
                "chatMessage": false,
                "rollmode": "roll"
              },
              "id": "GYa1CEqjAEo8mz36"
            }
          ],
          "files": [],
          "name": "",
          "vision": false,
          "cooldown": null
        }
      },
      "x": 2130,
      "y": 1071,
      "_id": "LV1JGAV41W9eAUjw",
      "elevation": 20,
      "sort": 103,
      "restrictions": {
        "light": false,
        "weather": false
      },
      "_key": "!scenes.tiles!OWVjH4NO3jFfTRBd.LV1JGAV41W9eAUjw"
    },
    {
      "texture": {
        "src": "fa_battlemaps/Maps/2022/December/fa_wec-temple/Tiles/TempleLight.webp",
        "scaleX": 1,
        "scaleY": 1,
        "offsetX": 0,
        "offsetY": 0,
        "rotation": 0,
        "tint": "#ffffff",
        "anchorX": 0.5,
        "anchorY": 0.5,
        "fit": "fill",
        "alphaThreshold": 0.75
      },
      "x": 1100,
      "y": 1100,
      "width": 600,
      "height": 600,
      "_id": "oxqS1yXAXIUBltD7",
      "rotation": 0,
      "alpha": 1,
      "hidden": false,
      "locked": true,
      "occlusion": {
        "mode": 0,
        "alpha": 1
      },
      "video": {
        "loop": true,
        "autoplay": true,
        "volume": 0
      },
      "flags": {
        "tagger": {
          "tags": [
            "templel"
          ]
        },
        "monks-active-tiles": {
          "active": false,
          "record": false,
          "restriction": "all",
          "controlled": "gm",
          "trigger": [
            ""
          ],
          "allowpaused": false,
          "usealpha": false,
          "pointer": false,
          "pertoken": false,
          "minrequired": 0,
          "chance": 50,
          "fileindex": 0,
          "actions": [],
          "files": [],
          "name": "",
          "vision": false,
          "cooldown": null
        }
      },
      "sort": 5,
      "restrictions": {
        "light": false,
        "weather": false
      },
      "elevation": 0,
      "_key": "!scenes.tiles!OWVjH4NO3jFfTRBd.oxqS1yXAXIUBltD7"
    },
    {
      "texture": {
        "src": "fa_battlemaps/Maps/2022/December/fa_wec-temple/Tiles/priestLight.webp",
        "scaleX": 1,
        "scaleY": 1,
        "offsetX": 0,
        "offsetY": 0,
        "rotation": 0,
        "tint": "#ffffff",
        "anchorX": 0.5,
        "anchorY": 0.5,
        "fit": "fill",
        "alphaThreshold": 0.75
      },
      "x": 1900,
      "y": 700,
      "width": 600,
      "height": 600,
      "_id": "W9IzOxEbWOQECvo0",
      "rotation": 0,
      "alpha": 1,
      "hidden": false,
      "locked": true,
      "occlusion": {
        "mode": 0,
        "alpha": 1
      },
      "video": {
        "loop": true,
        "autoplay": true,
        "volume": 0
      },
      "flags": {
        "tagger": {
          "tags": [
            "preistl"
          ]
        },
        "monks-active-tiles": {
          "active": true,
          "record": false,
          "restriction": "all",
          "controlled": "gm",
          "trigger": [
            "dblclick"
          ],
          "allowpaused": false,
          "usealpha": false,
          "pointer": false,
          "pertoken": false,
          "minrequired": 0,
          "chance": 100,
          "fileindex": 0,
          "actions": [],
          "files": [],
          "name": "",
          "vision": false,
          "cooldown": null
        }
      },
      "sort": 4,
      "restrictions": {
        "light": false,
        "weather": false
      },
      "elevation": 0,
      "_key": "!scenes.tiles!OWVjH4NO3jFfTRBd.W9IzOxEbWOQECvo0"
    },
    {
      "texture": {
        "src": "icons/svg/trap.svg",
        "scaleX": 1,
        "scaleY": 1,
        "offsetX": 0,
        "offsetY": 0,
        "rotation": 0,
        "tint": "#ffffff",
        "anchorX": 0.5,
        "anchorY": 0.5,
        "fit": "fill",
        "alphaThreshold": 0.75
      },
      "width": 100,
      "height": 100,
      "_id": "hVWAsat7QAMJiFSt",
      "rotation": 0,
      "alpha": 1,
      "hidden": false,
      "locked": true,
      "occlusion": {
        "mode": 1,
        "alpha": 1
      },
      "video": {
        "loop": true,
        "autoplay": true,
        "volume": 0
      },
      "flags": {
        "tagger": {},
        "monks-active-tiles": {
          "active": true,
          "record": false,
          "restriction": "all",
          "controlled": "gm",
          "trigger": [
            "",
            "dblclick"
          ],
          "allowpaused": false,
          "usealpha": false,
          "pointer": true,
          "pertoken": false,
          "minrequired": 0,
          "chance": 100,
          "fileindex": 0,
          "actions": [
            {
              "action": "activate",
              "data": {
                "entity": {
                  "id": "tagger:statueeyes",
                  "match": "all",
                  "scene": "_active",
                  "name": "<i class=\"fas fa-tag fa-sm\"></i> statueeyes"
                },
                "activate": "toggle"
              },
              "id": "21fipKRBLaq8Dm5z"
            },
            {
              "action": "activate",
              "data": {
                "entity": {
                  "id": "tagger:lighttrigger",
                  "match": "all",
                  "scene": "_active",
                  "name": "<i class=\"fas fa-tag fa-sm\"></i> lighttrigger"
                },
                "activate": "toggle",
                "collection": "tiles"
              },
              "id": "M2uTeJ4KeQYPSIRC"
            },
            {
              "action": "activate",
              "data": {
                "entity": {
                  "id": "tagger:templelight",
                  "match": "all",
                  "scene": "_active",
                  "name": "<i class=\"fas fa-tag fa-sm\"></i> templelight"
                },
                "activate": "deactivate"
              },
              "id": "lpkgj5X1Ob3SgGf4"
            },
            {
              "action": "alter",
              "data": {
                "entity": {
                  "id": "tagger:templel",
                  "match": "all",
                  "scene": "_active",
                  "name": "<i class=\"fas fa-tag fa-sm\"></i> templel"
                },
                "attribute": "alpha",
                "value": "0",
                "chatMessage": false,
                "rollmode": "roll"
              },
              "id": "1HN0gOvWQQlaJm5R"
            },
            {
              "action": "alter",
              "data": {
                "entity": {
                  "id": "tagger:collapse",
                  "match": "all",
                  "scene": "_active",
                  "name": "<i class=\"fas fa-tag fa-sm\"></i> collapse"
                },
                "attribute": "alpha",
                "value": "={{entity.alpha}} == 0 ? 1 : 0",
                "chatMessage": false,
                "rollmode": "roll",
                "collection": "tokens"
              },
              "id": "qcTxWC6X7vroAlOH"
            },
            {
              "action": "tileimage",
              "data": {
                "entity": {
                  "id": "tagger:Collapse",
                  "match": "all",
                  "scene": "_active",
                  "name": "<i class=\"fas fa-tag fa-sm\"></i> Collapse"
                },
                "select": "next",
                "transition": "none",
                "speed": 1,
                "loop": 1
              },
              "id": "WaMMVdBLxH974Olk"
            },
            {
              "action": "playsound",
              "data": {
                "audiofile": "fa_battlemaps/Audio/groundimpactheavy.ogg",
                "audiofor": "all",
                "volume": 0.3,
                "loop": false,
                "fade": 0.25,
                "scenerestrict": false,
                "prevent": true
              },
              "id": "rsGnDzYq87B8jA18"
            }
          ],
          "files": [],
          "name": "",
          "vision": false,
          "cooldown": null
        }
      },
      "x": 1350,
      "y": 550,
      "elevation": 20,
      "sort": 100,
      "restrictions": {
        "light": false,
        "weather": false
      },
      "_key": "!scenes.tiles!OWVjH4NO3jFfTRBd.hVWAsat7QAMJiFSt"
    },
    {
      "texture": {
        "src": "fa_battlemaps/Maps/2022/December/fa_wec-temple/Tiles/Room19_WebOverlay_10x12.webp",
        "scaleX": 1,
        "scaleY": 1,
        "offsetX": 0,
        "offsetY": 0,
        "rotation": 0,
        "tint": "#ffffff",
        "anchorX": 0.5,
        "anchorY": 0.5,
        "fit": "fill",
        "alphaThreshold": 0.75
      },
      "x": 900,
      "y": 700,
      "width": 1000,
      "height": 1200,
      "_id": "RY6yy5fZJWrXIUMo",
      "rotation": 0,
      "alpha": 1,
      "hidden": false,
      "locked": true,
      "occlusion": {
        "mode": 0,
        "alpha": 1
      },
      "video": {
        "loop": true,
        "autoplay": true,
        "volume": 0
      },
      "flags": {
        "tagger": {
          "tags": [
            "collapse"
          ]
        },
        "monks-active-tiles": {
          "active": true,
          "record": false,
          "restriction": "all",
          "controlled": "gm",
          "trigger": [
            "dblclick"
          ],
          "allowpaused": false,
          "usealpha": false,
          "pointer": false,
          "pertoken": false,
          "minrequired": 0,
          "chance": 100,
          "fileindex": 0,
          "actions": [],
          "files": [
            {
              "id": "nREODXcTB828UDLU",
              "name": "fa_battlemaps/Maps/2022/December/fa_wec-temple/Tiles/Room19_WebOverlay_10x12.webp",
              "selected": true
            },
            {
              "id": "mFdu7EbxRiRYZI4Q",
              "name": "modules/fa-battlemaps/images/Transparent.webp",
              "selected": false
            }
          ],
          "name": "",
          "vision": false,
          "cooldown": null
        }
      },
      "elevation": 20,
      "sort": 100,
      "restrictions": {
        "light": false,
        "weather": false
      },
      "_key": "!scenes.tiles!OWVjH4NO3jFfTRBd.RY6yy5fZJWrXIUMo"
    },
    {
      "texture": {
        "src": "fa_battlemaps/Maps/2022/December/fa_wec-temple/Tiles/Collapse.webp",
        "scaleX": 1,
        "scaleY": 1,
        "offsetX": 0,
        "offsetY": 0,
        "rotation": 0,
        "tint": "#ffffff",
        "anchorX": 0.5,
        "anchorY": 0.5,
        "fit": "fill",
        "alphaThreshold": 0.75
      },
      "x": 900,
      "y": 700,
      "width": 1000,
      "height": 1200,
      "_id": "GYCKogMnf2czHuBK",
      "rotation": 0,
      "alpha": 0,
      "hidden": false,
      "locked": true,
      "occlusion": {
        "mode": 0,
        "alpha": 1
      },
      "video": {
        "loop": true,
        "autoplay": true,
        "volume": 0
      },
      "flags": {
        "tagger": {
          "tags": [
            "collapse"
          ]
        },
        "monks-active-tiles": {
          "active": true,
          "record": false,
          "restriction": "all",
          "controlled": "gm",
          "trigger": [
            "dblclick"
          ],
          "allowpaused": false,
          "usealpha": false,
          "pointer": false,
          "pertoken": false,
          "minrequired": 0,
          "chance": 100,
          "fileindex": 0,
          "actions": [],
          "files": [],
          "name": "",
          "vision": false,
          "cooldown": null
        }
      },
      "sort": 3,
      "restrictions": {
        "light": false,
        "weather": false
      },
      "elevation": 0,
      "_key": "!scenes.tiles!OWVjH4NO3jFfTRBd.GYCKogMnf2czHuBK"
    },
    {
      "texture": {
        "src": "fa_battlemaps/Maps/2022/December/fa_wec-temple/Tiles/preistdoorlight.webp",
        "scaleX": 1,
        "scaleY": 1,
        "offsetX": 0,
        "offsetY": 0,
        "rotation": 0,
        "tint": "#ffffff",
        "anchorX": 0.5,
        "anchorY": 0.5,
        "fit": "fill",
        "alphaThreshold": 0.75
      },
      "width": 300,
      "height": 300,
      "_id": "sD4hy5xAEYWRPT6k",
      "rotation": 0,
      "alpha": 0,
      "hidden": false,
      "locked": true,
      "occlusion": {
        "mode": 0,
        "alpha": 1
      },
      "video": {
        "loop": true,
        "autoplay": true,
        "volume": 0
      },
      "flags": {
        "tagger": {
          "tags": [
            "PriestRoomDoor"
          ]
        },
        "monks-active-tiles": {
          "active": true,
          "record": false,
          "restriction": "all",
          "controlled": "all",
          "trigger": [
            "",
            "manual"
          ],
          "allowpaused": false,
          "usealpha": false,
          "pointer": false,
          "pertoken": false,
          "minrequired": 0,
          "chance": 100,
          "fileindex": 1,
          "actions": [
            {
              "action": "alter",
              "data": {
                "entity": {
                  "id": "tagger:priestdoorwall",
                  "match": "all",
                  "scene": "_active",
                  "name": "<i class=\"fas fa-tag fa-sm\"></i> priestdoorwall"
                },
                "attribute": "move",
                "value": "={{entity.move}} == 0 ? 20 : 0",
                "chatMessage": false,
                "rollmode": "roll"
              },
              "id": "mKJ7mVYeRHBiukbR"
            },
            {
              "action": "alter",
              "data": {
                "entity": {
                  "id": "tagger:priestdoorwall",
                  "match": "all",
                  "scene": "_active",
                  "name": "<i class=\"fas fa-tag fa-sm\"></i> priestdoorwall"
                },
                "attribute": "sight",
                "value": "={{entity.sight}} == 0 ? 20 : 0",
                "chatMessage": false,
                "rollmode": "roll"
              },
              "id": "RcBOFDQMB9oJN2xW"
            },
            {
              "action": "alter",
              "data": {
                "entity": {
                  "id": "tagger:priestdoorwall",
                  "match": "all",
                  "scene": "_active",
                  "name": "<i class=\"fas fa-tag fa-sm\"></i> priestdoorwall"
                },
                "attribute": "light",
                "value": "={{entity.light}} == 0 ? 20 : 0",
                "chatMessage": false,
                "rollmode": "roll"
              },
              "id": "ac7y6AFM3vU0Vs0U"
            },
            {
              "action": "alter",
              "data": {
                "entity": {
                  "id": "tile",
                  "name": "This Tile"
                },
                "attribute": "alpha",
                "value": "={{entity.alpha}} == 0 ? 1 : 0",
                "chatMessage": false,
                "rollmode": "roll"
              },
              "id": "66qx0pLMS1ZV46Af"
            }
          ],
          "files": [
            {
              "id": "S8EurFoF2w3m7T3n",
              "name": "fa_battlemaps/Maps/2022/December/fa_wec-temple/Tiles/priestdoor.webp",
              "selected": false
            },
            {
              "id": "BM8a8DrtUyHYcB97",
              "name": "fa_battlemaps/Maps/2022/December/fa_wec-temple/Tiles/preistdoorlight.webp",
              "selected": true
            }
          ],
          "name": "",
          "vision": false,
          "cooldown": null
        }
      },
      "x": 2000,
      "y": 1100,
      "sort": 6,
      "restrictions": {
        "light": false,
        "weather": false
      },
      "elevation": 0,
      "_key": "!scenes.tiles!OWVjH4NO3jFfTRBd.sD4hy5xAEYWRPT6k"
    },
    {
      "texture": {
        "src": "fa_battlemaps/Maps/2022/December/fa_waveechocave/Tiles/templedoorleft.webp",
        "scaleX": 1,
        "scaleY": 1,
        "offsetX": 0,
        "offsetY": 0,
        "rotation": 0,
        "tint": "#ffffff",
        "anchorX": 0.5,
        "anchorY": 0.5,
        "fit": "fill",
        "alphaThreshold": 0.75
      },
      "width": 200,
      "height": 300,
      "_id": "VvQKDUtpitvBhkjX",
      "rotation": 0,
      "alpha": 0,
      "hidden": false,
      "locked": true,
      "occlusion": {
        "mode": 0,
        "alpha": 1
      },
      "video": {
        "loop": true,
        "autoplay": true,
        "volume": 0
      },
      "flags": {
        "tagger": {
          "tags": [
            "TempleDoorLeft"
          ]
        },
        "monks-active-tiles": {
          "active": true,
          "record": false,
          "restriction": "all",
          "controlled": "all",
          "trigger": [
            "manual"
          ],
          "allowpaused": false,
          "usealpha": false,
          "pointer": false,
          "pertoken": false,
          "minrequired": 0,
          "chance": 100,
          "fileindex": 0,
          "actions": [
            {
              "action": "alter",
              "data": {
                "entity": {
                  "id": "tile",
                  "name": "This Tile"
                },
                "attribute": "alpha",
                "value": "={{entity.alpha}} == 0 ? 1 : 0",
                "chatMessage": false,
                "rollmode": "roll"
              },
              "id": "ibmAsnhIb4lTocVl"
            },
            {
              "action": "alter",
              "data": {
                "entity": {
                  "id": "tagger:templedoorleftwall",
                  "match": "all",
                  "scene": "_active",
                  "name": "<i class=\"fas fa-tag fa-sm\"></i> templedoorleftwall"
                },
                "attribute": "move",
                "value": "={{entity.move}} == 0 ? 20 : 0",
                "chatMessage": false,
                "rollmode": "roll"
              },
              "id": "IM6dOCvnZTmswq0s"
            },
            {
              "action": "alter",
              "data": {
                "entity": {
                  "id": "tagger:templedoorleftwall",
                  "match": "all",
                  "scene": "_active",
                  "name": "<i class=\"fas fa-tag fa-sm\"></i> templedoorleftwall"
                },
                "attribute": "sight",
                "value": "={{entity.sight}} == 0 ? 20 : 0",
                "chatMessage": false,
                "rollmode": "roll"
              },
              "id": "FkljF3vl2yTVIKuv"
            },
            {
              "action": "alter",
              "data": {
                "entity": {
                  "id": "tagger:templedoorleftwall",
                  "match": "all",
                  "scene": "_active",
                  "name": "<i class=\"fas fa-tag fa-sm\"></i> templedoorleftwall"
                },
                "attribute": "light",
                "value": "={{entity.light}} == 0 ? 20 : 0",
                "chatMessage": false,
                "rollmode": "roll"
              },
              "id": "rHcvOgzUEaKzRji3"
            }
          ],
          "files": [
            {
              "id": "8wRmxnuyvoMaEkjn",
              "name": "fa_battlemaps/Maps/2022/December/fa_waveechocave/Tiles/templedoorleft.webp",
              "selected": true
            }
          ],
          "name": "",
          "vision": false,
          "cooldown": null
        }
      },
      "x": 1200,
      "y": 1700,
      "sort": 8,
      "restrictions": {
        "light": false,
        "weather": false
      },
      "elevation": 0,
      "_key": "!scenes.tiles!OWVjH4NO3jFfTRBd.VvQKDUtpitvBhkjX"
    },
    {
      "texture": {
        "src": "fa_battlemaps/Maps/2022/December/fa_waveechocave/Tiles/templedoorright.webp",
        "scaleX": 1,
        "scaleY": 1,
        "offsetX": 0,
        "offsetY": 0,
        "rotation": 0,
        "tint": "#ffffff",
        "anchorX": 0.5,
        "anchorY": 0.5,
        "fit": "fill",
        "alphaThreshold": 0.75
      },
      "width": 100,
      "height": 300,
      "_id": "0YgX8dSQ6yGtUVHT",
      "rotation": 0,
      "alpha": 0,
      "hidden": false,
      "locked": true,
      "occlusion": {
        "mode": 0,
        "alpha": 1
      },
      "video": {
        "loop": true,
        "autoplay": true,
        "volume": 0
      },
      "flags": {
        "tagger": {
          "tags": [
            "TempleDoorRight"
          ]
        },
        "monks-active-tiles": {
          "active": true,
          "record": false,
          "restriction": "all",
          "controlled": "all",
          "trigger": [
            "",
            "manual"
          ],
          "allowpaused": false,
          "usealpha": false,
          "pointer": false,
          "pertoken": false,
          "minrequired": 0,
          "chance": 100,
          "fileindex": 0,
          "actions": [
            {
              "action": "alter",
              "data": {
                "entity": {
                  "id": "tile",
                  "name": "This Tile"
                },
                "attribute": "alpha",
                "value": "={{entity.alpha}} == 0 ? 1 : 0",
                "chatMessage": false,
                "rollmode": "roll"
              },
              "id": "D94hz1TM1cfSTeIr"
            },
            {
              "action": "alter",
              "data": {
                "entity": {
                  "id": "tagger:templedoorrightwall",
                  "match": "all",
                  "scene": "_active",
                  "name": "<i class=\"fas fa-tag fa-sm\"></i> templedoorrightwall"
                },
                "attribute": "move",
                "value": "={{entity.move}} == 0 ? 20 : 0",
                "chatMessage": false,
                "rollmode": "roll"
              },
              "id": "yh4dh7xdLX6q6yKK"
            },
            {
              "action": "alter",
              "data": {
                "entity": {
                  "id": "tagger:templedoorrightwall",
                  "match": "all",
                  "scene": "_active",
                  "name": "<i class=\"fas fa-tag fa-sm\"></i> templedoorrightwall"
                },
                "attribute": "sight",
                "value": "={{entity.sight}} == 0 ? 20 : 0",
                "chatMessage": false,
                "rollmode": "roll"
              },
              "id": "yf5XApyVBKm7zbZD"
            },
            {
              "action": "alter",
              "data": {
                "entity": {
                  "id": "tagger:templedoorrightwall",
                  "match": "all",
                  "scene": "_active",
                  "name": "<i class=\"fas fa-tag fa-sm\"></i> templedoorrightwall"
                },
                "attribute": "light",
                "value": "={{entity.light}} == 0 ? 20 : 0",
                "chatMessage": false,
                "rollmode": "roll"
              },
              "id": "1z6YROhY4JDf02tM"
            }
          ],
          "files": [
            {
              "id": "8Bzml2WXgOnh4MAL",
              "name": "fa_battlemaps/Maps/2022/December/fa_waveechocave/Tiles/templedoorright.webp",
              "selected": true
            }
          ],
          "name": "",
          "vision": false,
          "cooldown": null
        }
      },
      "x": 1400,
      "y": 1700,
      "sort": 7,
      "restrictions": {
        "light": false,
        "weather": false
      },
      "elevation": 0,
      "_key": "!scenes.tiles!OWVjH4NO3jFfTRBd.0YgX8dSQ6yGtUVHT"
    },
    {
      "texture": {
        "src": "fa_battlemaps/Maps/2022/December/fa_wec-temple/Tiles/Room19_CorridorWebOverlay_11x4.webp",
        "scaleX": 1,
        "scaleY": 1,
        "offsetX": 0,
        "offsetY": 0,
        "rotation": 0,
        "tint": "#ffffff",
        "anchorX": 0.5,
        "anchorY": 0.5,
        "fit": "fill",
        "alphaThreshold": 0.75
      },
      "x": 900,
      "y": 1900,
      "width": 1100,
      "height": 400,
      "_id": "bpi2xv4wPdFWCUwQ",
      "rotation": 0,
      "alpha": 1,
      "hidden": false,
      "locked": true,
      "occlusion": {
        "mode": 0,
        "alpha": 1
      },
      "video": {
        "loop": true,
        "autoplay": true,
        "volume": 0
      },
      "flags": {
        "monks-active-tiles": {
          "name": "",
          "active": true,
          "record": false,
          "restriction": "all",
          "controlled": "all",
          "trigger": [
            "enter"
          ],
          "allowpaused": false,
          "usealpha": false,
          "pointer": false,
          "vision": true,
          "pertoken": false,
          "minrequired": 0,
          "cooldown": null,
          "chance": 100,
          "fileindex": -1,
          "actions": [],
          "files": []
        },
        "tagger": {}
      },
      "elevation": 20,
      "sort": 100,
      "restrictions": {
        "light": false,
        "weather": false
      },
      "_key": "!scenes.tiles!OWVjH4NO3jFfTRBd.bpi2xv4wPdFWCUwQ"
    },
    {
      "texture": {
        "src": "fa_battlemaps/Maps/2022/December/fa_wec-temple/Tiles/Room20_CorridorWebOverlay_4x2.webp",
        "scaleX": 1,
        "scaleY": 1,
        "offsetX": 0,
        "offsetY": 0,
        "rotation": 0,
        "tint": "#ffffff",
        "anchorX": 0.5,
        "anchorY": 0.5,
        "fit": "fill",
        "alphaThreshold": 0.75
      },
      "x": 1900,
      "y": 1300,
      "width": 400,
      "height": 200,
      "_id": "cvLMBYKuKK9Tzd9M",
      "rotation": 0,
      "alpha": 1,
      "hidden": false,
      "locked": true,
      "occlusion": {
        "mode": 0,
        "alpha": 1
      },
      "video": {
        "loop": true,
        "autoplay": true,
        "volume": 0
      },
      "flags": {
        "monks-active-tiles": {
          "name": "",
          "active": true,
          "record": false,
          "restriction": "all",
          "controlled": "all",
          "trigger": [
            "enter"
          ],
          "allowpaused": false,
          "usealpha": false,
          "pointer": false,
          "vision": true,
          "pertoken": false,
          "minrequired": 0,
          "cooldown": null,
          "chance": 100,
          "fileindex": -1,
          "actions": [],
          "files": []
        },
        "tagger": {}
      },
      "elevation": 20,
      "sort": 100,
      "restrictions": {
        "light": false,
        "weather": false
      },
      "_key": "!scenes.tiles!OWVjH4NO3jFfTRBd.cvLMBYKuKK9Tzd9M"
    },
    {
      "texture": {
        "src": "modules/fa-battlemaps/images/Swing_Indicator_A1_White_1x1.png",
        "scaleX": -1,
        "scaleY": 1,
        "offsetX": 0,
        "offsetY": 0,
        "rotation": 0,
        "tint": "#ffffff",
        "anchorX": 0.5,
        "anchorY": 0.5,
        "fit": "fill",
        "alphaThreshold": 0.75
      },
      "x": 2100,
      "y": 1200,
      "width": 100,
      "height": 100,
      "_id": "rqGMbD7bdhdhlUlm",
      "rotation": 180,
      "alpha": 1,
      "hidden": true,
      "locked": true,
      "occlusion": {
        "mode": 0,
        "alpha": 1
      },
      "video": {
        "loop": true,
        "autoplay": true,
        "volume": 0
      },
      "flags": {
        "tagger": {
          "tags": ""
        },
        "monks-active-tiles": {
          "active": true,
          "record": false,
          "restriction": "all",
          "controlled": "gm",
          "trigger": [
            "dblclick"
          ],
          "allowpaused": false,
          "usealpha": false,
          "pointer": false,
          "pertoken": false,
          "minrequired": 0,
          "chance": 100,
          "fileindex": -1,
          "actions": [],
          "files": []
        }
      },
      "sort": 10,
      "restrictions": {
        "light": false,
        "weather": false
      },
      "elevation": 0,
      "_key": "!scenes.tiles!OWVjH4NO3jFfTRBd.rqGMbD7bdhdhlUlm"
    },
    {
      "texture": {
        "src": "modules/fa-battlemaps/images/Door_Swing_Indicator_Double_2x2.png",
        "scaleX": 1,
        "scaleY": 1,
        "offsetX": 0,
        "offsetY": 0,
        "rotation": 0,
        "tint": "#ffffff",
        "anchorX": 0.5,
        "anchorY": 0.5,
        "fit": "fill",
        "alphaThreshold": 0.75
      },
      "x": 1300,
      "y": 1800,
      "width": 200,
      "height": 200,
      "_id": "0PRfV98oFSEQ3u9D",
      "rotation": 180,
      "alpha": 1,
      "hidden": true,
      "locked": true,
      "occlusion": {
        "mode": 0,
        "alpha": 1
      },
      "video": {
        "loop": true,
        "autoplay": true,
        "volume": 0
      },
      "flags": {},
      "sort": 9,
      "restrictions": {
        "light": false,
        "weather": false
      },
      "elevation": 0,
      "_key": "!scenes.tiles!OWVjH4NO3jFfTRBd.0PRfV98oFSEQ3u9D"
    },
    {
      "texture": {
        "src": "fa_battlemaps/Animations/Fire_Brazier_A1_01.webm",
        "scaleX": 1,
        "scaleY": 1,
        "offsetX": 0,
        "offsetY": 0,
        "rotation": 0,
        "tint": "#ffffff",
        "anchorX": 0.5,
        "anchorY": 0.5,
        "fit": "fill",
        "alphaThreshold": 0.75
      },
      "width": 100,
      "height": 100,
      "_id": "uh1xusmB0F5ppjrX",
      "rotation": 0,
      "alpha": 1,
      "hidden": false,
      "locked": true,
      "occlusion": {
        "mode": 0,
        "alpha": 1
      },
      "video": {
        "loop": true,
        "autoplay": true,
        "volume": 0
      },
      "flags": {
        "tagger": {
          "tags": [
            "animation",
            "templel"
          ]
        },
        "monks-active-tiles": {
          "active": false,
          "record": false,
          "restriction": "all",
          "controlled": "gm",
          "trigger": [
            ""
          ],
          "allowpaused": false,
          "usealpha": false,
          "pointer": false,
          "pertoken": false,
          "minrequired": 0,
          "chance": 100,
          "fileindex": 0,
          "actions": [],
          "files": [
            {
              "id": "nIqJ557MxaDNkchm",
              "name": "fa_battlemaps/Animations/Fire_Brazier_A1_01.webm",
              "selected": true
            },
            {
              "id": "siydlVY8vsBHFjIl",
              "name": "modules/fa-battlemaps/images/Transparent.webp",
              "selected": false
            }
          ]
        }
      },
      "x": 1350,
      "y": 1336,
      "sort": 12,
      "restrictions": {
        "light": false,
        "weather": false
      },
      "elevation": 0,
      "_key": "!scenes.tiles!OWVjH4NO3jFfTRBd.uh1xusmB0F5ppjrX"
    },
    {
      "texture": {
        "src": "fa_battlemaps/Animations/Fire_Brazier_A1_01.webm",
        "scaleX": 1,
        "scaleY": 1,
        "offsetX": 0,
        "offsetY": 0,
        "rotation": 0,
        "tint": "#ffffff",
        "anchorX": 0.5,
        "anchorY": 0.5,
        "fit": "fill",
        "alphaThreshold": 0.75
      },
      "width": 100,
      "height": 100,
      "_id": "qSy251yZB59XYHFs",
      "rotation": 0,
      "alpha": 1,
      "hidden": false,
      "locked": true,
      "occlusion": {
        "mode": 0,
        "alpha": 1
      },
      "video": {
        "loop": true,
        "autoplay": true,
        "volume": 0
      },
      "flags": {
        "tagger": {
          "tags": [
            "animation",
            "preistl"
          ]
        },
        "monks-active-tiles": {
          "active": false,
          "record": false,
          "restriction": "all",
          "controlled": "gm",
          "trigger": [
            ""
          ],
          "allowpaused": false,
          "usealpha": false,
          "pointer": false,
          "pertoken": false,
          "minrequired": 0,
          "chance": 100,
          "fileindex": 0,
          "actions": [],
          "files": [
            {
              "id": "nIqJ557MxaDNkchm",
              "name": "fa_battlemaps/Animations/Fire_Brazier_A1_01.webm",
              "selected": true
            },
            {
              "id": "siydlVY8vsBHFjIl",
              "name": "modules/fa-battlemaps/images/Transparent.webp",
              "selected": false
            }
          ]
        }
      },
      "x": 2099,
      "y": 1041,
      "sort": 11,
      "restrictions": {
        "light": false,
        "weather": false
      },
      "elevation": 0,
      "_key": "!scenes.tiles!OWVjH4NO3jFfTRBd.qSy251yZB59XYHFs"
    },
    {
      "texture": {
        "src": "modules/fa-battlemaps/images/SmallScroll.png",
        "scaleX": 1,
        "scaleY": 1,
        "offsetX": 0,
        "offsetY": 0,
        "rotation": 0,
        "tint": "#ffffff",
        "anchorX": 0.5,
        "anchorY": 0.5,
        "fit": "fill",
        "alphaThreshold": 0.75
      },
      "width": 300,
      "height": 100,
      "_id": "eefxPA7pn8QFaKVy",
      "rotation": 0,
      "alpha": 1,
      "hidden": false,
      "locked": true,
      "occlusion": {
        "mode": 0,
        "alpha": 1
      },
      "video": {
        "loop": true,
        "autoplay": true,
        "volume": 0
      },
      "flags": {},
      "x": 2800,
      "y": 600,
      "sort": 1,
      "restrictions": {
        "light": false,
        "weather": false
      },
      "elevation": 0,
      "_key": "!scenes.tiles!OWVjH4NO3jFfTRBd.eefxPA7pn8QFaKVy"
    },
    {
      "texture": {
        "src": "modules/fa-battlemaps/images/AnimationsText.png",
        "scaleX": 1,
        "scaleY": 1,
        "offsetX": 0,
        "offsetY": 0,
        "rotation": 0,
        "tint": "#890101",
        "anchorX": 0.5,
        "anchorY": 0.5,
        "fit": "fill",
        "alphaThreshold": 0.75
      },
      "width": 300,
      "height": 50,
      "_id": "foReASqKg0AhL32W",
      "rotation": 0,
      "alpha": 1,
      "hidden": false,
      "locked": true,
      "occlusion": {
        "mode": 0,
        "alpha": 1
      },
      "video": {
        "loop": true,
        "autoplay": true,
        "volume": 0
      },
      "flags": {
        "tagger": {},
        "monks-active-tiles": {
          "active": true,
          "record": false,
          "restriction": "all",
          "controlled": "gm",
          "trigger": [
            "dblclick"
          ],
          "allowpaused": false,
          "usealpha": false,
          "pointer": false,
          "pertoken": false,
          "minrequired": 0,
          "chance": 100,
          "fileindex": 0,
          "actions": [
            {
              "action": "alter",
              "data": {
                "entity": {
                  "id": "tile",
                  "name": "This Tile"
                },
                "attribute": "texture.tint",
                "value": "='{{entity.texture.tint}}' == '#000000' ? '#890101' : '#000000'",
                "chatMessage": false,
                "rollmode": "roll"
              },
              "id": "fvLp0ljjW6MzvkyP"
            },
            {
              "action": "tileimage",
              "data": {
                "entity": {
                  "id": "tagger:animation",
                  "match": "all",
                  "scene": "_active",
                  "name": "<i class=\"fas fa-tag fa-sm\"></i> animation"
                },
                "select": "next",
                "transition": "none",
                "speed": 1,
                "loop": 1
              },
              "id": "E1mIlGeoHkKxFNyu"
            },
            {
              "action": "playanimation",
              "data": {
                "entity": {
                  "id": "tagger:animation",
                  "match": "all",
                  "scene": "_active",
                  "name": "<i class=\"fas fa-tag fa-sm\"></i> animation"
                },
                "play": "start",
                "animatefor": "all"
              },
              "id": "XCIeetk0uQ77qyxJ"
            }
          ],
          "files": []
        }
      },
      "x": 2800,
      "y": 620,
      "sort": 2,
      "restrictions": {
        "light": false,
        "weather": false
      },
      "elevation": 0,
      "_key": "!scenes.tiles!OWVjH4NO3jFfTRBd.foReASqKg0AhL32W"
    }
  ],
  "walls": [
    {
      "_id": "BJss8A6Sg72gCgJN",
      "c": [
        2300,
        2400,
        2300,
        2300
      ],
      "light": 20,
      "move": 20,
      "sight": 20,
      "sound": 20,
      "dir": 0,
      "door": 0,
      "ds": 0,
      "flags": {},
      "threshold": {
        "light": null,
        "sight": null,
        "sound": null,
        "attenuation": false
      },
      "_key": "!scenes.walls!OWVjH4NO3jFfTRBd.BJss8A6Sg72gCgJN"
    },
    {
      "_id": "1mhaDsg7B04caBvO",
      "c": [
        2300,
        2300,
        925,
        2312
      ],
      "light": 20,
      "move": 20,
      "sight": 20,
      "sound": 20,
      "dir": 0,
      "door": 0,
      "ds": 0,
      "flags": {},
      "threshold": {
        "light": null,
        "sight": null,
        "sound": null,
        "attenuation": false
      },
      "_key": "!scenes.walls!OWVjH4NO3jFfTRBd.1mhaDsg7B04caBvO"
    },
    {
      "_id": "RDrpF3ypfk16FXcH",
      "c": [
        925,
        2312,
        862,
        2287
      ],
      "light": 20,
      "move": 20,
      "sight": 20,
      "sound": 20,
      "dir": 0,
      "door": 0,
      "ds": 0,
      "flags": {},
      "threshold": {
        "light": null,
        "sight": null,
        "sound": null,
        "attenuation": false
      },
      "_key": "!scenes.walls!OWVjH4NO3jFfTRBd.RDrpF3ypfk16FXcH"
    },
    {
      "_id": "ooJSOBw04dm1iq5F",
      "c": [
        862,
        2287,
        775,
        2137
      ],
      "light": 20,
      "move": 20,
      "sight": 20,
      "sound": 20,
      "dir": 0,
      "door": 0,
      "ds": 0,
      "flags": {},
      "threshold": {
        "light": null,
        "sight": null,
        "sound": null,
        "attenuation": false
      },
      "_key": "!scenes.walls!OWVjH4NO3jFfTRBd.ooJSOBw04dm1iq5F"
    },
    {
      "_id": "9TDp9rfPItJMLh4h",
      "c": [
        775,
        2137,
        800,
        2100
      ],
      "light": 20,
      "move": 20,
      "sight": 20,
      "sound": 20,
      "dir": 0,
      "door": 0,
      "ds": 0,
      "flags": {},
      "threshold": {
        "light": null,
        "sight": null,
        "sound": null,
        "attenuation": false
      },
      "_key": "!scenes.walls!OWVjH4NO3jFfTRBd.9TDp9rfPItJMLh4h"
    },
    {
      "_id": "CLhvJPEYJVnixTUX",
      "c": [
        800,
        2100,
        875,
        2087
      ],
      "light": 20,
      "move": 20,
      "sight": 20,
      "sound": 20,
      "dir": 0,
      "door": 0,
      "ds": 0,
      "flags": {},
      "threshold": {
        "light": null,
        "sight": null,
        "sound": null,
        "attenuation": false
      },
      "_key": "!scenes.walls!OWVjH4NO3jFfTRBd.CLhvJPEYJVnixTUX"
    },
    {
      "_id": "rOOQBNXlFf1POQpe",
      "c": [
        875,
        2087,
        1287,
        2100
      ],
      "light": 20,
      "move": 20,
      "sight": 20,
      "sound": 20,
      "dir": 0,
      "door": 0,
      "ds": 0,
      "flags": {},
      "threshold": {
        "light": null,
        "sight": null,
        "sound": null,
        "attenuation": false
      },
      "_key": "!scenes.walls!OWVjH4NO3jFfTRBd.rOOQBNXlFf1POQpe"
    },
    {
      "_id": "hNbuivWNRRoeJ2tR",
      "c": [
        1287,
        2100,
        1287,
        1900
      ],
      "light": 20,
      "move": 20,
      "sight": 20,
      "sound": 20,
      "dir": 0,
      "door": 0,
      "ds": 0,
      "flags": {},
      "threshold": {
        "light": null,
        "sight": null,
        "sound": null,
        "attenuation": false
      },
      "_key": "!scenes.walls!OWVjH4NO3jFfTRBd.hNbuivWNRRoeJ2tR"
    },
    {
      "_id": "59fsFskRzm0HbAe7",
      "c": [
        1287,
        1900,
        900,
        1900
      ],
      "light": 20,
      "move": 20,
      "sight": 20,
      "sound": 20,
      "dir": 0,
      "door": 0,
      "ds": 0,
      "flags": {},
      "threshold": {
        "light": null,
        "sight": null,
        "sound": null,
        "attenuation": false
      },
      "_key": "!scenes.walls!OWVjH4NO3jFfTRBd.59fsFskRzm0HbAe7"
    },
    {
      "_id": "mn2xwqfJ8oMa1d9f",
      "c": [
        900,
        1900,
        900,
        700
      ],
      "light": 20,
      "move": 20,
      "sight": 20,
      "sound": 20,
      "dir": 0,
      "door": 0,
      "ds": 0,
      "flags": {},
      "threshold": {
        "light": null,
        "sight": null,
        "sound": null,
        "attenuation": false
      },
      "_key": "!scenes.walls!OWVjH4NO3jFfTRBd.mn2xwqfJ8oMa1d9f"
    },
    {
      "_id": "vKW4Izmq1HgCYiKc",
      "c": [
        900,
        700,
        1900,
        700
      ],
      "light": 20,
      "move": 20,
      "sight": 20,
      "sound": 20,
      "dir": 0,
      "door": 0,
      "ds": 0,
      "flags": {},
      "threshold": {
        "light": null,
        "sight": null,
        "sound": null,
        "attenuation": false
      },
      "_key": "!scenes.walls!OWVjH4NO3jFfTRBd.vKW4Izmq1HgCYiKc"
    },
    {
      "_id": "ujMzhlNdiVU7qsdC",
      "c": [
        1900,
        700,
        2300,
        700
      ],
      "light": 20,
      "move": 20,
      "sight": 20,
      "sound": 20,
      "dir": 0,
      "door": 0,
      "ds": 0,
      "flags": {},
      "threshold": {
        "light": null,
        "sight": null,
        "sound": null,
        "attenuation": false
      },
      "_key": "!scenes.walls!OWVjH4NO3jFfTRBd.ujMzhlNdiVU7qsdC"
    },
    {
      "_id": "TX8KYgCKMsWwYVCn",
      "c": [
        2300,
        700,
        2300,
        900
      ],
      "light": 20,
      "move": 20,
      "sight": 20,
      "sound": 20,
      "dir": 0,
      "door": 0,
      "ds": 0,
      "flags": {},
      "threshold": {
        "light": null,
        "sight": null,
        "sound": null,
        "attenuation": false
      },
      "_key": "!scenes.walls!OWVjH4NO3jFfTRBd.TX8KYgCKMsWwYVCn"
    },
    {
      "_id": "9I4eU2wZJB3UenEa",
      "c": [
        2300,
        900,
        2500,
        900
      ],
      "light": 20,
      "move": 20,
      "sight": 20,
      "sound": 20,
      "dir": 0,
      "door": 0,
      "ds": 0,
      "flags": {},
      "threshold": {
        "light": null,
        "sight": null,
        "sound": null,
        "attenuation": false
      },
      "_key": "!scenes.walls!OWVjH4NO3jFfTRBd.9I4eU2wZJB3UenEa"
    },
    {
      "_id": "4mqm7L7t6W5AqGfS",
      "c": [
        2500,
        900,
        2500,
        1100
      ],
      "light": 20,
      "move": 20,
      "sight": 20,
      "sound": 20,
      "dir": 0,
      "door": 0,
      "ds": 0,
      "flags": {},
      "threshold": {
        "light": null,
        "sight": null,
        "sound": null,
        "attenuation": false
      },
      "_key": "!scenes.walls!OWVjH4NO3jFfTRBd.4mqm7L7t6W5AqGfS"
    },
    {
      "_id": "rWKGUqxquA1nTxjS",
      "c": [
        2500,
        1100,
        2500,
        1300
      ],
      "light": 20,
      "move": 20,
      "sight": 20,
      "sound": 20,
      "dir": 0,
      "door": 0,
      "ds": 0,
      "flags": {},
      "threshold": {
        "light": null,
        "sight": null,
        "sound": null,
        "attenuation": false
      },
      "_key": "!scenes.walls!OWVjH4NO3jFfTRBd.rWKGUqxquA1nTxjS"
    },
    {
      "_id": "Zb5CovArXVL8FRYo",
      "c": [
        2500,
        1300,
        2200,
        1300
      ],
      "light": 20,
      "move": 20,
      "sight": 20,
      "sound": 20,
      "dir": 0,
      "door": 0,
      "ds": 0,
      "flags": {},
      "threshold": {
        "light": null,
        "sight": null,
        "sound": null,
        "attenuation": false
      },
      "_key": "!scenes.walls!OWVjH4NO3jFfTRBd.Zb5CovArXVL8FRYo"
    },
    {
      "_id": "66zH6iV4jXcjudmg",
      "c": [
        2200,
        1300,
        2100,
        1300
      ],
      "light": 20,
      "move": 20,
      "sight": 20,
      "sound": 20,
      "dir": 0,
      "door": 1,
      "ds": 0,
      "flags": {
        "tagger": {
          "tags": ""
        },
        "monks-active-tiles": {
          "entity": {
            "id": "Scene.OWVjH4NO3jFfTRBd.Tile.sD4hy5xAEYWRPT6k",
            "name": "Tile: sD4hy5xAEYWRPT6k"
          },
          "open": true,
          "close": true,
          "lock": false,
          "checklock": false,
          "secret": false
        }
      },
      "threshold": {
        "light": null,
        "sight": null,
        "sound": null,
        "attenuation": false
      },
      "doorSound": "stoneBasic",
      "_key": "!scenes.walls!OWVjH4NO3jFfTRBd.66zH6iV4jXcjudmg"
    },
    {
      "_id": "q8nrzoMZcNPXIjGy",
      "c": [
        2100,
        1300,
        1900,
        1300
      ],
      "light": 20,
      "move": 20,
      "sight": 20,
      "sound": 20,
      "dir": 0,
      "door": 0,
      "ds": 0,
      "flags": {},
      "threshold": {
        "light": null,
        "sight": null,
        "sound": null,
        "attenuation": false
      },
      "_key": "!scenes.walls!OWVjH4NO3jFfTRBd.q8nrzoMZcNPXIjGy"
    },
    {
      "_id": "9Yq7ENt3M560JtSX",
      "c": [
        1900,
        1300,
        1900,
        700
      ],
      "light": 20,
      "move": 20,
      "sight": 20,
      "sound": 20,
      "dir": 0,
      "door": 0,
      "ds": 0,
      "flags": {},
      "threshold": {
        "light": null,
        "sight": null,
        "sound": null,
        "attenuation": false
      },
      "_key": "!scenes.walls!OWVjH4NO3jFfTRBd.9Yq7ENt3M560JtSX"
    },
    {
      "_id": "NemBE0vwmkT7BVJp",
      "c": [
        2500,
        1100,
        2800,
        1100
      ],
      "light": 20,
      "move": 20,
      "sight": 20,
      "sound": 20,
      "dir": 0,
      "door": 0,
      "ds": 0,
      "flags": {},
      "threshold": {
        "light": null,
        "sight": null,
        "sound": null,
        "attenuation": false
      },
      "_key": "!scenes.walls!OWVjH4NO3jFfTRBd.NemBE0vwmkT7BVJp"
    },
    {
      "_id": "FIy7XhWx4Nu3RC3b",
      "c": [
        2800,
        1300,
        2700,
        1300
      ],
      "light": 20,
      "move": 20,
      "sight": 20,
      "sound": 20,
      "dir": 0,
      "door": 0,
      "ds": 0,
      "flags": {},
      "threshold": {
        "light": null,
        "sight": null,
        "sound": null,
        "attenuation": false
      },
      "_key": "!scenes.walls!OWVjH4NO3jFfTRBd.FIy7XhWx4Nu3RC3b"
    },
    {
      "_id": "DaNRQ7bADIukZ1vk",
      "c": [
        2700,
        1300,
        2700,
        1500
      ],
      "light": 20,
      "move": 20,
      "sight": 20,
      "sound": 20,
      "dir": 0,
      "door": 0,
      "ds": 0,
      "flags": {},
      "threshold": {
        "light": null,
        "sight": null,
        "sound": null,
        "attenuation": false
      },
      "_key": "!scenes.walls!OWVjH4NO3jFfTRBd.DaNRQ7bADIukZ1vk"
    },
    {
      "_id": "KxvgG4b5d1Ms7kgW",
      "c": [
        2700,
        1500,
        1900,
        1500
      ],
      "light": 20,
      "move": 20,
      "sight": 20,
      "sound": 20,
      "dir": 0,
      "door": 0,
      "ds": 0,
      "flags": {},
      "threshold": {
        "light": null,
        "sight": null,
        "sound": null,
        "attenuation": false
      },
      "_key": "!scenes.walls!OWVjH4NO3jFfTRBd.KxvgG4b5d1Ms7kgW"
    },
    {
      "_id": "Ki7z2PQYIRwVeW3k",
      "c": [
        1900,
        1500,
        1900,
        1900
      ],
      "light": 20,
      "move": 20,
      "sight": 20,
      "sound": 20,
      "dir": 0,
      "door": 0,
      "ds": 0,
      "flags": {},
      "threshold": {
        "light": null,
        "sight": null,
        "sound": null,
        "attenuation": false
      },
      "_key": "!scenes.walls!OWVjH4NO3jFfTRBd.Ki7z2PQYIRwVeW3k"
    },
    {
      "_id": "GW4rKGAM51a3FQoL",
      "c": [
        1900,
        1900,
        1512,
        1900
      ],
      "light": 20,
      "move": 20,
      "sight": 20,
      "sound": 20,
      "dir": 0,
      "door": 0,
      "ds": 0,
      "flags": {},
      "threshold": {
        "light": null,
        "sight": null,
        "sound": null,
        "attenuation": false
      },
      "_key": "!scenes.walls!OWVjH4NO3jFfTRBd.GW4rKGAM51a3FQoL"
    },
    {
      "_id": "80R6NRzEXGJpFX75",
      "c": [
        1512,
        1900,
        1500,
        1900
      ],
      "light": 20,
      "move": 20,
      "sight": 20,
      "sound": 20,
      "dir": 0,
      "door": 0,
      "ds": 0,
      "flags": {},
      "threshold": {
        "light": null,
        "sight": null,
        "sound": null,
        "attenuation": false
      },
      "_key": "!scenes.walls!OWVjH4NO3jFfTRBd.80R6NRzEXGJpFX75"
    },
    {
      "_id": "ImxFDQ3Aa7fYlzQz",
      "c": [
        1512,
        1900,
        1512,
        2100
      ],
      "light": 20,
      "move": 20,
      "sight": 20,
      "sound": 20,
      "dir": 0,
      "door": 0,
      "ds": 0,
      "flags": {},
      "threshold": {
        "light": null,
        "sight": null,
        "sound": null,
        "attenuation": false
      },
      "_key": "!scenes.walls!OWVjH4NO3jFfTRBd.ImxFDQ3Aa7fYlzQz"
    },
    {
      "_id": "B9NR9Ba8MxV9dsP7",
      "c": [
        1512,
        2100,
        2800,
        2100
      ],
      "light": 20,
      "move": 20,
      "sight": 20,
      "sound": 20,
      "dir": 0,
      "door": 0,
      "ds": 0,
      "flags": {},
      "threshold": {
        "light": null,
        "sight": null,
        "sound": null,
        "attenuation": false
      },
      "_key": "!scenes.walls!OWVjH4NO3jFfTRBd.B9NR9Ba8MxV9dsP7"
    },
    {
      "_id": "9oK3bFOC1Uwpy4nb",
      "c": [
        2800,
        2300,
        2500,
        2300
      ],
      "light": 20,
      "move": 20,
      "sight": 20,
      "sound": 20,
      "dir": 0,
      "door": 0,
      "ds": 0,
      "flags": {},
      "threshold": {
        "light": null,
        "sight": null,
        "sound": null,
        "attenuation": false
      },
      "_key": "!scenes.walls!OWVjH4NO3jFfTRBd.9oK3bFOC1Uwpy4nb"
    },
    {
      "_id": "6His96r70J8Ejtow",
      "c": [
        2500,
        2300,
        2500,
        2400
      ],
      "light": 20,
      "move": 20,
      "sight": 20,
      "sound": 20,
      "dir": 0,
      "door": 0,
      "ds": 0,
      "flags": {},
      "threshold": {
        "light": null,
        "sight": null,
        "sound": null,
        "attenuation": false
      },
      "_key": "!scenes.walls!OWVjH4NO3jFfTRBd.6His96r70J8Ejtow"
    },
    {
      "_id": "2Z6sakCT9iaInKyZ",
      "c": [
        2800,
        2400,
        600,
        2400
      ],
      "light": 20,
      "move": 20,
      "sight": 20,
      "sound": 20,
      "dir": 0,
      "door": 0,
      "ds": 0,
      "flags": {},
      "threshold": {
        "light": null,
        "sight": null,
        "sound": null,
        "attenuation": false
      },
      "_key": "!scenes.walls!OWVjH4NO3jFfTRBd.2Z6sakCT9iaInKyZ"
    },
    {
      "_id": "72SPggRuVsr64wpC",
      "c": [
        600,
        2400,
        600,
        500
      ],
      "light": 20,
      "move": 20,
      "sight": 20,
      "sound": 20,
      "dir": 0,
      "door": 0,
      "ds": 0,
      "flags": {},
      "threshold": {
        "light": null,
        "sight": null,
        "sound": null,
        "attenuation": false
      },
      "_key": "!scenes.walls!OWVjH4NO3jFfTRBd.72SPggRuVsr64wpC"
    },
    {
      "_id": "g1sCaYr93WvaWuFY",
      "c": [
        600,
        500,
        2800,
        500
      ],
      "light": 20,
      "move": 20,
      "sight": 20,
      "sound": 20,
      "dir": 0,
      "door": 0,
      "ds": 0,
      "flags": {},
      "threshold": {
        "light": null,
        "sight": null,
        "sound": null,
        "attenuation": false
      },
      "_key": "!scenes.walls!OWVjH4NO3jFfTRBd.g1sCaYr93WvaWuFY"
    },
    {
      "_id": "9mwC5ao6KXvmM16E",
      "c": [
        2800,
        500,
        2800,
        2400
      ],
      "light": 20,
      "move": 20,
      "sight": 20,
      "sound": 20,
      "dir": 0,
      "door": 0,
      "ds": 0,
      "flags": {},
      "threshold": {
        "light": null,
        "sight": null,
        "sound": null,
        "attenuation": false
      },
      "_key": "!scenes.walls!OWVjH4NO3jFfTRBd.9mwC5ao6KXvmM16E"
    },
    {
      "_id": "YaYTKiZxpNdnS6DX",
      "c": [
        1500,
        1900,
        1400,
        1900
      ],
      "light": 20,
      "move": 20,
      "sight": 20,
      "sound": 20,
      "dir": 0,
      "door": 1,
      "ds": 0,
      "flags": {
        "tagger": {
          "tags": ""
        },
        "monks-active-tiles": {
          "entity": {
            "id": "Scene.OWVjH4NO3jFfTRBd.Tile.0YgX8dSQ6yGtUVHT",
            "name": "Tile: 0YgX8dSQ6yGtUVHT"
          },
          "open": true,
          "close": true,
          "lock": false,
          "checklock": false,
          "secret": false
        }
      },
      "threshold": {
        "light": null,
        "sight": null,
        "sound": null,
        "attenuation": false
      },
      "doorSound": "stoneBasic",
      "_key": "!scenes.walls!OWVjH4NO3jFfTRBd.YaYTKiZxpNdnS6DX"
    },
    {
      "_id": "5hrpakafNHaVRNlR",
      "c": [
        2100,
        1300,
        2087,
        1200
      ],
      "light": 0,
      "move": 0,
      "sight": 0,
      "sound": 20,
      "dir": 0,
      "door": 0,
      "ds": 0,
      "flags": {
        "tagger": {
          "tags": [
            "priestdoorwall"
          ]
        },
        "monks-active-tiles": {
          "entity": {},
          "open": false,
          "close": false,
          "lock": false,
          "checklock": false,
          "secret": false
        }
      },
      "threshold": {
        "light": null,
        "sight": null,
        "sound": null,
        "attenuation": false
      },
      "_key": "!scenes.walls!OWVjH4NO3jFfTRBd.5hrpakafNHaVRNlR"
    },
    {
      "_id": "NSO6uOvJ0PSLbsA0",
      "c": [
        1500,
        1900,
        1487,
        1800
      ],
      "light": 0,
      "move": 0,
      "sight": 0,
      "sound": 20,
      "dir": 0,
      "door": 0,
      "ds": 0,
      "flags": {
        "tagger": {
          "tags": [
            "templedoorrightwall"
          ]
        },
        "monks-active-tiles": {
          "entity": {},
          "open": false,
          "close": false,
          "lock": false,
          "checklock": false,
          "secret": false
        }
      },
      "threshold": {
        "light": null,
        "sight": null,
        "sound": null,
        "attenuation": false
      },
      "_key": "!scenes.walls!OWVjH4NO3jFfTRBd.NSO6uOvJ0PSLbsA0"
    },
    {
      "_id": "nueRvBHNZVGMZETK",
      "c": [
        1287,
        1900,
        1300,
        1900
      ],
      "light": 20,
      "move": 20,
      "sight": 20,
      "sound": 20,
      "dir": 0,
      "door": 0,
      "ds": 0,
      "flags": {},
      "threshold": {
        "light": null,
        "sight": null,
        "sound": null,
        "attenuation": false
      },
      "_key": "!scenes.walls!OWVjH4NO3jFfTRBd.nueRvBHNZVGMZETK"
    },
    {
      "_id": "I4Ee9LEfLvEC0sfO",
      "c": [
        1300,
        1900,
        1312,
        1800
      ],
      "light": 0,
      "move": 0,
      "sight": 0,
      "sound": 20,
      "dir": 0,
      "door": 0,
      "ds": 0,
      "flags": {
        "tagger": {
          "tags": [
            "templedoorleftwall"
          ]
        },
        "monks-active-tiles": {
          "entity": {},
          "open": false,
          "close": false,
          "lock": false,
          "checklock": false,
          "secret": false
        }
      },
      "threshold": {
        "light": null,
        "sight": null,
        "sound": null,
        "attenuation": false
      },
      "_key": "!scenes.walls!OWVjH4NO3jFfTRBd.I4Ee9LEfLvEC0sfO"
    },
    {
      "_id": "uHmX2EYVENtFNRWC",
      "c": [
        1300,
        1900,
        1400,
        1900
      ],
      "light": 20,
      "move": 20,
      "sight": 20,
      "sound": 20,
      "dir": 0,
      "door": 1,
      "ds": 0,
      "flags": {
        "tagger": {
          "tags": ""
        },
        "monks-active-tiles": {
          "entity": {
            "id": "Scene.OWVjH4NO3jFfTRBd.Tile.VvQKDUtpitvBhkjX",
            "name": "Tile: VvQKDUtpitvBhkjX"
          },
          "open": true,
          "close": true,
          "lock": false,
          "checklock": false,
          "secret": false
        }
      },
      "threshold": {
        "light": null,
        "sight": null,
        "sound": null,
        "attenuation": false
      },
      "doorSound": "stoneBasic",
      "_key": "!scenes.walls!OWVjH4NO3jFfTRBd.uHmX2EYVENtFNRWC"
    },
    {
      "_id": "6D1h85S7xT473PbG",
      "c": [
        1075,
        1575,
        1025,
        1575
      ],
      "light": 10,
      "move": 20,
      "sight": 10,
      "sound": 10,
      "dir": 0,
      "door": 0,
      "ds": 0,
      "flags": {},
      "threshold": {
        "light": null,
        "sight": null,
        "sound": null,
        "attenuation": false
      },
      "_key": "!scenes.walls!OWVjH4NO3jFfTRBd.6D1h85S7xT473PbG"
    },
    {
      "_id": "8i7G8hYJbN5acyIY",
      "c": [
        1025,
        1575,
        1025,
        1525
      ],
      "light": 10,
      "move": 20,
      "sight": 10,
      "sound": 10,
      "dir": 0,
      "door": 0,
      "ds": 0,
      "flags": {},
      "threshold": {
        "light": null,
        "sight": null,
        "sound": null,
        "attenuation": false
      },
      "_key": "!scenes.walls!OWVjH4NO3jFfTRBd.8i7G8hYJbN5acyIY"
    },
    {
      "_id": "JfymoDITcJAsGFTW",
      "c": [
        1025,
        1525,
        1075,
        1525
      ],
      "light": 10,
      "move": 20,
      "sight": 10,
      "sound": 10,
      "dir": 0,
      "door": 0,
      "ds": 0,
      "flags": {},
      "threshold": {
        "light": null,
        "sight": null,
        "sound": null,
        "attenuation": false
      },
      "_key": "!scenes.walls!OWVjH4NO3jFfTRBd.JfymoDITcJAsGFTW"
    },
    {
      "_id": "Zd7LRkR28eKElzQB",
      "c": [
        1075,
        1525,
        1075,
        1575
      ],
      "light": 10,
      "move": 20,
      "sight": 10,
      "sound": 10,
      "dir": 0,
      "door": 0,
      "ds": 0,
      "flags": {},
      "threshold": {
        "light": null,
        "sight": null,
        "sound": null,
        "attenuation": false
      },
      "_key": "!scenes.walls!OWVjH4NO3jFfTRBd.Zd7LRkR28eKElzQB"
    },
    {
      "_id": "fCVqOFJauLNa2Fyb",
      "c": [
        1075,
        1275,
        1025,
        1275
      ],
      "light": 10,
      "move": 20,
      "sight": 10,
      "sound": 10,
      "dir": 0,
      "door": 0,
      "ds": 0,
      "flags": {},
      "threshold": {
        "light": null,
        "sight": null,
        "sound": null,
        "attenuation": false
      },
      "_key": "!scenes.walls!OWVjH4NO3jFfTRBd.fCVqOFJauLNa2Fyb"
    },
    {
      "_id": "sP2KSeZtv3NCWniI",
      "c": [
        1025,
        1275,
        1025,
        1225
      ],
      "light": 10,
      "move": 20,
      "sight": 10,
      "sound": 10,
      "dir": 0,
      "door": 0,
      "ds": 0,
      "flags": {},
      "threshold": {
        "light": null,
        "sight": null,
        "sound": null,
        "attenuation": false
      },
      "_key": "!scenes.walls!OWVjH4NO3jFfTRBd.sP2KSeZtv3NCWniI"
    },
    {
      "_id": "0gWCNVA7vBjHLPU9",
      "c": [
        1025,
        1225,
        1075,
        1225
      ],
      "light": 10,
      "move": 20,
      "sight": 10,
      "sound": 10,
      "dir": 0,
      "door": 0,
      "ds": 0,
      "flags": {},
      "threshold": {
        "light": null,
        "sight": null,
        "sound": null,
        "attenuation": false
      },
      "_key": "!scenes.walls!OWVjH4NO3jFfTRBd.0gWCNVA7vBjHLPU9"
    },
    {
      "_id": "P9sohIYTY5APgwB6",
      "c": [
        1075,
        1225,
        1075,
        1275
      ],
      "light": 10,
      "move": 20,
      "sight": 10,
      "sound": 10,
      "dir": 0,
      "door": 0,
      "ds": 0,
      "flags": {},
      "threshold": {
        "light": null,
        "sight": null,
        "sound": null,
        "attenuation": false
      },
      "_key": "!scenes.walls!OWVjH4NO3jFfTRBd.P9sohIYTY5APgwB6"
    },
    {
      "_id": "siYfHORzWqgdAE9s",
      "c": [
        1075,
        975,
        1025,
        975
      ],
      "light": 10,
      "move": 20,
      "sight": 10,
      "sound": 10,
      "dir": 0,
      "door": 0,
      "ds": 0,
      "flags": {},
      "threshold": {
        "light": null,
        "sight": null,
        "sound": null,
        "attenuation": false
      },
      "_key": "!scenes.walls!OWVjH4NO3jFfTRBd.siYfHORzWqgdAE9s"
    },
    {
      "_id": "aikIJu3258IeeFff",
      "c": [
        1025,
        975,
        1025,
        925
      ],
      "light": 10,
      "move": 20,
      "sight": 10,
      "sound": 10,
      "dir": 0,
      "door": 0,
      "ds": 0,
      "flags": {},
      "threshold": {
        "light": null,
        "sight": null,
        "sound": null,
        "attenuation": false
      },
      "_key": "!scenes.walls!OWVjH4NO3jFfTRBd.aikIJu3258IeeFff"
    },
    {
      "_id": "U6HOXVRF9Hk6H4KZ",
      "c": [
        1025,
        925,
        1075,
        925
      ],
      "light": 10,
      "move": 20,
      "sight": 10,
      "sound": 10,
      "dir": 0,
      "door": 0,
      "ds": 0,
      "flags": {},
      "threshold": {
        "light": null,
        "sight": null,
        "sound": null,
        "attenuation": false
      },
      "_key": "!scenes.walls!OWVjH4NO3jFfTRBd.U6HOXVRF9Hk6H4KZ"
    },
    {
      "_id": "RM4zc4T5HJAXaZET",
      "c": [
        1075,
        925,
        1075,
        975
      ],
      "light": 10,
      "move": 20,
      "sight": 10,
      "sound": 10,
      "dir": 0,
      "door": 0,
      "ds": 0,
      "flags": {},
      "threshold": {
        "light": null,
        "sight": null,
        "sound": null,
        "attenuation": false
      },
      "_key": "!scenes.walls!OWVjH4NO3jFfTRBd.RM4zc4T5HJAXaZET"
    },
    {
      "_id": "FwSxgoXq7eBMVkDj",
      "c": [
        1775,
        975,
        1725,
        975
      ],
      "light": 10,
      "move": 20,
      "sight": 10,
      "sound": 10,
      "dir": 0,
      "door": 0,
      "ds": 0,
      "flags": {},
      "threshold": {
        "light": null,
        "sight": null,
        "sound": null,
        "attenuation": false
      },
      "_key": "!scenes.walls!OWVjH4NO3jFfTRBd.FwSxgoXq7eBMVkDj"
    },
    {
      "_id": "K0jQbZMdDPc6hWYK",
      "c": [
        1725,
        975,
        1725,
        925
      ],
      "light": 10,
      "move": 20,
      "sight": 10,
      "sound": 10,
      "dir": 0,
      "door": 0,
      "ds": 0,
      "flags": {},
      "threshold": {
        "light": null,
        "sight": null,
        "sound": null,
        "attenuation": false
      },
      "_key": "!scenes.walls!OWVjH4NO3jFfTRBd.K0jQbZMdDPc6hWYK"
    },
    {
      "_id": "7NDmFTn0Aj0Qvfia",
      "c": [
        1725,
        925,
        1775,
        925
      ],
      "light": 10,
      "move": 20,
      "sight": 10,
      "sound": 10,
      "dir": 0,
      "door": 0,
      "ds": 0,
      "flags": {},
      "threshold": {
        "light": null,
        "sight": null,
        "sound": null,
        "attenuation": false
      },
      "_key": "!scenes.walls!OWVjH4NO3jFfTRBd.7NDmFTn0Aj0Qvfia"
    },
    {
      "_id": "NPoXeN6PrFrkDrKL",
      "c": [
        1775,
        925,
        1775,
        975
      ],
      "light": 10,
      "move": 20,
      "sight": 10,
      "sound": 10,
      "dir": 0,
      "door": 0,
      "ds": 0,
      "flags": {},
      "threshold": {
        "light": null,
        "sight": null,
        "sound": null,
        "attenuation": false
      },
      "_key": "!scenes.walls!OWVjH4NO3jFfTRBd.NPoXeN6PrFrkDrKL"
    },
    {
      "_id": "qRyAEt82SyKkKdHM",
      "c": [
        1775,
        1225,
        1775,
        1275
      ],
      "light": 10,
      "move": 20,
      "sight": 10,
      "sound": 10,
      "dir": 0,
      "door": 0,
      "ds": 0,
      "flags": {},
      "threshold": {
        "light": null,
        "sight": null,
        "sound": null,
        "attenuation": false
      },
      "_key": "!scenes.walls!OWVjH4NO3jFfTRBd.qRyAEt82SyKkKdHM"
    },
    {
      "_id": "OI44AMxFzZuvqHUx",
      "c": [
        1775,
        1275,
        1725,
        1275
      ],
      "light": 10,
      "move": 20,
      "sight": 10,
      "sound": 10,
      "dir": 0,
      "door": 0,
      "ds": 0,
      "flags": {},
      "threshold": {
        "light": null,
        "sight": null,
        "sound": null,
        "attenuation": false
      },
      "_key": "!scenes.walls!OWVjH4NO3jFfTRBd.OI44AMxFzZuvqHUx"
    },
    {
      "_id": "N540PyhwxCfjyw8G",
      "c": [
        1725,
        1275,
        1725,
        1225
      ],
      "light": 10,
      "move": 20,
      "sight": 10,
      "sound": 10,
      "dir": 0,
      "door": 0,
      "ds": 0,
      "flags": {},
      "threshold": {
        "light": null,
        "sight": null,
        "sound": null,
        "attenuation": false
      },
      "_key": "!scenes.walls!OWVjH4NO3jFfTRBd.N540PyhwxCfjyw8G"
    },
    {
      "_id": "Z2btMDncAETF4YXU",
      "c": [
        1725,
        1225,
        1775,
        1225
      ],
      "light": 10,
      "move": 20,
      "sight": 10,
      "sound": 10,
      "dir": 0,
      "door": 0,
      "ds": 0,
      "flags": {},
      "threshold": {
        "light": null,
        "sight": null,
        "sound": null,
        "attenuation": false
      },
      "_key": "!scenes.walls!OWVjH4NO3jFfTRBd.Z2btMDncAETF4YXU"
    },
    {
      "_id": "cPPJj2VR0zgG08YZ",
      "c": [
        1775,
        1525,
        1775,
        1575
      ],
      "light": 10,
      "move": 20,
      "sight": 10,
      "sound": 10,
      "dir": 0,
      "door": 0,
      "ds": 0,
      "flags": {},
      "threshold": {
        "light": null,
        "sight": null,
        "sound": null,
        "attenuation": false
      },
      "_key": "!scenes.walls!OWVjH4NO3jFfTRBd.cPPJj2VR0zgG08YZ"
    },
    {
      "_id": "BlhZBC6V2y5aggsn",
      "c": [
        1775,
        1575,
        1725,
        1575
      ],
      "light": 10,
      "move": 20,
      "sight": 10,
      "sound": 10,
      "dir": 0,
      "door": 0,
      "ds": 0,
      "flags": {},
      "threshold": {
        "light": null,
        "sight": null,
        "sound": null,
        "attenuation": false
      },
      "_key": "!scenes.walls!OWVjH4NO3jFfTRBd.BlhZBC6V2y5aggsn"
    },
    {
      "_id": "aWS7e6jM8FVXfDkV",
      "c": [
        1725,
        1575,
        1725,
        1525
      ],
      "light": 10,
      "move": 20,
      "sight": 10,
      "sound": 10,
      "dir": 0,
      "door": 0,
      "ds": 0,
      "flags": {},
      "threshold": {
        "light": null,
        "sight": null,
        "sound": null,
        "attenuation": false
      },
      "_key": "!scenes.walls!OWVjH4NO3jFfTRBd.aWS7e6jM8FVXfDkV"
    },
    {
      "_id": "XqFpfa2KQ3XL4e8C",
      "c": [
        1725,
        1525,
        1775,
        1525
      ],
      "light": 10,
      "move": 20,
      "sight": 10,
      "sound": 10,
      "dir": 0,
      "door": 0,
      "ds": 0,
      "flags": {},
      "threshold": {
        "light": null,
        "sight": null,
        "sound": null,
        "attenuation": false
      },
      "_key": "!scenes.walls!OWVjH4NO3jFfTRBd.XqFpfa2KQ3XL4e8C"
    }
  ],
  "playlist": null,
  "playlistSound": null,
  "journal": null,
  "journalEntryPage": null,
  "weather": "",
  "flags": {},
  "_stats": {
    "systemId": "dnd5e",
    "systemVersion": "2.4.1",
    "coreVersion": "12.330",
    "createdTime": 1670367878343,
    "modifiedTime": 1723946803705,
    "lastModifiedBy": "dnd5ebuilder0000",
    "compendiumSource": "Compendium.fa-battlemaps.maps.OWVjH4NO3jFfTRBd",
    "duplicateSource": null
  },
  "_id": "OWVjH4NO3jFfTRBd",
  "active": false,
  "folder": null,
  "sort": 0,
  "ownership": {
    "default": 0
  },
  "regions": [],
  "environment": {
    "globalLight": {
      "luminosity": 0,
      "enabled": false,
      "darkness": {
        "max": 1,
        "min": 0
      },
      "alpha": 0.5,
      "bright": false,
      "color": null,
      "coloration": 1,
      "saturation": 0,
      "contrast": 0,
      "shadows": 0
    },
    "darknessLevel": 0.5,
    "darknessLock": false,
    "cycle": true,
    "base": {
      "hue": 0,
      "intensity": 0,
      "luminosity": 0,
      "saturation": 0,
      "shadows": 0
    },
    "dark": {
      "hue": 0.7138888888888889,
      "intensity": 0,
      "luminosity": -0.25,
      "saturation": 0,
      "shadows": 0
    }
  },
  "fog": {
    "exploration": true,
    "reset": 1670367878341,
    "overlay": null,
    "colors": {
      "explored": null,
      "unexplored": null
    }
  },
  "_key": "!scenes!OWVjH4NO3jFfTRBd"
}
