{
  "_id": "qcuBND7YkXXIJhPj",
  "name": "TheShipwreck - Day [25x39]",
  "navigation": false,
  "navOrder": 0,
  "navName": "",
  "foreground": null,
  "thumb": "modules/fa-battlemaps/assets/scenes/qcuBND7YkXXIJhPj-thumb.webp",
  "width": 2500,
  "height": 3900,
  "padding": 0.25,
  "initial": {
    "x": 2394,
    "y": 2950,
    "scale": 0.34
  },
  "backgroundColor": "#000000",
  "grid": {
    "size": 100,
    "type": 1,
    "color": "#000000",
    "alpha": 0.2,
    "distance": 5,
    "units": "ft",
    "style": "solidLines",
    "thickness": 1
  },
  "tokenVision": true,
  "drawings": [],
  "tokens": [],
  "lights": [
    {
      "_id": "8AAYe7qiEqMPHwIn",
      "x": 1105,
      "y": 4534,
      "rotation": 0,
      "walls": true,
      "vision": false,
      "config": {
        "alpha": 0.35,
        "angle": 360,
        "bright": 0,
        "coloration": 1,
        "dim": 29.48,
        "luminosity": 0.5,
        "saturation": 0,
        "contrast": 0,
        "shadows": 0.15,
        "animation": {
          "speed": 10,
          "intensity": 5,
          "reverse": false,
          "type": "fog"
        },
        "darkness": {
          "min": 0,
          "max": 1
        },
        "color": "#878787",
        "attenuation": 0.5,
        "negative": false,
        "priority": 0
      },
      "hidden": false,
      "flags": {
        "tagger": {
          "tags": ""
        }
      },
      "elevation": 0,
      "_key": "!scenes.lights!qcuBND7YkXXIJhPj.8AAYe7qiEqMPHwIn"
    },
    {
      "_id": "ZZYlTkAayw26XZaz",
      "x": 2100,
      "y": 4700,
      "rotation": 0,
      "walls": true,
      "vision": false,
      "config": {
        "alpha": 0.3,
        "angle": 360,
        "bright": 0,
        "coloration": 1,
        "dim": 29.48,
        "luminosity": 0.5,
        "saturation": 0,
        "contrast": 0,
        "shadows": 0.2,
        "animation": {
          "speed": 10,
          "intensity": 5,
          "reverse": false,
          "type": "fog"
        },
        "darkness": {
          "min": 0,
          "max": 1
        },
        "color": "#878787",
        "attenuation": 0.5,
        "negative": false,
        "priority": 0
      },
      "hidden": false,
      "flags": {
        "tagger": {
          "tags": ""
        }
      },
      "elevation": 0,
      "_key": "!scenes.lights!qcuBND7YkXXIJhPj.ZZYlTkAayw26XZaz"
    },
    {
      "_id": "HN0TyXZ6UdfahZ9z",
      "x": 2950,
      "y": 4350,
      "rotation": 0,
      "walls": true,
      "vision": false,
      "config": {
        "alpha": 0.35,
        "angle": 360,
        "bright": 0,
        "coloration": 1,
        "dim": 29.48,
        "luminosity": 0.5,
        "saturation": 0,
        "contrast": 0,
        "shadows": 0.2,
        "animation": {
          "speed": 10,
          "intensity": 5,
          "reverse": false,
          "type": "fog"
        },
        "darkness": {
          "min": 0,
          "max": 1
        },
        "color": "#878787",
        "attenuation": 0.5,
        "negative": false,
        "priority": 0
      },
      "hidden": false,
      "flags": {
        "tagger": {
          "tags": ""
        }
      },
      "elevation": 0,
      "_key": "!scenes.lights!qcuBND7YkXXIJhPj.HN0TyXZ6UdfahZ9z"
    },
    {
      "_id": "fa9hdpIMqD3qV8nM",
      "x": 1023,
      "y": 3262,
      "rotation": 0,
      "walls": true,
      "vision": false,
      "config": {
        "alpha": 0.35,
        "angle": 360,
        "bright": 0,
        "coloration": 1,
        "dim": 20,
        "luminosity": 0.5,
        "saturation": 0,
        "contrast": 0,
        "shadows": 0,
        "animation": {
          "speed": 2,
          "intensity": 5,
          "reverse": false,
          "type": "ghost"
        },
        "darkness": {
          "min": 0,
          "max": 1
        },
        "color": "#878787",
        "attenuation": 0.5,
        "negative": false,
        "priority": 0
      },
      "hidden": false,
      "flags": {
        "tagger": {
          "tags": ""
        }
      },
      "elevation": 0,
      "_key": "!scenes.lights!qcuBND7YkXXIJhPj.fa9hdpIMqD3qV8nM"
    },
    {
      "_id": "8K9aw39zqzJVhSsy",
      "x": 1026,
      "y": 3768,
      "rotation": 0,
      "walls": true,
      "vision": false,
      "config": {
        "alpha": 0.45,
        "angle": 360,
        "bright": 0,
        "coloration": 1,
        "dim": 10,
        "luminosity": 0.5,
        "saturation": 0,
        "contrast": 0,
        "shadows": 0,
        "animation": {
          "speed": 5,
          "intensity": 5,
          "reverse": false,
          "type": "ghost"
        },
        "darkness": {
          "min": 0,
          "max": 1
        },
        "color": "#878787",
        "attenuation": 0.5,
        "negative": false,
        "priority": 0
      },
      "hidden": false,
      "flags": {
        "tagger": {
          "tags": ""
        }
      },
      "elevation": 0,
      "_key": "!scenes.lights!qcuBND7YkXXIJhPj.8K9aw39zqzJVhSsy"
    },
    {
      "_id": "k6hHXBjX55QzOwsr",
      "x": 1400,
      "y": 3000,
      "rotation": 0,
      "walls": true,
      "vision": false,
      "config": {
        "alpha": 0.35,
        "angle": 360,
        "bright": 0,
        "coloration": 1,
        "dim": 10,
        "luminosity": 0.5,
        "saturation": 0,
        "contrast": 0,
        "shadows": 0,
        "animation": {
          "speed": 5,
          "intensity": 5,
          "reverse": false,
          "type": "pulse"
        },
        "darkness": {
          "min": 0,
          "max": 1
        },
        "color": "#878787",
        "attenuation": 0.5,
        "negative": false,
        "priority": 0
      },
      "hidden": false,
      "flags": {
        "tagger": {
          "tags": ""
        }
      },
      "elevation": 0,
      "_key": "!scenes.lights!qcuBND7YkXXIJhPj.k6hHXBjX55QzOwsr"
    },
    {
      "_id": "Qi1O2wAnkQLS5I1m",
      "x": 2679,
      "y": 2971,
      "rotation": 0,
      "walls": true,
      "vision": false,
      "config": {
        "alpha": 0.35,
        "angle": 360,
        "bright": 0,
        "coloration": 1,
        "dim": 10,
        "luminosity": 0.5,
        "saturation": 0,
        "contrast": 0,
        "shadows": 0,
        "animation": {
          "speed": 5,
          "intensity": 5,
          "reverse": false,
          "type": "pulse"
        },
        "darkness": {
          "min": 0,
          "max": 1
        },
        "color": "#878787",
        "attenuation": 0.5,
        "negative": false,
        "priority": 0
      },
      "hidden": false,
      "flags": {
        "tagger": {
          "tags": ""
        }
      },
      "elevation": 0,
      "_key": "!scenes.lights!qcuBND7YkXXIJhPj.Qi1O2wAnkQLS5I1m"
    },
    {
      "_id": "UXf4uCVCO1RAKkCR",
      "x": 2979,
      "y": 2755,
      "rotation": 0,
      "walls": true,
      "vision": false,
      "config": {
        "alpha": 0.35,
        "angle": 360,
        "bright": 0,
        "coloration": 1,
        "dim": 10,
        "luminosity": 0.5,
        "saturation": 0,
        "contrast": 0,
        "shadows": 0,
        "animation": {
          "speed": 5,
          "intensity": 5,
          "reverse": false,
          "type": "pulse"
        },
        "darkness": {
          "min": 0,
          "max": 1
        },
        "color": "#878787",
        "attenuation": 0.5,
        "negative": false,
        "priority": 0
      },
      "hidden": false,
      "flags": {
        "tagger": {
          "tags": ""
        }
      },
      "elevation": 0,
      "_key": "!scenes.lights!qcuBND7YkXXIJhPj.UXf4uCVCO1RAKkCR"
    },
    {
      "_id": "sTFYJLOyAh7NqOKj",
      "x": 2700,
      "y": 3600,
      "rotation": 0,
      "walls": true,
      "vision": false,
      "config": {
        "alpha": 0.35,
        "angle": 360,
        "bright": 0,
        "coloration": 1,
        "dim": 29.48,
        "luminosity": 0.5,
        "saturation": 0,
        "contrast": 0,
        "shadows": 0.2,
        "animation": {
          "speed": 5,
          "intensity": 5,
          "reverse": false,
          "type": "fog"
        },
        "darkness": {
          "min": 0,
          "max": 1
        },
        "color": "#878787",
        "attenuation": 0.5,
        "negative": false,
        "priority": 0
      },
      "hidden": false,
      "flags": {
        "tagger": {
          "tags": ""
        }
      },
      "elevation": 0,
      "_key": "!scenes.lights!qcuBND7YkXXIJhPj.sTFYJLOyAh7NqOKj"
    },
    {
      "_id": "GX90ehYhBDDADbMc",
      "x": 1900,
      "y": 3400,
      "rotation": 0,
      "walls": true,
      "vision": false,
      "config": {
        "alpha": 0.35,
        "angle": 360,
        "bright": 0,
        "coloration": 1,
        "dim": 25,
        "luminosity": 0.5,
        "saturation": 0,
        "contrast": 0,
        "shadows": 0.2,
        "animation": {
          "speed": 5,
          "intensity": 3,
          "reverse": false,
          "type": "fog"
        },
        "darkness": {
          "min": 0,
          "max": 1
        },
        "color": "#878787",
        "attenuation": 0.5,
        "negative": false,
        "priority": 0
      },
      "hidden": false,
      "flags": {
        "tagger": {
          "tags": ""
        }
      },
      "elevation": 0,
      "_key": "!scenes.lights!qcuBND7YkXXIJhPj.GX90ehYhBDDADbMc"
    }
  ],
  "notes": [],
  "sounds": [
    {
      "_id": "IU23HpUYzJi1tCy7",
      "x": 1950,
      "y": 2950,
      "radius": 125.5,
      "path": "fa_battlemaps/Audio/Sea-Waves.ogg",
      "repeat": false,
      "volume": 0.3,
      "walls": true,
      "easing": false,
      "hidden": false,
      "darkness": {
        "min": 0,
        "max": 1
      },
      "flags": {
        "tagger": {
          "tags": ""
        }
      },
      "elevation": 0,
      "effects": {
        "base": {
          "intensity": 5
        },
        "muffled": {
          "intensity": 5
        }
      },
      "_key": "!scenes.sounds!qcuBND7YkXXIJhPj.IU23HpUYzJi1tCy7"
    },
    {
      "_id": "THgI5PP5XAa2LUur",
      "x": 1900,
      "y": 3200,
      "radius": 48.82,
      "path": "fa_battlemaps/Audio/treecreak.ogg",
      "repeat": false,
      "volume": 0.2,
      "walls": true,
      "easing": true,
      "hidden": false,
      "darkness": {
        "min": 0,
        "max": 1
      },
      "flags": {
        "tagger": {
          "tags": ""
        }
      },
      "elevation": 0,
      "effects": {
        "base": {
          "intensity": 5
        },
        "muffled": {
          "intensity": 5
        }
      },
      "_key": "!scenes.sounds!qcuBND7YkXXIJhPj.THgI5PP5XAa2LUur"
    },
    {
      "_id": "AIt8fIw1bOnyTXH5",
      "x": 2236,
      "y": 1775,
      "radius": 20,
      "path": "fa_battlemaps/Audio/treecreak.ogg",
      "repeat": false,
      "volume": 0.2,
      "walls": true,
      "easing": true,
      "hidden": true,
      "darkness": {
        "min": 0,
        "max": 1
      },
      "flags": {
        "tagger": {
          "tags": [
            "shipbowsound"
          ]
        }
      },
      "elevation": 0,
      "effects": {
        "base": {
          "intensity": 5
        },
        "muffled": {
          "intensity": 5
        }
      },
      "_key": "!scenes.sounds!qcuBND7YkXXIJhPj.AIt8fIw1bOnyTXH5"
    }
  ],
  "templates": [],
  "tiles": [
    {
      "_id": "eOdDw0HaR5iB0E34",
      "width": 2500,
      "height": 3900,
      "x": 700,
      "y": 1000,
      "rotation": 0,
      "alpha": 1,
      "hidden": false,
      "locked": true,
      "occlusion": {
        "mode": 0,
        "alpha": 1
      },
      "video": {
        "loop": true,
        "autoplay": true,
        "volume": 0
      },
      "flags": {
        "tagger": {
          "tags": [
            "Base"
          ]
        },
        "monks-active-tiles": {
          "active": true,
          "record": false,
          "restriction": "all",
          "controlled": "gm",
          "trigger": "enter",
          "allowpaused": false,
          "usealpha": false,
          "pointer": false,
          "pertoken": false,
          "minrequired": 0,
          "chance": 100,
          "fileindex": 1,
          "actions": [],
          "files": [
            {
              "id": "SPR05md6zfkkr4YK",
              "name": "fa_battlemaps/Maps/2022/October/fa_the-shipwreck-day/Maps/ShipwreckBG.webp",
              "selected": true
            },
            {
              "id": "lVktF0UTDG93Yr7K",
              "name": "fa_battlemaps/Maps/2022/October/fa_the-shipwreck-day/Maps/ShipwreckBG2.webp",
              "selected": false
            }
          ]
        }
      },
      "texture": {
        "src": "fa_battlemaps/Maps/2022/October/fa_the-shipwreck-day/Maps/ShipwreckBG2.webp",
        "tint": "#ffffff",
        "scaleX": 1,
        "scaleY": 1,
        "offsetX": 0,
        "offsetY": 0,
        "rotation": 0,
        "anchorX": 0.5,
        "anchorY": 0.5,
        "fit": "fill",
        "alphaThreshold": 0.75
      },
      "sort": 1,
      "restrictions": {
        "light": false,
        "weather": false
      },
      "elevation": 0,
      "_key": "!scenes.tiles!qcuBND7YkXXIJhPj.eOdDw0HaR5iB0E34"
    },
    {
      "_id": "oAYfwdTpcpvO2dsc",
      "width": 2500,
      "height": 1000,
      "x": 700,
      "y": 1000,
      "rotation": 0,
      "alpha": 1,
      "hidden": false,
      "locked": true,
      "occlusion": {
        "mode": 0,
        "alpha": 1
      },
      "video": {
        "loop": true,
        "autoplay": true,
        "volume": 0
      },
      "flags": {
        "tagger": {},
        "monks-active-tiles": {
          "active": true,
          "record": false,
          "restriction": "all",
          "controlled": "gm",
          "trigger": [
            "enter"
          ],
          "allowpaused": false,
          "usealpha": false,
          "pointer": false,
          "pertoken": false,
          "minrequired": 0,
          "chance": 100,
          "fileindex": 0,
          "actions": [],
          "files": [],
          "name": "",
          "vision": false,
          "cooldown": null
        }
      },
      "texture": {
        "src": "fa_battlemaps/Maps/2022/October/fa_the-shipwreck-day/Maps/ShipwreckFG.webp",
        "tint": "#ffffff",
        "scaleX": 1,
        "scaleY": 1,
        "offsetX": 0,
        "offsetY": 0,
        "rotation": 0,
        "anchorX": 0.5,
        "anchorY": 0.5,
        "fit": "fill",
        "alphaThreshold": 0.75
      },
      "elevation": 20,
      "sort": 100,
      "restrictions": {
        "light": false,
        "weather": false
      },
      "_key": "!scenes.tiles!qcuBND7YkXXIJhPj.oAYfwdTpcpvO2dsc"
    },
    {
      "_id": "Mz4DXfrA2Qp84z8A",
      "width": 2100,
      "height": 2300,
      "x": 900,
      "y": 2100,
      "rotation": 0,
      "alpha": 0,
      "hidden": false,
      "locked": true,
      "occlusion": {
        "mode": 0,
        "alpha": 1
      },
      "video": {
        "loop": true,
        "autoplay": true,
        "volume": 0
      },
      "flags": {
        "tagger": {
          "tags": [
            "Shipwreck"
          ]
        },
        "monks-active-tiles": {
          "active": true,
          "record": false,
          "restriction": "all",
          "controlled": "gm",
          "trigger": [
            "enter"
          ],
          "allowpaused": false,
          "usealpha": false,
          "pointer": false,
          "pertoken": false,
          "minrequired": 0,
          "chance": 100,
          "fileindex": 0,
          "actions": [],
          "files": [],
          "name": "",
          "vision": false,
          "cooldown": null
        }
      },
      "texture": {
        "src": "fa_battlemaps/Maps/2022/October/fa_the-shipwreck-day/Tiles/Shipwreck.webp",
        "tint": "#ffffff",
        "scaleX": 1,
        "scaleY": 1,
        "offsetX": 0,
        "offsetY": 0,
        "rotation": 0,
        "anchorX": 0.5,
        "anchorY": 0.5,
        "fit": "fill",
        "alphaThreshold": 0.75
      },
      "sort": 16,
      "restrictions": {
        "light": false,
        "weather": false
      },
      "elevation": 0,
      "_key": "!scenes.tiles!qcuBND7YkXXIJhPj.Mz4DXfrA2Qp84z8A"
    },
    {
      "_id": "JusJ9xzN1h0i0eni",
      "width": 1100,
      "height": 1100,
      "x": 1700,
      "y": 1200,
      "rotation": 0,
      "alpha": 0,
      "hidden": false,
      "locked": true,
      "occlusion": {
        "mode": 0,
        "alpha": 1
      },
      "video": {
        "loop": true,
        "autoplay": true,
        "volume": 0
      },
      "flags": {
        "tagger": {
          "tags": [
            "boatbow",
            "boatimagecycle2"
          ]
        },
        "monks-active-tiles": {
          "active": true,
          "record": false,
          "restriction": "all",
          "controlled": "gm",
          "trigger": [
            "enter"
          ],
          "allowpaused": false,
          "usealpha": false,
          "pointer": false,
          "pertoken": false,
          "minrequired": 0,
          "chance": 100,
          "fileindex": 2,
          "actions": [],
          "files": [
            {
              "id": "rlJSFtR2wabVc5vt",
              "name": "fa_battlemaps/Maps/2022/October/fa_the-shipwreck-day/Tiles/Shiphull1.webp",
              "selected": true
            },
            {
              "id": "YdLyu2bPnJsKRfIh",
              "name": "fa_battlemaps/Maps/2022/October/fa_the-shipwreck-day/Tiles/Shiphull2.webp",
              "selected": false
            },
            {
              "id": "R1uLRoWy1vTXphum",
              "name": "fa_battlemaps/Maps/2022/October/fa_the-shipwreck-day/Tiles/Shiphull3.webp",
              "selected": false
            }
          ],
          "name": "",
          "vision": false,
          "cooldown": null
        }
      },
      "texture": {
        "src": "fa_battlemaps/Maps/2022/October/fa_the-shipwreck-day/Tiles/Shiphull3.webp",
        "tint": "#ffffff",
        "scaleX": 1,
        "scaleY": 1,
        "offsetX": 0,
        "offsetY": 0,
        "rotation": 0,
        "anchorX": 0.5,
        "anchorY": 0.5,
        "fit": "fill",
        "alphaThreshold": 0.75
      },
      "sort": 17,
      "restrictions": {
        "light": false,
        "weather": false
      },
      "elevation": 0,
      "_key": "!scenes.tiles!qcuBND7YkXXIJhPj.JusJ9xzN1h0i0eni"
    },
    {
      "_id": "OlpUwoOBd2yqsVp7",
      "width": 300,
      "height": 700,
      "x": 1400,
      "y": 2100,
      "rotation": 0,
      "alpha": 0,
      "hidden": false,
      "locked": true,
      "occlusion": {
        "mode": 0,
        "alpha": 1
      },
      "video": {
        "loop": true,
        "autoplay": true,
        "volume": 0
      },
      "flags": {
        "tagger": {
          "tags": [
            "boat2",
            "boatimagecycle2"
          ]
        },
        "monks-active-tiles": {
          "active": true,
          "record": false,
          "restriction": "all",
          "controlled": "gm",
          "trigger": [
            "enter"
          ],
          "allowpaused": false,
          "usealpha": false,
          "pointer": false,
          "pertoken": false,
          "minrequired": 0,
          "chance": 100,
          "fileindex": 2,
          "actions": [],
          "files": [
            {
              "id": "i4jTePs6viwoNzaz",
              "name": "fa_battlemaps/Maps/2022/October/fa_the-shipwreck-day/Tiles/boat1.webp",
              "selected": true
            },
            {
              "id": "dXhgpo1wqwY16d7E",
              "name": "fa_battlemaps/Maps/2022/October/fa_the-shipwreck-day/Tiles/boat2.webp",
              "selected": false
            },
            {
              "id": "h4pAFU8odJ3NlGQe",
              "name": "fa_battlemaps/Maps/2022/October/fa_the-shipwreck-day/Tiles/boat3.webp",
              "selected": false
            }
          ],
          "name": "",
          "vision": false,
          "cooldown": null
        }
      },
      "texture": {
        "src": "fa_battlemaps/Maps/2022/October/fa_the-shipwreck-day/Tiles/boat3.webp",
        "tint": "#ffffff",
        "scaleX": 1,
        "scaleY": 1,
        "offsetX": 0,
        "offsetY": 0,
        "rotation": 0,
        "anchorX": 0.5,
        "anchorY": 0.5,
        "fit": "fill",
        "alphaThreshold": 0.75
      },
      "sort": 22,
      "restrictions": {
        "light": false,
        "weather": false
      },
      "elevation": 0,
      "_key": "!scenes.tiles!qcuBND7YkXXIJhPj.OlpUwoOBd2yqsVp7"
    },
    {
      "_id": "nLlQ125rdWRK79Jp",
      "width": 300,
      "height": 600,
      "x": 1000,
      "y": 2300,
      "rotation": 0,
      "alpha": 0,
      "hidden": false,
      "locked": true,
      "occlusion": {
        "mode": 0,
        "alpha": 1
      },
      "video": {
        "loop": true,
        "autoplay": true,
        "volume": 0
      },
      "flags": {
        "tagger": {
          "tags": [
            "boat1",
            "boatimagecycle1"
          ]
        },
        "monks-active-tiles": {
          "active": true,
          "record": false,
          "restriction": "all",
          "controlled": "gm",
          "trigger": [
            "enter"
          ],
          "allowpaused": false,
          "usealpha": false,
          "pointer": false,
          "pertoken": false,
          "minrequired": 0,
          "chance": 100,
          "fileindex": 1,
          "actions": [],
          "files": [
            {
              "id": "RIjb7SbVooUiCiE3",
              "name": "fa_battlemaps/Maps/2022/October/fa_the-shipwreck-day/Tiles/boat4.webp",
              "selected": true
            },
            {
              "id": "4kZjMj2bKKfCWAHM",
              "name": "fa_battlemaps/Maps/2022/October/fa_the-shipwreck-day/Tiles/boat5.webp",
              "selected": false
            }
          ],
          "name": "",
          "vision": false,
          "cooldown": null
        }
      },
      "texture": {
        "src": "fa_battlemaps/Maps/2022/October/fa_the-shipwreck-day/Tiles/boat5.webp",
        "tint": "#ffffff",
        "scaleX": 1,
        "scaleY": 1,
        "offsetX": 0,
        "offsetY": 0,
        "rotation": 0,
        "anchorX": 0.5,
        "anchorY": 0.5,
        "fit": "fill",
        "alphaThreshold": 0.75
      },
      "sort": 21,
      "restrictions": {
        "light": false,
        "weather": false
      },
      "elevation": 0,
      "_key": "!scenes.tiles!qcuBND7YkXXIJhPj.nLlQ125rdWRK79Jp"
    },
    {
      "_id": "1Zx7SoYgyXUaHMr0",
      "width": 400,
      "height": 500,
      "x": 1000,
      "y": 1500,
      "rotation": 0,
      "alpha": 0,
      "hidden": false,
      "locked": true,
      "occlusion": {
        "mode": 0,
        "alpha": 1
      },
      "video": {
        "loop": true,
        "autoplay": true,
        "volume": 0
      },
      "flags": {
        "tagger": {
          "tags": [
            "chest"
          ]
        },
        "monks-active-tiles": {
          "active": true,
          "record": false,
          "restriction": "all",
          "controlled": "gm",
          "trigger": [
            "enter"
          ],
          "allowpaused": false,
          "usealpha": false,
          "pointer": false,
          "pertoken": false,
          "minrequired": 0,
          "chance": 100,
          "fileindex": 0,
          "actions": [],
          "files": [
            {
              "id": "Ab8X8gGDB2YPJG0e",
              "name": "fa_battlemaps/Maps/2022/October/fa_the-shipwreck-day/Tiles/Chest.webp",
              "selected": true
            },
            {
              "id": "zmjcDmnrq7TMT6zv",
              "name": "fa_battlemaps/Maps/2022/October/fa_the-shipwreck-day/Tiles/ChestOpen.webp",
              "selected": false
            }
          ],
          "name": "",
          "vision": false,
          "cooldown": null
        }
      },
      "texture": {
        "src": "fa_battlemaps/Maps/2022/October/fa_the-shipwreck-day/Tiles/Chest.webp",
        "tint": "#ffffff",
        "scaleX": 1,
        "scaleY": 1,
        "offsetX": 0,
        "offsetY": 0,
        "rotation": 0,
        "anchorX": 0.5,
        "anchorY": 0.5,
        "fit": "fill",
        "alphaThreshold": 0.75
      },
      "sort": 20,
      "restrictions": {
        "light": false,
        "weather": false
      },
      "elevation": 0,
      "_key": "!scenes.tiles!qcuBND7YkXXIJhPj.1Zx7SoYgyXUaHMr0"
    },
    {
      "_id": "62TytoFTs8yGUY7M",
      "width": 300,
      "height": 50,
      "x": 3200,
      "y": 1050,
      "rotation": 0,
      "alpha": 1,
      "hidden": false,
      "locked": true,
      "occlusion": {
        "mode": 0,
        "alpha": 1
      },
      "video": {
        "loop": true,
        "autoplay": true,
        "volume": 0
      },
      "flags": {
        "tagger": {
          "tags": [
            "trigger1"
          ]
        },
        "monks-active-tiles": {
          "active": true,
          "record": false,
          "restriction": "all",
          "controlled": "gm",
          "trigger": [
            "dblclick"
          ],
          "allowpaused": false,
          "usealpha": false,
          "pointer": true,
          "pertoken": false,
          "minrequired": 0,
          "chance": 100,
          "fileindex": 0,
          "actions": [
            {
              "action": "alter",
              "data": {
                "entity": {
                  "id": "tile",
                  "name": "This Tile"
                },
                "attribute": "texture.tint",
                "value": "#000000",
                "chatMessage": false,
                "rollmode": "roll"
              },
              "id": "ZIKXMiZbFqU438hu"
            },
            {
              "action": "alter",
              "data": {
                "entity": {
                  "id": "tagger:trigger2",
                  "match": "all",
                  "scene": "_active",
                  "name": "<i class=\"fas fa-tag fa-sm\"></i> trigger2"
                },
                "attribute": "texture.tint",
                "value": "#890101",
                "chatMessage": false,
                "rollmode": "roll"
              },
              "id": "tcdJW8OqNUagZ0K8"
            },
            {
              "action": "alter",
              "data": {
                "entity": {
                  "id": "tagger:trigger3",
                  "match": "all",
                  "scene": "_active",
                  "name": "<i class=\"fas fa-tag fa-sm\"></i> trigger3"
                },
                "attribute": "texture.tint",
                "value": "#890101",
                "chatMessage": false,
                "rollmode": "roll"
              },
              "id": "mNCeA4ffd41JUAMa"
            },
            {
              "action": "alter",
              "data": {
                "entity": {
                  "id": "tagger:Shipwreck",
                  "match": "all",
                  "scene": "_active",
                  "name": "<i class=\"fas fa-tag fa-sm\"></i> Shipwreck"
                },
                "attribute": "alpha",
                "value": "0",
                "chatMessage": false,
                "rollmode": "roll"
              },
              "id": "FG728zdjOmOaabu9"
            },
            {
              "action": "tileimage",
              "data": {
                "entity": {
                  "id": "tagger:Base",
                  "match": "all",
                  "scene": "_active",
                  "name": "<i class=\"fas fa-tag fa-sm\"></i> Base"
                },
                "select": "last",
                "transition": "none",
                "speed": 1,
                "loop": 1
              },
              "id": "ikeirxLvpGsKa4G7"
            },
            {
              "action": "tileimage",
              "data": {
                "entity": {
                  "id": "tagger:boatimagecycle1",
                  "match": "all",
                  "scene": "_active",
                  "name": "<i class=\"fas fa-tag fa-sm\"></i> boatimagecycle1"
                },
                "select": "2",
                "transition": "none",
                "speed": 1,
                "loop": 1
              },
              "id": "9tAn1SNEeM9ToKKv"
            },
            {
              "action": "tileimage",
              "data": {
                "entity": {
                  "id": "tagger:boatimagecycle2",
                  "match": "all",
                  "scene": "_active",
                  "name": "<i class=\"fas fa-tag fa-sm\"></i> boatimagecycle2"
                },
                "select": "3",
                "transition": "none",
                "speed": 1,
                "loop": 1
              },
              "id": "ah1LyAbAJ9NJ0VMn"
            }
          ],
          "files": [],
          "name": "",
          "vision": false,
          "cooldown": null
        }
      },
      "texture": {
        "src": "fa_battlemaps/Maps/2022/October/fa_the-shipwreck-day/Text/Beach.webp",
        "tint": "#890101",
        "scaleX": 1,
        "scaleY": 1,
        "offsetX": 0,
        "offsetY": 0,
        "rotation": 0,
        "anchorX": 0.5,
        "anchorY": 0.5,
        "fit": "fill",
        "alphaThreshold": 0.75
      },
      "sort": 15,
      "restrictions": {
        "light": false,
        "weather": false
      },
      "elevation": 0,
      "_key": "!scenes.tiles!qcuBND7YkXXIJhPj.62TytoFTs8yGUY7M"
    },
    {
      "_id": "IADSDrmcpJmynv7D",
      "width": 300,
      "height": 50,
      "x": 3200,
      "y": 1250,
      "rotation": 0,
      "alpha": 1,
      "hidden": false,
      "locked": true,
      "occlusion": {
        "mode": 0,
        "alpha": 1
      },
      "video": {
        "loop": true,
        "autoplay": true,
        "volume": 0
      },
      "flags": {
        "tagger": {
          "tags": [
            "trigger3"
          ]
        },
        "monks-active-tiles": {
          "active": true,
          "record": false,
          "restriction": "all",
          "controlled": "gm",
          "trigger": [
            "dblclick"
          ],
          "allowpaused": false,
          "usealpha": false,
          "pointer": true,
          "pertoken": false,
          "minrequired": 0,
          "chance": 100,
          "fileindex": 0,
          "actions": [
            {
              "action": "alter",
              "data": {
                "entity": {
                  "id": "tile",
                  "name": "This Tile"
                },
                "attribute": "texture.tint",
                "value": "#000000",
                "chatMessage": false,
                "rollmode": "roll"
              },
              "id": "ZIKXMiZbFqU438hu"
            },
            {
              "action": "alter",
              "data": {
                "entity": {
                  "id": "tagger:trigger2",
                  "match": "all",
                  "scene": "_active",
                  "name": "<i class=\"fas fa-tag fa-sm\"></i> trigger2"
                },
                "attribute": "texture.tint",
                "value": "#890101",
                "chatMessage": false,
                "rollmode": "roll"
              },
              "id": "TWQFvL8lYMLf6XzD"
            },
            {
              "action": "alter",
              "data": {
                "entity": {
                  "id": "tagger:trigger1",
                  "match": "all",
                  "scene": "_active",
                  "name": "<i class=\"fas fa-tag fa-sm\"></i> trigger1"
                },
                "attribute": "texture.tint",
                "value": "#890101",
                "chatMessage": false,
                "rollmode": "roll"
              },
              "id": "tcdJW8OqNUagZ0K8"
            },
            {
              "action": "alter",
              "data": {
                "entity": {
                  "id": "tagger:Shipwreck",
                  "match": "all",
                  "scene": "_active",
                  "name": "<i class=\"fas fa-tag fa-sm\"></i> Shipwreck"
                },
                "attribute": "alpha",
                "value": "1",
                "chatMessage": false,
                "rollmode": "roll"
              },
              "id": "FG728zdjOmOaabu9"
            },
            {
              "action": "tileimage",
              "data": {
                "entity": {
                  "id": "tagger:Base",
                  "match": "all",
                  "scene": "_active",
                  "name": "<i class=\"fas fa-tag fa-sm\"></i> Base"
                },
                "select": "first",
                "transition": "none",
                "speed": 1,
                "loop": 1
              },
              "id": "hzlUDONikUeIXkkj"
            },
            {
              "action": "tileimage",
              "data": {
                "entity": {
                  "id": "tagger:boatimagecycle2",
                  "match": "all",
                  "scene": "_active",
                  "name": "<i class=\"fas fa-tag fa-sm\"></i> boatimagecycle2"
                },
                "select": "1",
                "transition": "none",
                "speed": 1,
                "loop": 1
              },
              "id": "jsNGpPoX5HlFRwQR"
            },
            {
              "action": "tileimage",
              "data": {
                "entity": {
                  "id": "tagger:boatimagecycle1",
                  "match": "all",
                  "scene": "_active",
                  "name": "<i class=\"fas fa-tag fa-sm\"></i> boatimagecycle1"
                },
                "select": "1",
                "transition": "none",
                "speed": 1,
                "loop": 1
              },
              "id": "SLe5gjLdLtQ8QVTS"
            }
          ],
          "files": [],
          "name": "",
          "vision": false,
          "cooldown": null
        }
      },
      "texture": {
        "src": "fa_battlemaps/Maps/2022/October/fa_the-shipwreck-day/Text/Shipwreck.webp",
        "tint": "#000000",
        "scaleX": 1,
        "scaleY": 1,
        "offsetX": 0,
        "offsetY": 0,
        "rotation": 0,
        "anchorX": 0.5,
        "anchorY": 0.5,
        "fit": "fill",
        "alphaThreshold": 0.75
      },
      "sort": 14,
      "restrictions": {
        "light": false,
        "weather": false
      },
      "elevation": 0,
      "_key": "!scenes.tiles!qcuBND7YkXXIJhPj.IADSDrmcpJmynv7D"
    },
    {
      "_id": "frWrvuzwfbPoDWVG",
      "width": 300,
      "height": 50,
      "x": 3200,
      "y": 1150,
      "rotation": 0,
      "alpha": 1,
      "hidden": false,
      "locked": true,
      "occlusion": {
        "mode": 0,
        "alpha": 1
      },
      "video": {
        "loop": true,
        "autoplay": true,
        "volume": 0
      },
      "flags": {
        "tagger": {
          "tags": [
            "trigger2"
          ]
        },
        "monks-active-tiles": {
          "active": true,
          "record": false,
          "restriction": "all",
          "controlled": "gm",
          "trigger": [
            "dblclick"
          ],
          "allowpaused": false,
          "usealpha": false,
          "pointer": true,
          "pertoken": false,
          "minrequired": 0,
          "chance": 100,
          "fileindex": 0,
          "actions": [
            {
              "action": "alter",
              "data": {
                "entity": {
                  "id": "tagger:trigger2",
                  "match": "all",
                  "scene": "_active",
                  "name": "<i class=\"fas fa-tag fa-sm\"></i> trigger2"
                },
                "attribute": "texture.tint",
                "value": "#000000",
                "chatMessage": false,
                "rollmode": "roll"
              },
              "id": "ZIKXMiZbFqU438hu"
            },
            {
              "action": "alter",
              "data": {
                "entity": {
                  "id": "tagger:trigger3",
                  "match": "all",
                  "scene": "_active",
                  "name": "<i class=\"fas fa-tag fa-sm\"></i> trigger3"
                },
                "attribute": "texture.tint",
                "value": "#890101",
                "chatMessage": false,
                "rollmode": "roll"
              },
              "id": "NtIPgilhB3I0dC64"
            },
            {
              "action": "alter",
              "data": {
                "entity": {
                  "id": "tagger:trigger1",
                  "match": "all",
                  "scene": "_active",
                  "name": "<i class=\"fas fa-tag fa-sm\"></i> trigger1"
                },
                "attribute": "texture.tint",
                "value": "#890101",
                "chatMessage": false,
                "rollmode": "roll"
              },
              "id": "tcdJW8OqNUagZ0K8"
            },
            {
              "action": "alter",
              "data": {
                "entity": {
                  "id": "tagger:Shipwreck",
                  "match": "all",
                  "scene": "_active",
                  "name": "<i class=\"fas fa-tag fa-sm\"></i> Shipwreck"
                },
                "attribute": "alpha",
                "value": "0",
                "chatMessage": false,
                "rollmode": "roll"
              },
              "id": "FG728zdjOmOaabu9"
            },
            {
              "action": "tileimage",
              "data": {
                "entity": {
                  "id": "tagger:Base",
                  "match": "all",
                  "scene": "_active",
                  "name": "<i class=\"fas fa-tag fa-sm\"></i> Base"
                },
                "select": "first",
                "transition": "none",
                "speed": 1,
                "loop": 1
              },
              "id": "tSpO7583MX9aPgBg"
            },
            {
              "action": "tileimage",
              "data": {
                "entity": {
                  "id": "tagger:boatimagecycle1",
                  "match": "all",
                  "scene": "_active",
                  "name": "<i class=\"fas fa-tag fa-sm\"></i> boatimagecycle1"
                },
                "select": "1",
                "transition": "none",
                "speed": 1,
                "loop": 1
              },
              "id": "VRUbR6sL1VHlloEo"
            },
            {
              "action": "tileimage",
              "data": {
                "entity": {
                  "id": "tagger:boatimagecycle2",
                  "match": "all",
                  "scene": "_active",
                  "name": "<i class=\"fas fa-tag fa-sm\"></i> boatimagecycle2"
                },
                "select": "2",
                "transition": "none",
                "speed": 1,
                "loop": 1
              },
              "id": "OvdfFpLNdqPOpiqX"
            }
          ],
          "files": [],
          "name": "",
          "vision": false,
          "cooldown": null
        }
      },
      "texture": {
        "src": "fa_battlemaps/Maps/2022/October/fa_the-shipwreck-day/Text/RockyCoast.webp",
        "tint": "#890101",
        "scaleX": 1,
        "scaleY": 1,
        "offsetX": 0,
        "offsetY": 0,
        "rotation": 0,
        "anchorX": 0.5,
        "anchorY": 0.5,
        "fit": "fill",
        "alphaThreshold": 0.75
      },
      "sort": 13,
      "restrictions": {
        "light": false,
        "weather": false
      },
      "elevation": 0,
      "_key": "!scenes.tiles!qcuBND7YkXXIJhPj.frWrvuzwfbPoDWVG"
    },
    {
      "_id": "EGHokhEzRNl1Kuxh",
      "width": 300,
      "height": 50,
      "x": 3200,
      "y": 1450,
      "rotation": 0,
      "alpha": 1,
      "hidden": false,
      "locked": true,
      "occlusion": {
        "mode": 0,
        "alpha": 1
      },
      "video": {
        "loop": true,
        "autoplay": true,
        "volume": 0
      },
      "flags": {
        "tagger": {
          "tags": [
            "trigger5"
          ]
        },
        "monks-active-tiles": {
          "active": true,
          "record": false,
          "restriction": "all",
          "controlled": "gm",
          "trigger": [
            "dblclick"
          ],
          "allowpaused": false,
          "usealpha": false,
          "pointer": true,
          "pertoken": false,
          "minrequired": 0,
          "chance": 100,
          "fileindex": 0,
          "actions": [
            {
              "action": "alter",
              "data": {
                "entity": {
                  "id": "tile",
                  "name": "This Tile"
                },
                "attribute": "texture.tint",
                "value": "='{{entity.texture.tint}}' == '#000000' ? '#890101' : '#000000'",
                "chatMessage": false,
                "rollmode": "roll"
              },
              "id": "ZIKXMiZbFqU438hu"
            },
            {
              "action": "alter",
              "data": {
                "entity": {
                  "id": "tagger:trigger6",
                  "match": "all",
                  "scene": "_active",
                  "name": "<i class=\"fas fa-tag fa-sm\"></i> trigger6"
                },
                "attribute": "texture.tint",
                "value": "#890101",
                "chatMessage": false,
                "rollmode": "roll"
              },
              "id": "tcdJW8OqNUagZ0K8"
            },
            {
              "action": "alter",
              "data": {
                "entity": {
                  "id": "tagger:boat1",
                  "match": "all",
                  "scene": "_active",
                  "name": "<i class=\"fas fa-tag fa-sm\"></i> boat1"
                },
                "attribute": "alpha",
                "value": "={{entity.alpha}} == 0 ? 1 : 0",
                "chatMessage": false,
                "rollmode": "roll"
              },
              "id": "FG728zdjOmOaabu9"
            },
            {
              "action": "alter",
              "data": {
                "entity": {
                  "id": "tagger:boatwreck1",
                  "match": "all",
                  "scene": "_active",
                  "name": "<i class=\"fas fa-tag fa-sm\"></i> boatwreck1"
                },
                "attribute": "alpha",
                "value": "0",
                "chatMessage": false,
                "rollmode": "roll"
              },
              "id": "gwNSihMwNdY2Kp3q"
            }
          ],
          "files": [],
          "name": "",
          "vision": false,
          "cooldown": null
        }
      },
      "texture": {
        "src": "fa_battlemaps/Maps/2022/October/fa_the-shipwreck-day/Text/Boat1.webp",
        "tint": "#890101",
        "scaleX": 1,
        "scaleY": 1,
        "offsetX": 0,
        "offsetY": 0,
        "rotation": 0,
        "anchorX": 0.5,
        "anchorY": 0.5,
        "fit": "fill",
        "alphaThreshold": 0.75
      },
      "sort": 12,
      "restrictions": {
        "light": false,
        "weather": false
      },
      "elevation": 0,
      "_key": "!scenes.tiles!qcuBND7YkXXIJhPj.EGHokhEzRNl1Kuxh"
    },
    {
      "_id": "HUheLTaJZBUW6RXS",
      "width": 300,
      "height": 50,
      "x": 3200,
      "y": 1550,
      "rotation": 0,
      "alpha": 1,
      "hidden": false,
      "locked": true,
      "occlusion": {
        "mode": 0,
        "alpha": 1
      },
      "video": {
        "loop": true,
        "autoplay": true,
        "volume": 0
      },
      "flags": {
        "tagger": {
          "tags": [
            "trigger6"
          ]
        },
        "monks-active-tiles": {
          "active": true,
          "record": false,
          "restriction": "all",
          "controlled": "gm",
          "trigger": [
            "dblclick"
          ],
          "allowpaused": false,
          "usealpha": false,
          "pointer": true,
          "pertoken": false,
          "minrequired": 0,
          "chance": 100,
          "fileindex": 0,
          "actions": [
            {
              "action": "alter",
              "data": {
                "entity": {
                  "id": "tile",
                  "name": "This Tile"
                },
                "attribute": "texture.tint",
                "value": "='{{entity.texture.tint}}' == '#000000' ? '#890101' : '#000000'",
                "chatMessage": false,
                "rollmode": "roll"
              },
              "id": "ZIKXMiZbFqU438hu"
            },
            {
              "action": "alter",
              "data": {
                "entity": {
                  "id": "tagger:trigger5",
                  "match": "all",
                  "scene": "_active",
                  "name": "<i class=\"fas fa-tag fa-sm\"></i> trigger5"
                },
                "attribute": "texture.tint",
                "value": "#890101",
                "chatMessage": false,
                "rollmode": "roll"
              },
              "id": "tcdJW8OqNUagZ0K8"
            },
            {
              "action": "alter",
              "data": {
                "entity": {
                  "id": "tagger:boatwreck1",
                  "match": "all",
                  "scene": "_active",
                  "name": "<i class=\"fas fa-tag fa-sm\"></i> boatwreck1"
                },
                "attribute": "alpha",
                "value": "={{entity.alpha}} == 0 ? 1 : 0",
                "chatMessage": false,
                "rollmode": "roll"
              },
              "id": "FG728zdjOmOaabu9"
            },
            {
              "action": "alter",
              "data": {
                "entity": {
                  "id": "tagger:boat1",
                  "match": "all",
                  "scene": "_active",
                  "name": "<i class=\"fas fa-tag fa-sm\"></i> boat1"
                },
                "attribute": "alpha",
                "value": "0",
                "chatMessage": false,
                "rollmode": "roll"
              },
              "id": "TzgaV02kM9N0jgqT"
            }
          ],
          "files": [],
          "name": "",
          "vision": false,
          "cooldown": null
        }
      },
      "texture": {
        "src": "fa_battlemaps/Maps/2022/October/fa_the-shipwreck-day/Text/Boatwreck1.webp",
        "tint": "#890101",
        "scaleX": 1,
        "scaleY": 1,
        "offsetX": 0,
        "offsetY": 0,
        "rotation": 0,
        "anchorX": 0.5,
        "anchorY": 0.5,
        "fit": "fill",
        "alphaThreshold": 0.75
      },
      "sort": 11,
      "restrictions": {
        "light": false,
        "weather": false
      },
      "elevation": 0,
      "_key": "!scenes.tiles!qcuBND7YkXXIJhPj.HUheLTaJZBUW6RXS"
    },
    {
      "_id": "5YpgoILhNiJxRrh6",
      "width": 300,
      "height": 50,
      "x": 3200,
      "y": 1650,
      "rotation": 0,
      "alpha": 1,
      "hidden": false,
      "locked": true,
      "occlusion": {
        "mode": 0,
        "alpha": 1
      },
      "video": {
        "loop": true,
        "autoplay": true,
        "volume": 0
      },
      "flags": {
        "tagger": {
          "tags": [
            "trigger7"
          ]
        },
        "monks-active-tiles": {
          "active": true,
          "record": false,
          "restriction": "all",
          "controlled": "gm",
          "trigger": [
            "dblclick"
          ],
          "allowpaused": false,
          "usealpha": false,
          "pointer": true,
          "pertoken": false,
          "minrequired": 0,
          "chance": 100,
          "fileindex": 0,
          "actions": [
            {
              "action": "alter",
              "data": {
                "entity": {
                  "id": "tile",
                  "name": "This Tile"
                },
                "attribute": "texture.tint",
                "value": "='{{entity.texture.tint}}' == '#000000' ? '#890101' : '#000000'",
                "chatMessage": false,
                "rollmode": "roll"
              },
              "id": "ZIKXMiZbFqU438hu"
            },
            {
              "action": "alter",
              "data": {
                "entity": {
                  "id": "tagger:trigger8",
                  "match": "all",
                  "scene": "_active",
                  "name": "<i class=\"fas fa-tag fa-sm\"></i> trigger8"
                },
                "attribute": "texture.tint",
                "value": "#890101",
                "chatMessage": false,
                "rollmode": "roll"
              },
              "id": "tcdJW8OqNUagZ0K8"
            },
            {
              "action": "alter",
              "data": {
                "entity": {
                  "id": "tagger:boat2",
                  "match": "all",
                  "scene": "_active",
                  "name": "<i class=\"fas fa-tag fa-sm\"></i> boat2"
                },
                "attribute": "alpha",
                "value": "={{entity.alpha}} == 0 ? 1 : 0",
                "chatMessage": false,
                "rollmode": "roll"
              },
              "id": "FG728zdjOmOaabu9"
            },
            {
              "action": "alter",
              "data": {
                "entity": {
                  "id": "tagger:boatwreck2",
                  "match": "all",
                  "scene": "_active",
                  "name": "<i class=\"fas fa-tag fa-sm\"></i> boatwreck2"
                },
                "attribute": "alpha",
                "value": "0",
                "chatMessage": false,
                "rollmode": "roll"
              },
              "id": "WPzI6j2jVz4qc04d"
            }
          ],
          "files": [],
          "name": "",
          "vision": false,
          "cooldown": null
        }
      },
      "texture": {
        "src": "fa_battlemaps/Maps/2022/October/fa_the-shipwreck-day/Text/Boat2.webp",
        "tint": "#890101",
        "scaleX": 1,
        "scaleY": 1,
        "offsetX": 0,
        "offsetY": 0,
        "rotation": 0,
        "anchorX": 0.5,
        "anchorY": 0.5,
        "fit": "fill",
        "alphaThreshold": 0.75
      },
      "sort": 10,
      "restrictions": {
        "light": false,
        "weather": false
      },
      "elevation": 0,
      "_key": "!scenes.tiles!qcuBND7YkXXIJhPj.5YpgoILhNiJxRrh6"
    },
    {
      "_id": "pwGORnPLffiZIztJ",
      "width": 300,
      "height": 50,
      "x": 3204,
      "y": 1753,
      "rotation": 0,
      "alpha": 1,
      "hidden": false,
      "locked": true,
      "occlusion": {
        "mode": 0,
        "alpha": 1
      },
      "video": {
        "loop": true,
        "autoplay": true,
        "volume": 0
      },
      "flags": {
        "tagger": {
          "tags": [
            "trigger8"
          ]
        },
        "monks-active-tiles": {
          "active": true,
          "record": false,
          "restriction": "all",
          "controlled": "gm",
          "trigger": [
            "dblclick"
          ],
          "allowpaused": false,
          "usealpha": false,
          "pointer": true,
          "pertoken": false,
          "minrequired": 0,
          "chance": 100,
          "fileindex": 0,
          "actions": [
            {
              "action": "alter",
              "data": {
                "entity": {
                  "id": "tile",
                  "name": "This Tile"
                },
                "attribute": "texture.tint",
                "value": "='{{entity.texture.tint}}' == '#000000' ? '#890101' : '#000000'",
                "chatMessage": false,
                "rollmode": "roll"
              },
              "id": "ZIKXMiZbFqU438hu"
            },
            {
              "action": "alter",
              "data": {
                "entity": {
                  "id": "tagger:trigger7",
                  "match": "all",
                  "scene": "_active",
                  "name": "<i class=\"fas fa-tag fa-sm\"></i> trigger7"
                },
                "attribute": "texture.tint",
                "value": "#890101",
                "chatMessage": false,
                "rollmode": "roll"
              },
              "id": "tcdJW8OqNUagZ0K8"
            },
            {
              "action": "alter",
              "data": {
                "entity": {
                  "id": "tagger:boat2",
                  "match": "all",
                  "scene": "_active",
                  "name": "<i class=\"fas fa-tag fa-sm\"></i> boat2"
                },
                "attribute": "alpha",
                "value": "0",
                "chatMessage": false,
                "rollmode": "roll"
              },
              "id": "FG728zdjOmOaabu9"
            },
            {
              "action": "alter",
              "data": {
                "entity": {
                  "id": "tagger:boatwreck2",
                  "match": "all",
                  "scene": "_active",
                  "name": "<i class=\"fas fa-tag fa-sm\"></i> boatwreck2"
                },
                "attribute": "alpha",
                "value": "={{entity.alpha}} == 0 ? 1 : 0",
                "chatMessage": false,
                "rollmode": "roll"
              },
              "id": "biuMwwZm1CSBGIy2"
            }
          ],
          "files": [],
          "name": "",
          "vision": false,
          "cooldown": null
        }
      },
      "texture": {
        "src": "fa_battlemaps/Maps/2022/October/fa_the-shipwreck-day/Text/Boatwreck2.webp",
        "tint": "#890101",
        "scaleX": 1,
        "scaleY": 1,
        "offsetX": 0,
        "offsetY": 0,
        "rotation": 0,
        "anchorX": 0.5,
        "anchorY": 0.5,
        "fit": "fill",
        "alphaThreshold": 0.75
      },
      "sort": 8,
      "restrictions": {
        "light": false,
        "weather": false
      },
      "elevation": 0,
      "_key": "!scenes.tiles!qcuBND7YkXXIJhPj.pwGORnPLffiZIztJ"
    },
    {
      "_id": "ARq8mhbhw6IoIcsZ",
      "width": 300,
      "height": 50,
      "x": 3200,
      "y": 1850,
      "rotation": 0,
      "alpha": 1,
      "hidden": false,
      "locked": true,
      "occlusion": {
        "mode": 0,
        "alpha": 1
      },
      "video": {
        "loop": true,
        "autoplay": true,
        "volume": 0
      },
      "flags": {
        "tagger": {
          "tags": [
            "trigger9"
          ]
        },
        "monks-active-tiles": {
          "active": true,
          "record": false,
          "restriction": "all",
          "controlled": "gm",
          "trigger": [
            "dblclick"
          ],
          "allowpaused": false,
          "usealpha": false,
          "pointer": true,
          "pertoken": false,
          "minrequired": 0,
          "chance": 100,
          "fileindex": 0,
          "actions": [
            {
              "action": "alter",
              "data": {
                "entity": {
                  "id": "tile",
                  "name": "This Tile"
                },
                "attribute": "texture.tint",
                "value": "='{{entity.texture.tint}}' == '#000000' ? '#890101' : '#000000'",
                "chatMessage": false,
                "rollmode": "roll"
              },
              "id": "ZIKXMiZbFqU438hu"
            },
            {
              "action": "alter",
              "data": {
                "entity": {
                  "id": "tagger:chest",
                  "match": "all",
                  "scene": "_active",
                  "name": "<i class=\"fas fa-tag fa-sm\"></i> chest"
                },
                "attribute": "alpha",
                "value": "={{entity.alpha}} == 0 ? 1 : 0",
                "chatMessage": false,
                "rollmode": "roll"
              },
              "id": "FG728zdjOmOaabu9"
            },
            {
              "action": "activate",
              "data": {
                "entity": {
                  "id": "tagger:chesttrigger",
                  "match": "all",
                  "scene": "_active",
                  "name": "<i class=\"fas fa-tag fa-sm\"></i> chesttrigger"
                },
                "attribute": "alpha",
                "value": "={{entity.alpha}} == 0 ? 1 : 0",
                "chatMessage": false,
                "rollmode": "roll",
                "location": {},
                "item": {},
                "actor": {},
                "token": {},
                "activate": "toggle"
              },
              "id": "TivKWdJ66ON4Ddi5"
            }
          ],
          "files": [],
          "name": "",
          "vision": false,
          "cooldown": null
        }
      },
      "texture": {
        "src": "fa_battlemaps/Maps/2022/October/fa_the-shipwreck-day/Text/Chest.webp",
        "tint": "#000000",
        "scaleX": 1,
        "scaleY": 1,
        "offsetX": 0,
        "offsetY": 0,
        "rotation": 0,
        "anchorX": 0.5,
        "anchorY": 0.5,
        "fit": "fill",
        "alphaThreshold": 0.75
      },
      "sort": 7,
      "restrictions": {
        "light": false,
        "weather": false
      },
      "elevation": 0,
      "_key": "!scenes.tiles!qcuBND7YkXXIJhPj.ARq8mhbhw6IoIcsZ"
    },
    {
      "_id": "maJelnOearzgpNv7",
      "width": 369.8,
      "height": 1117.3,
      "x": 3176,
      "y": 928,
      "rotation": 0,
      "alpha": 1,
      "hidden": false,
      "locked": true,
      "occlusion": {
        "mode": 0,
        "alpha": 1
      },
      "video": {
        "loop": true,
        "autoplay": true,
        "volume": 0
      },
      "flags": {},
      "texture": {
        "src": "modules/fa-battlemaps/images/Scroll.webp",
        "scaleX": 1,
        "scaleY": 1,
        "offsetX": 0,
        "offsetY": 0,
        "rotation": 0,
        "tint": "#ffffff",
        "anchorX": 0.5,
        "anchorY": 0.5,
        "fit": "fill",
        "alphaThreshold": 0.75
      },
      "sort": 2,
      "restrictions": {
        "light": false,
        "weather": false
      },
      "elevation": 0,
      "_key": "!scenes.tiles!qcuBND7YkXXIJhPj.maJelnOearzgpNv7"
    },
    {
      "_id": "Z611VybRT17eU73e",
      "width": 177,
      "height": 5.5,
      "x": 3266,
      "y": 1826,
      "rotation": 0,
      "alpha": 1,
      "hidden": false,
      "locked": true,
      "occlusion": {
        "mode": 0,
        "alpha": 1
      },
      "video": {
        "loop": true,
        "autoplay": true,
        "volume": 0
      },
      "flags": {},
      "texture": {
        "src": "modules/fa-battlemaps/images/Swoosh.webp",
        "scaleX": 1,
        "scaleY": 1,
        "offsetX": 0,
        "offsetY": 0,
        "rotation": 0,
        "tint": "#ffffff",
        "anchorX": 0.5,
        "anchorY": 0.5,
        "fit": "fill",
        "alphaThreshold": 0.75
      },
      "sort": 6,
      "restrictions": {
        "light": false,
        "weather": false
      },
      "elevation": 0,
      "_key": "!scenes.tiles!qcuBND7YkXXIJhPj.Z611VybRT17eU73e"
    },
    {
      "_id": "8I9oAtglV8fwRE4R",
      "width": 177,
      "height": 5.5,
      "x": 3263,
      "y": 1423,
      "rotation": 0,
      "alpha": 1,
      "hidden": false,
      "locked": true,
      "occlusion": {
        "mode": 0,
        "alpha": 1
      },
      "video": {
        "loop": true,
        "autoplay": true,
        "volume": 0
      },
      "flags": {},
      "texture": {
        "src": "modules/fa-battlemaps/images/Swoosh.webp",
        "scaleX": 1,
        "scaleY": 1,
        "offsetX": 0,
        "offsetY": 0,
        "rotation": 0,
        "tint": "#ffffff",
        "anchorX": 0.5,
        "anchorY": 0.5,
        "fit": "fill",
        "alphaThreshold": 0.75
      },
      "sort": 5,
      "restrictions": {
        "light": false,
        "weather": false
      },
      "elevation": 0,
      "_key": "!scenes.tiles!qcuBND7YkXXIJhPj.8I9oAtglV8fwRE4R"
    },
    {
      "_id": "zuZVLtb0piF027Zz",
      "width": 177,
      "height": 5.5,
      "x": 3268,
      "y": 1621,
      "rotation": 0,
      "alpha": 1,
      "hidden": false,
      "locked": true,
      "occlusion": {
        "mode": 0,
        "alpha": 1
      },
      "video": {
        "loop": true,
        "autoplay": true,
        "volume": 0
      },
      "flags": {},
      "texture": {
        "src": "modules/fa-battlemaps/images/Swoosh.webp",
        "scaleX": 1,
        "scaleY": 1,
        "offsetX": 0,
        "offsetY": 0,
        "rotation": 0,
        "tint": "#ffffff",
        "anchorX": 0.5,
        "anchorY": 0.5,
        "fit": "fill",
        "alphaThreshold": 0.75
      },
      "sort": 4,
      "restrictions": {
        "light": false,
        "weather": false
      },
      "elevation": 0,
      "_key": "!scenes.tiles!qcuBND7YkXXIJhPj.zuZVLtb0piF027Zz"
    },
    {
      "_id": "GE9mZ3iufXhzfMkG",
      "width": 177,
      "height": 5.5,
      "x": 3265,
      "y": 1311,
      "rotation": 0,
      "alpha": 1,
      "hidden": false,
      "locked": true,
      "occlusion": {
        "mode": 0,
        "alpha": 1
      },
      "video": {
        "loop": true,
        "autoplay": true,
        "volume": 0
      },
      "flags": {},
      "texture": {
        "src": "modules/fa-battlemaps/images/Swoosh.webp",
        "scaleX": 1,
        "scaleY": 1,
        "offsetX": 0,
        "offsetY": 0,
        "rotation": 0,
        "tint": "#ffffff",
        "anchorX": 0.5,
        "anchorY": 0.5,
        "fit": "fill",
        "alphaThreshold": 0.75
      },
      "sort": 3,
      "restrictions": {
        "light": false,
        "weather": false
      },
      "elevation": 0,
      "_key": "!scenes.tiles!qcuBND7YkXXIJhPj.GE9mZ3iufXhzfMkG"
    },
    {
      "_id": "oG1aReBv1xmEZIde",
      "width": 300,
      "height": 50,
      "x": 3202,
      "y": 1347,
      "rotation": 0,
      "alpha": 1,
      "hidden": false,
      "locked": true,
      "occlusion": {
        "mode": 0,
        "alpha": 1
      },
      "video": {
        "loop": true,
        "autoplay": true,
        "volume": 0
      },
      "flags": {
        "tagger": {
          "tags": [
            "tigger4"
          ]
        },
        "monks-active-tiles": {
          "active": true,
          "record": false,
          "restriction": "all",
          "controlled": "gm",
          "trigger": [
            "dblclick"
          ],
          "allowpaused": false,
          "usealpha": false,
          "pointer": true,
          "pertoken": false,
          "minrequired": 0,
          "chance": 100,
          "fileindex": 0,
          "actions": [
            {
              "action": "alter",
              "data": {
                "entity": {
                  "id": "tile",
                  "name": "This Tile"
                },
                "attribute": "texture.tint",
                "value": "='{{entity.texture.tint}}' == '#000000' ? '#890101' : '#000000'",
                "chatMessage": false,
                "rollmode": "roll"
              },
              "id": "ZIKXMiZbFqU438hu"
            },
            {
              "action": "alter",
              "data": {
                "entity": {
                  "id": "tagger:boatbow",
                  "match": "all",
                  "scene": "_active",
                  "name": "<i class=\"fas fa-tag fa-sm\"></i> boatbow"
                },
                "attribute": "alpha",
                "value": "={{entity.alpha}} == 0 ? 1 : 0",
                "chatMessage": false,
                "rollmode": "roll"
              },
              "id": "FG728zdjOmOaabu9"
            },
            {
              "action": "activate",
              "data": {
                "entity": {
                  "id": "tagger:shipbowsound",
                  "match": "all",
                  "scene": "_active",
                  "name": "<i class=\"fas fa-tag fa-sm\"></i> shipbowsound"
                },
                "attribute": "alpha",
                "value": "={{entity.alpha}} == 0 ? 1 : 0",
                "chatMessage": false,
                "rollmode": "roll",
                "location": {},
                "item": {},
                "actor": {},
                "token": {},
                "activate": "toggle"
              },
              "id": "4vsF9vDHIBts7ltK"
            }
          ],
          "files": [],
          "name": "",
          "vision": false,
          "cooldown": null
        }
      },
      "texture": {
        "src": "fa_battlemaps/Maps/2022/October/fa_the-shipwreck-day/Text/Shipbow.webp",
        "tint": "#890101",
        "scaleX": 1,
        "scaleY": 1,
        "offsetX": 0,
        "offsetY": 0,
        "rotation": 0,
        "anchorX": 0.5,
        "anchorY": 0.5,
        "fit": "fill",
        "alphaThreshold": 0.75
      },
      "sort": 9,
      "restrictions": {
        "light": false,
        "weather": false
      },
      "elevation": 0,
      "_key": "!scenes.tiles!qcuBND7YkXXIJhPj.oG1aReBv1xmEZIde"
    },
    {
      "_id": "LGwbOodrMhWveXfU",
      "width": 300,
      "height": 700,
      "x": 1400,
      "y": 2100,
      "rotation": 0,
      "alpha": 0,
      "hidden": false,
      "locked": true,
      "occlusion": {
        "mode": 0,
        "alpha": 1
      },
      "video": {
        "loop": true,
        "autoplay": true,
        "volume": 0
      },
      "flags": {
        "tagger": {
          "tags": [
            "boatwreck2",
            "boatimagecycle2"
          ]
        },
        "monks-active-tiles": {
          "active": true,
          "record": false,
          "restriction": "all",
          "controlled": "gm",
          "trigger": [
            "enter"
          ],
          "allowpaused": false,
          "usealpha": false,
          "pointer": false,
          "pertoken": false,
          "minrequired": 0,
          "chance": 100,
          "fileindex": 2,
          "actions": [],
          "files": [
            {
              "id": "SdhR7KbqwiTnAMnp",
              "name": "fa_battlemaps/Maps/2022/October/fa_the-shipwreck-day/Tiles/Wreckedboat1.webp",
              "selected": true
            },
            {
              "id": "ZpsPXbhR4g9EYRly",
              "name": "fa_battlemaps/Maps/2022/October/fa_the-shipwreck-day/Tiles/Wreckedboat2.webp",
              "selected": false
            },
            {
              "id": "oG8Du1BXem17WjxV",
              "name": "fa_battlemaps/Maps/2022/October/fa_the-shipwreck-day/Tiles/Wreckedboat3.webp",
              "selected": false
            }
          ],
          "name": "",
          "vision": false,
          "cooldown": null
        }
      },
      "texture": {
        "src": "fa_battlemaps/Maps/2022/October/fa_the-shipwreck-day/Tiles/Wreckedboat3.webp",
        "tint": "#ffffff",
        "scaleX": 1,
        "scaleY": 1,
        "offsetX": 0,
        "offsetY": 0,
        "rotation": 0,
        "anchorX": 0.5,
        "anchorY": 0.5,
        "fit": "fill",
        "alphaThreshold": 0.75
      },
      "sort": 19,
      "restrictions": {
        "light": false,
        "weather": false
      },
      "elevation": 0,
      "_key": "!scenes.tiles!qcuBND7YkXXIJhPj.LGwbOodrMhWveXfU"
    },
    {
      "_id": "1XufbYSa7zSFIsFb",
      "width": 300,
      "height": 600,
      "x": 1000,
      "y": 2300,
      "rotation": 0,
      "alpha": 0,
      "hidden": false,
      "locked": true,
      "occlusion": {
        "mode": 0,
        "alpha": 1
      },
      "video": {
        "loop": true,
        "autoplay": true,
        "volume": 0
      },
      "flags": {
        "tagger": {
          "tags": [
            "boatwreck1",
            "boatimagecycle1"
          ]
        },
        "monks-active-tiles": {
          "active": true,
          "record": false,
          "restriction": "all",
          "controlled": "gm",
          "trigger": [
            "enter"
          ],
          "allowpaused": false,
          "usealpha": false,
          "pointer": false,
          "pertoken": false,
          "minrequired": 0,
          "chance": 100,
          "fileindex": 1,
          "actions": [],
          "files": [
            {
              "id": "3dA4oRYMihuWambw",
              "name": "fa_battlemaps/Maps/2022/October/fa_the-shipwreck-day/Tiles/Wreckedboat4.webp",
              "selected": true
            },
            {
              "id": "VnRimF7GbwWartd6",
              "name": "fa_battlemaps/Maps/2022/October/fa_the-shipwreck-day/Tiles/Wreckedboat5.webp",
              "selected": false
            }
          ],
          "name": "",
          "vision": false,
          "cooldown": null
        }
      },
      "texture": {
        "src": "fa_battlemaps/Maps/2022/October/fa_the-shipwreck-day/Tiles/Wreckedboat5.webp",
        "tint": "#ffffff",
        "scaleX": 1,
        "scaleY": 1,
        "offsetX": 0,
        "offsetY": 0,
        "rotation": 0,
        "anchorX": 0.5,
        "anchorY": 0.5,
        "fit": "fill",
        "alphaThreshold": 0.75
      },
      "sort": 18,
      "restrictions": {
        "light": false,
        "weather": false
      },
      "elevation": 0,
      "_key": "!scenes.tiles!qcuBND7YkXXIJhPj.1XufbYSa7zSFIsFb"
    },
    {
      "_id": "7OgujlKXxQ232xyQ",
      "width": 98,
      "height": 102,
      "x": 1129,
      "y": 1635,
      "rotation": 0,
      "alpha": 1,
      "hidden": false,
      "locked": false,
      "occlusion": {
        "mode": 1,
        "alpha": 1
      },
      "video": {
        "loop": true,
        "autoplay": true,
        "volume": 0
      },
      "flags": {
        "monks-active-tiles": {
          "actions": [
            {
              "action": "tileimage",
              "data": {
                "entity": {
                  "id": "tagger:chest",
                  "match": "all",
                  "scene": "_active",
                  "name": "<i class=\"fas fa-tag fa-sm\"></i> chest"
                },
                "select": "next",
                "transition": "none",
                "speed": 1,
                "loop": 1
              },
              "id": "1qjcIU1FMsXQH8Ee"
            },
            {
              "action": "playsound",
              "data": {
                "audiofile": "fa_battlemaps/Audio/openchest.ogg",
                "audiofor": "all",
                "volume": 0.3,
                "loop": false,
                "fade": 0.25,
                "scenerestrict": false,
                "prevent": false
              },
              "id": "nIWmgdCjk7v7qTWR"
            }
          ],
          "active": false,
          "restriction": "all",
          "controlled": "gm",
          "trigger": "dblclick",
          "allowpaused": true,
          "pointer": true,
          "record": false,
          "usealpha": false,
          "pertoken": false,
          "minrequired": 0,
          "chance": 50,
          "fileindex": -1,
          "files": []
        },
        "tagger": {
          "tags": [
            "chesttrigger"
          ]
        }
      },
      "texture": {
        "src": "modules/fa-battlemaps/images/Transparent.webp",
        "tint": "#ffffff",
        "scaleX": 1,
        "scaleY": 1,
        "offsetX": 0,
        "offsetY": 0,
        "rotation": 0,
        "anchorX": 0.5,
        "anchorY": 0.5,
        "fit": "fill",
        "alphaThreshold": 0.75
      },
      "elevation": 20,
      "sort": 100,
      "restrictions": {
        "light": false,
        "weather": false
      },
      "_key": "!scenes.tiles!qcuBND7YkXXIJhPj.7OgujlKXxQ232xyQ"
    }
  ],
  "walls": [
    {
      "_id": "Kus3vnUGfhmw2WQJ",
      "c": [
        3200,
        4900,
        700,
        4900
      ],
      "light": 20,
      "move": 20,
      "sight": 20,
      "sound": 20,
      "dir": 0,
      "door": 0,
      "ds": 0,
      "flags": {},
      "threshold": {
        "light": null,
        "sight": null,
        "sound": null,
        "attenuation": false
      },
      "_key": "!scenes.walls!qcuBND7YkXXIJhPj.Kus3vnUGfhmw2WQJ"
    },
    {
      "_id": "PNqDI5z0Bbcnckg9",
      "c": [
        700,
        4900,
        700,
        1000
      ],
      "light": 20,
      "move": 20,
      "sight": 20,
      "sound": 20,
      "dir": 0,
      "door": 0,
      "ds": 0,
      "flags": {},
      "threshold": {
        "light": null,
        "sight": null,
        "sound": null,
        "attenuation": false
      },
      "_key": "!scenes.walls!qcuBND7YkXXIJhPj.PNqDI5z0Bbcnckg9"
    },
    {
      "_id": "K6YsYwvSn1hEbG3j",
      "c": [
        700,
        1000,
        3200,
        1000
      ],
      "light": 20,
      "move": 20,
      "sight": 20,
      "sound": 20,
      "dir": 0,
      "door": 0,
      "ds": 0,
      "flags": {},
      "threshold": {
        "light": null,
        "sight": null,
        "sound": null,
        "attenuation": false
      },
      "_key": "!scenes.walls!qcuBND7YkXXIJhPj.K6YsYwvSn1hEbG3j"
    },
    {
      "_id": "iMSBKD8IYXE2nAYZ",
      "c": [
        3200,
        1000,
        3200,
        4900
      ],
      "light": 20,
      "move": 20,
      "sight": 20,
      "sound": 20,
      "dir": 0,
      "door": 0,
      "ds": 0,
      "flags": {},
      "threshold": {
        "light": null,
        "sight": null,
        "sound": null,
        "attenuation": false
      },
      "_key": "!scenes.walls!qcuBND7YkXXIJhPj.iMSBKD8IYXE2nAYZ"
    },
    {
      "_id": "fzDRRWHlkS4b27IB",
      "c": [
        1437,
        1337,
        1387,
        1350
      ],
      "light": 0,
      "move": 20,
      "sight": 0,
      "sound": 0,
      "dir": 0,
      "door": 0,
      "ds": 0,
      "flags": {
        "tagger": {
          "tags": ""
        },
        "monks-active-tiles": {
          "entity": "",
          "open": false,
          "close": false,
          "lock": false,
          "checklock": false,
          "secret": false
        }
      },
      "threshold": {
        "light": null,
        "sight": null,
        "sound": null,
        "attenuation": false
      },
      "_key": "!scenes.walls!qcuBND7YkXXIJhPj.fzDRRWHlkS4b27IB"
    },
    {
      "_id": "HOQ5vxZfIJ50U0IT",
      "c": [
        1387,
        1350,
        1387,
        1400
      ],
      "light": 0,
      "move": 20,
      "sight": 0,
      "sound": 0,
      "dir": 0,
      "door": 0,
      "ds": 0,
      "flags": {
        "tagger": {
          "tags": ""
        },
        "monks-active-tiles": {
          "entity": "",
          "open": false,
          "close": false,
          "lock": false,
          "checklock": false,
          "secret": false
        }
      },
      "threshold": {
        "light": null,
        "sight": null,
        "sound": null,
        "attenuation": false
      },
      "_key": "!scenes.walls!qcuBND7YkXXIJhPj.HOQ5vxZfIJ50U0IT"
    },
    {
      "_id": "He4huMtS5iu0KMDU",
      "c": [
        1387,
        1400,
        1437,
        1387
      ],
      "light": 0,
      "move": 20,
      "sight": 0,
      "sound": 0,
      "dir": 0,
      "door": 0,
      "ds": 0,
      "flags": {
        "tagger": {
          "tags": ""
        },
        "monks-active-tiles": {
          "entity": "",
          "open": false,
          "close": false,
          "lock": false,
          "checklock": false,
          "secret": false
        }
      },
      "threshold": {
        "light": null,
        "sight": null,
        "sound": null,
        "attenuation": false
      },
      "_key": "!scenes.walls!qcuBND7YkXXIJhPj.He4huMtS5iu0KMDU"
    },
    {
      "_id": "jQOVGwXtfUFqOV9a",
      "c": [
        1437,
        1387,
        1437,
        1337
      ],
      "light": 0,
      "move": 20,
      "sight": 0,
      "sound": 0,
      "dir": 0,
      "door": 0,
      "ds": 0,
      "flags": {
        "tagger": {
          "tags": ""
        },
        "monks-active-tiles": {
          "entity": "",
          "open": false,
          "close": false,
          "lock": false,
          "checklock": false,
          "secret": false
        }
      },
      "threshold": {
        "light": null,
        "sight": null,
        "sound": null,
        "attenuation": false
      },
      "_key": "!scenes.walls!qcuBND7YkXXIJhPj.jQOVGwXtfUFqOV9a"
    },
    {
      "_id": "DhvN8hm7wEEHHycq",
      "c": [
        1037,
        1100,
        1000,
        1100
      ],
      "light": 0,
      "move": 20,
      "sight": 0,
      "sound": 0,
      "dir": 0,
      "door": 0,
      "ds": 0,
      "flags": {
        "tagger": {
          "tags": ""
        },
        "monks-active-tiles": {
          "entity": "",
          "open": false,
          "close": false,
          "lock": false,
          "checklock": false,
          "secret": false
        }
      },
      "threshold": {
        "light": null,
        "sight": null,
        "sound": null,
        "attenuation": false
      },
      "_key": "!scenes.walls!qcuBND7YkXXIJhPj.DhvN8hm7wEEHHycq"
    },
    {
      "_id": "DQuSx3YF3EPk3nyn",
      "c": [
        1000,
        1100,
        1000,
        1137
      ],
      "light": 0,
      "move": 20,
      "sight": 0,
      "sound": 0,
      "dir": 0,
      "door": 0,
      "ds": 0,
      "flags": {
        "tagger": {
          "tags": ""
        },
        "monks-active-tiles": {
          "entity": "",
          "open": false,
          "close": false,
          "lock": false,
          "checklock": false,
          "secret": false
        }
      },
      "threshold": {
        "light": null,
        "sight": null,
        "sound": null,
        "attenuation": false
      },
      "_key": "!scenes.walls!qcuBND7YkXXIJhPj.DQuSx3YF3EPk3nyn"
    },
    {
      "_id": "nlQKBbhRrOGyZJmD",
      "c": [
        1000,
        1137,
        1037,
        1137
      ],
      "light": 0,
      "move": 20,
      "sight": 0,
      "sound": 0,
      "dir": 0,
      "door": 0,
      "ds": 0,
      "flags": {
        "tagger": {
          "tags": ""
        },
        "monks-active-tiles": {
          "entity": "",
          "open": false,
          "close": false,
          "lock": false,
          "checklock": false,
          "secret": false
        }
      },
      "threshold": {
        "light": null,
        "sight": null,
        "sound": null,
        "attenuation": false
      },
      "_key": "!scenes.walls!qcuBND7YkXXIJhPj.nlQKBbhRrOGyZJmD"
    },
    {
      "_id": "AdYS0GvC5LJ5zha2",
      "c": [
        1037,
        1137,
        1037,
        1100
      ],
      "light": 0,
      "move": 20,
      "sight": 0,
      "sound": 0,
      "dir": 0,
      "door": 0,
      "ds": 0,
      "flags": {
        "tagger": {
          "tags": ""
        },
        "monks-active-tiles": {
          "entity": "",
          "open": false,
          "close": false,
          "lock": false,
          "checklock": false,
          "secret": false
        }
      },
      "threshold": {
        "light": null,
        "sight": null,
        "sound": null,
        "attenuation": false
      },
      "_key": "!scenes.walls!qcuBND7YkXXIJhPj.AdYS0GvC5LJ5zha2"
    },
    {
      "_id": "soxt9Qh0AHucceh0",
      "c": [
        2650,
        1325,
        2600,
        1362
      ],
      "light": 0,
      "move": 20,
      "sight": 0,
      "sound": 0,
      "dir": 0,
      "door": 0,
      "ds": 0,
      "flags": {
        "tagger": {
          "tags": ""
        },
        "monks-active-tiles": {
          "entity": "",
          "open": false,
          "close": false,
          "lock": false,
          "checklock": false,
          "secret": false
        }
      },
      "threshold": {
        "light": null,
        "sight": null,
        "sound": null,
        "attenuation": false
      },
      "_key": "!scenes.walls!qcuBND7YkXXIJhPj.soxt9Qh0AHucceh0"
    },
    {
      "_id": "bBQM3Fyh6VgODQrx",
      "c": [
        2600,
        1362,
        2550,
        1325
      ],
      "light": 0,
      "move": 20,
      "sight": 0,
      "sound": 0,
      "dir": 0,
      "door": 0,
      "ds": 0,
      "flags": {
        "tagger": {
          "tags": ""
        },
        "monks-active-tiles": {
          "entity": "",
          "open": false,
          "close": false,
          "lock": false,
          "checklock": false,
          "secret": false
        }
      },
      "threshold": {
        "light": null,
        "sight": null,
        "sound": null,
        "attenuation": false
      },
      "_key": "!scenes.walls!qcuBND7YkXXIJhPj.bBQM3Fyh6VgODQrx"
    },
    {
      "_id": "izy1pXiY4FQY0THn",
      "c": [
        2550,
        1325,
        2600,
        1287
      ],
      "light": 0,
      "move": 20,
      "sight": 0,
      "sound": 0,
      "dir": 0,
      "door": 0,
      "ds": 0,
      "flags": {
        "tagger": {
          "tags": ""
        },
        "monks-active-tiles": {
          "entity": "",
          "open": false,
          "close": false,
          "lock": false,
          "checklock": false,
          "secret": false
        }
      },
      "threshold": {
        "light": null,
        "sight": null,
        "sound": null,
        "attenuation": false
      },
      "_key": "!scenes.walls!qcuBND7YkXXIJhPj.izy1pXiY4FQY0THn"
    },
    {
      "_id": "QSOGLegTU70MtSel",
      "c": [
        2600,
        1287,
        2650,
        1325
      ],
      "light": 0,
      "move": 20,
      "sight": 0,
      "sound": 0,
      "dir": 0,
      "door": 0,
      "ds": 0,
      "flags": {
        "tagger": {
          "tags": ""
        },
        "monks-active-tiles": {
          "entity": "",
          "open": false,
          "close": false,
          "lock": false,
          "checklock": false,
          "secret": false
        }
      },
      "threshold": {
        "light": null,
        "sight": null,
        "sound": null,
        "attenuation": false
      },
      "_key": "!scenes.walls!qcuBND7YkXXIJhPj.QSOGLegTU70MtSel"
    },
    {
      "_id": "SyvDzDJOQ2mN92Wj",
      "c": [
        2825,
        1237,
        2812,
        1287
      ],
      "light": 0,
      "move": 20,
      "sight": 0,
      "sound": 0,
      "dir": 0,
      "door": 0,
      "ds": 0,
      "flags": {
        "tagger": {
          "tags": ""
        },
        "monks-active-tiles": {
          "entity": "",
          "open": false,
          "close": false,
          "lock": false,
          "checklock": false,
          "secret": false
        }
      },
      "threshold": {
        "light": null,
        "sight": null,
        "sound": null,
        "attenuation": false
      },
      "_key": "!scenes.walls!qcuBND7YkXXIJhPj.SyvDzDJOQ2mN92Wj"
    },
    {
      "_id": "nEXZovjC5kPUeKEu",
      "c": [
        2812,
        1287,
        2750,
        1262
      ],
      "light": 0,
      "move": 20,
      "sight": 0,
      "sound": 0,
      "dir": 0,
      "door": 0,
      "ds": 0,
      "flags": {
        "tagger": {
          "tags": ""
        },
        "monks-active-tiles": {
          "entity": "",
          "open": false,
          "close": false,
          "lock": false,
          "checklock": false,
          "secret": false
        }
      },
      "threshold": {
        "light": null,
        "sight": null,
        "sound": null,
        "attenuation": false
      },
      "_key": "!scenes.walls!qcuBND7YkXXIJhPj.nEXZovjC5kPUeKEu"
    },
    {
      "_id": "t938MGmsWtALmODR",
      "c": [
        2750,
        1262,
        2775,
        1212
      ],
      "light": 0,
      "move": 20,
      "sight": 0,
      "sound": 0,
      "dir": 0,
      "door": 0,
      "ds": 0,
      "flags": {
        "tagger": {
          "tags": ""
        },
        "monks-active-tiles": {
          "entity": "",
          "open": false,
          "close": false,
          "lock": false,
          "checklock": false,
          "secret": false
        }
      },
      "threshold": {
        "light": null,
        "sight": null,
        "sound": null,
        "attenuation": false
      },
      "_key": "!scenes.walls!qcuBND7YkXXIJhPj.t938MGmsWtALmODR"
    },
    {
      "_id": "PdV8Ox29cEIk4dX8",
      "c": [
        2775,
        1212,
        2825,
        1237
      ],
      "light": 0,
      "move": 20,
      "sight": 0,
      "sound": 0,
      "dir": 0,
      "door": 0,
      "ds": 0,
      "flags": {
        "tagger": {
          "tags": ""
        },
        "monks-active-tiles": {
          "entity": "",
          "open": false,
          "close": false,
          "lock": false,
          "checklock": false,
          "secret": false
        }
      },
      "threshold": {
        "light": null,
        "sight": null,
        "sound": null,
        "attenuation": false
      },
      "_key": "!scenes.walls!qcuBND7YkXXIJhPj.PdV8Ox29cEIk4dX8"
    },
    {
      "_id": "StbuyJvB5fpEimwl",
      "c": [
        850,
        1687,
        812,
        1737
      ],
      "light": 0,
      "move": 20,
      "sight": 0,
      "sound": 0,
      "dir": 0,
      "door": 0,
      "ds": 0,
      "flags": {
        "tagger": {
          "tags": ""
        },
        "monks-active-tiles": {
          "entity": "",
          "open": false,
          "close": false,
          "lock": false,
          "checklock": false,
          "secret": false
        }
      },
      "threshold": {
        "light": null,
        "sight": null,
        "sound": null,
        "attenuation": false
      },
      "_key": "!scenes.walls!qcuBND7YkXXIJhPj.StbuyJvB5fpEimwl"
    },
    {
      "_id": "yqI23vZRxX61lYwf",
      "c": [
        812,
        1737,
        775,
        1700
      ],
      "light": 0,
      "move": 20,
      "sight": 0,
      "sound": 0,
      "dir": 0,
      "door": 0,
      "ds": 0,
      "flags": {
        "tagger": {
          "tags": ""
        },
        "monks-active-tiles": {
          "entity": "",
          "open": false,
          "close": false,
          "lock": false,
          "checklock": false,
          "secret": false
        }
      },
      "threshold": {
        "light": null,
        "sight": null,
        "sound": null,
        "attenuation": false
      },
      "_key": "!scenes.walls!qcuBND7YkXXIJhPj.yqI23vZRxX61lYwf"
    },
    {
      "_id": "L8m5Xd9MUzGhOnox",
      "c": [
        775,
        1700,
        800,
        1675
      ],
      "light": 0,
      "move": 20,
      "sight": 0,
      "sound": 0,
      "dir": 0,
      "door": 0,
      "ds": 0,
      "flags": {
        "tagger": {
          "tags": ""
        },
        "monks-active-tiles": {
          "entity": "",
          "open": false,
          "close": false,
          "lock": false,
          "checklock": false,
          "secret": false
        }
      },
      "threshold": {
        "light": null,
        "sight": null,
        "sound": null,
        "attenuation": false
      },
      "_key": "!scenes.walls!qcuBND7YkXXIJhPj.L8m5Xd9MUzGhOnox"
    },
    {
      "_id": "WLU9bxmlnJtf6cir",
      "c": [
        800,
        1675,
        850,
        1687
      ],
      "light": 0,
      "move": 20,
      "sight": 0,
      "sound": 0,
      "dir": 0,
      "door": 0,
      "ds": 0,
      "flags": {
        "tagger": {
          "tags": ""
        },
        "monks-active-tiles": {
          "entity": "",
          "open": false,
          "close": false,
          "lock": false,
          "checklock": false,
          "secret": false
        }
      },
      "threshold": {
        "light": null,
        "sight": null,
        "sound": null,
        "attenuation": false
      },
      "_key": "!scenes.walls!qcuBND7YkXXIJhPj.WLU9bxmlnJtf6cir"
    },
    {
      "_id": "86Vuqm2EYFjBGRku",
      "c": [
        3062,
        1625,
        3037,
        1637
      ],
      "light": 0,
      "move": 20,
      "sight": 0,
      "sound": 0,
      "dir": 0,
      "door": 0,
      "ds": 0,
      "flags": {
        "tagger": {
          "tags": ""
        },
        "monks-active-tiles": {
          "entity": "",
          "open": false,
          "close": false,
          "lock": false,
          "checklock": false,
          "secret": false
        }
      },
      "threshold": {
        "light": null,
        "sight": null,
        "sound": null,
        "attenuation": false
      },
      "_key": "!scenes.walls!qcuBND7YkXXIJhPj.86Vuqm2EYFjBGRku"
    },
    {
      "_id": "txQe3u5p34aZPtD3",
      "c": [
        3037,
        1637,
        3012,
        1600
      ],
      "light": 0,
      "move": 20,
      "sight": 0,
      "sound": 0,
      "dir": 0,
      "door": 0,
      "ds": 0,
      "flags": {
        "tagger": {
          "tags": ""
        },
        "monks-active-tiles": {
          "entity": "",
          "open": false,
          "close": false,
          "lock": false,
          "checklock": false,
          "secret": false
        }
      },
      "threshold": {
        "light": null,
        "sight": null,
        "sound": null,
        "attenuation": false
      },
      "_key": "!scenes.walls!qcuBND7YkXXIJhPj.txQe3u5p34aZPtD3"
    },
    {
      "_id": "qdCAZTHUbAOQrVjm",
      "c": [
        3012,
        1600,
        3037,
        1575
      ],
      "light": 0,
      "move": 20,
      "sight": 0,
      "sound": 0,
      "dir": 0,
      "door": 0,
      "ds": 0,
      "flags": {
        "tagger": {
          "tags": ""
        },
        "monks-active-tiles": {
          "entity": "",
          "open": false,
          "close": false,
          "lock": false,
          "checklock": false,
          "secret": false
        }
      },
      "threshold": {
        "light": null,
        "sight": null,
        "sound": null,
        "attenuation": false
      },
      "_key": "!scenes.walls!qcuBND7YkXXIJhPj.qdCAZTHUbAOQrVjm"
    },
    {
      "_id": "iwLzyA0eiooV87Ag",
      "c": [
        3037,
        1575,
        3062,
        1625
      ],
      "light": 0,
      "move": 20,
      "sight": 0,
      "sound": 0,
      "dir": 0,
      "door": 0,
      "ds": 0,
      "flags": {
        "tagger": {
          "tags": ""
        },
        "monks-active-tiles": {
          "entity": "",
          "open": false,
          "close": false,
          "lock": false,
          "checklock": false,
          "secret": false
        }
      },
      "threshold": {
        "light": null,
        "sight": null,
        "sound": null,
        "attenuation": false
      },
      "_key": "!scenes.walls!qcuBND7YkXXIJhPj.iwLzyA0eiooV87Ag"
    },
    {
      "_id": "cLyH5XkAe67s8okw",
      "c": [
        962,
        1075,
        937,
        1100
      ],
      "light": 0,
      "move": 20,
      "sight": 0,
      "sound": 0,
      "dir": 0,
      "door": 0,
      "ds": 0,
      "flags": {
        "tagger": {
          "tags": ""
        },
        "monks-active-tiles": {
          "entity": "",
          "open": false,
          "close": false,
          "lock": false,
          "checklock": false,
          "secret": false
        }
      },
      "threshold": {
        "light": null,
        "sight": null,
        "sound": null,
        "attenuation": false
      },
      "_key": "!scenes.walls!qcuBND7YkXXIJhPj.cLyH5XkAe67s8okw"
    },
    {
      "_id": "Z2EoeyaCZHMbyHJB",
      "c": [
        937,
        1100,
        900,
        1075
      ],
      "light": 0,
      "move": 20,
      "sight": 0,
      "sound": 0,
      "dir": 0,
      "door": 0,
      "ds": 0,
      "flags": {
        "tagger": {
          "tags": ""
        },
        "monks-active-tiles": {
          "entity": "",
          "open": false,
          "close": false,
          "lock": false,
          "checklock": false,
          "secret": false
        }
      },
      "threshold": {
        "light": null,
        "sight": null,
        "sound": null,
        "attenuation": false
      },
      "_key": "!scenes.walls!qcuBND7YkXXIJhPj.Z2EoeyaCZHMbyHJB"
    },
    {
      "_id": "9OhQySSWKamWeRn0",
      "c": [
        900,
        1075,
        937,
        1050
      ],
      "light": 0,
      "move": 20,
      "sight": 0,
      "sound": 0,
      "dir": 0,
      "door": 0,
      "ds": 0,
      "flags": {
        "tagger": {
          "tags": ""
        },
        "monks-active-tiles": {
          "entity": "",
          "open": false,
          "close": false,
          "lock": false,
          "checklock": false,
          "secret": false
        }
      },
      "threshold": {
        "light": null,
        "sight": null,
        "sound": null,
        "attenuation": false
      },
      "_key": "!scenes.walls!qcuBND7YkXXIJhPj.9OhQySSWKamWeRn0"
    },
    {
      "_id": "KZKb6mY0Qnyp9Sjy",
      "c": [
        937,
        1050,
        962,
        1075
      ],
      "light": 0,
      "move": 20,
      "sight": 0,
      "sound": 0,
      "dir": 0,
      "door": 0,
      "ds": 0,
      "flags": {
        "tagger": {
          "tags": ""
        },
        "monks-active-tiles": {
          "entity": "",
          "open": false,
          "close": false,
          "lock": false,
          "checklock": false,
          "secret": false
        }
      },
      "threshold": {
        "light": null,
        "sight": null,
        "sound": null,
        "attenuation": false
      },
      "_key": "!scenes.walls!qcuBND7YkXXIJhPj.KZKb6mY0Qnyp9Sjy"
    },
    {
      "_id": "dGak6uZoEnz5ippg",
      "c": [
        3125,
        1112,
        3112,
        1137
      ],
      "light": 0,
      "move": 20,
      "sight": 0,
      "sound": 0,
      "dir": 0,
      "door": 0,
      "ds": 0,
      "flags": {
        "tagger": {
          "tags": ""
        },
        "monks-active-tiles": {
          "entity": "",
          "open": false,
          "close": false,
          "lock": false,
          "checklock": false,
          "secret": false
        }
      },
      "threshold": {
        "light": null,
        "sight": null,
        "sound": null,
        "attenuation": false
      },
      "_key": "!scenes.walls!qcuBND7YkXXIJhPj.dGak6uZoEnz5ippg"
    },
    {
      "_id": "qw9amdu19D70Sktm",
      "c": [
        3112,
        1137,
        3075,
        1112
      ],
      "light": 0,
      "move": 20,
      "sight": 0,
      "sound": 0,
      "dir": 0,
      "door": 0,
      "ds": 0,
      "flags": {
        "tagger": {
          "tags": ""
        },
        "monks-active-tiles": {
          "entity": "",
          "open": false,
          "close": false,
          "lock": false,
          "checklock": false,
          "secret": false
        }
      },
      "threshold": {
        "light": null,
        "sight": null,
        "sound": null,
        "attenuation": false
      },
      "_key": "!scenes.walls!qcuBND7YkXXIJhPj.qw9amdu19D70Sktm"
    },
    {
      "_id": "KsAnDEzlFvwn1Eya",
      "c": [
        3075,
        1112,
        3100,
        1087
      ],
      "light": 0,
      "move": 20,
      "sight": 0,
      "sound": 0,
      "dir": 0,
      "door": 0,
      "ds": 0,
      "flags": {
        "tagger": {
          "tags": ""
        },
        "monks-active-tiles": {
          "entity": "",
          "open": false,
          "close": false,
          "lock": false,
          "checklock": false,
          "secret": false
        }
      },
      "threshold": {
        "light": null,
        "sight": null,
        "sound": null,
        "attenuation": false
      },
      "_key": "!scenes.walls!qcuBND7YkXXIJhPj.KsAnDEzlFvwn1Eya"
    },
    {
      "_id": "T7LopZ6ZN1dDjdUJ",
      "c": [
        3100,
        1087,
        3125,
        1112
      ],
      "light": 0,
      "move": 20,
      "sight": 0,
      "sound": 0,
      "dir": 0,
      "door": 0,
      "ds": 0,
      "flags": {
        "tagger": {
          "tags": ""
        },
        "monks-active-tiles": {
          "entity": "",
          "open": false,
          "close": false,
          "lock": false,
          "checklock": false,
          "secret": false
        }
      },
      "threshold": {
        "light": null,
        "sight": null,
        "sound": null,
        "attenuation": false
      },
      "_key": "!scenes.walls!qcuBND7YkXXIJhPj.T7LopZ6ZN1dDjdUJ"
    }
  ],
  "playlist": null,
  "playlistSound": null,
  "journal": null,
  "weather": "",
  "flags": {},
  "background": {
    "src": null,
    "offsetX": 0,
    "offsetY": 0,
    "scaleX": 1,
    "scaleY": 1,
    "rotation": 0,
    "tint": "#ffffff",
    "anchorX": 0,
    "anchorY": 0,
    "fit": "fill",
    "alphaThreshold": 0
  },
  "foregroundElevation": 20,
  "journalEntryPage": null,
  "_stats": {
    "systemId": "dnd5e",
    "systemVersion": "2.4.1",
    "coreVersion": "12.330",
    "createdTime": 1672873155931,
    "modifiedTime": 1723946803705,
    "lastModifiedBy": "dnd5ebuilder0000",
    "compendiumSource": "Compendium.fa-battlemaps.maps.qcuBND7YkXXIJhPj",
    "duplicateSource": null
  },
  "active": false,
  "folder": null,
  "sort": 0,
  "ownership": {
    "default": 0
  },
  "regions": [],
  "environment": {
    "globalLight": {
      "luminosity": 0,
      "enabled": true,
      "darkness": {
        "max": 1,
        "min": 0
      },
      "alpha": 0.5,
      "bright": false,
      "color": null,
      "coloration": 1,
      "saturation": 0,
      "contrast": 0,
      "shadows": 0
    },
    "darknessLevel": 0,
    "darknessLock": false,
    "cycle": true,
    "base": {
      "hue": 0,
      "intensity": 0,
      "luminosity": 0,
      "saturation": 0,
      "shadows": 0
    },
    "dark": {
      "hue": 0.7138888888888889,
      "intensity": 0,
      "luminosity": -0.25,
      "saturation": 0,
      "shadows": 0
    }
  },
  "fog": {
    "exploration": true,
    "reset": 1664319642893,
    "overlay": null,
    "colors": {
      "explored": null,
      "unexplored": null
    }
  },
  "_key": "!scenes!qcuBND7YkXXIJhPj"
}
