{
  "name": "Underwater Gully [22x16]",
  "navigation": false,
  "navOrder": 0,
  "navName": "",
  "background": {
    "src": "fa_battlemaps/Maps/2023/February/fa_underwatergully/maps/UnderWaterGullyBG.webp",
    "scaleX": 1,
    "scaleY": 1,
    "offsetX": 0,
    "offsetY": 0,
    "rotation": 0,
    "tint": "#ffffff",
    "anchorX": 0,
    "anchorY": 0,
    "fit": "fill",
    "alphaThreshold": 0
  },
  "foreground": null,
  "foregroundElevation": 20,
  "thumb": "modules/fa-battlemaps/assets/scenes/vjVUQQQ6JewIXlBv-thumb.webp",
  "width": 2200,
  "height": 1600,
  "padding": 0.5,
  "initial": {
    "x": 2371,
    "y": 1571,
    "scale": 0.6929760598037895
  },
  "backgroundColor": "#000000",
  "grid": {
    "type": 1,
    "size": 100,
    "color": "#000000",
    "alpha": 0.2,
    "distance": 5,
    "units": "ft",
    "style": "solidLines",
    "thickness": 1
  },
  "tokenVision": true,
  "drawings": [],
  "tokens": [],
  "lights": [
    {
      "_id": "05oZY5GiBo2HWA8A",
      "x": 2250,
      "y": 1650,
      "rotation": 0,
      "walls": true,
      "vision": false,
      "config": {
        "alpha": 0.3,
        "angle": 360,
        "bright": 100,
        "color": "#365d78",
        "coloration": 0,
        "dim": 0,
        "attenuation": 0.5,
        "luminosity": 0.4,
        "saturation": 0.45,
        "contrast": 0,
        "shadows": 0,
        "animation": {
          "type": "ghost",
          "speed": 3,
          "intensity": 4,
          "reverse": false
        },
        "darkness": {
          "min": 0,
          "max": 1
        },
        "negative": false,
        "priority": 0
      },
      "hidden": false,
      "flags": {
        "tagger": {}
      },
      "elevation": 0,
      "_key": "!scenes.lights!vjVUQQQ6JewIXlBv.05oZY5GiBo2HWA8A"
    },
    {
      "x": 2200,
      "y": 1650,
      "rotation": 0,
      "walls": true,
      "vision": false,
      "config": {
        "alpha": 0.3,
        "angle": 360,
        "bright": 100,
        "color": "#94c2ae",
        "coloration": 0,
        "dim": 0,
        "attenuation": 0.25,
        "luminosity": 0,
        "saturation": 0.1,
        "contrast": 0,
        "shadows": 0.05,
        "animation": {
          "type": "ghost",
          "speed": 2,
          "intensity": 3,
          "reverse": false
        },
        "darkness": {
          "min": 0,
          "max": 1
        },
        "negative": false,
        "priority": 0
      },
      "hidden": false,
      "flags": {
        "tagger": {}
      },
      "_id": "yL0pUPPHV7IuEohi",
      "elevation": 0,
      "_key": "!scenes.lights!vjVUQQQ6JewIXlBv.yL0pUPPHV7IuEohi"
    },
    {
      "_id": "nzRcPCb2H3g6xXqf",
      "x": 2250,
      "y": 1700,
      "rotation": 0,
      "walls": true,
      "vision": false,
      "config": {
        "alpha": 0.25,
        "angle": 360,
        "bright": 82.67,
        "color": "#487ea5",
        "coloration": 0,
        "dim": 0,
        "attenuation": 0.5,
        "luminosity": 0.05,
        "saturation": 0.2,
        "contrast": 0.2,
        "shadows": 0.25,
        "animation": {
          "type": null,
          "speed": 5,
          "intensity": 5,
          "reverse": false
        },
        "darkness": {
          "min": 0,
          "max": 1
        },
        "negative": false,
        "priority": 0
      },
      "hidden": false,
      "flags": {
        "tagger": {}
      },
      "elevation": 0,
      "_key": "!scenes.lights!vjVUQQQ6JewIXlBv.nzRcPCb2H3g6xXqf"
    }
  ],
  "notes": [],
  "sounds": [
    {
      "path": "fa_battlemaps/Audio/Underwater_Ambience.ogg",
      "x": 2150,
      "y": 1650,
      "radius": 74.41,
      "easing": true,
      "walls": true,
      "volume": 0.3,
      "darkness": {
        "min": 0,
        "max": 1
      },
      "flags": {
        "tagger": {
          "tags": ""
        }
      },
      "_id": "oCfvV0X7MpCcNA7I",
      "repeat": false,
      "hidden": false,
      "elevation": 0,
      "effects": {
        "base": {
          "intensity": 5
        },
        "muffled": {
          "intensity": 5
        }
      },
      "_key": "!scenes.sounds!vjVUQQQ6JewIXlBv.oCfvV0X7MpCcNA7I"
    }
  ],
  "templates": [],
  "tiles": [],
  "walls": [
    {
      "_id": "tRwcmRfTR2dlhY75",
      "c": [
        3300,
        2400,
        1100,
        2400
      ],
      "light": 20,
      "move": 20,
      "sight": 20,
      "sound": 20,
      "dir": 0,
      "door": 0,
      "ds": 0,
      "flags": {},
      "threshold": {
        "light": null,
        "sight": null,
        "sound": null,
        "attenuation": false
      },
      "_key": "!scenes.walls!vjVUQQQ6JewIXlBv.tRwcmRfTR2dlhY75"
    },
    {
      "_id": "CVG6orFBETlkV46Z",
      "c": [
        3300,
        2400,
        3300,
        800
      ],
      "light": 20,
      "move": 20,
      "sight": 20,
      "sound": 20,
      "dir": 0,
      "door": 0,
      "ds": 0,
      "flags": {},
      "threshold": {
        "light": null,
        "sight": null,
        "sound": null,
        "attenuation": false
      },
      "_key": "!scenes.walls!vjVUQQQ6JewIXlBv.CVG6orFBETlkV46Z"
    },
    {
      "_id": "dG1wF5c31guV3BE5",
      "c": [
        3300,
        800,
        1100,
        800
      ],
      "light": 20,
      "move": 20,
      "sight": 20,
      "sound": 20,
      "dir": 0,
      "door": 0,
      "ds": 0,
      "flags": {},
      "threshold": {
        "light": null,
        "sight": null,
        "sound": null,
        "attenuation": false
      },
      "_key": "!scenes.walls!vjVUQQQ6JewIXlBv.dG1wF5c31guV3BE5"
    },
    {
      "_id": "ZdgLnC3isNlaHBeY",
      "c": [
        1100,
        800,
        1100,
        2400
      ],
      "light": 20,
      "move": 20,
      "sight": 20,
      "sound": 20,
      "dir": 0,
      "door": 0,
      "ds": 0,
      "flags": {},
      "threshold": {
        "light": null,
        "sight": null,
        "sound": null,
        "attenuation": false
      },
      "_key": "!scenes.walls!vjVUQQQ6JewIXlBv.ZdgLnC3isNlaHBeY"
    }
  ],
  "playlist": null,
  "playlistSound": null,
  "journal": null,
  "journalEntryPage": null,
  "weather": "fog",
  "flags": {
    "fxmaster": {
      "filters": {},
      "effects": {},
      "invert": false
    }
  },
  "_stats": {
    "systemId": "dnd5e",
    "systemVersion": "2.4.1",
    "coreVersion": "12.330",
    "createdTime": 1675813116043,
    "modifiedTime": 1723948174817,
    "lastModifiedBy": "dnd5ebuilder0000",
    "compendiumSource": "Compendium.fa-battlemaps.maps.vjVUQQQ6JewIXlBv",
    "duplicateSource": null
  },
  "_id": "vjVUQQQ6JewIXlBv",
  "active": false,
  "folder": null,
  "sort": 0,
  "ownership": {
    "default": 0
  },
  "regions": [],
  "environment": {
    "globalLight": {
      "luminosity": 0,
      "enabled": true,
      "darkness": {
        "max": 1,
        "min": 0
      },
      "alpha": 0.5,
      "bright": false,
      "color": null,
      "coloration": 1,
      "saturation": 0,
      "contrast": 0,
      "shadows": 0
    },
    "darknessLevel": 0,
    "darknessLock": false,
    "cycle": true,
    "base": {
      "hue": 0.5138888888888888,
      "intensity": 0.7,
      "luminosity": -0.15,
      "saturation": 0.15,
      "shadows": 0.1
    },
    "dark": {
      "hue": 0.7138888888888889,
      "intensity": 0,
      "luminosity": -0.25,
      "saturation": 0,
      "shadows": 0
    }
  },
  "fog": {
    "exploration": true,
    "reset": 1675813116039,
    "overlay": null,
    "colors": {
      "explored": null,
      "unexplored": null
    }
  },
  "_key": "!scenes!vjVUQQQ6JewIXlBv"
}
