{
  "name": "Volcanic Gully [22x16]",
  "navigation": false,
  "navOrder": 0,
  "navName": "",
  "background": {
    "src": null,
    "scaleX": 1,
    "scaleY": 1,
    "offsetX": 0,
    "offsetY": 0,
    "rotation": 0,
    "tint": "#ffffff",
    "anchorX": 0,
    "anchorY": 0,
    "fit": "fill",
    "alphaThreshold": 0
  },
  "foreground": null,
  "foregroundElevation": 20,
  "thumb": "modules/fa-battlemaps/assets/scenes/N0c88IyE7hSyP12x-thumb.webp",
  "width": 2200,
  "height": 1600,
  "padding": 0.25,
  "initial": {
    "x": 1891,
    "y": 1207,
    "scale": 0.7605638471476178
  },
  "backgroundColor": "#090606",
  "grid": {
    "type": 1,
    "size": 100,
    "color": "#000000",
    "alpha": 0.2,
    "distance": 5,
    "units": "ft",
    "style": "solidLines",
    "thickness": 1
  },
  "tokenVision": true,
  "drawings": [],
  "tokens": [],
  "lights": [
    {
      "x": 1107,
      "y": 1853,
      "rotation": 0,
      "walls": true,
      "vision": false,
      "config": {
        "alpha": 0.3,
        "angle": 360,
        "bright": 20,
        "coloration": 1,
        "dim": 0,
        "luminosity": 0.5,
        "saturation": 0.35,
        "contrast": 0,
        "shadows": 0,
        "animation": {
          "speed": 6,
          "intensity": 6,
          "reverse": false,
          "type": "fog"
        },
        "darkness": {
          "min": 0,
          "max": 1
        },
        "color": "#8f410a",
        "attenuation": 0.75,
        "negative": false,
        "priority": 0
      },
      "hidden": false,
      "flags": {
        "tagger": {
          "tags": [
            "LavaLight"
          ]
        }
      },
      "_id": "ZdDMWvxAPQBlW9WO",
      "elevation": 0,
      "_key": "!scenes.lights!N0c88IyE7hSyP12x.ZdDMWvxAPQBlW9WO"
    },
    {
      "x": 1550,
      "y": 1400,
      "rotation": 0,
      "walls": true,
      "vision": false,
      "config": {
        "alpha": 0.3,
        "angle": 360,
        "bright": 20,
        "coloration": 1,
        "dim": 0,
        "luminosity": 0.5,
        "saturation": 0.35,
        "contrast": 0,
        "shadows": 0,
        "animation": {
          "speed": 6,
          "intensity": 6,
          "reverse": false,
          "type": "fog"
        },
        "darkness": {
          "min": 0,
          "max": 1
        },
        "color": "#8f410a",
        "attenuation": 0.75,
        "negative": false,
        "priority": 0
      },
      "hidden": false,
      "flags": {
        "tagger": {
          "tags": [
            "LavaLight"
          ]
        }
      },
      "_id": "jmTts0d09Lkr0KAd",
      "elevation": 0,
      "_key": "!scenes.lights!N0c88IyE7hSyP12x.jmTts0d09Lkr0KAd"
    },
    {
      "x": 2000,
      "y": 1000,
      "rotation": 0,
      "walls": true,
      "vision": false,
      "config": {
        "alpha": 0.3,
        "angle": 360,
        "bright": 20,
        "coloration": 1,
        "dim": 0,
        "luminosity": 0.5,
        "saturation": 0.35,
        "contrast": 0,
        "shadows": 0,
        "animation": {
          "speed": 6,
          "intensity": 6,
          "reverse": false,
          "type": "fog"
        },
        "darkness": {
          "min": 0,
          "max": 1
        },
        "color": "#8f410a",
        "attenuation": 0.75,
        "negative": false,
        "priority": 0
      },
      "hidden": false,
      "flags": {
        "tagger": {
          "tags": [
            "LavaLight"
          ]
        }
      },
      "_id": "kQVBPqguuaUPnuJu",
      "elevation": 0,
      "_key": "!scenes.lights!N0c88IyE7hSyP12x.kQVBPqguuaUPnuJu"
    },
    {
      "x": 2100,
      "y": 500,
      "rotation": 0,
      "walls": true,
      "vision": false,
      "config": {
        "alpha": 0.3,
        "angle": 360,
        "bright": 20,
        "coloration": 1,
        "dim": 0,
        "luminosity": 0.5,
        "saturation": 0.35,
        "contrast": 0,
        "shadows": 0,
        "animation": {
          "speed": 6,
          "intensity": 6,
          "reverse": false,
          "type": "fog"
        },
        "darkness": {
          "min": 0,
          "max": 1
        },
        "color": "#8f410a",
        "attenuation": 0.75,
        "negative": false,
        "priority": 0
      },
      "hidden": false,
      "flags": {
        "tagger": {
          "tags": [
            "LavaLight"
          ]
        }
      },
      "_id": "3kzavlIJCaSZ4oms",
      "elevation": 0,
      "_key": "!scenes.lights!N0c88IyE7hSyP12x.3kzavlIJCaSZ4oms"
    },
    {
      "x": 2560,
      "y": 715,
      "rotation": 0,
      "walls": true,
      "vision": false,
      "config": {
        "alpha": 0.3,
        "angle": 360,
        "bright": 20,
        "coloration": 1,
        "dim": 0,
        "luminosity": 0.5,
        "saturation": 0.35,
        "contrast": 0,
        "shadows": 0,
        "animation": {
          "speed": 6,
          "intensity": 6,
          "reverse": false,
          "type": "fog"
        },
        "darkness": {
          "min": 0,
          "max": 1
        },
        "color": "#8f410a",
        "attenuation": 0.75,
        "negative": false,
        "priority": 0
      },
      "hidden": false,
      "flags": {
        "tagger": {
          "tags": [
            "LavaLight"
          ]
        }
      },
      "_id": "U1fa6Ezw7v1nleu2",
      "elevation": 0,
      "_key": "!scenes.lights!N0c88IyE7hSyP12x.U1fa6Ezw7v1nleu2"
    }
  ],
  "notes": [],
  "sounds": [
    {
      "x": 1700,
      "y": 1250,
      "radius": 95.63,
      "path": "fa_battlemaps/Audio/Lavaflow.ogg",
      "repeat": false,
      "volume": 0.15,
      "walls": true,
      "easing": false,
      "hidden": false,
      "darkness": {
        "min": 0,
        "max": 1
      },
      "flags": {
        "tagger": {
          "tags": ""
        }
      },
      "_id": "jwO5pZf8acfzgToa",
      "elevation": 0,
      "effects": {
        "base": {
          "intensity": 5
        },
        "muffled": {
          "intensity": 5
        }
      },
      "_key": "!scenes.sounds!N0c88IyE7hSyP12x.jwO5pZf8acfzgToa"
    }
  ],
  "templates": [],
  "tiles": [
    {
      "texture": {
        "src": "fa_battlemaps/Maps/2023/February/fa_volcanicgully/maps/LavaGullyBG.webp",
        "scaleX": 1,
        "scaleY": 1,
        "offsetX": 0,
        "offsetY": 0,
        "rotation": 0,
        "tint": "#ffffff",
        "anchorX": 0.5,
        "anchorY": 0.5,
        "fit": "fill",
        "alphaThreshold": 0.75
      },
      "x": 600,
      "y": 400,
      "width": 2200,
      "height": 1600,
      "_id": "5HZ3ZxozYN15vCmV",
      "rotation": 0,
      "alpha": 1,
      "hidden": false,
      "locked": true,
      "occlusion": {
        "mode": 0,
        "alpha": 0
      },
      "video": {
        "loop": true,
        "autoplay": true,
        "volume": 0
      },
      "flags": {
        "tagger": {
          "tags": [
            "Map"
          ]
        },
        "monks-active-tiles": {
          "active": false,
          "record": false,
          "restriction": "gm",
          "controlled": "gm",
          "trigger": [
            ""
          ],
          "allowpaused": false,
          "usealpha": false,
          "pointer": false,
          "pertoken": false,
          "minrequired": 0,
          "chance": 0,
          "fileindex": 1,
          "actions": [],
          "files": [
            {
              "id": "vSvnwFmBzvVX2as2",
              "name": "fa_battlemaps/Maps/2023/February/fa_volcanicgully/maps/VolcanicGullyBG.webp",
              "selected": false
            },
            {
              "id": "q5AIT5wraXGE3B6M",
              "name": "fa_battlemaps/Maps/2023/February/fa_volcanicgully/maps/LavaGullyBG.webp",
              "selected": true
            }
          ]
        }
      },
      "sort": 1,
      "restrictions": {
        "light": false,
        "weather": false
      },
      "elevation": 0,
      "_key": "!scenes.tiles!N0c88IyE7hSyP12x.5HZ3ZxozYN15vCmV"
    },
    {
      "texture": {
        "src": "fa_battlemaps/Maps/2023/February/fa_volcanicgully/text/Alternate.webp",
        "scaleX": 1,
        "scaleY": 1,
        "offsetX": 0,
        "offsetY": 0,
        "rotation": 0,
        "tint": "#000000",
        "anchorX": 0.5,
        "anchorY": 0.5,
        "fit": "fill",
        "alphaThreshold": 0.75
      },
      "x": 2799,
      "y": 425,
      "width": 300,
      "height": 50,
      "_id": "2qiWfMHMdjB9TvhR",
      "rotation": 0,
      "alpha": 1,
      "hidden": false,
      "locked": true,
      "occlusion": {
        "mode": 0,
        "alpha": 0
      },
      "video": {
        "loop": true,
        "autoplay": true,
        "volume": 0
      },
      "flags": {
        "tagger": {},
        "monks-active-tiles": {
          "active": true,
          "record": false,
          "restriction": "all",
          "controlled": "gm",
          "trigger": [
            "dblclick"
          ],
          "allowpaused": false,
          "usealpha": false,
          "pointer": false,
          "pertoken": false,
          "minrequired": 0,
          "chance": 100,
          "fileindex": 0,
          "actions": [
            {
              "action": "tileimage",
              "data": {
                "entity": {
                  "id": "tagger:Map",
                  "match": "all",
                  "scene": "_active",
                  "name": "<i class=\"fas fa-tag fa-sm\"></i> Map"
                },
                "select": "next",
                "transition": "none",
                "speed": 1,
                "loop": 1
              },
              "id": "cBc5nyQEf7qjnal1"
            },
            {
              "action": "alter",
              "data": {
                "entity": {
                  "id": "tile",
                  "name": "This Tile"
                },
                "attribute": "texture.tint",
                "value": "='{{entity.texture.tint}}' == '#000000' ? '#890101' : '#000000'",
                "chatMessage": false,
                "rollmode": "roll"
              },
              "id": "8RlqJ5uZ68H7QoUk"
            },
            {
              "action": "activate",
              "data": {
                "entity": {
                  "id": "tagger:LavaLight",
                  "match": "all",
                  "scene": "_active",
                  "name": "<i class=\"fas fa-tag fa-sm\"></i> LavaLight"
                },
                "activate": "toggle"
              },
              "id": "IfMXinK2Amgstctv"
            }
          ],
          "files": [],
          "name": "",
          "vision": false,
          "cooldown": null
        }
      },
      "sort": 3,
      "restrictions": {
        "light": false,
        "weather": false
      },
      "elevation": 0,
      "_key": "!scenes.tiles!N0c88IyE7hSyP12x.2qiWfMHMdjB9TvhR"
    },
    {
      "texture": {
        "src": "modules/fa-battlemaps/images/SmallScroll.png",
        "scaleX": 1,
        "scaleY": 1,
        "offsetX": 0,
        "offsetY": 0,
        "rotation": 0,
        "tint": "#ffffff",
        "anchorX": 0.5,
        "anchorY": 0.5,
        "fit": "fill",
        "alphaThreshold": 0.75
      },
      "x": 2800,
      "y": 400,
      "width": 300,
      "height": 100,
      "_id": "6Ut2afu4kOcBIabL",
      "rotation": 0,
      "alpha": 1,
      "hidden": false,
      "locked": true,
      "occlusion": {
        "mode": 0,
        "alpha": 0
      },
      "video": {
        "loop": true,
        "autoplay": true,
        "volume": 0
      },
      "flags": {},
      "sort": 2,
      "restrictions": {
        "light": false,
        "weather": false
      },
      "elevation": 0,
      "_key": "!scenes.tiles!N0c88IyE7hSyP12x.6Ut2afu4kOcBIabL"
    }
  ],
  "walls": [
    {
      "_id": "ZQnCjwBRbpSuMR88",
      "c": [
        2800,
        2000,
        600,
        2000
      ],
      "light": 20,
      "move": 20,
      "sight": 20,
      "sound": 20,
      "dir": 0,
      "door": 0,
      "ds": 0,
      "flags": {},
      "threshold": {
        "light": null,
        "sight": null,
        "sound": null,
        "attenuation": false
      },
      "_key": "!scenes.walls!N0c88IyE7hSyP12x.ZQnCjwBRbpSuMR88"
    },
    {
      "_id": "p8mufotB4wG7Lnow",
      "c": [
        600,
        2000,
        600,
        400
      ],
      "light": 20,
      "move": 20,
      "sight": 20,
      "sound": 20,
      "dir": 0,
      "door": 0,
      "ds": 0,
      "flags": {},
      "threshold": {
        "light": null,
        "sight": null,
        "sound": null,
        "attenuation": false
      },
      "_key": "!scenes.walls!N0c88IyE7hSyP12x.p8mufotB4wG7Lnow"
    },
    {
      "_id": "29vQKYWIOBZCDLJw",
      "c": [
        600,
        400,
        2800,
        400
      ],
      "light": 20,
      "move": 20,
      "sight": 20,
      "sound": 20,
      "dir": 0,
      "door": 0,
      "ds": 0,
      "flags": {},
      "threshold": {
        "light": null,
        "sight": null,
        "sound": null,
        "attenuation": false
      },
      "_key": "!scenes.walls!N0c88IyE7hSyP12x.29vQKYWIOBZCDLJw"
    },
    {
      "_id": "IHAxbIk1KMCtFWN0",
      "c": [
        2800,
        400,
        2800,
        2000
      ],
      "light": 20,
      "move": 20,
      "sight": 20,
      "sound": 20,
      "dir": 0,
      "door": 0,
      "ds": 0,
      "flags": {},
      "threshold": {
        "light": null,
        "sight": null,
        "sound": null,
        "attenuation": false
      },
      "_key": "!scenes.walls!N0c88IyE7hSyP12x.IHAxbIk1KMCtFWN0"
    }
  ],
  "playlist": null,
  "playlistSound": null,
  "journal": null,
  "journalEntryPage": null,
  "weather": "",
  "flags": {},
  "_stats": {
    "systemId": "dnd5e",
    "systemVersion": "2.4.1",
    "coreVersion": "12.330",
    "createdTime": 1675820602931,
    "modifiedTime": 1723948174817,
    "lastModifiedBy": "dnd5ebuilder0000",
    "compendiumSource": "Compendium.fa-battlemaps.maps.N0c88IyE7hSyP12x",
    "duplicateSource": null
  },
  "_id": "N0c88IyE7hSyP12x",
  "active": false,
  "folder": null,
  "sort": 0,
  "ownership": {
    "default": 0
  },
  "regions": [],
  "environment": {
    "globalLight": {
      "luminosity": 0,
      "enabled": true,
      "darkness": {
        "max": 1,
        "min": 0
      },
      "alpha": 0.5,
      "bright": false,
      "color": null,
      "coloration": 1,
      "saturation": 0,
      "contrast": 0,
      "shadows": 0
    },
    "darknessLevel": 0,
    "darknessLock": false,
    "cycle": true,
    "base": {
      "hue": 0,
      "intensity": 0.4,
      "luminosity": -0.05,
      "saturation": 0,
      "shadows": 0
    },
    "dark": {
      "hue": 0.7138888888888889,
      "intensity": 0,
      "luminosity": -0.25,
      "saturation": 0,
      "shadows": 0
    }
  },
  "fog": {
    "exploration": true,
    "reset": 1675820602928,
    "overlay": null,
    "colors": {
      "explored": null,
      "unexplored": null
    }
  },
  "_key": "!scenes!N0c88IyE7hSyP12x"
}
