{
  "name": "Zorzula's Rest - Indigo Sanctum [21x25]",
  "navigation": false,
  "navOrder": 0,
  "navName": "",
  "background": {
    "src": "fa_battlemaps/Maps/2023/November/fa_zorzulaindigosanctum/Map/IndigoSanctumBG.webp",
    "scaleX": 1,
    "scaleY": 1,
    "offsetX": 0,
    "offsetY": 0,
    "rotation": 0,
    "tint": "#ffffff",
    "anchorX": 0,
    "anchorY": 0,
    "fit": "fill",
    "alphaThreshold": 0
  },
  "foreground": "fa_battlemaps/Maps/2023/November/fa_zorzulaindigosanctum/Map/IndigoSanctumFG.webp",
  "foregroundElevation": 20,
  "thumb": "modules/fa-battlemaps/assets/scenes/lG2b6WwvPMJhsDip-thumb.webp",
  "width": 2100,
  "height": 2500,
  "padding": 0.25,
  "initial": {
    "x": 1949,
    "y": 1937,
    "scale": 0.5686878365736744
  },
  "backgroundColor": "#000000",
  "grid": {
    "type": 1,
    "size": 100,
    "color": "#000000",
    "alpha": 0.2,
    "distance": 5,
    "units": "ft",
    "style": "solidLines",
    "thickness": 1
  },
  "tokenVision": true,
  "drawings": [],
  "tokens": [],
  "lights": [
    {
      "_id": "9hsGZkZ7xvptLhYK",
      "x": 1300,
      "y": 2850,
      "rotation": 0,
      "walls": true,
      "vision": false,
      "config": {
        "alpha": 0.6,
        "angle": 360,
        "bright": 0,
        "color": "#1068c6",
        "coloration": 1,
        "dim": 19.27,
        "attenuation": 0.5,
        "luminosity": 0.5,
        "saturation": 0,
        "contrast": 0,
        "shadows": 0,
        "animation": {
          "type": "ghost",
          "speed": 3,
          "intensity": 7,
          "reverse": false
        },
        "darkness": {
          "min": 0,
          "max": 1
        },
        "negative": false,
        "priority": 0
      },
      "hidden": false,
      "flags": {
        "tagger": {}
      },
      "elevation": 0,
      "_key": "!scenes.lights!lG2b6WwvPMJhsDip.9hsGZkZ7xvptLhYK"
    },
    {
      "x": 2000,
      "y": 2800,
      "rotation": 0,
      "walls": true,
      "vision": false,
      "config": {
        "alpha": 0.6,
        "angle": 360,
        "bright": 0,
        "color": "#1068c6",
        "coloration": 1,
        "dim": 19.27,
        "attenuation": 0.5,
        "luminosity": 0.5,
        "saturation": 0,
        "contrast": 0,
        "shadows": 0,
        "animation": {
          "type": "ghost",
          "speed": 3,
          "intensity": 7,
          "reverse": false
        },
        "darkness": {
          "min": 0,
          "max": 1
        },
        "negative": false,
        "priority": 0
      },
      "hidden": false,
      "flags": {
        "tagger": {}
      },
      "_id": "yUaNOgYfRwTFCna1",
      "elevation": 0,
      "_key": "!scenes.lights!lG2b6WwvPMJhsDip.yUaNOgYfRwTFCna1"
    },
    {
      "x": 2050,
      "y": 2350,
      "rotation": 0,
      "walls": true,
      "vision": false,
      "config": {
        "alpha": 0.6,
        "angle": 360,
        "bright": 0,
        "color": "#1068c6",
        "coloration": 1,
        "dim": 19.27,
        "attenuation": 0.5,
        "luminosity": 0.5,
        "saturation": 0,
        "contrast": 0,
        "shadows": 0,
        "animation": {
          "type": "ghost",
          "speed": 2,
          "intensity": 7,
          "reverse": false
        },
        "darkness": {
          "min": 0,
          "max": 1
        },
        "negative": false,
        "priority": 0
      },
      "hidden": false,
      "flags": {
        "tagger": {}
      },
      "_id": "JBTspHnqdBbELSs1",
      "elevation": 0,
      "_key": "!scenes.lights!lG2b6WwvPMJhsDip.JBTspHnqdBbELSs1"
    },
    {
      "x": 1250,
      "y": 2300,
      "rotation": 0,
      "walls": true,
      "vision": false,
      "config": {
        "alpha": 0.6,
        "angle": 360,
        "bright": 0,
        "color": "#1068c6",
        "coloration": 1,
        "dim": 19.27,
        "attenuation": 0.5,
        "luminosity": 0.5,
        "saturation": 0,
        "contrast": 0,
        "shadows": 0,
        "animation": {
          "type": "ghost",
          "speed": 2,
          "intensity": 7,
          "reverse": false
        },
        "darkness": {
          "min": 0,
          "max": 1
        },
        "negative": false,
        "priority": 0
      },
      "hidden": false,
      "flags": {
        "tagger": {}
      },
      "_id": "zH1ZxsCrBg4PvFRN",
      "elevation": 0,
      "_key": "!scenes.lights!lG2b6WwvPMJhsDip.zH1ZxsCrBg4PvFRN"
    },
    {
      "x": 2050,
      "y": 1700,
      "rotation": 0,
      "walls": true,
      "vision": false,
      "config": {
        "alpha": 0.6,
        "angle": 360,
        "bright": 0,
        "color": "#1068c6",
        "coloration": 1,
        "dim": 19.27,
        "attenuation": 0.5,
        "luminosity": 0.5,
        "saturation": 0,
        "contrast": 0,
        "shadows": 0,
        "animation": {
          "type": "ghost",
          "speed": 2,
          "intensity": 7,
          "reverse": false
        },
        "darkness": {
          "min": 0,
          "max": 1
        },
        "negative": false,
        "priority": 0
      },
      "hidden": false,
      "flags": {
        "tagger": {}
      },
      "_id": "y3l9pFYJFfOROtHE",
      "elevation": 0,
      "_key": "!scenes.lights!lG2b6WwvPMJhsDip.y3l9pFYJFfOROtHE"
    },
    {
      "x": 2000,
      "y": 1200,
      "rotation": 0,
      "walls": true,
      "vision": false,
      "config": {
        "alpha": 0.6,
        "angle": 360,
        "bright": 0,
        "color": "#1068c6",
        "coloration": 1,
        "dim": 19.27,
        "attenuation": 0.5,
        "luminosity": 0.5,
        "saturation": 0,
        "contrast": 0,
        "shadows": 0,
        "animation": {
          "type": "ghost",
          "speed": 2,
          "intensity": 7,
          "reverse": false
        },
        "darkness": {
          "min": 0,
          "max": 1
        },
        "negative": false,
        "priority": 0
      },
      "hidden": false,
      "flags": {
        "tagger": {}
      },
      "_id": "zwHHoNbmhrw68pBC",
      "elevation": 0,
      "_key": "!scenes.lights!lG2b6WwvPMJhsDip.zwHHoNbmhrw68pBC"
    },
    {
      "x": 1250,
      "y": 1650,
      "rotation": 0,
      "walls": true,
      "vision": false,
      "config": {
        "alpha": 0.6,
        "angle": 360,
        "bright": 0,
        "color": "#1068c6",
        "coloration": 1,
        "dim": 19.27,
        "attenuation": 0.5,
        "luminosity": 0.5,
        "saturation": 0,
        "contrast": 0,
        "shadows": 0,
        "animation": {
          "type": "ghost",
          "speed": 2,
          "intensity": 7,
          "reverse": false
        },
        "darkness": {
          "min": 0,
          "max": 1
        },
        "negative": false,
        "priority": 0
      },
      "hidden": false,
      "flags": {
        "tagger": {}
      },
      "_id": "3t2QoRI3dFGO9vTB",
      "elevation": 0,
      "_key": "!scenes.lights!lG2b6WwvPMJhsDip.3t2QoRI3dFGO9vTB"
    },
    {
      "x": 1300,
      "y": 1200,
      "rotation": 0,
      "walls": true,
      "vision": false,
      "config": {
        "alpha": 0.6,
        "angle": 360,
        "bright": 0,
        "color": "#1068c6",
        "coloration": 1,
        "dim": 19.27,
        "attenuation": 0.5,
        "luminosity": 0.5,
        "saturation": 0,
        "contrast": 0,
        "shadows": 0,
        "animation": {
          "type": "ghost",
          "speed": 2,
          "intensity": 7,
          "reverse": false
        },
        "darkness": {
          "min": 0,
          "max": 1
        },
        "negative": false,
        "priority": 0
      },
      "hidden": false,
      "flags": {
        "tagger": {}
      },
      "_id": "fOWLrUJSvKx3a5fn",
      "elevation": 0,
      "_key": "!scenes.lights!lG2b6WwvPMJhsDip.fOWLrUJSvKx3a5fn"
    },
    {
      "x": 1649,
      "y": 921,
      "rotation": 0,
      "walls": true,
      "vision": false,
      "config": {
        "alpha": 0.5,
        "angle": 360,
        "bright": 0,
        "color": "#137fff",
        "coloration": 1,
        "dim": 50,
        "attenuation": 0.5,
        "luminosity": 0.5,
        "saturation": 0,
        "contrast": 0,
        "shadows": 0,
        "animation": {
          "type": "ghost",
          "speed": 2,
          "intensity": 5,
          "reverse": false
        },
        "darkness": {
          "min": 0,
          "max": 1
        },
        "negative": false,
        "priority": 0
      },
      "hidden": false,
      "flags": {
        "tagger": {}
      },
      "_id": "RH6PSs20NR83VCFO",
      "elevation": 0,
      "_key": "!scenes.lights!lG2b6WwvPMJhsDip.RH6PSs20NR83VCFO"
    },
    {
      "x": 1650,
      "y": 1700,
      "rotation": 0,
      "walls": true,
      "vision": false,
      "config": {
        "alpha": 0.5,
        "angle": 360,
        "bright": 0,
        "color": "#137fff",
        "coloration": 1,
        "dim": 50,
        "attenuation": 0.5,
        "luminosity": 0.5,
        "saturation": 0,
        "contrast": 0,
        "shadows": 0,
        "animation": {
          "type": "ghost",
          "speed": 2,
          "intensity": 3,
          "reverse": false
        },
        "darkness": {
          "min": 0,
          "max": 1
        },
        "negative": false,
        "priority": 0
      },
      "hidden": false,
      "flags": {
        "tagger": {}
      },
      "_id": "gXxWC4IWqRWvTXz0",
      "elevation": 0,
      "_key": "!scenes.lights!lG2b6WwvPMJhsDip.gXxWC4IWqRWvTXz0"
    },
    {
      "x": 1650,
      "y": 2600,
      "rotation": 0,
      "walls": true,
      "vision": false,
      "config": {
        "alpha": 0.5,
        "angle": 360,
        "bright": 0,
        "color": "#137fff",
        "coloration": 1,
        "dim": 50,
        "attenuation": 0.5,
        "luminosity": 0.5,
        "saturation": 0,
        "contrast": 0,
        "shadows": 0,
        "animation": {
          "type": "ghost",
          "speed": 2,
          "intensity": 5,
          "reverse": false
        },
        "darkness": {
          "min": 0,
          "max": 1
        },
        "negative": false,
        "priority": 0
      },
      "hidden": false,
      "flags": {
        "tagger": {}
      },
      "_id": "zfWG0VCKRDKFaduZ",
      "elevation": 0,
      "_key": "!scenes.lights!lG2b6WwvPMJhsDip.zfWG0VCKRDKFaduZ"
    },
    {
      "_id": "EDfZ1KS0Laxx4Yqj",
      "x": 950,
      "y": 2300,
      "rotation": 0,
      "walls": true,
      "vision": false,
      "config": {
        "alpha": 0.3,
        "angle": 360,
        "bright": 0,
        "color": "#65bafb",
        "coloration": 1,
        "dim": 25,
        "attenuation": 0.5,
        "luminosity": 0.5,
        "saturation": 0,
        "contrast": 0,
        "shadows": 0,
        "animation": {
          "type": null,
          "speed": 5,
          "intensity": 5,
          "reverse": false
        },
        "darkness": {
          "min": 0,
          "max": 1
        },
        "negative": false,
        "priority": 0
      },
      "hidden": false,
      "flags": {
        "tagger": {}
      },
      "elevation": 0,
      "_key": "!scenes.lights!lG2b6WwvPMJhsDip.EDfZ1KS0Laxx4Yqj"
    },
    {
      "x": 2349,
      "y": 2247,
      "rotation": 0,
      "walls": true,
      "vision": false,
      "config": {
        "alpha": 0.3,
        "angle": 360,
        "bright": 0,
        "color": "#65bafb",
        "coloration": 1,
        "dim": 25,
        "attenuation": 0.5,
        "luminosity": 0.5,
        "saturation": 0,
        "contrast": 0,
        "shadows": 0,
        "animation": {
          "type": null,
          "speed": 5,
          "intensity": 5,
          "reverse": false
        },
        "darkness": {
          "min": 0,
          "max": 1
        },
        "negative": false,
        "priority": 0
      },
      "hidden": false,
      "flags": {
        "tagger": {}
      },
      "_id": "8TFlavnwyoDAsO43",
      "elevation": 0,
      "_key": "!scenes.lights!lG2b6WwvPMJhsDip.8TFlavnwyoDAsO43"
    },
    {
      "x": 1100,
      "y": 1450,
      "rotation": 0,
      "walls": true,
      "vision": false,
      "config": {
        "alpha": 0.5,
        "angle": 360,
        "bright": 0,
        "color": "#137fff",
        "coloration": 1,
        "dim": 25,
        "attenuation": 0.5,
        "luminosity": 0.5,
        "saturation": 0,
        "contrast": 0,
        "shadows": 0,
        "animation": {
          "type": "ghost",
          "speed": 2,
          "intensity": 5,
          "reverse": false
        },
        "darkness": {
          "min": 0,
          "max": 1
        },
        "negative": false,
        "priority": 0
      },
      "hidden": false,
      "flags": {
        "tagger": {}
      },
      "_id": "BToMDwSGDZbs1dv0",
      "elevation": 0,
      "_key": "!scenes.lights!lG2b6WwvPMJhsDip.BToMDwSGDZbs1dv0"
    },
    {
      "x": 2200,
      "y": 1450,
      "rotation": 0,
      "walls": true,
      "vision": false,
      "config": {
        "alpha": 0.5,
        "angle": 360,
        "bright": 0,
        "color": "#137fff",
        "coloration": 1,
        "dim": 25,
        "attenuation": 0.5,
        "luminosity": 0.5,
        "saturation": 0,
        "contrast": 0,
        "shadows": 0,
        "animation": {
          "type": "ghost",
          "speed": 2,
          "intensity": 5,
          "reverse": false
        },
        "darkness": {
          "min": 0,
          "max": 1
        },
        "negative": false,
        "priority": 0
      },
      "hidden": false,
      "flags": {
        "tagger": {}
      },
      "_id": "pBqFqo6ETZc1nmpS",
      "elevation": 0,
      "_key": "!scenes.lights!lG2b6WwvPMJhsDip.pBqFqo6ETZc1nmpS"
    }
  ],
  "notes": [],
  "sounds": [
    {
      "x": 1662,
      "y": 1988,
      "radius": 95.41,
      "path": "fa_battlemaps/Audio/Lavaflow.ogg",
      "repeat": false,
      "volume": 0.4,
      "walls": false,
      "easing": true,
      "hidden": false,
      "darkness": {
        "min": 0,
        "max": 1
      },
      "flags": {
        "tagger": {
          "tags": ""
        }
      },
      "_id": "WHqfid7JZ1wGeCp6",
      "elevation": 0,
      "effects": {
        "base": {
          "intensity": 5
        },
        "muffled": {
          "intensity": 5
        }
      },
      "_key": "!scenes.sounds!lG2b6WwvPMJhsDip.WHqfid7JZ1wGeCp6"
    },
    {
      "x": 1603,
      "y": 1987,
      "radius": 95.41,
      "path": "fa_battlemaps/Audio/Bloob.ogg",
      "repeat": false,
      "volume": 0.15,
      "walls": false,
      "easing": true,
      "hidden": false,
      "darkness": {
        "min": 0,
        "max": 1
      },
      "flags": {
        "tagger": {
          "tags": ""
        }
      },
      "_id": "S9supzmFsTlXSPTW",
      "elevation": 0,
      "effects": {
        "base": {
          "intensity": 5
        },
        "muffled": {
          "intensity": 5
        }
      },
      "_key": "!scenes.sounds!lG2b6WwvPMJhsDip.S9supzmFsTlXSPTW"
    },
    {
      "x": 1719,
      "y": 1987,
      "radius": 101.45,
      "path": "fa_battlemaps/Audio/eerie_drone.ogg",
      "repeat": false,
      "volume": 0.3,
      "walls": false,
      "easing": false,
      "hidden": false,
      "darkness": {
        "min": 0,
        "max": 1
      },
      "flags": {
        "tagger": {
          "tags": ""
        }
      },
      "_id": "aqqWQM4wmlIEVegu",
      "elevation": 0,
      "effects": {
        "base": {
          "intensity": 5
        },
        "muffled": {
          "intensity": 5
        }
      },
      "_key": "!scenes.sounds!lG2b6WwvPMJhsDip.aqqWQM4wmlIEVegu"
    }
  ],
  "templates": [],
  "tiles": [
    {
      "texture": {
        "src": "modules/fa-battlemaps/images/Transparent.webp",
        "scaleX": 1,
        "scaleY": 1,
        "offsetX": 0,
        "offsetY": 0,
        "rotation": 0,
        "tint": "#ffffff",
        "anchorX": 0.5,
        "anchorY": 0.5,
        "fit": "fill",
        "alphaThreshold": 0.75
      },
      "x": 1500,
      "y": 1400,
      "width": 300,
      "height": 300,
      "_id": "1fG0cffwrKiO033r",
      "rotation": 0,
      "alpha": 1,
      "hidden": false,
      "locked": true,
      "occlusion": {
        "mode": 0,
        "alpha": 1
      },
      "video": {
        "loop": true,
        "autoplay": true,
        "volume": 0
      },
      "flags": {
        "tagger": {},
        "betterroofs": {
          "brMode": false,
          "occlusionLinkId": "",
          "occlusionLinkSource": false
        },
        "monks-active-tiles": {
          "active": true,
          "record": false,
          "restriction": "all",
          "controlled": "gm",
          "trigger": [
            "dblclick"
          ],
          "allowpaused": false,
          "usealpha": false,
          "pointer": true,
          "pertoken": false,
          "minrequired": 0,
          "chance": 100,
          "fileindex": 0,
          "actions": [
            {
              "action": "playsound",
              "data": {
                "audiofile": "fa_battlemaps/Audio/magicalcharge.ogg",
                "audiofor": "all",
                "volume": 0.5,
                "loop": false,
                "fade": 0.25,
                "scenerestrict": false,
                "prevent": false,
                "playlist": true
              },
              "id": "XG9px7PtmsGwUaG3"
            },
            {
              "action": "delay",
              "data": {
                "delay": "2"
              },
              "id": "SVbczZHNSksh2h1L"
            },
            {
              "action": "tileimage",
              "data": {
                "entity": "",
                "select": "next",
                "transition": "fade",
                "speed": 3,
                "loop": 1
              },
              "id": "h6VXUu1qxTDbojqG"
            }
          ],
          "files": [
            {
              "id": "9SfCN0agNF19QYmi",
              "name": "modules/fa-battlemaps/images/Transparent.webp",
              "selected": true
            },
            {
              "id": "ozSvcrklD7qRRhvZ",
              "name": "fa_battlemaps/Maps/2023/November/fa_zorzulaindigosanctum/Tiles/EnergyPlinth.webp",
              "selected": false
            }
          ],
          "name": "",
          "vision": false,
          "cooldown": null
        }
      },
      "sort": 100,
      "restrictions": {
        "light": false,
        "weather": false
      },
      "elevation": 0,
      "_key": "!scenes.tiles!lG2b6WwvPMJhsDip.1fG0cffwrKiO033r"
    },
    {
      "texture": {
        "src": "fa_battlemaps/Maps/2023/November/fa_zorzulaindigosanctum/Tiles/EmptyLift.webp",
        "scaleX": 1,
        "scaleY": 1,
        "offsetX": 0,
        "offsetY": 0,
        "rotation": 0,
        "tint": "#ffffff",
        "anchorX": 0.5,
        "anchorY": 0.5,
        "fit": "fill",
        "alphaThreshold": 0.75
      },
      "x": 1500,
      "y": 2400,
      "width": 300,
      "height": 300,
      "_id": "dMHxMkAIRphR9OyE",
      "rotation": 0,
      "alpha": 0,
      "hidden": false,
      "locked": true,
      "occlusion": {
        "mode": 0,
        "alpha": 1
      },
      "video": {
        "loop": true,
        "autoplay": true,
        "volume": 0
      },
      "flags": {
        "tagger": {},
        "betterroofs": {
          "brMode": false,
          "occlusionLinkId": "",
          "occlusionLinkSource": false
        },
        "monks-active-tiles": {
          "active": true,
          "record": false,
          "restriction": "all",
          "controlled": "gm",
          "trigger": [
            "dblclick"
          ],
          "allowpaused": false,
          "usealpha": false,
          "pointer": true,
          "pertoken": false,
          "minrequired": 0,
          "chance": 100,
          "fileindex": 0,
          "actions": [
            {
              "action": "alter",
              "data": {
                "entity": {
                  "id": "tile",
                  "name": "This Tile"
                },
                "collection": "tokens",
                "attribute": "alpha",
                "value": " ={{entity.alpha}} == 0 ? 1 : 0",
                "chatMessage": false,
                "rollmode": "roll"
              },
              "id": "U8pnwQrz5nXk5OOE"
            },
            {
              "action": "playsound",
              "data": {
                "audiofile": "fa_battlemaps/Audio/MetalMoan.ogg",
                "audiofor": "all",
                "volume": 0.5,
                "loop": false,
                "fade": 0.25,
                "scenerestrict": false,
                "prevent": false,
                "playlist": true
              },
              "id": "np2bdmJJxwoZelEz"
            }
          ],
          "files": []
        }
      },
      "sort": 100,
      "restrictions": {
        "light": false,
        "weather": false
      },
      "elevation": 0,
      "_key": "!scenes.tiles!lG2b6WwvPMJhsDip.dMHxMkAIRphR9OyE"
    }
  ],
  "walls": [
    {
      "_id": "V0QyU1Z8V05pWQrM",
      "c": [
        1200,
        2200,
        1100,
        2200
      ],
      "light": 20,
      "move": 20,
      "sight": 20,
      "sound": 20,
      "dir": 0,
      "door": 0,
      "ds": 0,
      "flags": {},
      "threshold": {
        "light": null,
        "sight": null,
        "sound": null,
        "attenuation": false
      },
      "_key": "!scenes.walls!lG2b6WwvPMJhsDip.V0QyU1Z8V05pWQrM"
    },
    {
      "_id": "Su432dgXx4Fspuqv",
      "c": [
        1200,
        2200,
        1200,
        2700
      ],
      "light": 20,
      "move": 20,
      "sight": 20,
      "sound": 20,
      "dir": 0,
      "door": 0,
      "ds": 0,
      "flags": {},
      "threshold": {
        "light": null,
        "sight": null,
        "sound": null,
        "attenuation": false
      },
      "_key": "!scenes.walls!lG2b6WwvPMJhsDip.Su432dgXx4Fspuqv"
    },
    {
      "_id": "BYoF9LaRZZdQIkne",
      "c": [
        1100,
        2200,
        1100,
        2600
      ],
      "light": 20,
      "move": 20,
      "sight": 20,
      "sound": 20,
      "dir": 0,
      "door": 0,
      "ds": 0,
      "flags": {},
      "threshold": {
        "light": null,
        "sight": null,
        "sound": null,
        "attenuation": false
      },
      "_key": "!scenes.walls!lG2b6WwvPMJhsDip.BYoF9LaRZZdQIkne"
    },
    {
      "_id": "AAWHGCsdEKlvxCVQ",
      "c": [
        800,
        2600,
        1100,
        2600
      ],
      "light": 20,
      "move": 20,
      "sight": 20,
      "sound": 20,
      "dir": 0,
      "door": 0,
      "ds": 0,
      "flags": {},
      "threshold": {
        "light": null,
        "sight": null,
        "sound": null,
        "attenuation": false
      },
      "_key": "!scenes.walls!lG2b6WwvPMJhsDip.AAWHGCsdEKlvxCVQ"
    },
    {
      "_id": "zvTZmpPXvy8kRysU",
      "c": [
        800,
        1800,
        800,
        2600
      ],
      "light": 20,
      "move": 20,
      "sight": 20,
      "sound": 20,
      "dir": 0,
      "door": 0,
      "ds": 0,
      "flags": {},
      "threshold": {
        "light": null,
        "sight": null,
        "sound": null,
        "attenuation": false
      },
      "_key": "!scenes.walls!lG2b6WwvPMJhsDip.zvTZmpPXvy8kRysU"
    },
    {
      "_id": "zNTl4DVTZgJUKGKH",
      "c": [
        1000,
        1800,
        800,
        1800
      ],
      "light": 20,
      "move": 20,
      "sight": 20,
      "sound": 20,
      "dir": 0,
      "door": 0,
      "ds": 0,
      "flags": {},
      "threshold": {
        "light": null,
        "sight": null,
        "sound": null,
        "attenuation": false
      },
      "_key": "!scenes.walls!lG2b6WwvPMJhsDip.zNTl4DVTZgJUKGKH"
    },
    {
      "_id": "1rdJJ4cBPaxZr4Px",
      "c": [
        1000,
        1987,
        1000,
        1150
      ],
      "light": 20,
      "move": 20,
      "sight": 20,
      "sound": 20,
      "dir": 0,
      "door": 0,
      "ds": 0,
      "flags": {},
      "threshold": {
        "light": null,
        "sight": null,
        "sound": null,
        "attenuation": false
      },
      "_key": "!scenes.walls!lG2b6WwvPMJhsDip.1rdJJ4cBPaxZr4Px"
    },
    {
      "_id": "1O3MjNTV5iHqvudB",
      "c": [
        1000,
        1150,
        1237,
        900
      ],
      "light": 20,
      "move": 20,
      "sight": 20,
      "sound": 20,
      "dir": 0,
      "door": 0,
      "ds": 0,
      "flags": {},
      "threshold": {
        "light": null,
        "sight": null,
        "sound": null,
        "attenuation": false
      },
      "_key": "!scenes.walls!lG2b6WwvPMJhsDip.1O3MjNTV5iHqvudB"
    },
    {
      "_id": "tEHNHlQu18hy3kHv",
      "c": [
        1237,
        900,
        2062,
        900
      ],
      "light": 20,
      "move": 20,
      "sight": 20,
      "sound": 20,
      "dir": 0,
      "door": 0,
      "ds": 0,
      "flags": {},
      "threshold": {
        "light": null,
        "sight": null,
        "sound": null,
        "attenuation": false
      },
      "_key": "!scenes.walls!lG2b6WwvPMJhsDip.tEHNHlQu18hy3kHv"
    },
    {
      "_id": "FmnvwmTfHbnQV16B",
      "c": [
        2062,
        900,
        2300,
        1137
      ],
      "light": 20,
      "move": 20,
      "sight": 20,
      "sound": 20,
      "dir": 0,
      "door": 0,
      "ds": 0,
      "flags": {},
      "threshold": {
        "light": null,
        "sight": null,
        "sound": null,
        "attenuation": false
      },
      "_key": "!scenes.walls!lG2b6WwvPMJhsDip.FmnvwmTfHbnQV16B"
    },
    {
      "_id": "K7GLi9GYwmz33GRQ",
      "c": [
        2300,
        1137,
        2300,
        1987
      ],
      "light": 20,
      "move": 20,
      "sight": 20,
      "sound": 20,
      "dir": 0,
      "door": 0,
      "ds": 0,
      "flags": {},
      "threshold": {
        "light": null,
        "sight": null,
        "sound": null,
        "attenuation": false
      },
      "_key": "!scenes.walls!lG2b6WwvPMJhsDip.K7GLi9GYwmz33GRQ"
    },
    {
      "_id": "583Q3g2prmoc4xUZ",
      "c": [
        2500,
        1800,
        2300,
        1800
      ],
      "light": 20,
      "move": 20,
      "sight": 20,
      "sound": 20,
      "dir": 0,
      "door": 0,
      "ds": 0,
      "flags": {},
      "threshold": {
        "light": null,
        "sight": null,
        "sound": null,
        "attenuation": false
      },
      "_key": "!scenes.walls!lG2b6WwvPMJhsDip.583Q3g2prmoc4xUZ"
    },
    {
      "_id": "a5kINLOwTZhuFHlI",
      "c": [
        2500,
        2600,
        2500,
        1800
      ],
      "light": 20,
      "move": 20,
      "sight": 20,
      "sound": 20,
      "dir": 0,
      "door": 0,
      "ds": 0,
      "flags": {},
      "threshold": {
        "light": null,
        "sight": null,
        "sound": null,
        "attenuation": false
      },
      "_key": "!scenes.walls!lG2b6WwvPMJhsDip.a5kINLOwTZhuFHlI"
    },
    {
      "_id": "ZtKH69oBOgw6SSdO",
      "c": [
        2200,
        2600,
        2500,
        2600
      ],
      "light": 20,
      "move": 20,
      "sight": 20,
      "sound": 20,
      "dir": 0,
      "door": 0,
      "ds": 0,
      "flags": {},
      "threshold": {
        "light": null,
        "sight": null,
        "sound": null,
        "attenuation": false
      },
      "_key": "!scenes.walls!lG2b6WwvPMJhsDip.ZtKH69oBOgw6SSdO"
    },
    {
      "_id": "4UQVfkzquoxArdkR",
      "c": [
        2200,
        2600,
        2200,
        2200
      ],
      "light": 20,
      "move": 20,
      "sight": 20,
      "sound": 20,
      "dir": 0,
      "door": 0,
      "ds": 0,
      "flags": {},
      "threshold": {
        "light": null,
        "sight": null,
        "sound": null,
        "attenuation": false
      },
      "_key": "!scenes.walls!lG2b6WwvPMJhsDip.4UQVfkzquoxArdkR"
    },
    {
      "_id": "xVYkQzEG9Ytf4SCs",
      "c": [
        2200,
        2200,
        2100,
        2200
      ],
      "light": 20,
      "move": 20,
      "sight": 20,
      "sound": 20,
      "dir": 0,
      "door": 0,
      "ds": 0,
      "flags": {},
      "threshold": {
        "light": null,
        "sight": null,
        "sound": null,
        "attenuation": false
      },
      "_key": "!scenes.walls!lG2b6WwvPMJhsDip.xVYkQzEG9Ytf4SCs"
    },
    {
      "_id": "paNBtL4ht9JEFpUi",
      "c": [
        2100,
        2200,
        2100,
        2700
      ],
      "light": 20,
      "move": 20,
      "sight": 20,
      "sound": 20,
      "dir": 0,
      "door": 0,
      "ds": 0,
      "flags": {},
      "threshold": {
        "light": null,
        "sight": null,
        "sound": null,
        "attenuation": false
      },
      "_key": "!scenes.walls!lG2b6WwvPMJhsDip.paNBtL4ht9JEFpUi"
    },
    {
      "_id": "IeYq3LBQImjOXyyq",
      "c": [
        2100,
        2700,
        2387,
        2700
      ],
      "light": 20,
      "move": 20,
      "sight": 20,
      "sound": 20,
      "dir": 0,
      "door": 0,
      "ds": 0,
      "flags": {},
      "threshold": {
        "light": null,
        "sight": null,
        "sound": null,
        "attenuation": false
      },
      "_key": "!scenes.walls!lG2b6WwvPMJhsDip.IeYq3LBQImjOXyyq"
    },
    {
      "_id": "UmdCmFuwIPDBXy5g",
      "c": [
        2387,
        2700,
        2387,
        2737
      ],
      "light": 20,
      "move": 20,
      "sight": 20,
      "sound": 20,
      "dir": 0,
      "door": 0,
      "ds": 0,
      "flags": {},
      "threshold": {
        "light": null,
        "sight": null,
        "sound": null,
        "attenuation": false
      },
      "_key": "!scenes.walls!lG2b6WwvPMJhsDip.UmdCmFuwIPDBXy5g"
    },
    {
      "_id": "3NM7P7l2FUCrzkfV",
      "c": [
        2387,
        2737,
        2375,
        2762
      ],
      "light": 20,
      "move": 20,
      "sight": 20,
      "sound": 20,
      "dir": 0,
      "door": 0,
      "ds": 0,
      "flags": {},
      "threshold": {
        "light": null,
        "sight": null,
        "sound": null,
        "attenuation": false
      },
      "_key": "!scenes.walls!lG2b6WwvPMJhsDip.3NM7P7l2FUCrzkfV"
    },
    {
      "_id": "R5IEFKbqzSQ1oKDN",
      "c": [
        2375,
        2762,
        2325,
        2775
      ],
      "light": 20,
      "move": 20,
      "sight": 20,
      "sound": 20,
      "dir": 0,
      "door": 0,
      "ds": 0,
      "flags": {},
      "threshold": {
        "light": null,
        "sight": null,
        "sound": null,
        "attenuation": false
      },
      "_key": "!scenes.walls!lG2b6WwvPMJhsDip.R5IEFKbqzSQ1oKDN"
    },
    {
      "_id": "6gG8GlMJtjaBB9Ap",
      "c": [
        2325,
        2775,
        2325,
        2825
      ],
      "light": 20,
      "move": 20,
      "sight": 20,
      "sound": 20,
      "dir": 0,
      "door": 0,
      "ds": 0,
      "flags": {},
      "threshold": {
        "light": null,
        "sight": null,
        "sound": null,
        "attenuation": false
      },
      "_key": "!scenes.walls!lG2b6WwvPMJhsDip.6gG8GlMJtjaBB9Ap"
    },
    {
      "_id": "D8zQOj2ghouUnxww",
      "c": [
        2325,
        2825,
        2312,
        2862
      ],
      "light": 20,
      "move": 20,
      "sight": 20,
      "sound": 20,
      "dir": 0,
      "door": 0,
      "ds": 0,
      "flags": {},
      "threshold": {
        "light": null,
        "sight": null,
        "sound": null,
        "attenuation": false
      },
      "_key": "!scenes.walls!lG2b6WwvPMJhsDip.D8zQOj2ghouUnxww"
    },
    {
      "_id": "aiWNRMOW2JWNabWC",
      "c": [
        2312,
        2862,
        2237,
        2900
      ],
      "light": 20,
      "move": 20,
      "sight": 20,
      "sound": 20,
      "dir": 0,
      "door": 0,
      "ds": 0,
      "flags": {},
      "threshold": {
        "light": null,
        "sight": null,
        "sound": null,
        "attenuation": false
      },
      "_key": "!scenes.walls!lG2b6WwvPMJhsDip.aiWNRMOW2JWNabWC"
    },
    {
      "_id": "QnL1cx6uKSsXFMS3",
      "c": [
        2237,
        2900,
        2200,
        2937
      ],
      "light": 20,
      "move": 20,
      "sight": 20,
      "sound": 20,
      "dir": 0,
      "door": 0,
      "ds": 0,
      "flags": {},
      "threshold": {
        "light": null,
        "sight": null,
        "sound": null,
        "attenuation": false
      },
      "_key": "!scenes.walls!lG2b6WwvPMJhsDip.QnL1cx6uKSsXFMS3"
    },
    {
      "_id": "3m2PuTQX3YmSbp7k",
      "c": [
        2200,
        2937,
        2175,
        2950
      ],
      "light": 20,
      "move": 20,
      "sight": 20,
      "sound": 20,
      "dir": 0,
      "door": 0,
      "ds": 0,
      "flags": {},
      "threshold": {
        "light": null,
        "sight": null,
        "sound": null,
        "attenuation": false
      },
      "_key": "!scenes.walls!lG2b6WwvPMJhsDip.3m2PuTQX3YmSbp7k"
    },
    {
      "_id": "8jLFwQxZ1HSKhbgC",
      "c": [
        2175,
        2950,
        2150,
        3000
      ],
      "light": 20,
      "move": 20,
      "sight": 20,
      "sound": 20,
      "dir": 0,
      "door": 0,
      "ds": 0,
      "flags": {},
      "threshold": {
        "light": null,
        "sight": null,
        "sound": null,
        "attenuation": false
      },
      "_key": "!scenes.walls!lG2b6WwvPMJhsDip.8jLFwQxZ1HSKhbgC"
    },
    {
      "_id": "sP1e5PFdXsVLet4b",
      "c": [
        2150,
        3000,
        2075,
        3037
      ],
      "light": 20,
      "move": 20,
      "sight": 20,
      "sound": 20,
      "dir": 0,
      "door": 0,
      "ds": 0,
      "flags": {},
      "threshold": {
        "light": null,
        "sight": null,
        "sound": null,
        "attenuation": false
      },
      "_key": "!scenes.walls!lG2b6WwvPMJhsDip.sP1e5PFdXsVLet4b"
    },
    {
      "_id": "TtabrXTVGFjEFqnQ",
      "c": [
        2075,
        3037,
        2025,
        3012
      ],
      "light": 20,
      "move": 20,
      "sight": 20,
      "sound": 20,
      "dir": 0,
      "door": 0,
      "ds": 0,
      "flags": {},
      "threshold": {
        "light": null,
        "sight": null,
        "sound": null,
        "attenuation": false
      },
      "_key": "!scenes.walls!lG2b6WwvPMJhsDip.TtabrXTVGFjEFqnQ"
    },
    {
      "_id": "uiGEUM9JMUW61fWV",
      "c": [
        2025,
        3012,
        1950,
        3037
      ],
      "light": 20,
      "move": 20,
      "sight": 20,
      "sound": 20,
      "dir": 0,
      "door": 0,
      "ds": 0,
      "flags": {},
      "threshold": {
        "light": null,
        "sight": null,
        "sound": null,
        "attenuation": false
      },
      "_key": "!scenes.walls!lG2b6WwvPMJhsDip.uiGEUM9JMUW61fWV"
    },
    {
      "_id": "JBFxVLwBxoXKKqSn",
      "c": [
        1950,
        3037,
        1912,
        3025
      ],
      "light": 20,
      "move": 20,
      "sight": 20,
      "sound": 20,
      "dir": 0,
      "door": 0,
      "ds": 0,
      "flags": {},
      "threshold": {
        "light": null,
        "sight": null,
        "sound": null,
        "attenuation": false
      },
      "_key": "!scenes.walls!lG2b6WwvPMJhsDip.JBFxVLwBxoXKKqSn"
    },
    {
      "_id": "xYMIeH2B10yv7QDL",
      "c": [
        1912,
        3025,
        1787,
        2937
      ],
      "light": 20,
      "move": 20,
      "sight": 20,
      "sound": 20,
      "dir": 0,
      "door": 0,
      "ds": 0,
      "flags": {},
      "threshold": {
        "light": null,
        "sight": null,
        "sound": null,
        "attenuation": false
      },
      "_key": "!scenes.walls!lG2b6WwvPMJhsDip.xYMIeH2B10yv7QDL"
    },
    {
      "_id": "UEn7xMVkJ4J4r5aa",
      "c": [
        1787,
        2937,
        1700,
        2925
      ],
      "light": 20,
      "move": 20,
      "sight": 20,
      "sound": 20,
      "dir": 0,
      "door": 0,
      "ds": 0,
      "flags": {},
      "threshold": {
        "light": null,
        "sight": null,
        "sound": null,
        "attenuation": false
      },
      "_key": "!scenes.walls!lG2b6WwvPMJhsDip.UEn7xMVkJ4J4r5aa"
    },
    {
      "_id": "zmynJehu5Y3C9aHv",
      "c": [
        1700,
        2925,
        1587,
        2912
      ],
      "light": 20,
      "move": 20,
      "sight": 20,
      "sound": 20,
      "dir": 0,
      "door": 0,
      "ds": 0,
      "flags": {},
      "threshold": {
        "light": null,
        "sight": null,
        "sound": null,
        "attenuation": false
      },
      "_key": "!scenes.walls!lG2b6WwvPMJhsDip.zmynJehu5Y3C9aHv"
    },
    {
      "_id": "Zsww54Q51nGPfYY5",
      "c": [
        1587,
        2912,
        1537,
        2950
      ],
      "light": 20,
      "move": 20,
      "sight": 20,
      "sound": 20,
      "dir": 0,
      "door": 0,
      "ds": 0,
      "flags": {},
      "threshold": {
        "light": null,
        "sight": null,
        "sound": null,
        "attenuation": false
      },
      "_key": "!scenes.walls!lG2b6WwvPMJhsDip.Zsww54Q51nGPfYY5"
    },
    {
      "_id": "nf3NVR4gpwKGYLmp",
      "c": [
        1537,
        2950,
        1450,
        2975
      ],
      "light": 20,
      "move": 20,
      "sight": 20,
      "sound": 20,
      "dir": 0,
      "door": 0,
      "ds": 0,
      "flags": {},
      "threshold": {
        "light": null,
        "sight": null,
        "sound": null,
        "attenuation": false
      },
      "_key": "!scenes.walls!lG2b6WwvPMJhsDip.nf3NVR4gpwKGYLmp"
    },
    {
      "_id": "7l377LDYHoGdqjoU",
      "c": [
        1450,
        2975,
        1400,
        3037
      ],
      "light": 20,
      "move": 20,
      "sight": 20,
      "sound": 20,
      "dir": 0,
      "door": 0,
      "ds": 0,
      "flags": {},
      "threshold": {
        "light": null,
        "sight": null,
        "sound": null,
        "attenuation": false
      },
      "_key": "!scenes.walls!lG2b6WwvPMJhsDip.7l377LDYHoGdqjoU"
    },
    {
      "_id": "4WMmN7vW3gQEz34h",
      "c": [
        1400,
        3037,
        1275,
        3037
      ],
      "light": 20,
      "move": 20,
      "sight": 20,
      "sound": 20,
      "dir": 0,
      "door": 0,
      "ds": 0,
      "flags": {},
      "threshold": {
        "light": null,
        "sight": null,
        "sound": null,
        "attenuation": false
      },
      "_key": "!scenes.walls!lG2b6WwvPMJhsDip.4WMmN7vW3gQEz34h"
    },
    {
      "_id": "lZcqd5fcAfXSrgnT",
      "c": [
        1275,
        3037,
        1187,
        3000
      ],
      "light": 20,
      "move": 20,
      "sight": 20,
      "sound": 20,
      "dir": 0,
      "door": 0,
      "ds": 0,
      "flags": {},
      "threshold": {
        "light": null,
        "sight": null,
        "sound": null,
        "attenuation": false
      },
      "_key": "!scenes.walls!lG2b6WwvPMJhsDip.lZcqd5fcAfXSrgnT"
    },
    {
      "_id": "DM2Js3y9LtMo2taQ",
      "c": [
        1187,
        3000,
        1150,
        2975
      ],
      "light": 20,
      "move": 20,
      "sight": 20,
      "sound": 20,
      "dir": 0,
      "door": 0,
      "ds": 0,
      "flags": {},
      "threshold": {
        "light": null,
        "sight": null,
        "sound": null,
        "attenuation": false
      },
      "_key": "!scenes.walls!lG2b6WwvPMJhsDip.DM2Js3y9LtMo2taQ"
    },
    {
      "_id": "TdRXC4wQg8nnJmsL",
      "c": [
        1150,
        2975,
        1062,
        2950
      ],
      "light": 20,
      "move": 20,
      "sight": 20,
      "sound": 20,
      "dir": 0,
      "door": 0,
      "ds": 0,
      "flags": {},
      "threshold": {
        "light": null,
        "sight": null,
        "sound": null,
        "attenuation": false
      },
      "_key": "!scenes.walls!lG2b6WwvPMJhsDip.TdRXC4wQg8nnJmsL"
    },
    {
      "_id": "HN280wBShZMTXSoS",
      "c": [
        1062,
        2950,
        1037,
        2875
      ],
      "light": 20,
      "move": 20,
      "sight": 20,
      "sound": 20,
      "dir": 0,
      "door": 0,
      "ds": 0,
      "flags": {},
      "threshold": {
        "light": null,
        "sight": null,
        "sound": null,
        "attenuation": false
      },
      "_key": "!scenes.walls!lG2b6WwvPMJhsDip.HN280wBShZMTXSoS"
    },
    {
      "_id": "dRezJatUvAdiY0tU",
      "c": [
        1037,
        2875,
        975,
        2800
      ],
      "light": 20,
      "move": 20,
      "sight": 20,
      "sound": 20,
      "dir": 0,
      "door": 0,
      "ds": 0,
      "flags": {},
      "threshold": {
        "light": null,
        "sight": null,
        "sound": null,
        "attenuation": false
      },
      "_key": "!scenes.walls!lG2b6WwvPMJhsDip.dRezJatUvAdiY0tU"
    },
    {
      "_id": "RgqlS7D61ztJQyFT",
      "c": [
        975,
        2800,
        950,
        2725
      ],
      "light": 20,
      "move": 20,
      "sight": 20,
      "sound": 20,
      "dir": 0,
      "door": 0,
      "ds": 0,
      "flags": {},
      "threshold": {
        "light": null,
        "sight": null,
        "sound": null,
        "attenuation": false
      },
      "_key": "!scenes.walls!lG2b6WwvPMJhsDip.RgqlS7D61ztJQyFT"
    },
    {
      "_id": "A0g6R46otjyKWoZ2",
      "c": [
        950,
        2725,
        975,
        2700
      ],
      "light": 20,
      "move": 20,
      "sight": 20,
      "sound": 20,
      "dir": 0,
      "door": 0,
      "ds": 0,
      "flags": {},
      "threshold": {
        "light": null,
        "sight": null,
        "sound": null,
        "attenuation": false
      },
      "_key": "!scenes.walls!lG2b6WwvPMJhsDip.A0g6R46otjyKWoZ2"
    },
    {
      "_id": "ARObTGlBrdZabm0Y",
      "c": [
        975,
        2700,
        1200,
        2700
      ],
      "light": 20,
      "move": 20,
      "sight": 20,
      "sound": 20,
      "dir": 0,
      "door": 0,
      "ds": 0,
      "flags": {},
      "threshold": {
        "light": null,
        "sight": null,
        "sound": null,
        "attenuation": false
      },
      "_key": "!scenes.walls!lG2b6WwvPMJhsDip.ARObTGlBrdZabm0Y"
    },
    {
      "_id": "uWatVHp0BqtLFunJ",
      "c": [
        1200,
        2200,
        1200,
        2112
      ],
      "light": 20,
      "move": 20,
      "sight": 0,
      "sound": 0,
      "dir": 0,
      "door": 0,
      "ds": 0,
      "flags": {
        "tagger": {},
        "monks-active-tiles": {
          "entity": {},
          "open": false,
          "close": false,
          "lock": false,
          "checklock": false,
          "secret": false
        }
      },
      "threshold": {
        "light": null,
        "sight": null,
        "sound": null,
        "attenuation": false
      },
      "_key": "!scenes.walls!lG2b6WwvPMJhsDip.uWatVHp0BqtLFunJ"
    },
    {
      "_id": "Q7B5vjvkv966cqZM",
      "c": [
        1200,
        2112,
        1300,
        2112
      ],
      "light": 20,
      "move": 20,
      "sight": 0,
      "sound": 0,
      "dir": 0,
      "door": 0,
      "ds": 0,
      "flags": {
        "tagger": {},
        "monks-active-tiles": {
          "entity": {},
          "open": false,
          "close": false,
          "lock": false,
          "checklock": false,
          "secret": false
        }
      },
      "threshold": {
        "light": null,
        "sight": null,
        "sound": null,
        "attenuation": false
      },
      "_key": "!scenes.walls!lG2b6WwvPMJhsDip.Q7B5vjvkv966cqZM"
    },
    {
      "_id": "igLVn1YL7w5oG241",
      "c": [
        1300,
        2112,
        1300,
        2462
      ],
      "light": 20,
      "move": 20,
      "sight": 0,
      "sound": 0,
      "dir": 0,
      "door": 0,
      "ds": 0,
      "flags": {
        "tagger": {},
        "monks-active-tiles": {
          "entity": {},
          "open": false,
          "close": false,
          "lock": false,
          "checklock": false,
          "secret": false
        }
      },
      "threshold": {
        "light": null,
        "sight": null,
        "sound": null,
        "attenuation": false
      },
      "_key": "!scenes.walls!lG2b6WwvPMJhsDip.igLVn1YL7w5oG241"
    },
    {
      "_id": "FwtEWg8xgvypuBMb",
      "c": [
        1300,
        2462,
        1337,
        2575
      ],
      "light": 20,
      "move": 20,
      "sight": 0,
      "sound": 0,
      "dir": 0,
      "door": 0,
      "ds": 0,
      "flags": {
        "tagger": {},
        "monks-active-tiles": {
          "entity": {},
          "open": false,
          "close": false,
          "lock": false,
          "checklock": false,
          "secret": false
        }
      },
      "threshold": {
        "light": null,
        "sight": null,
        "sound": null,
        "attenuation": false
      },
      "_key": "!scenes.walls!lG2b6WwvPMJhsDip.FwtEWg8xgvypuBMb"
    },
    {
      "_id": "IJAdFHwxY8HmYl9L",
      "c": [
        1337,
        2575,
        1550,
        2800
      ],
      "light": 20,
      "move": 20,
      "sight": 0,
      "sound": 0,
      "dir": 0,
      "door": 0,
      "ds": 0,
      "flags": {
        "tagger": {},
        "monks-active-tiles": {
          "entity": {},
          "open": false,
          "close": false,
          "lock": false,
          "checklock": false,
          "secret": false
        }
      },
      "threshold": {
        "light": null,
        "sight": null,
        "sound": null,
        "attenuation": false
      },
      "_key": "!scenes.walls!lG2b6WwvPMJhsDip.IJAdFHwxY8HmYl9L"
    },
    {
      "_id": "hkBdwpXOpq0Y4eiq",
      "c": [
        1550,
        2800,
        1712,
        2800
      ],
      "light": 20,
      "move": 20,
      "sight": 0,
      "sound": 0,
      "dir": 0,
      "door": 0,
      "ds": 0,
      "flags": {
        "tagger": {},
        "monks-active-tiles": {
          "entity": {},
          "open": false,
          "close": false,
          "lock": false,
          "checklock": false,
          "secret": false
        }
      },
      "threshold": {
        "light": null,
        "sight": null,
        "sound": null,
        "attenuation": false
      },
      "_key": "!scenes.walls!lG2b6WwvPMJhsDip.hkBdwpXOpq0Y4eiq"
    },
    {
      "_id": "HE4JKZfnS5OKYyFz",
      "c": [
        1712,
        2800,
        1787,
        2762
      ],
      "light": 20,
      "move": 20,
      "sight": 0,
      "sound": 0,
      "dir": 0,
      "door": 0,
      "ds": 0,
      "flags": {
        "tagger": {},
        "monks-active-tiles": {
          "entity": {},
          "open": false,
          "close": false,
          "lock": false,
          "checklock": false,
          "secret": false
        }
      },
      "threshold": {
        "light": null,
        "sight": null,
        "sound": null,
        "attenuation": false
      },
      "_key": "!scenes.walls!lG2b6WwvPMJhsDip.HE4JKZfnS5OKYyFz"
    },
    {
      "_id": "FmC2zOe5RAiuuKXc",
      "c": [
        1787,
        2762,
        2000,
        2550
      ],
      "light": 20,
      "move": 20,
      "sight": 0,
      "sound": 0,
      "dir": 0,
      "door": 0,
      "ds": 0,
      "flags": {
        "tagger": {},
        "monks-active-tiles": {
          "entity": {},
          "open": false,
          "close": false,
          "lock": false,
          "checklock": false,
          "secret": false
        }
      },
      "threshold": {
        "light": null,
        "sight": null,
        "sound": null,
        "attenuation": false
      },
      "_key": "!scenes.walls!lG2b6WwvPMJhsDip.FmC2zOe5RAiuuKXc"
    },
    {
      "_id": "CJ6NFXV7CocB6j1G",
      "c": [
        2000,
        2550,
        2000,
        2112
      ],
      "light": 20,
      "move": 20,
      "sight": 0,
      "sound": 0,
      "dir": 0,
      "door": 0,
      "ds": 0,
      "flags": {
        "tagger": {},
        "monks-active-tiles": {
          "entity": {},
          "open": false,
          "close": false,
          "lock": false,
          "checklock": false,
          "secret": false
        }
      },
      "threshold": {
        "light": null,
        "sight": null,
        "sound": null,
        "attenuation": false
      },
      "_key": "!scenes.walls!lG2b6WwvPMJhsDip.CJ6NFXV7CocB6j1G"
    },
    {
      "_id": "Y8PEAbKds939BoAO",
      "c": [
        2000,
        2112,
        2100,
        2112
      ],
      "light": 20,
      "move": 20,
      "sight": 0,
      "sound": 0,
      "dir": 0,
      "door": 0,
      "ds": 0,
      "flags": {
        "tagger": {},
        "monks-active-tiles": {
          "entity": {},
          "open": false,
          "close": false,
          "lock": false,
          "checklock": false,
          "secret": false
        }
      },
      "threshold": {
        "light": null,
        "sight": null,
        "sound": null,
        "attenuation": false
      },
      "_key": "!scenes.walls!lG2b6WwvPMJhsDip.Y8PEAbKds939BoAO"
    },
    {
      "_id": "WJmU58JnV20jUVwU",
      "c": [
        2100,
        2112,
        2100,
        2200
      ],
      "light": 20,
      "move": 20,
      "sight": 0,
      "sound": 0,
      "dir": 0,
      "door": 0,
      "ds": 0,
      "flags": {
        "tagger": {},
        "monks-active-tiles": {
          "entity": {},
          "open": false,
          "close": false,
          "lock": false,
          "checklock": false,
          "secret": false
        }
      },
      "threshold": {
        "light": null,
        "sight": null,
        "sound": null,
        "attenuation": false
      },
      "_key": "!scenes.walls!lG2b6WwvPMJhsDip.WJmU58JnV20jUVwU"
    },
    {
      "_id": "unmhoS5D9Ss1Mm9l",
      "c": [
        1987,
        1112,
        2100,
        1225
      ],
      "light": 20,
      "move": 20,
      "sight": 0,
      "sound": 0,
      "dir": 0,
      "door": 0,
      "ds": 0,
      "flags": {
        "tagger": {},
        "monks-active-tiles": {
          "entity": {},
          "open": false,
          "close": false,
          "lock": false,
          "checklock": false,
          "secret": false
        }
      },
      "threshold": {
        "light": null,
        "sight": null,
        "sound": null,
        "attenuation": false
      },
      "_key": "!scenes.walls!lG2b6WwvPMJhsDip.unmhoS5D9Ss1Mm9l"
    },
    {
      "_id": "7NYMgZTCfJlFkFjr",
      "c": [
        2100,
        1225,
        2100,
        1887
      ],
      "light": 20,
      "move": 20,
      "sight": 0,
      "sound": 0,
      "dir": 0,
      "door": 0,
      "ds": 0,
      "flags": {
        "tagger": {},
        "monks-active-tiles": {
          "entity": {},
          "open": false,
          "close": false,
          "lock": false,
          "checklock": false,
          "secret": false
        }
      },
      "threshold": {
        "light": null,
        "sight": null,
        "sound": null,
        "attenuation": false
      },
      "_key": "!scenes.walls!lG2b6WwvPMJhsDip.7NYMgZTCfJlFkFjr"
    },
    {
      "_id": "SZEXnBp7YvkrfLXC",
      "c": [
        2100,
        1887,
        2000,
        1887
      ],
      "light": 20,
      "move": 20,
      "sight": 0,
      "sound": 0,
      "dir": 0,
      "door": 0,
      "ds": 0,
      "flags": {
        "tagger": {},
        "monks-active-tiles": {
          "entity": {},
          "open": false,
          "close": false,
          "lock": false,
          "checklock": false,
          "secret": false
        }
      },
      "threshold": {
        "light": null,
        "sight": null,
        "sound": null,
        "attenuation": false
      },
      "_key": "!scenes.walls!lG2b6WwvPMJhsDip.SZEXnBp7YvkrfLXC"
    },
    {
      "_id": "AgidGitfdPlF5zkN",
      "c": [
        2000,
        1887,
        2000,
        1250
      ],
      "light": 20,
      "move": 20,
      "sight": 0,
      "sound": 0,
      "dir": 0,
      "door": 0,
      "ds": 0,
      "flags": {
        "tagger": {},
        "monks-active-tiles": {
          "entity": {},
          "open": false,
          "close": false,
          "lock": false,
          "checklock": false,
          "secret": false
        }
      },
      "threshold": {
        "light": null,
        "sight": null,
        "sound": null,
        "attenuation": false
      },
      "_key": "!scenes.walls!lG2b6WwvPMJhsDip.AgidGitfdPlF5zkN"
    },
    {
      "_id": "nA4RcmUB2sE2N10E",
      "c": [
        2000,
        1250,
        1950,
        1200
      ],
      "light": 20,
      "move": 20,
      "sight": 0,
      "sound": 0,
      "dir": 0,
      "door": 0,
      "ds": 0,
      "flags": {
        "tagger": {},
        "monks-active-tiles": {
          "entity": {},
          "open": false,
          "close": false,
          "lock": false,
          "checklock": false,
          "secret": false
        }
      },
      "threshold": {
        "light": null,
        "sight": null,
        "sound": null,
        "attenuation": false
      },
      "_key": "!scenes.walls!lG2b6WwvPMJhsDip.nA4RcmUB2sE2N10E"
    },
    {
      "_id": "hWeHnO0mnEDFjXet",
      "c": [
        1950,
        1200,
        1912,
        1200
      ],
      "light": 20,
      "move": 20,
      "sight": 0,
      "sound": 0,
      "dir": 0,
      "door": 0,
      "ds": 0,
      "flags": {
        "tagger": {},
        "monks-active-tiles": {
          "entity": {},
          "open": false,
          "close": false,
          "lock": false,
          "checklock": false,
          "secret": false
        }
      },
      "threshold": {
        "light": null,
        "sight": null,
        "sound": null,
        "attenuation": false
      },
      "_key": "!scenes.walls!lG2b6WwvPMJhsDip.hWeHnO0mnEDFjXet"
    },
    {
      "_id": "K7liRQoLYQf2sKdJ",
      "c": [
        1912,
        1200,
        1912,
        1112
      ],
      "light": 20,
      "move": 20,
      "sight": 0,
      "sound": 0,
      "dir": 0,
      "door": 0,
      "ds": 0,
      "flags": {
        "tagger": {},
        "monks-active-tiles": {
          "entity": {},
          "open": false,
          "close": false,
          "lock": false,
          "checklock": false,
          "secret": false
        }
      },
      "threshold": {
        "light": null,
        "sight": null,
        "sound": null,
        "attenuation": false
      },
      "_key": "!scenes.walls!lG2b6WwvPMJhsDip.K7liRQoLYQf2sKdJ"
    },
    {
      "_id": "GZ5Yt769nK6kfFTZ",
      "c": [
        1912,
        1112,
        1987,
        1112
      ],
      "light": 20,
      "move": 20,
      "sight": 0,
      "sound": 0,
      "dir": 0,
      "door": 0,
      "ds": 0,
      "flags": {
        "tagger": {},
        "monks-active-tiles": {
          "entity": {},
          "open": false,
          "close": false,
          "lock": false,
          "checklock": false,
          "secret": false
        }
      },
      "threshold": {
        "light": null,
        "sight": null,
        "sound": null,
        "attenuation": false
      },
      "_key": "!scenes.walls!lG2b6WwvPMJhsDip.GZ5Yt769nK6kfFTZ"
    },
    {
      "_id": "1x3siSpke5X9tZfX",
      "c": [
        1399,
        1105,
        1400,
        1200
      ],
      "light": 20,
      "move": 20,
      "sight": 0,
      "sound": 0,
      "dir": 0,
      "door": 0,
      "ds": 0,
      "flags": {
        "tagger": {},
        "monks-active-tiles": {
          "entity": {},
          "open": false,
          "close": false,
          "lock": false,
          "checklock": false,
          "secret": false
        }
      },
      "threshold": {
        "light": null,
        "sight": null,
        "sound": null,
        "attenuation": false
      },
      "_key": "!scenes.walls!lG2b6WwvPMJhsDip.1x3siSpke5X9tZfX"
    },
    {
      "_id": "Ng3mON1NuBY12RM6",
      "c": [
        1400,
        1200,
        1350,
        1200
      ],
      "light": 20,
      "move": 20,
      "sight": 0,
      "sound": 0,
      "dir": 0,
      "door": 0,
      "ds": 0,
      "flags": {
        "tagger": {},
        "monks-active-tiles": {
          "entity": {},
          "open": false,
          "close": false,
          "lock": false,
          "checklock": false,
          "secret": false
        }
      },
      "threshold": {
        "light": null,
        "sight": null,
        "sound": null,
        "attenuation": false
      },
      "_key": "!scenes.walls!lG2b6WwvPMJhsDip.Ng3mON1NuBY12RM6"
    },
    {
      "_id": "rgZSFg1mCUhM7ct2",
      "c": [
        1350,
        1200,
        1300,
        1250
      ],
      "light": 20,
      "move": 20,
      "sight": 0,
      "sound": 0,
      "dir": 0,
      "door": 0,
      "ds": 0,
      "flags": {
        "tagger": {},
        "monks-active-tiles": {
          "entity": {},
          "open": false,
          "close": false,
          "lock": false,
          "checklock": false,
          "secret": false
        }
      },
      "threshold": {
        "light": null,
        "sight": null,
        "sound": null,
        "attenuation": false
      },
      "_key": "!scenes.walls!lG2b6WwvPMJhsDip.rgZSFg1mCUhM7ct2"
    },
    {
      "_id": "L8NEx09sxkbFBK53",
      "c": [
        1300,
        1250,
        1300,
        1887
      ],
      "light": 20,
      "move": 20,
      "sight": 0,
      "sound": 0,
      "dir": 0,
      "door": 0,
      "ds": 0,
      "flags": {
        "tagger": {},
        "monks-active-tiles": {
          "entity": {},
          "open": false,
          "close": false,
          "lock": false,
          "checklock": false,
          "secret": false
        }
      },
      "threshold": {
        "light": null,
        "sight": null,
        "sound": null,
        "attenuation": false
      },
      "_key": "!scenes.walls!lG2b6WwvPMJhsDip.L8NEx09sxkbFBK53"
    },
    {
      "_id": "lOmPxdv507TzQtw8",
      "c": [
        1300,
        1887,
        1200,
        1887
      ],
      "light": 20,
      "move": 20,
      "sight": 0,
      "sound": 0,
      "dir": 0,
      "door": 0,
      "ds": 0,
      "flags": {
        "tagger": {},
        "monks-active-tiles": {
          "entity": {},
          "open": false,
          "close": false,
          "lock": false,
          "checklock": false,
          "secret": false
        }
      },
      "threshold": {
        "light": null,
        "sight": null,
        "sound": null,
        "attenuation": false
      },
      "_key": "!scenes.walls!lG2b6WwvPMJhsDip.lOmPxdv507TzQtw8"
    },
    {
      "_id": "WUFDDPPvduyo31Qp",
      "c": [
        1200,
        1887,
        1200,
        1212
      ],
      "light": 20,
      "move": 20,
      "sight": 0,
      "sound": 0,
      "dir": 0,
      "door": 0,
      "ds": 0,
      "flags": {
        "tagger": {},
        "monks-active-tiles": {
          "entity": {},
          "open": false,
          "close": false,
          "lock": false,
          "checklock": false,
          "secret": false
        }
      },
      "threshold": {
        "light": null,
        "sight": null,
        "sound": null,
        "attenuation": false
      },
      "_key": "!scenes.walls!lG2b6WwvPMJhsDip.WUFDDPPvduyo31Qp"
    },
    {
      "_id": "yMLqW3sAmfgQ82gD",
      "c": [
        1200,
        1212,
        1300,
        1106
      ],
      "light": 20,
      "move": 20,
      "sight": 0,
      "sound": 0,
      "dir": 0,
      "door": 0,
      "ds": 0,
      "flags": {
        "tagger": {},
        "monks-active-tiles": {
          "entity": {},
          "open": false,
          "close": false,
          "lock": false,
          "checklock": false,
          "secret": false
        }
      },
      "threshold": {
        "light": null,
        "sight": null,
        "sound": null,
        "attenuation": false
      },
      "_key": "!scenes.walls!lG2b6WwvPMJhsDip.yMLqW3sAmfgQ82gD"
    },
    {
      "_id": "nugIzTyiRAIyMWeL",
      "c": [
        1300,
        1106,
        1399,
        1105
      ],
      "light": 20,
      "move": 20,
      "sight": 0,
      "sound": 0,
      "dir": 0,
      "door": 0,
      "ds": 0,
      "flags": {
        "tagger": {},
        "monks-active-tiles": {
          "entity": {},
          "open": false,
          "close": false,
          "lock": false,
          "checklock": false,
          "secret": false
        }
      },
      "threshold": {
        "light": null,
        "sight": null,
        "sound": null,
        "attenuation": false
      },
      "_key": "!scenes.walls!lG2b6WwvPMJhsDip.nugIzTyiRAIyMWeL"
    },
    {
      "dir": 0,
      "door": 0,
      "ds": 0,
      "light": 20,
      "sight": 20,
      "sound": 20,
      "move": 20,
      "c": [
        600,
        700,
        2700,
        700
      ],
      "_id": "Uu26NEVx90V5n1n8",
      "flags": {},
      "threshold": {
        "light": null,
        "sight": null,
        "sound": null,
        "attenuation": false
      },
      "_key": "!scenes.walls!lG2b6WwvPMJhsDip.Uu26NEVx90V5n1n8"
    },
    {
      "dir": 0,
      "door": 0,
      "ds": 0,
      "light": 20,
      "sight": 20,
      "sound": 20,
      "move": 20,
      "c": [
        2700,
        700,
        2700,
        3200
      ],
      "_id": "rfJ9JDT8zywxILVv",
      "flags": {},
      "threshold": {
        "light": null,
        "sight": null,
        "sound": null,
        "attenuation": false
      },
      "_key": "!scenes.walls!lG2b6WwvPMJhsDip.rfJ9JDT8zywxILVv"
    },
    {
      "dir": 0,
      "door": 0,
      "ds": 0,
      "light": 20,
      "sight": 20,
      "sound": 20,
      "move": 20,
      "c": [
        2700,
        3200,
        600,
        3200
      ],
      "_id": "t4Co3q3kMlsvni4L",
      "flags": {},
      "threshold": {
        "light": null,
        "sight": null,
        "sound": null,
        "attenuation": false
      },
      "_key": "!scenes.walls!lG2b6WwvPMJhsDip.t4Co3q3kMlsvni4L"
    },
    {
      "dir": 0,
      "door": 0,
      "ds": 0,
      "light": 20,
      "sight": 20,
      "sound": 20,
      "move": 20,
      "c": [
        600,
        3200,
        600,
        700
      ],
      "_id": "I99PQTfJ85p01paN",
      "flags": {},
      "threshold": {
        "light": null,
        "sight": null,
        "sound": null,
        "attenuation": false
      },
      "_key": "!scenes.walls!lG2b6WwvPMJhsDip.I99PQTfJ85p01paN"
    }
  ],
  "playlist": null,
  "playlistSound": null,
  "journal": null,
  "journalEntryPage": null,
  "weather": "",
  "flags": {},
  "_stats": {
    "systemId": "dnd5e",
    "systemVersion": "2.4.1",
    "coreVersion": "12.330",
    "createdTime": 1701147486068,
    "modifiedTime": 1723947037793,
    "lastModifiedBy": "dnd5ebuilder0000",
    "compendiumSource": "Compendium.fa-battlemaps.maps.lG2b6WwvPMJhsDip",
    "duplicateSource": null
  },
  "_id": "lG2b6WwvPMJhsDip",
  "active": false,
  "folder": null,
  "sort": 0,
  "ownership": {
    "default": 0
  },
  "regions": [],
  "environment": {
    "globalLight": {
      "luminosity": 0,
      "enabled": false,
      "darkness": {
        "max": 1,
        "min": 0
      },
      "alpha": 0.5,
      "bright": false,
      "color": null,
      "coloration": 1,
      "saturation": 0,
      "contrast": 0,
      "shadows": 0
    },
    "darknessLevel": 0.55,
    "darknessLock": false,
    "cycle": true,
    "base": {
      "hue": 0.5333333333333333,
      "intensity": 0.45,
      "luminosity": 0,
      "saturation": 0,
      "shadows": 0
    },
    "dark": {
      "hue": 0.7138888888888889,
      "intensity": 0,
      "luminosity": -0.25,
      "saturation": 0,
      "shadows": 0
    }
  },
  "fog": {
    "exploration": true,
    "reset": 1701147486065,
    "overlay": null,
    "colors": {
      "explored": null,
      "unexplored": null
    }
  },
  "_key": "!scenes!lG2b6WwvPMJhsDip"
}
